-0.002 0.126 0.125 0.160 -0.122 -0.122 -0.190
0.208 0.150 0.147 0.187 -0.144 -0.147 -0.229
0.448 0.173 0.170 0.212 -0.167 -0.170 -0.268
0.688 0.191 0.190 0.234 -0.189 -0.189 -0.303
0.887 0.204 0.206 0.250 -0.206 -0.204 -0.330
1.088 0.218 0.222 0.264 -0.221 -0.217 -0.355
1.287 0.231 0.236 0.278 -0.233 -0.229 -0.380
1.488 0.246 0.248 0.290 -0.244 -0.241 -0.403
1.697 0.260 0.260 0.302 -0.255 -0.255 -0.427
1.897 0.271 0.270 0.312 -0.267 -0.267 -0.448
2.098 0.281 0.283 0.323 -0.279 -0.277 -0.469
2.298 0.289 0.295 0.332 -0.291 -0.286 -0.489
2.498 0.298 0.306 0.341 -0.303 -0.295 -0.509
2.700 0.308 0.316 0.350 -0.313 -0.305 -0.528
2.908 0.319 0.325 0.359 -0.322 -0.316 -0.547
3.108 0.330 0.333 0.367 -0.329 -0.326 -0.566
3.309 0.340 0.342 0.374 -0.338 -0.335 -0.583
3.508 0.348 0.352 0.381 -0.347 -0.342 -0.601
3.708 0.355 0.363 0.389 -0.356 -0.349 -0.618
3.920 0.362 0.372 0.396 -0.367 -0.357 -0.635
4.128 0.369 0.380 0.403 -0.377 -0.366 -0.653
4.338 0.378 0.388 0.410 -0.385 -0.375 -0.669
4.538 0.387 0.396 0.415 -0.392 -0.383 -0.686
4.738 0.396 0.403 0.421 -0.398 -0.390 -0.701
4.938 0.404 0.412 0.427 -0.405 -0.397 -0.716
5.138 0.410 0.421 0.433 -0.414 -0.403 -0.732
5.337 0.415 0.429 0.439 -0.423 -0.409 -0.746
5.537 0.421 0.436 0.444 -0.431 -0.416 -0.761
5.737 0.429 0.441 0.449 -0.437 -0.425 -0.776
5.937 0.437 0.447 0.454 -0.442 -0.433 -0.790
6.177 0.446 0.456 0.460 -0.450 -0.440 -0.807
6.378 0.452 0.463 0.465 -0.457 -0.446 -0.821
6.578 0.458 0.471 0.470 -0.465 -0.451 -0.835
6.778 0.463 0.479 0.474 -0.472 -0.457 -0.848
6.978 0.470 0.485 0.479 -0.478 -0.463 -0.862
7.178 0.478 0.490 0.483 -0.483 -0.470 -0.876
7.378 0.485 0.495 0.487 -0.488 -0.478 -0.889
7.580 0.491 0.501 0.492 -0.495 -0.485 -0.902
7.789 0.496 0.508 0.496 -0.502 -0.490 -0.915
7.989 0.501 0.516 0.500 -0.509 -0.495 -0.928
8.198 0.506 0.524 0.504 -0.516 -0.499 -0.942
8.412 0.512 0.530 0.508 -0.522 -0.505 -0.955
8.608 0.519 0.534 0.512 -0.527 -0.512 -0.968
8.808 0.526 0.539 0.515 -0.532 -0.518 -0.981
9.008 0.531 0.546 0.518 -0.538 -0.523 -0.993
9.208 0.536 0.551 0.522 -0.544 -0.529 -1.006
9.408 0.541 0.557 0.525 -0.550 -0.534 -1.019
9.608 0.546 0.564 0.528 -0.556 -0.538 -1.031
9.808 0.552 0.570 0.531 -0.561 -0.543 -1.043
10.008 0.557 0.575 0.534 -0.567 -0.549 -1.055
10.207 0.563 0.580 0.537 -0.572 -0.555 -1.067
10.408 0.568 0.585 0.540 -0.577 -0.560 -1.079
10.608 0.572 0.590 0.543 -0.583 -0.565 -1.091
10.829 0.578 0.597 0.546 -0.589 -0.570 -1.104
11.037 0.583 0.603 0.549 -0.595 -0.574 -1.116
11.269 0.588 0.609 0.552 -0.601 -0.579 -1.129
11.457 0.594 0.613 0.554 -0.605 -0.586 -1.141
11.693 0.599 0.617 0.557 -0.609 -0.591 -1.152
11.873 0.604 0.624 0.560 -0.615 -0.595 -1.163
12.057 0.608 0.631 0.562 -0.621 -0.598 -1.175
12.289 0.612 0.635 0.565 -0.626 -0.603 -1.186
12.475 0.617 0.639 0.567 -0.631 -0.609 -1.197
12.657 0.622 0.645 0.570 -0.635 -0.613 -1.208
12.893 0.627 0.651 0.573 -0.640 -0.616 -1.219
13.069 0.631 0.655 0.575 -0.645 -0.622 -1.230
13.270 0.636 0.658 0.578 -0.650 -0.628 -1.241
13.489 0.640 0.663 0.580 -0.655 -0.632 -1.252
13.687 0.644 0.670 0.582 -0.661 -0.635 -1.264
13.921 0.649 0.674 0.585 -0.666 -0.640 -1.274
14.101 0.654 0.678 0.587 -0.670 -0.646 -1.285
14.298 0.659 0.683 0.589 -0.675 -0.650 -1.296
14.529 0.664 0.689 0.591 -0.679 -0.653 -1.307
14.713 0.668 0.694 0.593 -0.683 -0.657 -1.318
14.898 0.672 0.698 0.595 -0.688 -0.662 -1.328
15.129 0.676 0.703 0.597 -0.693 -0.666 -1.339
15.309 0.680 0.707 0.598 -0.698 -0.671 -1.350
15.507 0.684 0.712 0.600 -0.703 -0.675 -1.361
15.741 0.689 0.717 0.602 -0.708 -0.679 -1.373
15.938 0.692 0.722 0.603 -0.713 -0.683 -1.384
16.169 0.698 0.726 0.605 -0.717 -0.688 -1.395
16.349 0.702 0.730 0.606 -0.720 -0.693 -1.406
16.593 0.707 0.735 0.607 -0.725 -0.696 -1.418
16.769 0.710 0.740 0.607 -0.730 -0.700 -1.429
16.957 0.714 0.744 0.607 -0.735 -0.704 -1.441
17.189 0.717 0.748 0.608 -0.740 -0.708 -1.452
17.369 0.721 0.754 0.608 -0.744 -0.711 -1.463
17.559 0.724 0.759 0.608 -0.749 -0.714 -1.475
17.793 0.729 0.763 0.609 -0.752 -0.718 -1.486
17.982 0.735 0.765 0.609 -0.755 -0.724 -1.498
18.177 0.738 0.769 0.609 -0.759 -0.729 -1.509
18.401 0.742 0.774 0.610 -0.765 -0.732 -1.520
18.587 0.745 0.780 0.610 -0.770 -0.734 -1.531
18.821 0.747 0.784 0.611 -0.775 -0.738 -1.542
19.001 0.751 0.787 0.611 -0.779 -0.743 -1.553
19.188 0.755 0.791 0.612 -0.783 -0.747 -1.563
19.421 0.760 0.795 0.612 -0.786 -0.750 -1.574
19.601 0.765 0.800 0.612 -0.789 -0.754 -1.584
19.797 0.769 0.804 0.613 -0.793 -0.757 -1.595
20.029 0.771 0.808 0.614 -0.798 -0.761 -1.605
20.209 0.774 0.812 0.614 -0.803 -0.765 -1.615
20.398 0.776 0.816 0.615 -0.808 -0.768 -1.625
20.629 0.781 0.821 0.616 -0.811 -0.771 -1.635
20.809 0.786 0.824 0.617 -0.814 -0.775 -1.645
20.998 0.790 0.826 0.618 -0.817 -0.780 -1.655
21.229 0.793 0.831 0.619 -0.821 -0.783 -1.664
21.409 0.795 0.836 0.620 -0.827 -0.786 -1.674
21.598 0.798 0.840 0.621 -0.831 -0.789 -1.683
21.829 0.801 0.844 0.621 -0.835 -0.793 -1.693
22.009 0.805 0.848 0.622 -0.839 -0.796 -1.703
22.198 0.809 0.851 0.623 -0.842 -0.800 -1.712
22.429 0.813 0.855 0.624 -0.846 -0.803 -1.721
22.609 0.817 0.859 0.625 -0.849 -0.806 -1.730
22.798 0.821 0.863 0.626 -0.852 -0.810 -1.739
23.029 0.823 0.865 0.628 -0.857 -0.815 -1.748
23.209 0.825 0.868 0.629 -0.863 -0.820 -1.757
23.407 0.828 0.874 0.630 -0.867 -0.820 -1.767
23.633 0.832 0.878 0.630 -0.870 -0.824 -1.776
23.829 0.837 0.882 0.631 -0.872 -0.827 -1.786
24.027 0.841 0.886 0.632 -0.876 -0.830 -1.795
24.249 0.844 0.889 0.633 -0.880 -0.835 -1.804
24.428 0.847 0.892 0.634 -0.884 -0.838 -1.813
24.661 0.850 0.896 0.634 -0.887 -0.841 -1.822
24.841 0.853 0.899 0.635 -0.891 -0.845 -1.831
25.028 0.855 0.903 0.636 -0.896 -0.848 -1.840
25.265 0.858 0.908 0.637 -0.900 -0.850 -1.849
25.441 0.863 0.911 0.637 -0.902 -0.854 -1.859
25.628 1.602 -0.404 1.333 1.532 -0.474 1.257
25.865 1.625 -0.383 1.277 1.548 -0.459 1.180
26.041 1.673 -0.348 1.297 1.533 -0.489 1.104
26.238 1.709 -0.310 1.348 1.497 -0.522 1.052
26.465 1.732 -0.280 1.385 1.470 -0.542 1.016
26.645 1.748 -0.254 1.416 1.444 -0.559 0.987
26.838 1.762 -0.231 1.442 1.422 -0.573 0.961
27.063 1.776 -0.210 1.466 1.403 -0.586 0.937
27.241 1.788 -0.191 1.487 1.385 -0.597 0.914
27.437 1.797 -0.172 1.508 1.367 -0.607 0.895
27.669 1.806 -0.151 1.531 1.347 -0.617 0.875
27.921 1.816 -0.133 1.550 1.330 -0.627 0.852
28.107 1.828 -0.116 1.569 1.318 -0.635 0.836
28.341 1.838 -0.101 1.585 1.307 -0.642 0.821
28.530 1.850 -0.084 1.599 1.298 -0.649 0.802
28.717 1.860 -0.070 1.613 1.288 -0.655 0.786
28.949 1.867 -0.056 1.630 1.277 -0.661 0.775
29.129 1.876 -0.041 1.645 1.268 -0.666 0.762
29.318 1.886 -0.029 1.657 1.261 -0.673 0.747
29.549 1.896 -0.016 1.670 1.253 -0.678 0.734
29.733 1.905 -0.003 1.683 1.247 -0.683 0.722
29.918 1.915 0.009 1.695 1.240 -0.688 0.709
30.149 1.924 0.022 1.705 1.235 -0.693 0.695
30.329 1.933 0.032 1.715 1.228 -0.699 0.682
30.518 1.939 0.044 1.730 1.219 -0.703 0.673
30.756 1.947 0.056 1.740 1.213 -0.707 0.660
30.942 1.958 0.067 1.750 1.209 -0.712 0.647
31.127 1.968 0.078 1.761 1.205 -0.716 0.637
31.365 1.976 0.090 1.773 1.199 -0.720 0.627
31.545 1.983 0.101 1.782 1.193 -0.723 0.616
31.728 1.988 0.112 1.791 1.186 -0.727 0.604
31.961 1.995 0.123 1.802 1.180 -0.730 0.595
32.145 2.002 0.134 1.815 1.175 -0.733 0.588
32.328 2.009 0.145 1.826 1.169 -0.735 0.579
32.561 2.015 0.156 1.834 1.163 -0.739 0.567
32.741 2.023 0.167 1.842 1.160 -0.741 0.557
32.937 2.031 0.177 1.851 1.155 -0.744 0.546
33.165 2.037 0.188 1.860 1.150 -0.747 0.537
33.347 2.042 0.197 1.867 1.143 -0.751 0.526
33.589 2.048 0.208 1.879 1.136 -0.753 0.518
33.778 2.054 0.219 1.890 1.131 -0.756 0.510
34.010 2.060 0.228 1.898 1.125 -0.759 0.499
34.208 2.067 0.239 1.907 1.121 -0.761 0.489
34.445 2.073 0.250 1.916 1.116 -0.763 0.481
34.626 2.078 0.259 1.925 1.111 -0.765 0.473
34.818 2.084 0.269 1.933 1.106 -0.767 0.464
35.041 2.088 0.279 1.941 1.100 -0.769 0.456
35.221 2.092 0.288 1.951 1.094 -0.772 0.450
35.418 2.098 0.297 1.959 1.089 -0.773 0.442
35.641 2.103 0.305 1.965 1.085 -0.777 0.432
35.829 2.109 0.315 1.974 1.080 -0.779 0.423
36.028 2.114 0.323 1.981 1.076 -0.781 0.415
36.253 2.119 0.332 1.989 1.070 -0.783 0.407
36.457 2.122 0.343 1.999 1.063 -0.785 0.400
36.701 2.127 0.353 2.009 1.058 -0.786 0.393
36.893 2.132 0.362 2.017 1.053 -0.788 0.385
37.125 2.139 0.372 2.024 1.050 -0.789 0.377
37.305 2.143 0.380 2.031 1.045 -0.791 0.369
37.498 2.148 0.389 2.039 1.040 -0.793 0.362
37.721 2.153 0.397 2.045 1.036 -0.794 0.354
37.902 2.156 0.406 2.052 1.031 -0.796 0.346
38.098 2.159 0.415 2.062 1.024 -0.797 0.341
38.321 2.163 0.424 2.071 1.020 -0.798 0.336
38.501 2.168 0.433 2.077 1.016 -0.798 0.328
38.697 2.174 0.442 2.084 1.013 -0.799 0.321
38.925 2.179 0.451 2.090 1.010 -0.800 0.314
39.101 2.183 0.459 2.097 1.005 -0.801 0.307
39.298 2.184 0.467 2.104 0.998 -0.802 0.299
39.525 2.187 0.476 2.111 0.992 -0.803 0.294
39.702 2.192 0.485 2.119 0.988 -0.803 0.288
39.897 2.197 0.494 2.126 0.985 -0.804 0.281
40.125 2.203 0.502 2.133 0.982 -0.805 0.274
40.307 2.208 0.511 2.140 0.979 -0.806 0.268
40.541 2.212 0.518 2.146 0.974 -0.807 0.261
40.724 2.214 0.525 2.152 0.968 -0.810 0.253
40.919 2.216 0.532 2.159 0.961 -0.812 0.247
41.141 2.219 0.539 2.167 0.956 -0.814 0.241
41.329 2.224 0.547 2.173 0.953 -0.815 0.235
41.565 2.231 0.552 2.177 0.951 -0.819 0.226
41.741 2.237 0.558 2.183 0.948 -0.821 0.220
41.931 2.240 0.565 2.187 0.944 -0.823 0.211
42.187 2.242 0.572 2.195 0.937 -0.826 0.205
42.385 2.245 0.577 2.203 0.930 -0.830 0.200
42.568 2.249 0.583 2.209 0.926 -0.833 0.194
42.809 2.255 0.588 2.216 0.923 -0.836 0.188
42.993 2.260 0.595 2.222 0.920 -0.838 0.182
43.188 2.263 0.601 2.227 0.915 -0.840 0.175
43.409 2.267 0.608 2.234 0.911 -0.842 0.170
43.593 2.271 0.614 2.241 0.907 -0.844 0.165
43.797 2.274 0.622 2.246 0.903 -0.845 0.157
44.025 2.278 0.630 2.251 0.898 -0.846 0.150
44.209 2.281 0.637 2.258 0.895 -0.846 0.145
44.445 2.286 0.644 2.265 0.892 -0.848 0.141
44.621 2.291 0.651 2.270 0.889 -0.848 0.134
44.808 2.296 0.658 2.275 0.887 -0.849 0.127
45.045 2.299 0.665 2.282 0.883 -0.851 0.123
45.221 2.300 0.671 2.291 0.877 -0.853 0.120
45.409 2.302 0.676 2.296 0.871 -0.855 0.114
45.641 2.306 0.682 2.299 0.867 -0.857 0.106
45.825 2.310 0.686 2.304 0.864 -0.861 0.099
46.008 1.934 -0.518 1.977 1.888 -0.564 1.926
46.254 1.974 -0.480 2.043 1.849 -0.606 1.869
46.433 2.014 -0.450 2.097 1.815 -0.649 1.817
46.628 2.040 -0.426 2.134 1.788 -0.677 1.779
46.861 2.060 -0.401 2.168 1.762 -0.697 1.747
47.045 2.076 -0.378 2.195 1.741 -0.710 1.721
47.237 2.091 -0.356 2.219 1.723 -0.720 1.696
47.477 2.106 -0.330 2.245 1.704 -0.729 1.670
47.709 2.117 -0.312 2.266 1.687 -0.738 1.651
47.889 2.127 -0.296 2.288 1.671 -0.747 1.635
48.129 2.136 -0.278 2.311 1.654 -0.755 1.619
48.317 2.146 -0.263 2.329 1.641 -0.764 1.602
48.508 2.156 -0.249 2.344 1.629 -0.772 1.584
48.733 2.166 -0.236 2.359 1.619 -0.780 1.568
48.913 2.176 -0.224 2.374 1.608 -0.789 1.554
49.110 2.185 -0.212 2.389 1.597 -0.796 1.540
49.329 2.193 -0.200 2.403 1.587 -0.804 1.526
49.509 2.200 -0.188 2.418 1.577 -0.811 1.514
49.708 2.207 -0.177 2.433 1.566 -0.818 1.503
49.929 2.215 -0.167 2.446 1.556 -0.826 1.490
50.109 2.223 -0.157 2.458 1.548 -0.834 1.478
50.308 2.232 -0.147 2.470 1.540 -0.841 1.465
50.529 2.240 -0.138 2.482 1.533 -0.849 1.453
50.713 2.248 -0.130 2.494 1.525 -0.857 1.443
50.908 2.255 -0.121 2.505 1.516 -0.864 1.431
51.129 2.261 -0.112 2.515 1.507 -0.871 1.418
51.313 2.267 -0.104 2.526 1.498 -0.879 1.408
51.508 2.275 -0.096 2.539 1.491 -0.886 1.400
51.730 2.281 -0.088 2.551 1.482 -0.893 1.391
51.913 2.287 -0.079 2.562 1.475 -0.899 1.381
52.108 2.295 -0.071 2.572 1.469 -0.906 1.371
52.329 2.303 -0.063 2.579 1.464 -0.911 1.358
52.509 2.311 -0.054 2.587 1.459 -0.916 1.347
52.755 2.319 -0.044 2.599 1.453 -0.922 1.337
52.938 2.324 -0.036 2.611 1.445 -0.928 1.330
53.169 2.327 -0.029 2.625 1.434 -0.935 1.324
53.354 2.332 -0.022 2.637 1.426 -0.941 1.318
53.548 2.339 -0.015 2.645 1.421 -0.947 1.308
53.773 2.347 -0.007 2.651 1.417 -0.952 1.295
53.957 2.354 0.000 2.658 1.412 -0.958 1.284
54.189 2.361 0.006 2.666 1.407 -0.965 1.275
54.369 2.367 0.011 2.675 1.400 -0.971 1.267
54.557 2.372 0.016 2.685 1.392 -0.979 1.260
54.789 2.376 0.021 2.694 1.384 -0.986 1.252
54.970 2.382 0.026 2.702 1.379 -0.993 1.244
55.168 2.391 0.031 2.709 1.374 -1.000 1.234
55.401 2.399 0.038 2.717 1.370 -1.006 1.224
55.588 2.404 0.046 2.725 1.366 -1.009 1.216
55.821 2.408 0.054 2.733 1.358 -1.014 1.206
56.018 2.412 0.060 2.742 1.350 -1.019 1.199
56.245 2.415 0.065 2.753 1.343 -1.026 1.195
56.421 2.421 0.071 2.762 1.338 -1.030 1.188
56.631 2.428 0.077 2.768 1.335 -1.035 1.179
56.849 2.436 0.082 2.774 1.332 -1.041 1.169
57.029 2.441 0.088 2.780 1.327 -1.046 1.161
57.228 2.447 0.092 2.787 1.321 -1.053 1.152
57.449 2.451 0.096 2.795 1.315 -1.059 1.146
57.629 2.455 0.100 2.804 1.307 -1.066 1.140
57.828 2.460 0.104 2.811 1.301 -1.072 1.133
58.049 2.465 0.109 2.817 1.297 -1.077 1.125
58.235 2.473 0.113 2.823 1.294 -1.083 1.117
58.427 2.478 0.119 2.830 1.290 -1.087 1.110
58.665 2.484 0.125 2.837 1.286 -1.091 1.102
58.841 2.487 0.130 2.844 1.280 -1.096 1.095
59.038 2.491 0.135 2.852 1.274 -1.101 1.089
59.261 2.494 0.140 2.860 1.267 -1.106 1.083
59.448 2.499 0.144 2.867 1.263 -1.111 1.077
59.681 2.505 0.148 2.874 1.258 -1.117 1.071
59.866 2.512 0.153 2.878 1.257 -1.121 1.062
60.048 2.517 0.158 2.884 1.252 -1.126 1.054
60.281 2.521 0.161 2.892 1.246 -1.132 1.049
60.461 2.523 0.165 2.899 1.239 -1.138 1.044
60.648 2.528 0.169 2.904 1.234 -1.143 1.036
60.881 2.535 0.173 2.910 1.231 -1.148 1.027
61.066 2.541 0.176 2.916 1.228 -1.154 1.021
61.258 2.547 0.179 2.922 1.224 -1.160 1.015
61.485 2.551 0.183 2.928 1.219 -1.165 1.008
61.669 2.555 0.187 2.935 1.213 -1.170 1.002
61.868 2.559 0.191 2.942 1.208 -1.175 0.996
62.105 2.563 0.195 2.948 1.203 -1.181 0.990
62.281 2.569 0.198 2.955 1.199 -1.186 0.984
62.478 2.576 0.201 2.959 1.197 -1.191 0.976
62.701 2.580 0.204 2.965 1.192 -1.197 0.971
62.882 2.585 0.208 2.971 1.188 -1.202 0.964
63.077 2.588 0.210 2.978 1.181 -1.208 0.959
63.301 2.592 0.214 2.985 1.177 -1.213 0.954
63.481 2.597 0.216 2.991 1.172 -1.219 0.948
63.678 2.604 0.220 2.993 1.170 -1.223 0.939
63.901 2.609 0.223 2.999 1.167 -1.229 0.932
64.088 2.614 0.226 3.005 1.163 -1.234 0.927
64.321 2.618 0.229 3.011 1.157 -1.239 0.921
64.501 2.621 0.233 3.017 1.152 -1.244 0.916
64.688 2.625 0.235 3.024 1.147 -1.249 0.912
64.933 2.630 0.238 3.030 1.143 -1.254 0.906
65.109 2.635 0.242 3.035 1.139 -1.259 0.900
65.298 2.640 0.246 3.039 1.136 -1.263 0.892
65.521 2.646 0.250 3.042 1.135 -1.267 0.883
65.708 2.651 0.253 3.048 1.131 -1.272 0.878
65.953 2.653 0.256 3.056 1.124 -1.277 0.875
66.133 2.656 0.258 3.063 1.118 -1.282 0.871
66.381 2.661 0.263 3.068 1.114 -1.287 0.863
66.565 2.665 0.267 3.073 1.110 -1.291 0.857
66.809 2.671 0.271 3.078 1.108 -1.295 0.850
66.989 2.675 0.275 3.083 1.105 -1.299 0.844
67.178 2.679 0.279 3.088 1.102 -1.303 0.839
67.409 2.683 0.283 3.094 1.098 -1.306 0.834
67.589 2.687 0.286 3.099 1.094 -1.310 0.828
67.778 2.689 0.290 3.105 1.089 -1.314 0.823
68.009 2.692 0.294 3.111 1.085 -1.318 0.819
68.199 2.697 0.298 3.115 1.082 -1.322 0.812
68.434 2.701 0.301 3.120 1.079 -1.326 0.806
68.609 2.705 0.305 3.126 1.075 -1.330 0.802
68.797 2.709 0.308 3.131 1.072 -1.334 0.797
69.041 2.712 0.312 3.136 1.067 -1.338 0.791
69.221 2.716 0.315 3.141 1.064 -1.342 0.785
69.462 2.721 0.319 3.147 1.060 -1.346 0.779
69.642 2.724 0.321 3.153 1.055 -1.351 0.776
69.901 2.729 0.324 3.158 1.052 -1.356 0.769
70.081 2.734 0.329 3.160 1.050 -1.359 0.761
70.268 2.738 0.331 3.165 1.046 -1.363 0.756
70.501 2.740 0.334 3.172 1.041 -1.368 0.753
70.685 2.743 0.337 3.179 1.037 -1.372 0.750
70.869 2.747 0.340 3.183 1.033 -1.376 0.744
71.101 2.751 0.343 3.187 1.030 -1.379 0.738
71.281 2.755 0.346 3.191 1.028 -1.383 0.733
71.468 2.759 0.349 3.194 1.025 -1.387 0.726
71.701 2.763 0.352 3.199 1.021 -1.391 0.721
71.881 2.766 0.355 3.205 1.017 -1.395 0.718
72.068 2.770 0.359 3.210 1.015 -1.397 0.713
72.305 2.773 0.363 3.213 1.012 -1.400 0.707
72.481 2.775 0.367 3.221 1.008 -1.403 0.704
72.668 2.778 0.371 3.226 1.005 -1.406 0.700
72.901 2.781 0.375 3.230 1.002 -1.409 0.695
73.081 2.785 0.378 3.234 0.999 -1.412 0.690
73.281 2.788 0.382 3.239 0.995 -1.416 0.685
73.501 2.791 0.385 3.244 0.992 -1.419 0.680
73.681 2.794 0.389 3.249 0.989 -1.422 0.676
73.878 2.798 0.392 3.253 0.985 -1.425 0.671
74.109 2.801 0.395 3.260 0.981 -1.430 0.667
74.298 2.805 0.397 3.265 0.978 -1.434 0.663
74.529 2.809 0.401 3.269 0.976 -1.437 0.657
74.709 2.811 0.405 3.273 0.972 -1.439 0.652
74.907 2.817 0.409 3.277 0.971 -1.442 0.647
75.141 2.820 0.412 3.282 0.969 -1.445 0.643
75.321 2.821 0.416 3.287 0.963 -1.448 0.639
75.518 2.823 0.419 3.294 0.958 -1.452 0.636
75.745 2.825 0.421 3.300 0.952 -1.456 0.634
75.926 2.828 0.424 3.304 0.950 -1.459 0.628
76.119 2.834 0.427 3.305 0.950 -1.462 0.620
76.341 2.842 0.431 3.306 0.951 -1.465 0.613
76.529 2.846 0.433 3.312 0.948 -1.470 0.609
76.761 2.848 0.434 3.317 0.942 -1.475 0.605
76.941 2.850 0.436 3.321 0.935 -1.480 0.600
77.138 2.852 0.437 3.327 0.929 -1.484 0.597
77.363 2.857 0.439 3.332 0.926 -1.489 0.593
77.548 2.864 0.441 3.335 0.925 -1.493 0.587
77.748 2.867 0.444 3.339 0.921 -1.497 0.582
77.970 2.869 0.446 3.343 0.917 -1.500 0.578
78.161 2.872 0.448 3.348 0.912 -1.505 0.573
78.358 2.875 0.449 3.353 0.907 -1.510 0.570
78.585 2.877 0.451 3.359 0.902 -1.514 0.566
78.761 2.882 0.453 3.362 0.900 -1.518 0.562
78.958 2.887 0.456 3.366 0.898 -1.521 0.557
79.185 2.892 0.458 3.370 0.896 -1.524 0.552
79.362 2.896 0.461 3.372 0.894 -1.528 0.546
79.558 2.899 0.464 3.375 0.891 -1.530 0.540
79.781 2.901 0.466 3.379 0.886 -1.534 0.536
79.961 2.904 0.467 3.386 0.881 -1.539 0.534
80.158 2.908 0.469 3.392 0.877 -1.544 0.532
80.382 2.913 0.472 3.393 0.876 -1.547 0.524
80.562 2.918 0.475 3.394 0.875 -1.549 0.517
80.759 2.921 0.477 3.398 0.871 -1.553 0.513
80.985 2.924 0.479 3.403 0.867 -1.557 0.509
81.161 2.926 0.481 3.409 0.862 -1.561 0.506
81.358 2.929 0.483 3.413 0.859 -1.564 0.502
81.581 2.933 0.486 3.417 0.857 -1.568 0.498
81.761 2.936 0.489 3.420 0.854 -1.571 0.493
81.958 2.940 0.492 3.421 0.853 -1.573 0.486
82.193 2.943 0.495 3.424 0.851 -1.575 0.481
82.369 2.946 0.498 3.430 0.848 -1.579 0.479
82.558 2.950 0.500 3.435 0.845 -1.582 0.475
82.789 2.952 0.503 3.438 0.843 -1.585 0.470
82.969 2.955 0.506 3.445 0.839 -1.588 0.469
83.158 3.056 0.424 3.382 0.828 -1.675 0.385
83.389 3.237 0.293 3.311 0.775 -1.796 0.242
83.569 3.522 0.121 3.341 0.639 -1.947 0.090
83.757 4.333 -0.108 3.676 0.158 -2.113 -0.554
83.989 5.065 -0.269 3.819 0.042 -2.215 -1.250
84.169 5.885 -0.399 4.019 -0.067 -2.214 -2.124
84.358 6.394 -0.453 4.274 -0.262 -2.210 -2.649
84.589 0.528 -0.482 4.447 -6.654 -2.214 -3.105
84.773 0.985 -0.511 4.671 -6.833 -2.211 -3.622
84.958 1.317 -0.532 4.854 -6.999 -2.208 -4.005
85.189 1.512 -0.561 4.625 -6.700 -2.161 -4.333
85.369 1.132 -0.540 3.750 -5.714 -2.073 -4.110
85.558 1.087 -0.542 3.465 -5.390 -2.045 -4.115
85.789 0.944 -0.546 3.133 -5.032 -2.024 -4.002
85.969 0.736 -0.515 2.703 -4.603 -2.001 -3.845
86.158 0.409 -0.485 2.105 -3.980 -1.990 -3.590
86.389 0.124 -0.475 1.733 -3.558 -1.979 -3.381
86.569 0.027 -0.475 1.578 -3.376 -1.971 -3.326
86.758 0.201 -0.372 -1.352 0.102 -0.472 -1.457
86.989 0.240 -0.351 -1.287 0.057 -0.535 -1.530
87.170 2.396 0.865 -0.452 2.274 0.744 -0.602
87.358 2.450 0.966 -0.384 2.253 0.776 -0.649
87.602 0.546 0.004 -1.340 0.451 -0.089 -1.442
87.785 0.612 0.043 -1.264 0.431 -0.137 -1.506
87.968 0.568 0.134 -1.236 0.336 -0.101 -1.562
88.201 0.460 0.242 -1.218 0.193 -0.036 -1.611
88.381 0.371 0.330 -1.205 0.081 0.017 -1.655
88.568 0.361 0.372 -1.147 0.052 0.030 -1.647
88.801 0.339 0.330 -1.097 0.014 -0.042 -1.648
88.987 0.331 0.295 -1.071 -0.006 -0.103 -1.665
89.225 0.327 0.181 -0.921 -0.037 -0.231 -1.557
89.405 0.320 0.104 -0.752 -0.072 -0.318 -1.430
89.588 3.083 0.394 0.845 3.022 0.333 0.776
89.821 -0.645 -0.176 -2.434 -0.724 -0.255 -2.530
90.001 -0.511 -0.255 -2.349 -0.578 -0.322 -2.425
90.187 -0.481 -0.161 -2.361 -0.596 -0.277 -2.515
90.425 -0.480 -0.134 -2.429 -0.576 -0.230 -2.540
90.601 -0.502 -0.241 -2.372 -0.576 -0.315 -2.456
90.789 -0.499 -0.215 -2.395 -0.576 -0.292 -2.488
91.021 -0.505 -0.269 -2.375 -0.630 -0.394 -2.543
91.201 -0.448 -0.276 -2.490 -0.649 -0.475 -2.766
91.387 -0.374 -0.283 -2.555 -0.630 -0.534 -2.908
91.621 -0.274 -0.312 -2.640 -0.577 -0.607 -3.057
91.805 -0.179 -0.327 -2.721 -0.523 -0.659 -3.194
92.008 -3.043 -0.049 0.774 -3.135 -0.141 0.667
92.229 3.128 -0.048 0.700 3.064 -0.112 0.628
92.409 3.137 -0.048 0.714 3.068 -0.118 0.630
92.608 3.137 -0.058 0.720 3.069 -0.126 0.637
92.829 3.134 -0.068 0.728 3.067 -0.135 0.646
93.009 3.129 -0.077 0.719 3.080 -0.127 0.662
93.208 3.139 -0.062 0.725 3.080 -0.120 0.658
93.430 3.153 -0.071 0.732 3.065 -0.159 0.620
93.609 3.174 -0.035 0.772 3.027 -0.182 0.573
93.809 3.183 0.008 0.787 2.969 -0.205 0.492
94.034 3.169 0.052 0.792 2.905 -0.212 0.424
94.209 3.145 0.092 0.793 2.840 -0.213 0.365
94.408 3.117 -0.057 0.748 3.042 -0.131 0.657
94.629 3.118 -0.054 0.775 3.020 -0.152 0.646
94.814 3.168 -0.056 0.639 3.064 -0.160 0.504
95.049 3.213 -0.009 0.679 3.023 -0.199 0.416
95.234 3.234 0.025 0.687 2.989 -0.220 0.345
95.418 3.173 0.348 0.323 3.091 0.266 0.229
95.649 3.173 0.367 0.324 3.105 0.299 0.240
95.834 -3.075 0.406 0.401 -3.204 0.277 0.223
96.027 -3.032 0.450 0.468 -3.236 0.245 0.182
96.266 -0.053 0.204 0.415 -0.104 0.153 0.359
96.441 -0.034 0.204 0.378 -0.084 0.154 0.321
96.628 -0.028 0.219 0.369 -0.095 0.151 0.283
96.873 -0.036 0.217 0.340 -0.089 0.164 0.277
97.049 -0.034 0.219 0.331 -0.090 0.162 0.262
97.238 -0.030 0.222 0.324 -0.086 0.165 0.256
97.469 -0.025 0.237 0.318 -0.079 0.183 0.253
97.649 -0.019 0.269 0.318 -0.074 0.213 0.252
97.838 -0.017 0.299 0.322 -0.072 0.244 0.255
98.072 -0.017 0.325 0.289 -0.091 0.250 0.192
98.249 -0.055 0.280 0.160 -0.102 0.233 0.107
98.438 -0.071 0.214 -0.073 -0.126 0.159 -0.135
98.669 -0.070 0.143 -0.254 -0.117 0.095 -0.307
98.849 -0.055 0.104 -0.373 -0.105 0.054 -0.429
99.038 -0.033 0.119 -0.452 -0.095 0.056 -0.523
99.269 -0.013 0.146 -0.504 -0.075 0.084 -0.574
99.453 -0.008 0.172 -0.542 -0.057 0.122 -0.596
99.638 -0.007 0.199 -0.570 -0.054 0.152 -0.622
99.869 -0.010 0.217 -0.559 -0.059 0.168 -0.614
100.049 -0.006 0.228 -0.477 -0.078 0.157 -0.565
100.239 -0.024 0.225 -0.448 -0.095 0.155 -0.536
100.473 -0.050 0.209 -0.442 -0.102 0.157 -0.499
100.654 -0.057 0.215 -0.431 -0.113 0.159 -0.497
100.838 -0.059 0.222 -0.404 -0.122 0.159 -0.482
101.069 -0.063 0.214 -0.340 -0.111 0.166 -0.393
101.249 -0.066 0.214 -0.279 -0.111 0.168 -0.330
101.439 -0.063 0.206 -0.170 -0.110 0.159 -0.223
101.669 -0.058 0.202 -0.081 -0.122 0.138 -0.162
101.849 -0.070 0.175 -0.071 -0.120 0.124 -0.130
102.038 -0.072 0.141 -0.044 -0.120 0.093 -0.100
102.269 -0.069 0.125 -0.018 -0.118 0.077 -0.074
102.449 -0.066 0.125 0.004 -0.115 0.076 -0.052
102.638 -0.065 0.138 0.021 -0.112 0.090 -0.035
102.873 -0.045 0.164 0.048 -0.106 0.104 -0.027
103.049 -0.024 0.170 0.057 -0.085 0.110 -0.019
103.238 -0.047 0.202 0.059 -0.108 0.141 -0.017
103.469 -0.085 0.246 0.056 -0.144 0.186 -0.018
103.649 -0.105 0.258 0.060 -0.165 0.198 -0.016
103.838 -0.112 0.254 0.062 -0.171 0.196 -0.012
104.069 -0.116 0.216 0.065 -0.175 0.156 -0.010
104.249 -0.121 0.168 0.061 -0.180 0.109 -0.013
104.438 -0.123 0.082 0.071 -0.181 0.023 -0.003
104.673 -0.125 0.050 0.095 -0.201 -0.026 -0.005
104.849 -0.120 0.047 0.079 -0.174 -0.007 0.015
105.037 -0.095 0.083 0.078 -0.145 0.032 0.018
105.269 -0.073 0.131 0.075 -0.118 0.086 0.025
105.449 -0.026 0.207 0.117 -0.123 0.110 -0.014
105.638 -0.036 0.236 0.081 -0.088 0.184 0.026
105.873 -0.023 0.275 0.089 -0.089 0.210 0.013
106.049 -0.026 0.290 0.086 -0.089 0.227 0.013
106.238 -0.017 0.283 0.114 -0.095 0.204 0.010
106.469 -0.034 0.248 0.098 -0.087 0.195 0.037
106.649 -0.043 0.221 0.114 -0.112 0.153 0.026
106.838 -0.115 0.183 0.100 -0.165 0.133 0.041
107.069 -0.126 0.182 0.117 -0.197 0.112 0.029
107.254 -0.143 0.176 0.103 -0.195 0.124 0.041
107.438 -0.134 0.181 0.106 -0.186 0.130 0.045
107.669 -0.117 0.189 0.104 -0.167 0.140 0.045
107.853 -0.089 0.201 0.108 -0.145 0.145 0.042
108.038 -0.062 0.193 0.116 -0.111 0.144 0.058
108.269 -0.037 0.193 0.123 -0.089 0.140 0.061
108.454 -0.023 0.182 0.126 -0.070 0.136 0.073
108.638 -0.012 0.184 0.129 -0.060 0.136 0.075
108.869 -0.001 0.205 0.145 -0.068 0.138 0.062
109.049 -0.014 0.204 0.134 -0.067 0.151 0.074
109.238 -0.056 0.187 0.135 -0.109 0.134 0.076
109.469 -0.074 0.196 0.129 -0.125 0.145 0.072
109.654 -0.081 0.221 0.121 -0.126 0.176 0.071
109.848 -0.069 0.260 0.125 -0.122 0.208 0.062
110.069 -0.059 0.294 0.125 -0.111 0.242 0.063
110.249 -0.030 0.332 0.155 -0.116 0.246 0.041
110.448 -0.032 0.307 0.149 -0.089 0.250 0.084
110.669 -0.023 0.299 0.163 -0.082 0.240 0.093
110.849 -0.021 0.287 0.192 -0.101 0.207 0.088
111.048 -0.033 0.263 0.188 -0.095 0.201 0.116
111.273 -0.046 0.240 0.194 -0.100 0.185 0.130
111.449 -0.060 0.224 0.216 -0.124 0.160 0.136
111.648 -0.071 0.218 0.211 -0.128 0.161 0.149
111.869 -0.071 0.219 0.225 -0.126 0.164 0.161
112.054 -0.053 0.234 0.259 -0.132 0.154 0.155
112.248 -0.016 0.258 0.275 -0.099 0.175 0.166
112.473 -0.012 0.251 0.266 -0.067 0.196 0.201
112.654 -0.006 0.246 0.276 -0.062 0.190 0.211
112.848 -0.012 0.232 0.284 -0.067 0.177 0.223
113.069 -0.026 0.216 0.294 -0.083 0.158 0.224
113.257 -0.039 0.199 0.305 -0.101 0.137 0.229
113.489 -0.051 0.186 0.313 -0.113 0.123 0.235
113.669 -0.061 0.176 0.320 -0.124 0.114 0.241
113.868 -0.074 0.164 0.315 -0.122 0.115 0.260
114.093 -0.076 0.164 0.321 -0.126 0.114 0.264
114.269 -0.071 0.168 0.330 -0.124 0.115 0.268
114.521 -0.067 0.173 0.333 -0.117 0.123 0.276
114.701 -0.052 0.188 0.355 -0.122 0.118 0.264
114.888 -0.056 0.183 0.343 -0.106 0.132 0.285
115.125 -0.041 0.194 0.363 -0.111 0.124 0.273
115.301 -0.047 0.186 0.351 -0.098 0.135 0.290
115.498 -0.041 0.189 0.361 -0.101 0.129 0.288
115.733 -0.038 0.188 0.366 -0.101 0.125 0.287
115.909 -0.038 0.184 0.367 -0.100 0.121 0.289
116.098 -0.035 0.184 0.368 -0.100 0.119 0.287
116.329 -0.042 0.175 0.358 -0.096 0.121 0.294
116.510 -0.045 0.173 0.352 -0.098 0.120 0.290
116.698 -0.043 0.171 0.353 -0.099 0.116 0.287
116.929 -0.039 0.177 0.355 -0.103 0.113 0.276
117.113 -0.041 0.189 0.340 -0.103 0.128 0.262
117.298 -0.042 0.191 0.334 -0.104 0.129 0.257
117.533 -0.045 0.189 0.330 -0.106 0.128 0.255
117.709 -0.047 0.188 0.327 -0.110 0.125 0.250
117.898 -0.051 0.188 0.320 -0.112 0.128 0.244
118.135 -0.053 0.188 0.316 -0.115 0.126 0.238
118.309 -0.059 0.179 0.313 -0.113 0.126 0.245
118.498 -0.070 0.179 0.293 -0.112 0.137 0.248
118.733 -0.076 0.182 0.285 -0.116 0.142 0.240
118.913 -0.081 0.190 0.274 -0.119 0.153 0.234
119.098 -0.084 0.193 0.268 -0.123 0.153 0.225
119.333 -0.073 0.214 0.275 -0.133 0.154 0.198
119.510 -0.069 0.220 0.280 -0.147 0.143 0.181
119.698 -0.066 0.258 0.274 -0.170 0.155 0.139
119.933 -0.042 0.328 0.316 -0.232 0.139 0.054
120.109 -0.030 0.377 0.333 -0.277 0.132 -0.008
120.361 -0.024 0.422 0.341 -0.321 0.129 -0.071
120.541 -0.021 0.459 0.340 -0.358 0.126 -0.126
120.728 -0.022 0.491 0.333 -0.394 0.125 -0.182
120.961 -2.929 0.430 0.386 -3.047 0.312 0.229
121.145 -2.889 0.415 0.471 -3.082 0.221 0.201
121.328 -2.866 0.441 0.517 -3.113 0.195 0.169
121.565 -0.240 0.379 -0.030 -0.302 0.318 -0.102
121.741 -0.209 0.438 -0.011 -0.353 0.294 -0.207
121.938 -0.225 0.448 -0.064 -0.361 0.311 -0.242
122.173 -0.209 0.500 -0.055 -0.419 0.291 -0.342
122.349 -0.194 0.536 -0.057 -0.455 0.276 -0.418
122.557 -2.498 0.894 0.949 -2.568 0.824 0.873
122.782 -2.547 0.922 1.006 -2.661 0.808 0.855
122.962 -0.885 0.539 -0.002 -0.963 0.461 -0.095
123.158 1.034 -0.241 0.492 0.914 -0.361 0.341
123.381 -0.317 0.383 -0.286 -0.409 0.291 -0.402
123.565 -0.377 0.431 -0.127 -0.557 0.252 -0.375
123.758 -0.350 0.484 -0.015 -0.589 0.247 -0.346
123.986 -0.295 0.483 0.019 -0.579 0.201 -0.378
124.172 -0.260 -0.641 -0.418 -0.412 -0.790 -0.616
124.405 -0.324 0.296 -0.055 -0.373 0.246 -0.110
124.581 -0.231 0.217 -0.042 -0.292 0.156 -0.116
124.770 -0.140 0.141 -0.038 -0.210 0.072 -0.124
125.001 -0.071 0.087 -0.067 -0.123 0.035 -0.124
125.181 -0.005 0.032 -0.006 -0.047 -0.009 -0.052
125.368 0.009 -0.026 0.214 -0.039 -0.074 0.159
125.601 0.012 -0.068 0.301 -0.038 -0.118 0.245
125.782 0.029 -0.051 0.346 -0.037 -0.117 0.264
125.968 0.017 -0.015 0.352 -0.028 -0.061 0.301
126.202 0.010 0.061 0.365 -0.034 0.017 0.317
126.381 0.004 0.153 0.376 -0.043 0.107 0.324
126.568 -0.002 0.242 0.380 -0.049 0.196 0.329
126.802 -0.013 0.341 0.368 -0.058 0.296 0.320
127.002 -0.007 0.439 0.374 -0.062 0.385 0.309
127.197 0.003 0.500 0.375 -0.053 0.444 0.309
127.421 0.008 0.526 0.376 -0.043 0.475 0.318
127.609 0.010 0.516 0.386 -0.038 0.467 0.332
127.808 0.020 0.478 0.408 -0.035 0.423 0.345
128.033 0.014 0.436 0.410 -0.033 0.388 0.356
128.209 0.014 0.407 0.417 -0.039 0.354 0.356
128.408 0.016 0.373 0.435 -0.050 0.306 0.350
128.635 0.004 0.301 0.431 -0.047 0.249 0.374
128.809 -0.027 0.228 0.429 -0.072 0.183 0.379
129.008 -0.008 0.200 0.440 -0.059 0.150 0.383
129.229 0.006 0.201 0.453 -0.049 0.146 0.389
129.409 0.006 0.220 0.452 -0.044 0.170 0.396
129.608 0.001 0.241 0.454 -0.042 0.199 0.408
129.837 -0.022 0.250 0.455 -0.066 0.206 0.407
130.009 -0.014 0.281 0.457 -0.059 0.237 0.408
130.241 -0.006 0.315 0.466 -0.070 0.251 0.387
130.422 -0.021 0.306 0.472 -0.083 0.245 0.396
130.608 -0.030 0.300 0.466 -0.089 0.241 0.391
130.845 -0.033 0.293 0.464 -0.092 0.234 0.388
131.025 -0.030 0.272 0.473 -0.091 0.212 0.397
131.207 -0.023 0.257 0.483 -0.092 0.189 0.398
131.441 -0.026 0.246 0.480 -0.089 0.182 0.404
131.625 -0.034 0.239 0.470 -0.087 0.186 0.406
131.807 -0.033 0.233 0.473 -0.087 0.179 0.408
132.041 -0.039 0.224 0.475 -0.095 0.168 0.407
132.221 -0.039 0.223 0.476 -0.093 0.168 0.411
132.407 -0.045 0.220 0.476 -0.099 0.167 0.411
132.645 -0.040 0.232 0.490 -0.114 0.158 0.394
132.821 -0.060 0.221 0.469 -0.111 0.170 0.412
133.008 -0.067 0.224 0.466 -0.114 0.178 0.415
133.241 -0.071 0.225 0.466 -0.119 0.178 0.413
133.425 -0.075 0.224 0.464 -0.120 0.179 0.414
133.607 -0.076 0.227 0.463 -0.121 0.182 0.413
133.841 -0.073 0.227 0.464 -0.119 0.180 0.413
134.025 -0.067 0.224 0.466 -0.114 0.177 0.415
134.207 -0.063 0.226 0.465 -0.110 0.179 0.413
134.441 -0.056 0.221 0.465 -0.103 0.174 0.413
134.621 -0.050 0.222 0.465 -0.100 0.172 0.410
134.807 -0.044 0.221 0.467 -0.094 0.171 0.410
135.045 -0.037 0.220 0.474 -0.093 0.163 0.406
135.225 -0.037 0.218 0.470 -0.093 0.162 0.403
135.407 -0.036 0.219 0.470 -0.094 0.162 0.401
135.641 -0.038 0.218 0.470 -0.095 0.161 0.401
135.821 -0.038 0.220 0.469 -0.097 0.161 0.398
136.007 -0.036 0.219 0.474 -0.105 0.150 0.388
136.245 -0.043 0.220 0.475 -0.108 0.155 0.393
136.421 -0.053 0.223 0.461 -0.111 0.165 0.392
136.607 -0.055 0.225 0.460 -0.113 0.167 0.391
136.841 -0.053 0.228 0.464 -0.117 0.163 0.384
137.021 -0.051 0.223 0.467 -0.118 0.156 0.384
137.207 -0.055 0.228 0.459 -0.119 0.164 0.381
137.441 -0.054 0.226 0.459 -0.118 0.162 0.380
137.625 -0.063 0.223 0.447 -0.115 0.171 0.387
137.807 -0.057 0.220 0.449 -0.111 0.166 0.386
138.041 -0.055 0.224 0.447 -0.111 0.168 0.382
138.221 -0.053 0.223 0.448 -0.109 0.167 0.383
138.407 -0.049 0.226 0.454 -0.114 0.161 0.375
138.641 -0.055 0.222 0.444 -0.110 0.168 0.382
138.821 -0.052 0.224 0.450 -0.112 0.164 0.379
139.007 -0.044 0.231 0.465 -0.121 0.154 0.366
139.245 -0.053 0.223 0.452 -0.114 0.162 0.380
139.421 -0.060 0.226 0.450 -0.119 0.166 0.380
139.607 -0.062 0.229 0.449 -0.121 0.170 0.378
139.845 -0.059 0.225 0.451 -0.118 0.166 0.382
140.025 -0.057 0.224 0.454 -0.120 0.162 0.381
140.207 -0.058 0.226 0.454 -0.119 0.165 0.382
140.441 -0.061 0.222 0.451 -0.116 0.166 0.388
140.621 -0.060 0.226 0.451 -0.117 0.169 0.387
140.807 -0.061 0.223 0.452 -0.116 0.168 0.390
141.045 -0.057 0.221 0.461 -0.114 0.164 0.396
141.221 -0.059 0.223 0.458 -0.117 0.166 0.392
141.407 -0.059 0.225 0.456 -0.115 0.169 0.393
141.641 -0.060 0.226 0.454 -0.118 0.168 0.389
141.821 -0.054 0.235 0.466 -0.127 0.162 0.375
142.007 -0.060 0.227 0.454 -0.118 0.169 0.389
142.241 -0.062 0.229 0.453 -0.119 0.172 0.389
142.425 -0.061 0.229 0.453 -0.120 0.171 0.388
142.607 -0.063 0.234 0.452 -0.121 0.176 0.386
142.845 -0.065 0.232 0.455 -0.124 0.173 0.389
143.021 -0.064 0.232 0.455 -0.123 0.174 0.389
143.207 -0.065 0.230 0.453 -0.124 0.171 0.387
143.445 -0.062 0.227 0.459 -0.121 0.168 0.393
143.621 -0.063 0.227 0.460 -0.124 0.167 0.391
143.807 -0.056 0.222 0.467 -0.117 0.162 0.398
144.041 -0.055 0.223 0.467 -0.116 0.162 0.399
144.221 -0.052 0.221 0.471 -0.114 0.159 0.400
144.407 -0.053 0.227 0.466 -0.115 0.166 0.396
144.645 -0.052 0.227 0.465 -0.115 0.165 0.394
144.821 -0.033 0.245 0.494 -0.133 0.145 0.365
145.008 -0.046 0.233 0.476 -0.120 0.159 0.385
145.241 -0.046 0.232 0.475 -0.120 0.158 0.384
145.421 -0.031 0.211 0.483 -0.118 0.123 0.373
145.607 -0.035 0.195 0.470 -0.109 0.120 0.382
145.845 -0.037 0.189 0.465 -0.107 0.120 0.386
146.021 -0.041 0.192 0.462 -0.107 0.126 0.387
146.207 -0.033 0.190 0.471 -0.111 0.112 0.378
146.441 -0.036 0.188 0.467 -0.110 0.114 0.380
146.621 -0.048 0.198 0.459 -0.112 0.133 0.386
146.807 -0.047 0.213 0.469 -0.124 0.136 0.375
147.041 -0.048 0.214 0.466 -0.123 0.139 0.377
147.225 -0.051 0.209 0.463 -0.122 0.138 0.379
147.407 -0.053 0.207 0.461 -0.122 0.138 0.379
147.641 -0.054 0.207 0.455 -0.124 0.137 0.372
147.821 -0.053 0.205 0.454 -0.123 0.135 0.371
148.007 -0.049 0.211 0.457 -0.127 0.133 0.364
148.245 -0.052 0.211 0.452 -0.126 0.136 0.362
148.421 -0.052 0.209 0.451 -0.128 0.133 0.359
148.608 -0.051 0.212 0.449 -0.127 0.136 0.358
148.841 -0.052 0.212 0.448 -0.126 0.137 0.357
149.021 -0.052 0.213 0.446 -0.127 0.138 0.355
149.207 -0.053 0.212 0.443 -0.129 0.136 0.351
149.441 -0.057 0.210 0.432 -0.125 0.143 0.355
149.625 -0.054 0.215 0.434 -0.129 0.140 0.345
149.807 -0.053 0.213 0.432 -0.132 0.135 0.337
150.041 -0.053 0.207 0.429 -0.132 0.129 0.334
150.221 -0.053 0.209 0.426 -0.132 0.130 0.331
150.407 -0.051 0.210 0.424 -0.130 0.131 0.329
150.641 -0.053 0.210 0.418 -0.133 0.130 0.322
150.825 -0.053 0.206 0.415 -0.133 0.126 0.319
151.007 -0.049 0.203 0.416 -0.128 0.124 0.320
151.241 -0.053 0.205 0.409 -0.134 0.124 0.312
151.425 -0.051 0.206 0.410 -0.131 0.126 0.313
151.607 -0.053 0.207 0.401 -0.131 0.129 0.310
151.845 -0.054 0.224 0.394 -0.108 0.170 0.336
152.021 -0.015 0.270 0.452 -0.138 0.148 0.283
152.207 -1.662 -0.224 0.843 -1.730 -0.292 0.764
152.445 -0.068 0.221 0.404 -0.135 0.154 0.324
152.621 -0.025 -0.249 0.369 -0.086 -0.310 0.295
152.807 -0.022 -0.266 0.362 -0.079 -0.323 0.297
153.041 0.027 -0.214 0.436 -0.132 -0.373 0.215
153.225 -0.319 0.692 1.341 -0.368 0.642 1.285
153.407 0.963 0.695 1.462 0.909 0.641 1.399
153.645 -0.024 0.769 1.382 -0.176 0.619 1.173
153.825 -0.369 0.619 1.305 -0.428 0.561 1.239
154.007 -0.365 0.596 1.336 -0.434 0.527 1.254
154.241 -0.341 0.609 1.365 -0.445 0.505 1.228
154.421 -0.168 0.481 1.208 -0.279 0.370 1.063
154.607 -0.130 0.520 1.262 -0.320 0.330 0.999
154.841 -0.108 0.536 1.297 -0.352 0.291 0.955
155.025 -0.092 0.538 1.328 -0.379 0.248 0.922
155.207 -0.074 0.530 1.360 -0.398 0.201 0.899
155.441 -0.059 0.519 1.391 -0.415 0.157 0.879
155.621 -0.044 0.513 1.420 -0.432 0.118 0.861
155.838 -0.031 0.515 1.447 -0.450 0.088 0.843
156.061 -0.020 0.524 1.469 -0.466 0.071 0.827
156.242 0.001 0.526 1.491 -0.471 0.048 0.812
156.438 2.446 -0.575 1.780 2.373 -0.648 1.705
156.665 2.528 -0.541 1.839 2.384 -0.686 1.640
156.841 2.547 -0.507 1.889 2.335 -0.719 1.593
157.081 2.563 -0.482 1.933 2.294 -0.751 1.555
157.268 2.579 -0.461 1.961 2.268 -0.772 1.524
157.501 2.598 -0.440 1.986 2.250 -0.787 1.497
157.682 2.525 -0.454 2.050 2.139 -0.835 1.515
157.868 2.516 -0.444 2.084 2.097 -0.855 1.505
158.104 2.539 -0.419 2.094 2.094 -0.858 1.475
158.281 2.482 -0.425 2.135 2.005 -0.891 1.476
158.478 2.453 -0.428 2.180 1.944 -0.919 1.486
158.701 2.446 -0.427 2.217 1.909 -0.942 1.488
158.885 2.476 -0.403 2.207 1.921 -0.941 1.446
159.078 2.526 -0.369 2.191 1.959 -0.928 1.400
159.301 2.540 -0.353 2.196 1.955 -0.933 1.375
159.481 2.568 -0.329 2.190 1.969 -0.930 1.341
159.678 2.607 -0.296 2.181 1.997 -0.916 1.304
159.905 2.674 -0.260 2.178 2.056 -0.899 1.272
160.083 2.745 -0.231 2.176 2.116 -0.887 1.243
160.277 2.806 -0.205 2.180 2.165 -0.880 1.221
160.505 2.853 -0.186 2.190 2.198 -0.878 1.206
160.681 2.883 -0.174 2.206 2.212 -0.883 1.197
160.921 2.897 -0.168 2.226 2.207 -0.895 1.193
161.101 2.898 -0.167 2.248 2.189 -0.910 1.192
161.297 2.905 -0.162 2.261 2.178 -0.922 1.182
161.521 0.117 0.627 0.439 -0.055 0.456 0.219
161.705 0.024 -0.247 0.297 -0.042 -0.313 0.218
161.897 0.040 0.152 0.428 -0.078 0.034 0.268
162.121 0.063 0.190 0.482 -0.132 -0.004 0.211
162.305 -0.051 0.204 0.321 -0.115 0.140 0.244
162.497 -0.062 0.230 0.319 -0.126 0.166 0.243
162.725 -0.077 0.232 0.326 -0.124 0.186 0.272
162.918 -0.070 0.237 0.324 -0.118 0.188 0.270
163.145 -0.068 0.237 0.327 -0.113 0.193 0.276
163.328 -0.046 0.258 0.364 -0.136 0.169 0.245
163.561 -0.054 0.238 0.346 -0.118 0.173 0.267
163.745 -0.049 0.226 0.350 -0.114 0.160 0.271
163.927 -0.046 0.212 0.350 -0.109 0.149 0.273
164.165 -0.045 0.212 0.356 -0.108 0.148 0.278
164.346 -0.049 0.227 0.344 -0.102 0.173 0.284
164.537 -0.044 0.256 0.350 -0.097 0.204 0.292
164.761 -0.039 0.312 0.350 -0.093 0.259 0.285
164.941 -0.042 0.354 0.342 -0.084 0.312 0.295
165.138 -0.037 0.393 0.342 -0.081 0.350 0.294
165.362 -0.024 0.433 0.356 -0.086 0.371 0.278
165.545 -0.023 0.436 0.347 -0.086 0.373 0.269
165.739 -0.040 0.393 0.337 -0.086 0.346 0.285
165.965 -0.038 0.363 0.342 -0.094 0.308 0.275
166.141 -0.041 0.310 0.346 -0.103 0.249 0.272
166.347 -0.036 0.247 0.345 -0.093 0.190 0.280
166.582 -0.032 0.194 0.349 -0.089 0.137 0.280
166.765 -0.029 0.163 0.351 -0.089 0.104 0.280
166.958 -0.040 0.149 0.348 -0.100 0.089 0.276
167.185 -0.047 0.158 0.361 -0.123 0.082 0.262
167.361 -0.066 0.152 0.342 -0.118 0.100 0.283
167.557 -0.069 0.168 0.342 -0.125 0.112 0.277
167.781 -0.066 0.188 0.349 -0.123 0.131 0.283
167.961 -0.052 0.199 0.345 -0.102 0.149 0.289
168.158 -0.034 0.223 0.343 -0.089 0.168 0.279
168.381 -0.046 0.238 0.332 -0.098 0.186 0.274
168.565 -0.119 0.265 0.332 -0.168 0.217 0.278
168.801 -0.129 0.266 0.333 -0.185 0.210 0.265
168.985 -0.121 0.251 0.332 -0.175 0.196 0.266
169.167 -0.100 0.224 0.335 -0.155 0.169 0.269
169.405 -0.052 0.180 0.343 -0.107 0.125 0.280
169.581 -0.001 0.145 0.353 -0.059 0.087 0.284
169.768 0.081 0.168 0.430 -0.077 0.010 0.210
170.005 0.128 0.187 0.477 -0.093 -0.034 0.166
170.185 0.151 0.215 0.513 -0.119 -0.055 0.134
170.368 2.032 0.226 -1.344 1.888 0.083 -1.495
170.605 -3.075 0.634 -2.961 -3.136 0.574 -3.030
170.781 -3.057 0.655 -2.934 -3.163 0.548 -3.076
170.968 -3.069 0.641 -2.966 -3.132 0.578 -3.041
171.201 -3.054 0.646 -2.956 -3.119 0.580 -3.033
171.381 -3.073 0.642 -2.974 -3.131 0.584 -3.038
171.571 -3.042 0.652 -2.951 -3.104 0.590 -3.026
171.805 -3.081 0.649 -2.983 -3.130 0.600 -3.038
171.981 -3.058 0.682 -2.945 -3.157 0.584 -3.074
172.168 -3.016 0.725 -2.880 -3.200 0.542 -3.134
172.401 -3.008 0.743 -2.841 -3.247 0.503 -3.177
172.581 -2.971 0.762 -2.805 -3.255 0.477 -3.206
172.778 -0.093 0.533 -1.953 -0.171 0.455 -2.048
173.001 -2.264 -0.859 -2.040 -2.343 -0.938 -2.142
173.181 -2.195 -0.819 -1.976 -2.370 -0.993 -2.218
173.378 1.749 0.616 2.424 1.583 0.450 2.205
173.605 1.772 0.653 2.458 1.545 0.426 2.148
173.785 1.790 0.682 2.512 1.514 0.407 2.132
173.978 1.696 0.282 -1.283 1.638 0.223 -1.345
174.201 1.726 0.307 -1.135 1.606 0.186 -1.298
174.385 1.711 0.344 -1.001 1.515 0.148 -1.273
174.578 1.689 0.355 -0.916 1.440 0.105 -1.266
174.804 1.710 0.377 -0.874 1.417 0.083 -1.287
174.981 1.765 0.398 -0.906 1.434 0.066 -1.373
175.178 1.831 0.419 -0.973 1.464 0.053 -1.489
175.401 -0.003 0.039 -2.510 -0.089 -0.047 -2.600
175.589 -0.217 0.524 1.214 -0.312 0.428 1.095
175.787 -0.156 0.466 1.289 -0.333 0.284 1.040
176.009 -0.078 0.445 1.348 -0.310 0.206 1.016
176.189 -0.023 0.454 1.391 -0.299 0.170 0.992
176.388 0.020 0.492 1.424 -0.296 0.170 0.969
176.609 -1.460 -1.086 2.851 -1.609 -1.236 2.689
176.797 -1.315 -1.041 2.778 -1.535 -1.258 2.496
177.053 3.106 -0.109 0.518 2.964 -0.251 0.325
177.231 3.118 -0.075 0.567 2.905 -0.288 0.271
177.438 3.114 -0.060 0.603 2.848 -0.326 0.232
177.661 -2.674 -0.326 1.039 -2.747 -0.399 0.954
177.849 -2.630 -0.278 1.104 -2.801 -0.449 0.869
178.048 -2.600 -0.248 1.150 -2.833 -0.478 0.825
178.273 -2.574 -0.225 1.186 -2.852 -0.496 0.794
178.458 2.647 -0.724 2.747 2.519 -0.852 2.596
178.695 2.514 -0.865 2.568 2.334 -1.048 2.326
178.869 2.577 -0.824 2.579 2.342 -1.063 2.252
179.058 2.626 -0.791 2.590 2.345 -1.076 2.196
179.293 2.663 -0.767 2.604 2.342 -1.091 2.153
179.473 -1.897 -0.831 -0.305 -2.068 -1.002 -0.535
179.658 -1.853 -0.797 -0.278 -2.083 -1.028 -0.595
179.889 0.550 -0.840 -2.694 0.377 -1.015 -2.924
180.073 3.077 -0.385 -2.666 3.011 -0.452 -2.744
180.258 3.136 -0.332 -2.626 3.027 -0.441 -2.771
180.493 3.182 -0.295 -2.574 2.992 -0.484 -2.837
180.673 3.213 -0.269 -2.535 2.967 -0.514 -2.877
180.858 3.236 -0.249 -2.509 2.946 -0.539 -2.915
181.093 -0.787 0.859 1.549 -0.848 0.798 1.488
181.269 -0.674 0.928 1.619 -0.832 0.770 1.400
181.457 3.100 -0.040 0.359 3.035 -0.105 0.274
181.693 3.162 0.019 0.430 2.994 -0.149 0.195
181.869 3.200 0.055 0.468 2.971 -0.173 0.147
182.057 3.222 0.081 0.497 2.946 -0.195 0.108
182.289 3.236 0.100 0.521 2.921 -0.216 0.074
182.473 -0.754 -0.984 -1.974 -0.820 -1.051 -2.052
182.657 -0.761 -0.981 -1.906 -0.890 -1.110 -2.082
182.889 -0.723 -0.920 -1.846 -0.927 -1.124 -2.131
183.069 -0.698 -0.896 -1.805 -0.955 -1.151 -2.165
183.268 -0.684 -0.889 -1.771 -0.983 -1.185 -2.192
183.489 2.929 -0.772 -0.107 2.809 -0.892 -0.246
183.674 2.897 -0.734 -0.053 2.702 -0.930 -0.313
183.913 2.823 -0.728 -0.002 2.564 -0.982 -0.349
184.089 2.808 -0.734 0.051 2.498 -1.032 -0.359
184.288 2.823 -0.724 0.092 2.472 -1.060 -0.374
184.514 0.157 -0.053 0.060 0.057 -0.153 -0.045
184.689 -0.019 0.057 0.038 -0.081 -0.006 -0.034
184.888 -0.017 0.104 0.046 -0.083 0.037 -0.033
185.109 -0.002 0.126 0.066 -0.084 0.044 -0.037
185.289 -0.005 0.098 0.067 -0.071 0.033 -0.008
185.529 0.005 0.054 0.084 -0.061 -0.013 0.004
185.733 0.015 -0.005 0.104 -0.054 -0.074 0.019
185.909 -0.024 0.023 1.046 -0.135 -0.088 0.899
186.107 0.048 0.061 1.105 -0.146 -0.132 0.837
186.329 0.115 0.075 1.173 -0.135 -0.173 0.823
186.527 0.175 0.045 1.227 -0.121 -0.244 0.811
186.761 0.233 -0.001 1.219 -0.101 -0.322 0.749
186.941 0.174 0.324 0.666 0.116 0.266 0.596
187.128 0.246 0.357 0.721 0.109 0.220 0.533
187.362 0.295 0.344 0.756 0.090 0.137 0.467
187.546 0.322 0.335 0.702 0.066 0.077 0.339
187.728 0.337 0.319 0.676 0.040 0.020 0.251
187.961 0.337 0.312 0.675 0.002 -0.023 0.197
188.145 0.322 0.318 0.687 -0.047 -0.049 0.161
188.327 0.312 0.343 0.700 -0.088 -0.052 0.130
188.565 0.134 0.171 0.423 0.096 0.134 0.382
188.741 0.109 0.145 0.423 0.064 0.100 0.373
188.927 0.078 0.123 0.420 0.023 0.068 0.359
189.163 0.029 0.097 0.395 -0.020 0.049 0.341
189.341 -0.017 0.068 0.425 -0.063 0.021 0.374
189.528 -0.054 0.049 0.380 -0.100 0.004 0.329
189.773 -0.073 0.045 0.270 -0.123 -0.006 0.209
189.953 -0.076 0.064 0.211 -0.142 -0.001 0.128
190.147 -0.072 0.094 0.162 -0.142 0.024 0.074
190.369 -0.103 0.120 0.098 -0.148 0.075 0.048
190.549 -0.115 0.158 0.067 -0.162 0.111 0.015
190.748 -0.107 0.190 0.043 -0.159 0.137 -0.016
190.981 -0.094 0.220 0.027 -0.156 0.158 -0.047
191.166 -0.096 0.250 -0.012 -0.153 0.194 -0.083
191.358 -0.080 0.247 -0.031 -0.138 0.189 -0.104
191.581 -0.061 0.223 -0.044 -0.116 0.168 -0.108
191.765 -0.038 0.200 -0.066 -0.096 0.143 -0.136
191.957 -0.030 0.177 -0.087 -0.081 0.127 -0.147
192.181 -0.017 0.154 -0.100 -0.068 0.103 -0.162
192.361 -0.010 0.143 -0.115 -0.063 0.090 -0.178
192.557 -0.010 0.131 -0.125 -0.059 0.082 -0.183
192.785 -0.005 0.146 -0.126 -0.072 0.078 -0.212
192.961 -0.020 0.152 -0.155 -0.071 0.101 -0.215
193.157 -0.030 0.171 -0.170 -0.084 0.117 -0.234
193.381 -0.039 0.187 -0.178 -0.098 0.128 -0.248
193.561 -0.049 0.200 -0.192 -0.105 0.145 -0.259
193.757 -0.059 0.212 -0.206 -0.114 0.157 -0.271
193.985 -0.067 0.216 -0.219 -0.122 0.162 -0.282
194.161 -0.072 0.212 -0.229 -0.127 0.157 -0.295
194.357 -0.075 0.202 -0.242 -0.129 0.148 -0.306
194.581 -0.075 0.187 -0.254 -0.128 0.135 -0.315
194.765 -0.069 0.174 -0.262 -0.127 0.116 -0.331
194.958 -0.063 0.159 -0.271 -0.123 0.099 -0.342
195.181 -0.057 0.144 -0.282 -0.114 0.086 -0.350
195.361 -0.057 0.131 -0.301 -0.104 0.084 -0.353
195.557 -0.051 0.130 -0.309 -0.101 0.081 -0.363
195.785 -0.049 0.134 -0.321 -0.097 0.086 -0.375
195.965 -0.049 0.144 -0.333 -0.097 0.095 -0.386
196.157 -0.049 0.159 -0.341 -0.103 0.105 -0.405
196.381 -0.051 0.171 -0.352 -0.106 0.117 -0.417
196.561 -0.055 0.179 -0.362 -0.107 0.126 -0.424
196.757 -0.052 0.190 -0.363 -0.116 0.126 -0.444
196.985 -0.047 0.200 -0.359 -0.127 0.119 -0.465
197.165 -0.002 0.245 -0.299 -0.177 0.071 -0.542
197.357 -0.064 0.179 -0.399 -0.115 0.128 -0.458
197.581 -0.063 0.174 -0.405 -0.113 0.123 -0.464
197.761 -0.061 0.171 -0.410 -0.112 0.120 -0.470
197.957 -0.059 0.165 -0.416 -0.108 0.116 -0.470
198.181 -0.058 0.161 -0.418 -0.106 0.112 -0.473
198.361 -0.057 0.157 -0.420 -0.106 0.108 -0.475
198.557 -0.053 0.157 -0.419 -0.107 0.103 -0.480
198.785 -0.058 0.151 -0.426 -0.104 0.106 -0.477
198.961 -0.049 0.161 -0.411 -0.114 0.096 -0.492
199.157 -0.049 0.162 -0.410 -0.115 0.095 -0.494
199.385 -0.061 0.156 -0.427 -0.109 0.108 -0.480
199.565 -0.062 0.157 -0.427 -0.110 0.109 -0.480
199.758 -0.063 0.160 -0.426 -0.110 0.112 -0.479
199.985 -0.055 0.172 -0.413 -0.122 0.104 -0.498
200.161 -0.064 0.164 -0.428 -0.112 0.116 -0.481
200.357 -0.055 0.173 -0.412 -0.122 0.106 -0.496
200.581 -0.063 0.165 -0.428 -0.111 0.117 -0.481
200.761 -0.062 0.163 -0.426 -0.111 0.114 -0.481
200.957 -0.060 0.161 -0.427 -0.108 0.113 -0.480
201.181 -0.061 0.159 -0.427 -0.110 0.111 -0.481
201.365 -0.060 0.158 -0.426 -0.112 0.107 -0.483
201.557 -0.062 0.156 -0.428 -0.110 0.108 -0.483
201.781 -0.063 0.152 -0.432 -0.108 0.107 -0.482
201.965 -0.061 0.156 -0.432 -0.109 0.108 -0.485
202.157 -0.061 0.158 -0.436 -0.109 0.110 -0.490
202.381 -0.061 0.158 -0.439 -0.107 0.111 -0.490
202.561 -0.059 0.162 -0.442 -0.107 0.114 -0.495
202.757 -0.058 0.164 -0.444 -0.106 0.115 -0.498
202.981 -0.056 0.165 -0.446 -0.105 0.117 -0.500
203.161 -0.052 0.169 -0.448 -0.117 0.104 -0.529
203.357 -0.039 0.164 -0.487 -0.105 0.098 -0.569
203.585 -0.020 0.172 -0.500 -0.086 0.106 -0.582
203.765 -0.008 0.182 -0.507 -0.073 0.118 -0.587
203.957 -0.018 0.193 -0.517 -0.067 0.144 -0.572
204.181 -0.023 0.208 -0.507 -0.068 0.162 -0.558
204.365 -0.031 0.221 -0.493 -0.077 0.175 -0.544
204.558 -0.038 0.224 -0.477 -0.087 0.175 -0.531
204.782 -0.040 0.224 -0.446 -0.102 0.162 -0.523
204.961 -0.048 0.209 -0.422 -0.110 0.147 -0.500
205.158 -0.053 0.189 -0.398 -0.114 0.127 -0.475
205.385 -0.066 0.161 -0.385 -0.110 0.116 -0.434
205.565 -0.050 0.165 -0.335 -0.128 0.086 -0.438
205.757 -0.064 0.142 -0.332 -0.114 0.092 -0.392
205.981 -0.060 0.144 -0.303 -0.117 0.086 -0.373
206.165 -0.059 0.147 -0.280 -0.115 0.091 -0.349
206.357 -0.056 0.155 -0.256 -0.113 0.098 -0.326
206.581 -0.053 0.166 -0.233 -0.111 0.109 -0.304
206.761 -0.049 0.179 -0.210 -0.108 0.121 -0.282
206.957 -0.047 0.190 -0.189 -0.101 0.137 -0.253
207.181 -0.047 0.197 -0.169 -0.097 0.148 -0.228
207.361 -0.045 0.200 -0.145 -0.095 0.150 -0.204
207.557 -0.045 0.205 -0.121 -0.099 0.151 -0.183
207.781 -0.046 0.202 -0.100 -0.097 0.151 -0.161
207.961 -0.049 0.197 -0.079 -0.097 0.148 -0.136
208.157 -0.049 0.191 -0.056 -0.098 0.142 -0.116
208.381 -0.044 0.186 -0.030 -0.101 0.130 -0.097
208.561 -0.045 0.179 -0.011 -0.099 0.126 -0.073
208.757 -0.043 0.179 0.011 -0.100 0.122 -0.057
208.981 -0.040 0.183 0.030 -0.101 0.123 -0.041
209.161 -0.040 0.185 0.047 -0.098 0.127 -0.023
209.358 -0.039 0.192 0.067 -0.097 0.134 -0.002
209.585 -0.040 0.194 0.083 -0.093 0.140 0.020
209.761 -0.040 0.200 0.100 -0.093 0.146 0.037
209.957 -0.040 0.204 0.116 -0.093 0.151 0.053
210.185 -0.039 0.207 0.132 -0.092 0.154 0.069
210.361 -0.037 0.212 0.155 -0.092 0.157 0.089
210.557 -0.034 0.220 0.195 -0.091 0.163 0.127
210.781 -0.045 0.222 0.227 -0.100 0.167 0.165
210.961 -0.057 0.218 0.249 -0.110 0.164 0.189
211.157 -0.084 0.224 0.255 -0.136 0.172 0.196
211.381 -0.124 0.240 0.248 -0.182 0.182 0.182
211.561 -0.139 0.264 0.266 -0.242 0.161 0.129
211.757 -0.121 0.297 0.316 -0.307 0.111 0.058
211.981 -0.097 0.318 0.351 -0.339 0.076 0.012
212.161 -0.066 0.339 0.379 -0.353 0.051 -0.024
212.357 -0.031 0.365 0.403 -0.358 0.038 -0.056
212.581 0.007 0.391 0.424 -0.355 0.030 -0.084
212.765 0.040 0.423 0.446 -0.355 0.030 -0.107
212.960 0.079 0.445 0.467 -0.346 0.023 -0.129
213.185 0.112 0.466 0.487 -0.341 0.016 -0.148
213.361 0.143 0.470 0.501 -0.335 -0.005 -0.170
213.557 0.168 0.468 0.514 -0.333 -0.032 -0.192
213.781 0.189 0.466 0.526 -0.334 -0.057 -0.214
213.961 0.200 0.458 0.535 -0.342 -0.087 -0.236
214.157 0.212 0.455 0.543 -0.351 -0.111 -0.259
214.385 0.213 0.454 0.551 -0.369 -0.133 -0.281
214.571 0.218 0.457 0.556 -0.385 -0.151 -0.306
214.801 0.217 0.466 0.561 -0.406 -0.162 -0.328
214.981 0.216 0.479 0.564 -0.425 -0.167 -0.352
215.168 0.217 0.494 0.565 -0.443 -0.170 -0.376
215.401 0.220 0.510 0.565 -0.459 -0.172 -0.402
215.581 0.225 0.525 0.563 -0.472 -0.175 -0.428
215.768 0.232 0.537 0.560 -0.482 -0.180 -0.454
216.001 0.239 0.545 0.557 -0.492 -0.187 -0.482
216.181 0.247 0.552 0.552 -0.500 -0.197 -0.509
216.368 0.256 0.558 0.549 -0.507 -0.207 -0.535
216.625 0.264 0.561 0.544 -0.515 -0.220 -0.563
216.805 0.271 0.564 0.541 -0.523 -0.233 -0.588
216.988 0.278 0.568 0.538 -0.530 -0.244 -0.613
217.221 0.285 0.574 0.535 -0.537 -0.252 -0.636
217.405 0.291 0.580 0.532 -0.546 -0.259 -0.659
217.588 0.295 0.588 0.530 -0.556 -0.266 -0.681
217.825 0.299 0.596 0.529 -0.566 -0.271 -0.702
218.002 0.303 0.603 0.529 -0.577 -0.278 -0.722
218.188 0.307 0.610 0.530 -0.586 -0.284 -0.740
218.421 0.311 0.616 0.532 -0.595 -0.292 -0.757
218.601 0.315 0.620 0.535 -0.604 -0.300 -0.772
218.788 0.320 0.624 0.539 -0.612 -0.310 -0.787
219.021 0.324 0.627 0.543 -0.619 -0.318 -0.800
219.201 0.330 0.631 0.548 -0.627 -0.327 -0.814
219.388 0.335 0.635 0.553 -0.633 -0.335 -0.826
219.625 0.341 0.640 0.558 -0.639 -0.342 -0.838
219.801 0.348 0.646 0.564 -0.645 -0.349 -0.850
219.988 0.353 0.653 0.569 -0.652 -0.354 -0.861
220.225 0.359 0.660 0.574 -0.658 -0.358 -0.873
220.406 0.363 0.670 0.579 -0.666 -0.360 -0.885
220.588 0.368 0.679 0.583 -0.673 -0.362 -0.897
220.821 0.373 0.689 0.587 -0.681 -0.364 -0.909
221.005 0.377 0.699 0.591 -0.688 -0.365 -0.921
221.188 0.382 0.708 0.595 -0.695 -0.367 -0.932
221.421 0.388 0.716 0.600 -0.702 -0.371 -0.944
221.601 0.393 0.722 0.604 -0.707 -0.376 -0.956
221.841 0.399 0.727 0.608 -0.713 -0.382 -0.968
222.021 0.403 0.730 0.611 -0.719 -0.390 -0.980
222.208 0.408 0.733 0.614 -0.724 -0.397 -0.992
222.441 0.414 0.737 0.617 -0.729 -0.404 -1.003
222.621 0.419 0.740 0.620 -0.734 -0.411 -1.016
222.817 0.423 0.744 0.623 -0.740 -0.418 -1.028
223.041 0.432 0.747 0.654 -0.741 -0.425 -1.012
223.221 0.463 0.759 0.819 -0.722 -0.425 -0.860
223.418 0.478 0.775 0.904 -0.717 -0.418 -0.789
223.641 0.494 0.794 0.969 -0.708 -0.407 -0.739
223.821 0.509 0.811 1.022 -0.698 -0.399 -0.700
224.019 0.520 0.820 1.069 -0.691 -0.398 -0.667
224.241 0.533 0.822 1.110 -0.683 -0.405 -0.641
224.422 0.542 0.819 1.145 -0.677 -0.418 -0.619
224.665 0.550 0.812 1.176 -0.673 -0.434 -0.602
224.845 0.556 0.806 1.202 -0.673 -0.450 -0.590
225.027 0.561 0.801 1.224 -0.674 -0.464 -0.581
225.265 0.564 0.796 1.243 -0.678 -0.477 -0.575
225.441 0.568 0.796 1.259 -0.683 -0.486 -0.573
225.628 0.571 0.799 1.271 -0.688 -0.492 -0.573
225.865 0.576 0.804 1.282 -0.694 -0.495 -0.577
226.048 0.582 0.812 1.289 -0.698 -0.495 -0.583
226.285 0.588 0.820 1.294 -0.703 -0.495 -0.591
226.469 0.593 0.830 1.297 -0.708 -0.495 -0.601
226.658 0.599 0.838 1.298 -0.713 -0.495 -0.613
226.889 0.604 0.845 1.299 -0.718 -0.497 -0.624
227.069 0.607 0.846 1.298 -0.723 -0.505 -0.637
227.278 0.615 0.842 1.297 -0.723 -0.518 -0.652
227.501 0.631 0.850 1.297 -0.716 -0.519 -0.664
227.681 0.644 0.866 1.298 -0.714 -0.511 -0.675
227.878 -2.252 0.053 0.950 -2.364 -0.058 0.802
228.101 -2.228 0.116 1.017 -2.419 -0.074 0.752
228.285 -2.230 0.029 1.061 -2.475 -0.211 0.717
228.477 -2.192 -0.141 1.100 -2.482 -0.415 0.692
228.701 -2.129 -0.318 1.137 -2.456 -0.606 0.675
228.885 -2.081 -0.422 1.170 -2.442 -0.715 0.658
229.133 -2.044 -0.470 1.194 -2.439 -0.769 0.632
229.309 -2.020 -0.486 1.211 -2.446 -0.791 0.608
229.501 -2.008 -0.485 1.229 -2.462 -0.797 0.588
229.729 -2.006 -0.481 1.255 -2.486 -0.798 0.576
229.909 -2.007 -0.478 1.283 -2.511 -0.799 0.569
230.108 -2.003 -0.477 1.311 -2.530 -0.801 0.564
230.333 -1.993 -0.478 1.333 -2.543 -0.805 0.555
230.509 -1.977 -0.482 1.347 -2.550 -0.815 0.538
230.708 -1.965 -0.482 1.361 -2.560 -0.821 0.523
230.933 -1.959 -0.477 1.378 -2.575 -0.821 0.511
231.109 -1.956 -0.473 1.396 -2.592 -0.822 0.502
231.308 -1.953 -0.470 1.415 -2.608 -0.822 0.494
231.529 -1.949 -0.467 1.435 -2.622 -0.823 0.489
231.709 -1.942 -0.466 1.449 -2.632 -0.828 0.478
231.908 -1.934 -0.467 1.463 -2.643 -0.834 0.467
232.134 -1.927 -0.465 1.476 -2.654 -0.837 0.457
232.309 -1.921 -0.463 1.491 -2.665 -0.841 0.448
232.509 -1.916 -0.462 1.506 -2.677 -0.844 0.440
232.729 -1.910 -0.459 1.522 -2.690 -0.846 0.432
232.918 -1.906 -0.458 1.536 -2.701 -0.849 0.425
233.153 -1.901 -0.456 1.552 -2.714 -0.853 0.419
233.331 -1.897 -0.454 1.566 -2.725 -0.856 0.412
233.517 -1.890 -0.453 1.577 -2.733 -0.860 0.402
233.753 -1.885 -0.451 1.591 -2.744 -0.863 0.396
233.929 -1.881 -0.449 1.607 -2.756 -0.865 0.391
234.117 -1.708 0.626 0.444 -1.795 0.539 0.336
234.349 -1.546 0.808 0.520 -1.715 0.636 0.276
234.529 -1.690 0.698 0.565 -1.896 0.480 0.233
234.769 -1.748 0.636 0.601 -1.979 0.393 0.201
234.973 -1.736 0.642 0.633 -1.991 0.375 0.171
235.157 -1.720 0.654 0.659 -1.996 0.364 0.148
235.389 -1.705 0.665 0.684 -1.998 0.353 0.128
235.569 -1.693 0.672 0.707 -2.005 0.339 0.107
235.778 -1.681 0.681 0.727 -2.010 0.328 0.086
236.001 -1.667 0.689 0.747 -2.013 0.316 0.067
236.197 -1.655 0.697 0.768 -2.014 0.306 0.053
236.425 -1.644 0.704 0.788 -2.016 0.296 0.040
236.602 -1.635 0.708 0.805 -2.020 0.284 0.025
236.798 -1.625 0.713 0.820 -2.023 0.274 0.010
237.021 -1.615 0.719 0.836 -2.025 0.265 -0.003
237.202 -1.607 0.724 0.851 -2.027 0.254 -0.016
237.397 -1.598 0.729 0.863 -2.030 0.245 -0.031
237.625 -1.588 0.734 0.876 -2.031 0.236 -0.045
237.805 -1.578 0.740 0.894 -2.029 0.227 -0.053
238.008 -1.570 0.743 0.910 -2.031 0.216 -0.063
238.233 -1.563 0.747 0.924 -2.036 0.206 -0.076
238.428 -1.555 0.751 0.935 -2.038 0.198 -0.089
238.649 -1.546 0.757 0.950 -2.036 0.190 -0.097
238.833 -1.538 0.760 0.961 -2.037 0.181 -0.109
239.028 -1.532 0.763 0.971 -2.040 0.171 -0.121
239.261 -1.523 0.768 0.985 -2.039 0.162 -0.132
239.458 -1.515 0.771 0.999 -2.039 0.153 -0.140
239.681 -1.509 0.775 1.010 -2.041 0.145 -0.149
239.862 -1.502 0.778 1.020 -2.042 0.137 -0.160
240.058 -1.496 0.780 1.030 -2.044 0.128 -0.170
240.281 -1.489 0.786 1.042 -2.044 0.122 -0.178
240.461 -1.483 0.788 1.054 -2.045 0.113 -0.186
240.659 -1.476 0.792 1.065 -2.044 0.106 -0.194
240.883 -1.471 0.794 1.074 -2.047 0.097 -0.205
241.061 -1.464 0.798 1.082 -2.047 0.091 -0.215
241.258 -1.458 0.801 1.092 -2.047 0.083 -0.224
241.481 -1.454 0.803 1.102 -2.049 0.075 -0.232
241.661 -1.447 0.807 1.112 -2.050 0.069 -0.240
241.857 -1.443 0.810 1.122 -2.051 0.061 -0.247
242.082 -1.437 0.814 1.133 -2.052 0.055 -0.255
242.261 -1.430 0.816 1.141 -2.052 0.048 -0.264
242.458 -1.425 0.818 1.149 -2.053 0.040 -0.273
242.681 -1.421 0.822 1.157 -2.054 0.033 -0.281
242.861 -1.417 0.826 1.167 -2.057 0.027 -0.289
243.058 -1.412 0.829 1.177 -2.058 0.022 -0.295
243.285 -1.406 0.833 1.185 -2.059 0.016 -0.304
243.469 -1.401 0.835 1.193 -2.060 0.009 -0.313
243.714 -1.396 0.839 1.203 -2.061 0.002 -0.321
243.918 -1.405 0.847 1.212 -2.078 0.001 -0.329
244.141 -1.393 0.855 1.219 -2.076 0.004 -0.337
244.325 -1.392 0.862 1.228 -2.080 0.001 -0.343
244.518 -1.386 0.868 1.237 -2.083 -0.001 -0.350
244.741 -1.383 0.873 1.244 -2.087 -0.004 -0.358
244.925 -1.380 0.879 1.250 -2.092 -0.007 -0.366
245.118 -1.377 0.885 1.255 -2.098 -0.009 -0.376
245.345 -1.376 0.891 1.260 -2.105 -0.010 -0.386
245.521 -1.373 0.899 1.266 -2.110 -0.011 -0.394
245.718 -1.371 0.905 1.272 -2.116 -0.013 -0.402
245.945 -1.369 0.913 1.280 -2.121 -0.013 -0.409
246.121 -1.366 0.919 1.291 -2.126 -0.015 -0.412
246.317 -1.364 0.924 1.299 -2.132 -0.017 -0.417
246.545 -1.361 0.930 1.302 -2.139 -0.017 -0.428
246.725 -1.359 0.937 1.307 -2.146 -0.017 -0.437
246.918 -1.357 0.945 1.314 -2.151 -0.018 -0.443
247.141 -1.354 0.951 1.320 -2.157 -0.018 -0.452
247.325 -1.352 0.957 1.324 -2.163 -0.019 -0.461
247.518 -1.349 0.964 1.332 -2.168 -0.020 -0.467
247.741 -1.349 0.970 1.338 -2.177 -0.020 -0.473
247.927 -1.348 0.978 1.342 -2.188 -0.018 -0.484
248.161 -1.346 0.986 1.345 -2.196 -0.016 -0.493
248.341 -1.344 0.994 1.352 -2.201 -0.016 -0.500
248.528 -1.340 1.000 1.360 -2.206 -0.017 -0.504
248.765 -1.338 1.005 1.366 -2.212 -0.019 -0.511
248.941 -1.337 1.010 1.371 -2.220 -0.020 -0.519
249.127 -1.334 1.016 1.377 -2.225 -0.020 -0.526
249.361 -1.333 1.021 1.382 -2.233 -0.021 -0.533
249.541 -1.330 1.027 1.385 -2.238 -0.021 -0.543
249.739 -1.328 1.035 1.392 -2.243 -0.021 -0.549
249.961 -1.326 1.041 1.400 -2.250 -0.021 -0.554
250.141 -1.324 1.047 1.404 -2.260 -0.020 -0.562
250.337 -1.322 1.055 1.406 -2.270 -0.016 -0.572
250.565 -1.321 1.062 1.410 -2.279 -0.015 -0.581
250.745 -1.319 1.068 1.417 -2.284 -0.016 -0.586
250.937 -1.317 1.072 1.426 -2.287 -0.018 -0.589
251.165 -1.314 1.076 1.430 -2.294 -0.018 -0.597
251.341 -1.310 1.081 1.433 -2.300 -0.018 -0.606
251.538 -1.310 1.087 1.439 -2.305 -0.020 -0.612
251.765 -1.309 1.091 1.445 -2.312 -0.021 -0.618
251.947 -1.306 1.095 1.449 -2.319 -0.021 -0.626
252.181 -1.302 1.101 1.453 -2.322 -0.022 -0.634
252.365 -1.300 1.105 1.461 -2.325 -0.025 -0.638
252.557 -1.298 1.107 1.469 -2.328 -0.029 -0.642
252.785 -1.295 1.110 1.474 -2.332 -0.031 -0.648
252.961 -1.293 1.114 1.479 -2.335 -0.032 -0.654
253.158 -1.290 1.117 1.484 -2.339 -0.034 -0.660
253.385 -1.287 1.121 1.489 -2.342 -0.037 -0.667
253.561 -1.285 1.124 1.494 -2.345 -0.040 -0.672
253.757 -1.283 1.127 1.501 -2.348 -0.042 -0.677
253.985 -1.280 1.130 1.506 -2.350 -0.044 -0.682
254.165 -1.276 1.133 1.511 -2.352 -0.046 -0.688
254.357 -1.274 1.136 1.515 -2.355 -0.050 -0.695
254.585 -1.271 1.139 1.522 -2.355 -0.054 -0.700
254.765 -1.270 1.140 1.528 -2.358 -0.058 -0.704
254.957 -1.266 1.143 1.532 -2.362 -0.058 -0.711
255.181 -1.263 1.145 1.535 -2.363 -0.062 -0.719
255.367 -1.260 1.149 1.543 -2.360 -0.067 -0.722
255.605 -1.258 1.150 1.552 -2.361 -0.071 -0.724
255.785 -1.256 1.151 1.556 -2.365 -0.074 -0.730
255.968 -1.253 1.153 1.558 -2.368 -0.076 -0.738
256.201 -1.251 1.157 1.561 -2.371 -0.078 -0.745
256.381 -1.248 1.161 1.566 -2.371 -0.081 -0.751
256.577 -1.244 1.163 1.576 -2.370 -0.086 -0.752
256.809 -1.243 1.164 1.583 -2.373 -0.090 -0.756
256.997 -1.240 1.167 1.586 -2.377 -0.091 -0.763
257.233 -1.238 1.170 1.592 -2.378 -0.094 -0.767
257.413 -1.235 1.173 1.599 -2.378 -0.097 -0.770
257.598 -1.232 1.174 1.604 -2.380 -0.100 -0.775
257.829 -1.229 1.176 1.606 -2.383 -0.103 -0.784
258.021 -1.227 1.179 1.610 -2.384 -0.107 -0.790
258.207 -1.225 1.181 1.616 -2.384 -0.111 -0.794
258.441 -1.223 1.184 1.623 -2.386 -0.113 -0.797
258.633 -1.220 1.186 1.628 -2.388 -0.116 -0.803
258.827 -1.217 1.188 1.632 -2.390 -0.118 -0.808
259.049 -1.214 1.191 1.635 -2.392 -0.120 -0.815
259.233 -1.213 1.194 1.639 -2.396 -0.123 -0.822
259.428 -1.211 1.197 1.645 -2.397 -0.126 -0.825
259.654 -1.208 1.199 1.650 -2.398 -0.128 -0.830
259.829 -1.205 1.201 1.655 -2.399 -0.132 -0.835
260.027 -1.203 1.204 1.661 -2.400 -0.136 -0.838
260.251 -1.200 1.206 1.668 -2.401 -0.139 -0.840
260.434 -1.198 1.208 1.673 -2.404 -0.141 -0.845
260.627 -1.196 1.211 1.676 -2.410 -0.141 -0.852
260.849 -1.194 1.215 1.679 -2.412 -0.142 -0.858
261.037 -1.192 1.218 1.682 -2.418 -0.144 -0.866
261.269 -1.188 1.228 1.683 -2.427 -0.137 -0.875
261.449 -1.188 1.240 1.677 -2.454 -0.122 -0.891
261.637 -1.187 1.260 1.671 -2.480 -0.099 -0.908
261.889 -1.188 1.266 1.683 -2.496 -0.096 -0.909
262.069 -1.186 1.281 1.689 -2.522 -0.084 -0.915
262.269 -1.186 1.286 1.704 -2.536 -0.086 -0.912
262.489 -1.183 1.293 1.710 -2.554 -0.073 -0.917
262.674 -1.180 1.303 1.710 -2.579 -0.061 -0.930
262.868 -2.940 -0.002 1.830 -2.993 -0.056 1.771
263.089 -2.935 0.007 1.846 -3.001 -0.059 1.766
263.278 -2.932 -0.015 1.826 -2.986 -0.069 1.765
263.510 -2.926 -0.026 1.825 -2.981 -0.081 1.763
263.689 -2.929 -0.027 1.817 -2.983 -0.081 1.757
263.879 -2.942 -0.006 1.811 -3.012 -0.075 1.725
264.113 -3.001 0.006 1.770 -3.056 -0.049 1.708
264.289 -3.056 0.012 1.727 -3.117 -0.048 1.655
264.488 -3.107 -0.004 1.657 -3.164 -0.061 1.593
264.713 3.142 -0.032 1.582 3.088 -0.086 1.521
264.889 3.120 -0.063 1.520 3.065 -0.118 1.458
265.088 3.106 -0.097 1.466 3.050 -0.153 1.402
265.313 3.101 -0.130 1.409 3.047 -0.184 1.348
265.489 3.114 -0.139 1.373 3.044 -0.209 1.283
265.688 3.124 -0.149 1.297 3.072 -0.201 1.236
265.909 3.149 -0.133 1.252 3.086 -0.196 1.177
266.090 3.161 -0.128 1.210 3.098 -0.191 1.132
266.288 3.199 -0.086 1.238 3.070 -0.215 1.062
266.513 3.229 -0.050 1.282 3.027 -0.252 1.001
266.689 3.260 -0.024 1.312 3.006 -0.278 0.956
266.889 -2.988 -0.002 1.336 -3.285 -0.300 0.918
267.114 -2.951 0.018 1.359 -3.286 -0.318 0.887
267.289 -2.914 0.037 1.377 -3.282 -0.332 0.856
267.488 -2.878 0.057 1.394 -3.276 -0.343 0.829
267.709 -2.845 0.076 1.411 -3.270 -0.353 0.805
267.890 -2.816 0.093 1.428 -3.267 -0.364 0.784
268.097 -2.790 0.110 1.441 -3.265 -0.373 0.759
268.329 -2.766 0.127 1.456 -3.266 -0.383 0.737
268.518 -2.749 0.140 1.467 -3.268 -0.392 0.714
268.749 -2.734 0.151 1.480 -3.273 -0.403 0.696
268.933 -2.722 0.162 1.492 -3.279 -0.414 0.678
269.128 -2.714 0.174 1.505 -3.289 -0.423 0.661
269.349 -2.709 0.185 1.516 -3.301 -0.431 0.644
269.529 -2.703 0.194 1.530 -3.312 -0.442 0.631
269.728 -2.697 0.202 1.540 -3.322 -0.451 0.614
269.953 -2.693 0.212 1.550 -3.333 -0.460 0.599
270.134 -2.691 0.219 1.564 -3.346 -0.470 0.588
270.328 -2.688 0.226 1.573 -3.358 -0.480 0.573
270.549 -2.685 0.235 1.580 -3.369 -0.487 0.556
270.742 -2.683 0.246 1.587 -3.380 -0.494 0.539
270.938 -2.681 0.252 1.594 -3.391 -0.503 0.523
271.161 -2.679 0.259 1.604 -3.403 -0.513 0.510
271.348 -2.676 0.267 1.613 -3.412 -0.520 0.497
271.589 -2.672 0.274 1.620 -3.421 -0.528 0.482
271.769 -2.671 0.281 1.629 -3.432 -0.537 0.469
271.978 -2.670 0.289 1.634 -3.442 -0.544 0.452
272.201 -2.666 0.297 1.641 -3.450 -0.550 0.439
272.387 -2.664 0.304 1.649 -3.459 -0.557 0.427
272.625 -2.661 0.311 1.654 -3.467 -0.564 0.412
272.801 -2.659 0.318 1.659 -3.476 -0.572 0.398
272.987 -2.655 0.326 1.665 -3.482 -0.576 0.384
273.225 -2.652 0.334 1.669 -3.489 -0.582 0.371
273.401 -2.649 0.341 1.680 -3.496 -0.588 0.362
273.598 -2.645 0.346 1.683 -3.503 -0.596 0.347
273.827 -2.638 0.355 1.688 -3.508 -0.601 0.332
274.018 -2.636 0.362 1.695 -3.515 -0.606 0.321
274.245 -2.633 0.368 1.700 -3.523 -0.612 0.309
274.428 -2.629 0.373 1.704 -3.529 -0.620 0.295
274.661 -2.624 0.379 1.710 -3.533 -0.626 0.285
274.845 -2.619 0.387 1.715 -3.538 -0.629 0.272
275.028 -2.615 0.393 1.719 -3.544 -0.635 0.260
275.265 -2.610 0.399 1.726 -3.548 -0.641 0.251
275.447 -2.606 0.405 1.733 -3.554 -0.646 0.241
275.641 -2.601 0.412 1.739 -3.559 -0.651 0.230
275.861 -2.597 0.417 1.745 -3.564 -0.657 0.220
276.045 -2.592 0.421 1.749 -3.569 -0.664 0.209
276.238 -2.588 0.427 1.755 -3.574 -0.669 0.200
276.461 -2.583 0.434 1.760 -3.578 -0.672 0.189
276.641 -2.580 0.441 1.767 -3.584 -0.677 0.181
276.838 -2.576 0.446 1.773 -3.589 -0.682 0.172
277.062 -2.570 0.451 1.780 -3.592 -0.687 0.164
277.242 -2.566 0.457 1.785 -3.597 -0.692 0.154
277.438 -2.562 0.462 1.791 -3.602 -0.697 0.145
277.661 -2.558 0.467 1.797 -3.607 -0.702 0.137
277.841 -2.553 0.474 1.803 -3.611 -0.706 0.128
278.039 -2.550 0.481 1.809 -3.615 -0.709 0.120
278.261 -2.544 0.484 1.816 -3.618 -0.716 0.113
278.441 -2.540 0.488 1.822 -3.623 -0.721 0.105
278.637 -2.538 0.496 1.830 -3.629 -0.723 0.099
278.865 -2.534 0.502 1.837 -3.634 -0.727 0.092
279.045 -2.530 0.505 1.844 -3.638 -0.734 0.086
279.281 -2.525 0.508 1.851 -3.642 -0.740 0.078
279.461 -2.520 0.513 1.858 -3.646 -0.744 0.072
279.648 -2.517 0.517 1.866 -3.650 -0.750 0.066
279.885 -2.513 0.520 1.874 -3.655 -0.757 0.062
280.062 -2.511 0.523 1.884 -3.661 -0.763 0.058
280.248 -2.508 0.528 1.892 -3.666 -0.767 0.053
280.481 -2.503 0.531 1.900 -3.670 -0.772 0.048
280.665 -2.498 0.534 1.910 -3.672 -0.778 0.045
280.849 -2.493 0.539 1.918 -3.675 -0.782 0.041
281.081 -2.490 0.544 1.927 -3.680 -0.785 0.036
281.265 -2.489 0.549 1.935 -3.687 -0.790 0.032
281.448 -2.486 0.552 1.945 -3.692 -0.795 0.029
281.681 -2.483 0.557 1.956 -3.697 -0.799 0.028
281.865 -2.478 0.560 1.966 -3.700 -0.804 0.026
282.048 -2.472 0.561 1.977 -3.701 -0.811 0.024
282.281 -2.467 0.562 1.987 -3.704 -0.817 0.022
282.465 -2.464 0.568 1.998 -3.709 -0.818 0.020
282.648 -2.464 0.575 2.008 -3.717 -0.819 0.018
282.881 -2.464 0.580 2.018 -3.723 -0.822 0.017
283.073 -2.460 0.580 2.029 -3.729 -0.830 0.015
283.257 -2.453 0.582 2.038 -3.729 -0.836 0.012
283.493 -2.447 0.586 2.048 -3.732 -0.839 0.011
283.686 -2.443 0.592 2.059 -3.735 -0.841 0.009
283.878 0.099 0.007 2.892 0.039 -0.053 2.824
284.113 0.068 0.043 2.837 0.009 -0.016 2.770
284.291 0.023 0.094 2.797 -0.041 0.031 2.722
284.488 -0.042 0.157 2.749 -0.103 0.097 2.681
284.709 -0.101 0.209 2.714 -0.160 0.149 2.647
284.893 -0.139 0.247 2.690 -0.208 0.178 2.609
285.088 -0.164 0.263 2.671 -0.237 0.190 2.582
285.313 -0.170 0.263 2.658 -0.249 0.184 2.561
285.493 -0.159 0.248 2.658 -0.243 0.164 2.549
285.688 -0.134 0.222 2.659 -0.226 0.130 2.546
285.909 -0.101 0.200 2.677 -0.211 0.090 2.530
286.089 -0.088 0.149 2.632 -0.150 0.088 2.558
286.289 -0.066 0.123 2.629 -0.116 0.073 2.574
286.509 -0.047 0.120 2.635 -0.100 0.067 2.576
286.690 -0.030 0.132 2.658 -0.100 0.062 2.568
286.888 -0.032 0.148 2.662 -0.096 0.084 2.582
287.109 -0.036 0.173 2.668 -0.101 0.108 2.588
287.293 -0.025 0.190 2.708 -0.116 0.098 2.588
287.488 -0.038 0.217 2.707 -0.129 0.127 2.597
287.713 -0.031 0.244 2.748 -0.159 0.116 2.575
287.901 -0.078 0.229 2.708 -0.146 0.161 2.633
288.145 -0.092 0.224 2.711 -0.153 0.163 2.642
288.321 -0.092 0.214 2.725 -0.158 0.148 2.647
288.508 -0.093 0.190 2.729 -0.151 0.132 2.664
288.741 -0.087 0.171 2.740 -0.145 0.114 2.675
288.922 -0.077 0.161 2.759 -0.143 0.095 2.681
289.108 -0.069 0.149 2.773 -0.134 0.084 2.695
289.341 -0.063 0.143 2.786 -0.127 0.079 2.709
289.521 -0.061 0.147 2.794 -0.124 0.083 2.719
289.708 -0.061 0.154 2.807 -0.125 0.091 2.732
289.941 -0.061 0.167 2.818 -0.126 0.102 2.740
290.125 -0.061 0.179 2.827 -0.125 0.115 2.750
290.307 -0.061 0.189 2.836 -0.126 0.125 2.760
290.541 -0.062 0.199 2.843 -0.127 0.134 2.765
290.722 -0.063 0.203 2.856 -0.129 0.137 2.777
290.908 -0.064 0.201 2.869 -0.129 0.136 2.792
291.142 -0.064 0.203 2.883 -0.133 0.134 2.801
291.325 -0.066 0.200 2.898 -0.136 0.130 2.814
291.508 -0.074 0.191 2.905 -0.138 0.127 2.832
291.745 -0.073 0.188 2.923 -0.142 0.119 2.842
291.928 -0.069 0.187 2.942 -0.147 0.109 2.846
292.165 -0.025 0.230 3.009 -0.191 0.064 2.781
292.341 0.005 0.258 3.053 -0.222 0.031 2.737
292.529 0.028 0.284 3.088 -0.247 0.010 2.703
292.761 0.046 0.310 3.117 -0.269 -0.006 2.674
292.945 0.064 0.332 3.143 -0.287 -0.019 2.649
293.128 0.081 0.349 3.166 -0.303 -0.035 2.626
293.365 0.098 0.364 3.188 -0.317 -0.051 2.605
293.541 0.112 0.378 3.209 -0.330 -0.064 2.586
293.738 0.128 0.392 3.229 -0.342 -0.078 2.567
293.961 -0.078 0.185 3.006 -0.138 0.124 2.938
294.142 -0.075 0.176 3.025 -0.141 0.111 2.947
294.338 -0.078 0.165 3.031 -0.138 0.105 2.963
294.565 -0.078 0.166 3.043 -0.143 0.100 2.964
294.742 -0.079 0.163 3.050 -0.145 0.097 2.972
294.938 -0.078 0.151 3.062 -0.141 0.087 2.986
295.165 -0.081 0.161 3.061 -0.145 0.097 2.985
295.345 -0.081 0.159 3.066 -0.143 0.098 2.993
295.538 -0.080 0.164 3.073 -0.142 0.101 3.000
295.765 -0.080 0.172 3.080 -0.145 0.107 3.002
295.946 -0.081 0.173 3.086 -0.145 0.109 3.009
296.138 -0.078 0.167 3.096 -0.140 0.105 3.025
296.365 -0.081 0.177 3.102 -0.146 0.113 3.025
296.545 -0.082 0.176 3.111 -0.144 0.114 3.038
296.738 -0.081 0.170 3.121 -0.141 0.110 3.051
296.965 -0.082 0.171 3.131 -0.143 0.109 3.059
297.158 -0.084 0.163 3.138 -0.139 0.107 3.076
297.385 -0.081 0.165 3.149 -0.143 0.103 3.077
297.565 -0.082 0.160 3.152 -0.142 0.100 3.082
297.758 -0.086 0.161 3.150 -0.142 0.105 3.084
297.985 -0.085 0.162 3.153 -0.145 0.102 3.082
298.165 -0.082 0.161 3.158 -0.144 0.099 3.086
298.357 -0.081 0.167 3.156 -0.142 0.105 3.084
298.581 -0.079 0.168 3.159 -0.140 0.107 3.088
298.765 -0.079 0.168 3.163 -0.139 0.109 3.094
298.957 -0.080 0.172 3.174 -0.141 0.110 3.103
299.181 -0.076 0.180 -3.095 -0.146 0.110 -3.181
299.378 -0.077 0.184 -3.086 -0.149 0.112 -3.175
299.613 -0.081 0.180 -3.079 -0.150 0.111 -3.165
299.789 -0.081 0.182 -3.070 -0.153 0.110 -3.160
299.979 -0.083 0.179 -3.065 -0.154 0.107 -3.152
300.213 -0.082 0.174 -3.064 -0.152 0.104 -3.150
300.389 -0.087 0.165 -3.073 -0.146 0.106 -3.139
300.578 -0.085 0.168 -3.070 -0.148 0.105 -3.145
300.810 -0.088 0.188 -3.072 -0.156 0.120 -3.153
300.989 -0.119 0.219 -3.093 -0.181 0.157 -3.163
301.177 -0.150 0.255 3.172 -0.217 0.188 3.091
301.413 -0.166 0.258 3.155 -0.224 0.200 3.089
301.589 -0.147 0.227 -3.107 -0.205 0.169 -3.173
301.777 -0.108 0.170 -3.042 -0.172 0.105 -3.118
302.013 -0.073 0.125 -2.975 -0.139 0.058 -3.055
302.189 -0.026 0.173 -2.896 -0.194 0.004 -3.129
302.378 0.003 0.203 -2.851 -0.226 -0.026 -3.171
302.609 0.032 0.232 -2.814 -0.245 -0.044 -3.202
302.790 0.060 0.258 -2.784 -0.256 -0.059 -3.229
302.978 0.090 0.281 -2.755 -0.263 -0.072 -3.252
303.209 0.119 0.304 -2.730 -0.266 -0.081 -3.273
303.389 0.147 0.326 -2.707 -0.267 -0.089 -3.292
303.578 0.173 0.346 -2.684 -0.269 -0.097 -3.309
303.813 0.197 0.362 -2.663 -0.271 -0.107 -3.325
303.989 0.217 0.379 -2.643 -0.275 -0.115 -3.341
304.178 0.236 0.395 -2.624 -0.279 -0.123 -3.355
304.413 0.254 0.409 -2.605 -0.283 -0.131 -3.368
304.597 0.269 0.421 -2.587 -0.289 -0.141 -3.381
304.788 0.283 0.431 -2.569 -0.296 -0.153 -3.394
305.009 0.294 0.441 -2.552 -0.304 -0.163 -3.406
305.193 0.304 0.451 -2.536 -0.313 -0.172 -3.417
305.388 0.311 0.459 -2.519 -0.324 -0.183 -3.428
305.609 0.319 0.467 -2.504 -0.334 -0.193 -3.438
305.789 0.329 0.478 -2.488 -0.342 -0.200 -3.448
305.988 0.337 0.486 -2.473 -0.351 -0.210 -3.458
306.225 0.344 0.492 -2.457 -0.362 -0.222 -3.469
306.418 0.351 0.499 -2.442 -0.372 -0.233 -3.477
306.642 0.357 0.506 -2.428 -0.382 -0.242 -3.486
306.825 0.363 0.514 -2.414 -0.392 -0.249 -3.495
307.018 0.369 0.521 -2.400 -0.400 -0.257 -3.503
307.245 0.375 0.528 -2.387 -0.409 -0.266 -3.511
307.425 0.381 0.533 -2.373 -0.418 -0.275 -3.519
307.618 0.387 0.538 -2.360 -0.426 -0.285 -3.526
307.842 0.393 0.545 -2.347 -0.434 -0.292 -3.534
308.022 0.400 0.553 -2.334 -0.441 -0.298 -3.541
308.218 0.406 0.561 -2.321 -0.448 -0.304 -3.548
308.445 0.411 0.564 -2.309 -0.457 -0.314 -3.555
308.621 0.416 0.569 -2.296 -0.465 -0.323 -3.561
308.818 0.422 0.576 -2.284 -0.472 -0.329 -3.568
309.045 0.428 0.582 -2.271 -0.479 -0.336 -3.574
309.225 0.433 0.585 -2.258 -0.486 -0.346 -3.579
309.422 0.439 0.592 -2.247 -0.492 -0.352 -3.585
309.645 0.445 0.600 -2.233 -0.499 -0.357 -3.591
309.828 0.451 0.607 -2.221 -0.505 -0.361 -3.596
310.061 0.457 0.612 -2.209 -0.512 -0.368 -3.602
310.245 0.464 0.617 -2.197 -0.517 -0.376 -3.607
310.438 0.470 0.623 -2.185 -0.523 -0.382 -3.612
310.661 0.476 0.630 -2.173 -0.529 -0.387 -3.617
310.845 0.481 0.635 -2.160 -0.535 -0.393 -3.621
311.039 -2.461 0.928 0.070 -2.579 0.810 -0.086
311.261 -2.428 0.966 0.122 -2.623 0.771 -0.147
311.443 -2.336 1.087 0.157 -2.585 0.841 -0.190
311.638 -2.232 1.271 0.180 -2.523 0.988 -0.231
311.862 -2.167 1.446 0.199 -2.498 1.141 -0.267
312.042 -2.143 1.565 0.221 -2.508 1.248 -0.294
312.238 -2.145 1.627 0.223 -2.557 1.305 -0.339
312.469 -2.154 1.656 0.214 -2.638 1.330 -0.411
312.649 -2.147 1.663 0.221 -2.698 1.333 -0.466
312.849 2.416 1.278 -1.322 2.343 1.205 -1.402
313.069 2.513 1.232 -1.195 2.435 1.155 -1.286
313.249 2.649 1.195 -1.050 2.578 1.124 -1.131
313.448 2.696 1.203 -1.003 2.600 1.107 -1.123
313.673 2.630 1.222 -1.107 2.523 1.116 -1.234
313.849 2.491 1.264 -1.272 2.351 1.125 -1.455
314.048 2.120 1.280 -1.750 2.026 1.186 -1.860
314.273 1.882 1.282 -2.020 1.812 1.211 -2.103
314.453 2.027 1.290 -1.932 1.954 1.217 -2.017
314.648 2.168 1.298 -1.812 2.089 1.219 -1.907
314.869 2.372 1.288 -1.652 2.299 1.216 -1.734
315.053 2.550 1.254 -1.477 2.473 1.177 -1.567
315.248 2.679 1.211 -1.371 2.596 1.128 -1.471
315.469 2.749 1.170 -1.322 2.676 1.097 -1.406
315.649 2.698 1.209 -1.347 2.610 1.120 -1.456
315.889 2.611 1.231 -1.364 2.535 1.154 -1.457
316.069 2.545 1.238 -1.373 2.474 1.167 -1.456
316.258 2.583 1.243 -1.286 2.483 1.143 -1.414
316.493 2.621 1.256 -1.224 2.482 1.117 -1.402
316.669 2.679 1.191 -1.175 2.596 1.109 -1.273
316.868 2.669 1.183 -1.192 2.593 1.107 -1.277
317.089 2.576 1.207 -1.290 2.502 1.133 -1.377
317.280 2.446 1.232 -1.434 2.378 1.163 -1.511
317.509 2.292 1.264 -1.596 2.216 1.187 -1.688
317.689 2.130 1.279 -1.768 2.054 1.204 -1.859
317.877 2.021 1.283 -1.889 1.943 1.206 -1.981
318.109 1.997 1.277 -1.935 1.923 1.203 -2.022
318.298 2.055 1.272 -1.901 1.981 1.199 -1.984
318.529 2.167 1.259 -1.814 2.095 1.187 -1.899
318.713 2.332 1.237 -1.660 2.259 1.164 -1.745
318.898 2.434 1.227 -1.586 2.361 1.154 -1.671
319.129 2.516 1.218 -1.508 2.442 1.144 -1.595
319.309 2.525 1.228 -1.504 2.454 1.157 -1.587
319.498 2.574 1.221 -1.448 2.493 1.141 -1.542
319.729 2.587 1.226 -1.435 2.507 1.146 -1.533
319.901 2.598 1.227 -1.425 2.519 1.148 -1.522
320.098 2.581 1.238 -1.432 2.503 1.160 -1.528
320.321 2.486 1.269 -1.518 2.410 1.193 -1.607
320.501 2.493 1.283 -1.491 2.395 1.184 -1.615
320.699 2.452 1.290 -1.523 2.351 1.190 -1.653
320.921 2.346 1.314 -1.612 2.236 1.203 -1.754
321.108 2.351 1.313 -1.588 2.230 1.192 -1.745
321.341 2.379 1.346 -1.540 2.185 1.149 -1.810
321.521 2.454 1.257 -1.475 2.381 1.184 -1.560
321.713 2.457 1.253 -1.461 2.386 1.181 -1.545
321.949 2.442 1.257 -1.455 2.370 1.185 -1.539
322.133 2.451 1.252 -1.430 2.384 1.186 -1.504
322.328 2.460 1.257 -1.402 2.389 1.186 -1.485
322.561 2.460 1.264 -1.387 2.385 1.189 -1.476
322.745 2.481 1.266 -1.346 2.400 1.185 -1.446
322.928 2.454 1.271 -1.356 2.389 1.205 -1.431
323.161 2.427 1.280 -1.377 2.368 1.221 -1.443
323.358 2.388 1.316 -1.393 2.280 1.208 -1.534
323.581 2.403 1.294 -1.376 2.323 1.215 -1.469
323.765 2.434 1.279 -1.331 2.362 1.206 -1.416
323.958 2.435 1.276 -1.317 2.359 1.200 -1.406
324.185 2.433 1.271 -1.304 2.361 1.200 -1.388
324.361 2.418 1.271 -1.304 2.346 1.199 -1.390
324.558 2.408 1.277 -1.298 2.329 1.197 -1.395
324.785 2.372 1.279 -1.324 2.304 1.211 -1.400
324.961 2.351 1.282 -1.332 2.281 1.211 -1.416
325.158 2.360 1.274 -1.314 2.295 1.209 -1.387
325.381 2.370 1.270 -1.298 2.306 1.206 -1.371
325.561 2.363 1.280 -1.296 2.286 1.204 -1.390
325.758 2.375 1.271 -1.275 2.310 1.206 -1.348
325.986 2.392 1.267 -1.247 2.330 1.205 -1.318
326.166 2.387 1.272 -1.251 2.324 1.208 -1.323
326.401 2.415 1.267 -1.217 2.349 1.201 -1.296
326.582 2.412 1.269 -1.216 2.344 1.200 -1.298
326.768 2.401 1.267 -1.215 2.339 1.204 -1.286
327.001 2.384 1.271 -1.223 2.322 1.208 -1.294
327.182 2.380 1.285 -1.221 2.290 1.196 -1.336
327.368 2.373 1.272 -1.222 2.307 1.205 -1.299
327.601 2.387 1.271 -1.201 2.314 1.197 -1.289
327.781 2.409 1.261 -1.175 2.345 1.197 -1.248
327.967 2.384 1.268 -1.202 2.321 1.205 -1.274
328.205 2.399 1.272 -1.180 2.327 1.199 -1.267
328.381 2.425 1.265 -1.151 2.356 1.196 -1.232
328.567 2.448 1.262 -1.127 2.379 1.193 -1.208
328.813 2.391 1.279 -1.184 2.321 1.209 -1.266
328.989 2.410 1.274 -1.154 2.342 1.205 -1.234
329.178 2.383 1.278 -1.176 2.315 1.210 -1.257
329.409 2.408 1.269 -1.149 2.340 1.201 -1.229
329.589 2.368 1.273 -1.183 2.305 1.210 -1.255
329.778 2.413 1.261 -1.137 2.347 1.194 -1.212
330.013 2.384 1.267 -1.167 2.320 1.204 -1.239
330.208 2.388 1.271 -1.157 2.318 1.201 -1.241
330.429 2.419 1.268 -1.126 2.346 1.195 -1.213
330.609 2.432 1.264 -1.118 2.360 1.192 -1.204
330.807 2.429 1.266 -1.121 2.352 1.190 -1.212
331.029 2.416 1.276 -1.118 2.329 1.189 -1.229
331.209 2.428 1.262 -1.114 2.361 1.195 -1.190
331.408 2.415 1.267 -1.123 2.348 1.200 -1.200
331.629 2.410 1.282 -1.124 2.323 1.195 -1.232
331.809 2.365 1.279 -1.170 2.301 1.215 -1.242
332.008 2.353 1.283 -1.178 2.287 1.217 -1.252
332.229 2.371 1.278 -1.156 2.301 1.209 -1.238
332.409 2.388 1.272 -1.140 2.323 1.208 -1.214
332.608 2.395 1.275 -1.137 2.324 1.205 -1.220
332.834 2.420 1.267 -1.106 2.355 1.201 -1.180
333.009 2.414 1.270 -1.108 2.346 1.202 -1.187
333.208 2.397 1.272 -1.124 2.332 1.206 -1.199
333.433 2.402 1.269 -1.121 2.337 1.204 -1.195
333.609 2.383 1.282 -1.134 2.304 1.203 -1.230
333.808 2.350 1.289 -1.165 2.269 1.208 -1.258
334.029 2.345 1.285 -1.168 2.275 1.214 -1.251
334.209 2.395 1.270 -1.120 2.330 1.205 -1.194
334.408 2.437 1.263 -1.084 2.368 1.194 -1.162
334.629 2.430 1.267 -1.094 2.359 1.197 -1.177
334.813 2.437 1.267 -1.089 2.366 1.196 -1.172
335.008 2.432 1.269 -1.098 2.358 1.196 -1.186
335.233 2.383 1.282 -1.152 2.310 1.209 -1.240
335.409 2.407 1.278 -1.126 2.330 1.201 -1.219
335.645 2.409 1.277 -1.117 2.337 1.205 -1.205
335.827 2.405 1.276 -1.122 2.331 1.202 -1.212
336.061 2.365 1.284 -1.161 2.291 1.211 -1.250
336.245 2.395 1.279 -1.120 2.317 1.201 -1.216
336.427 2.398 1.271 -1.126 2.333 1.206 -1.200
336.665 2.378 1.282 -1.146 2.302 1.206 -1.238
336.845 2.389 1.278 -1.136 2.318 1.207 -1.219
337.027 2.399 1.274 -1.138 2.333 1.208 -1.213
337.265 2.394 1.284 -1.145 2.315 1.205 -1.243
337.441 2.386 1.283 -1.167 2.312 1.209 -1.252
337.627 2.418 1.274 -1.130 2.342 1.198 -1.223
337.861 2.422 1.273 -1.136 2.348 1.199 -1.226
338.045 2.383 1.280 -1.179 2.310 1.207 -1.269
338.228 2.385 1.277 -1.174 2.314 1.206 -1.257
338.461 2.390 1.277 -1.167 2.316 1.203 -1.258
338.641 2.406 1.272 -1.151 2.332 1.198 -1.242
338.829 2.418 1.271 -1.134 2.340 1.193 -1.229
339.065 2.431 1.261 -1.126 2.366 1.196 -1.200
339.245 2.390 1.274 -1.172 2.327 1.210 -1.244
339.428 2.386 1.278 -1.178 2.324 1.215 -1.249
339.668 2.361 1.285 -1.207 2.297 1.221 -1.279
339.845 2.388 1.287 -1.180 2.312 1.211 -1.273
340.027 2.392 1.285 -1.182 2.316 1.209 -1.275
340.265 2.403 1.279 -1.169 2.332 1.208 -1.252
340.445 2.401 1.282 -1.171 2.325 1.207 -1.263
340.628 2.421 1.276 -1.157 2.347 1.202 -1.246
340.861 2.379 1.281 -1.201 2.313 1.215 -1.277
341.045 2.392 1.278 -1.192 2.326 1.213 -1.269
341.228 2.428 1.268 -1.163 2.361 1.202 -1.240
341.461 2.440 1.270 -1.153 2.365 1.195 -1.245
341.645 2.395 1.282 -1.206 2.320 1.207 -1.299
341.838 2.373 1.286 -1.238 2.299 1.212 -1.327
342.069 2.375 1.285 -1.235 2.301 1.210 -1.326
342.253 2.403 1.271 -1.215 2.337 1.206 -1.291
342.438 2.395 1.272 -1.231 2.331 1.208 -1.306
342.669 2.392 1.278 -1.230 2.321 1.206 -1.317
342.861 2.396 1.278 -1.231 2.325 1.207 -1.318
343.109 2.407 1.276 -1.225 2.334 1.203 -1.314
343.289 2.415 1.275 -1.226 2.343 1.203 -1.314
343.478 2.413 1.273 -1.240 2.348 1.207 -1.316
343.709 2.403 1.275 -1.254 2.338 1.211 -1.329
343.893 2.395 1.276 -1.268 2.330 1.211 -1.343
344.078 2.384 1.286 -1.283 2.306 1.208 -1.377
344.313 2.371 1.281 -1.306 2.305 1.215 -1.382
344.489 2.364 1.287 -1.314 2.288 1.211 -1.405
344.678 2.388 1.276 -1.293 2.320 1.209 -1.371
344.909 2.385 1.277 -1.304 2.318 1.210 -1.381
345.091 2.403 1.283 -1.284 2.321 1.201 -1.387
345.277 2.412 1.277 -1.282 2.339 1.204 -1.369
345.509 2.403 1.276 -1.300 2.337 1.209 -1.376
345.695 2.387 1.281 -1.319 2.321 1.216 -1.394
345.878 2.376 1.282 -1.335 2.312 1.219 -1.407
346.113 2.392 1.285 -1.317 2.313 1.206 -1.410
346.289 2.371 1.284 -1.345 2.301 1.213 -1.426
346.478 2.403 1.280 -1.304 2.319 1.197 -1.407
346.714 2.375 1.277 -1.341 2.309 1.211 -1.416
346.889 2.418 1.270 -1.295 2.348 1.200 -1.378
347.078 2.404 1.270 -1.314 2.339 1.205 -1.388
347.313 2.401 1.272 -1.325 2.334 1.206 -1.401
347.489 2.417 1.274 -1.302 2.337 1.194 -1.400
347.678 2.412 1.270 -1.317 2.341 1.198 -1.400
347.909 2.394 1.279 -1.335 2.314 1.199 -1.432
348.089 2.386 1.271 -1.344 2.318 1.203 -1.424
348.277 2.394 1.278 -1.334 2.310 1.193 -1.441
348.509 2.410 1.267 -1.319 2.336 1.193 -1.409
348.689 2.403 1.265 -1.333 2.334 1.196 -1.414
348.878 2.404 1.265 -1.332 2.334 1.196 -1.413
349.113 2.406 1.267 -1.331 2.335 1.196 -1.415
349.289 2.385 1.273 -1.356 2.313 1.201 -1.442
349.477 2.391 1.271 -1.357 2.318 1.199 -1.444
349.713 2.401 1.269 -1.347 2.328 1.196 -1.434
349.893 2.405 1.266 -1.346 2.333 1.195 -1.429
350.078 2.409 1.264 -1.339 2.337 1.192 -1.425
350.309 2.400 1.272 -1.348 2.321 1.192 -1.441
350.489 2.411 1.272 -1.337 2.326 1.187 -1.443
350.697 2.420 1.259 -1.331 2.354 1.194 -1.405
350.921 2.417 1.267 -1.337 2.342 1.191 -1.427
351.105 2.402 1.265 -1.360 2.335 1.199 -1.435
351.297 2.403 1.274 -1.357 2.321 1.192 -1.458
351.521 2.395 1.274 -1.365 2.315 1.194 -1.461
351.705 2.388 1.267 -1.378 2.323 1.201 -1.452
351.898 2.403 1.272 -1.356 2.323 1.192 -1.455
352.121 2.409 1.264 -1.352 2.341 1.196 -1.428
352.305 2.403 1.272 -1.358 2.329 1.198 -1.447
352.498 2.397 1.269 -1.368 2.330 1.203 -1.444
352.726 2.394 1.278 -1.376 2.312 1.196 -1.476
352.914 2.318 1.273 -1.473 2.254 1.209 -1.545
353.108 2.229 1.272 -1.575 2.162 1.205 -1.651
353.329 2.198 1.268 -1.625 2.125 1.195 -1.711
353.528 2.244 1.254 -1.598 2.175 1.185 -1.676
353.761 2.306 1.252 -1.546 2.230 1.176 -1.632
353.949 2.394 1.244 -1.471 2.324 1.174 -1.549
354.138 2.480 1.243 -1.392 2.412 1.176 -1.469
354.377 2.547 1.267 -1.321 2.439 1.159 -1.462
354.549 2.615 1.249 -1.278 2.546 1.180 -1.357
354.747 2.642 1.276 -1.251 2.534 1.169 -1.391
354.973 2.612 1.283 -1.302 2.527 1.198 -1.405
355.149 2.560 1.289 -1.364 2.487 1.216 -1.450
355.349 2.507 1.301 -1.428 2.421 1.215 -1.530
355.573 2.454 1.293 -1.485 2.375 1.213 -1.581
355.753 2.379 1.299 -1.563 2.290 1.210 -1.673
355.947 2.380 1.306 -1.552 2.257 1.184 -1.715
356.169 2.338 1.279 -1.606 2.260 1.201 -1.701
356.353 2.342 1.284 -1.599 2.242 1.184 -1.727
356.548 2.346 1.261 -1.615 2.270 1.184 -1.704
356.773 2.384 1.249 -1.584 2.311 1.175 -1.667
356.950 2.431 1.251 -1.515 2.351 1.171 -1.609
357.148 2.470 1.243 -1.479 2.397 1.171 -1.561
357.373 2.484 1.243 -1.471 2.409 1.169 -1.556
357.549 2.501 1.251 -1.451 2.410 1.160 -1.563
357.748 2.505 1.275 -1.441 2.374 1.145 -1.614
357.969 2.564 1.222 -1.413 2.499 1.157 -1.486
358.153 2.700 1.192 -1.293 2.634 1.127 -1.368
358.348 2.729 1.211 -1.287 2.662 1.144 -1.364
358.573 2.735 1.214 -1.298 2.667 1.146 -1.375
358.753 2.695 1.245 -1.350 2.613 1.163 -1.450
358.948 2.602 1.252 -1.466 2.535 1.185 -1.542
359.169 2.435 1.273 -1.651 2.355 1.193 -1.750
359.349 2.267 1.265 -1.853 2.196 1.194 -1.937
359.548 2.313 1.273 -1.793 2.184 1.145 -1.966
359.769 2.148 1.252 -2.012 2.068 1.172 -2.109
359.957 2.167 1.247 -2.004 2.098 1.178 -2.082
360.194 2.286 1.243 -1.892 2.219 1.176 -1.967
360.369 2.405 1.244 -1.782 2.337 1.176 -1.859
360.568 2.545 1.235 -1.644 2.471 1.161 -1.730
360.793 2.611 1.246 -1.588 2.533 1.168 -1.683
360.969 2.647 1.257 -1.561 2.576 1.185 -1.644
361.225 2.679 1.256 -1.537 2.613 1.190 -1.613
361.405 2.667 1.265 -1.549 2.599 1.196 -1.628
361.588 2.631 1.295 -1.574 2.535 1.198 -1.699
361.821 2.571 1.299 -1.631 2.489 1.217 -1.726
362.009 2.517 1.301 -1.668 2.436 1.220 -1.768
362.198 2.468 1.293 -1.707 2.395 1.220 -1.793
362.435 2.439 1.282 -1.726 2.366 1.208 -1.815
362.613 2.417 1.265 -1.740 2.343 1.191 -1.829
362.798 2.421 1.254 -1.727 2.332 1.165 -1.840
363.033 2.434 1.235 -1.699 2.345 1.146 -1.811
363.209 2.377 1.233 -1.764 2.306 1.161 -1.849
363.397 2.409 1.223 -1.728 2.338 1.152 -1.812
363.629 2.391 1.230 -1.743 2.326 1.165 -1.817
363.833 2.441 1.224 -1.683 2.374 1.156 -1.760
364.028 2.366 1.254 -1.755 2.301 1.189 -1.828
364.249 2.442 1.245 -1.690 2.374 1.177 -1.768
364.429 2.443 1.253 -1.667 2.380 1.190 -1.738
364.681 2.455 1.263 -1.659 2.386 1.193 -1.741
364.861 2.457 1.262 -1.645 2.394 1.199 -1.717
365.048 2.447 1.275 -1.644 2.372 1.200 -1.737
365.289 2.545 1.257 -1.536 2.444 1.157 -1.663
365.469 2.505 1.251 -1.581 2.433 1.179 -1.663
365.658 2.476 1.253 -1.599 2.410 1.186 -1.674
365.889 2.476 1.264 -1.587 2.389 1.177 -1.696
366.069 2.461 1.259 -1.600 2.386 1.184 -1.686
366.258 2.494 1.242 -1.559 2.425 1.172 -1.640
366.489 2.471 1.246 -1.579 2.398 1.173 -1.664
366.673 2.496 1.236 -1.548 2.417 1.158 -1.644
366.857 2.467 1.241 -1.575 2.391 1.165 -1.664
367.093 2.465 1.233 -1.576 2.396 1.165 -1.656
367.274 2.467 1.232 -1.569 2.398 1.163 -1.650
367.468 2.470 1.229 -1.570 2.404 1.163 -1.645
367.705 2.465 1.238 -1.566 2.387 1.160 -1.662
367.881 2.474 1.236 -1.557 2.396 1.158 -1.652
368.068 2.475 1.237 -1.552 2.398 1.160 -1.646
368.301 2.468 1.237 -1.561 2.398 1.167 -1.642
368.481 2.469 1.238 -1.558 2.400 1.169 -1.638
368.678 2.476 1.241 -1.550 2.404 1.170 -1.635
368.901 2.462 1.247 -1.567 2.393 1.178 -1.645
369.088 2.481 1.242 -1.544 2.415 1.176 -1.618
369.325 2.503 1.247 -1.514 2.422 1.166 -1.613
369.501 2.486 1.253 -1.534 2.408 1.175 -1.628
369.688 2.503 1.241 -1.512 2.427 1.165 -1.604
369.933 2.518 1.223 -1.501 2.441 1.146 -1.594
370.109 2.494 1.222 -1.522 2.418 1.146 -1.614
370.308 2.471 1.215 -1.540 2.396 1.140 -1.630
370.531 2.484 1.202 -1.532 2.409 1.127 -1.618
370.709 2.455 1.238 -1.541 2.337 1.120 -1.698
370.908 2.419 1.238 -1.572 2.327 1.146 -1.687
371.141 2.431 1.239 -1.539 2.344 1.152 -1.643
371.327 2.439 1.256 -1.524 2.340 1.156 -1.648
371.561 2.393 1.275 -1.552 2.305 1.187 -1.660
371.741 2.392 1.289 -1.542 2.292 1.189 -1.668
371.937 2.424 1.283 -1.509 2.336 1.195 -1.614
372.169 2.441 1.290 -1.487 2.346 1.195 -1.605
372.358 2.468 1.291 -1.457 2.361 1.185 -1.591
372.589 2.462 1.281 -1.466 2.375 1.195 -1.570
372.769 2.494 1.280 -1.427 2.391 1.177 -1.554
372.957 2.490 1.264 -1.436 2.412 1.186 -1.527
373.189 2.474 1.262 -1.456 2.402 1.190 -1.538
373.369 2.469 1.259 -1.458 2.395 1.185 -1.539
373.557 2.454 1.266 -1.470 2.369 1.182 -1.569
373.789 2.434 1.264 -1.490 2.357 1.187 -1.577
373.969 2.422 1.265 -1.503 2.339 1.183 -1.594
374.160 2.394 1.266 -1.534 2.312 1.183 -1.626
374.401 2.393 1.261 -1.537 2.312 1.180 -1.629
374.581 2.386 1.263 -1.549 2.303 1.179 -1.641
374.768 2.401 1.256 -1.537 2.324 1.180 -1.623
375.001 2.432 1.258 -1.507 2.339 1.165 -1.623
375.181 2.426 1.256 -1.527 2.346 1.176 -1.620
375.368 2.442 1.261 -1.511 2.352 1.171 -1.623
375.601 2.460 1.250 -1.505 2.385 1.176 -1.592
375.785 2.468 1.252 -1.506 2.394 1.178 -1.591
375.968 2.461 1.262 -1.517 2.381 1.183 -1.614
376.205 2.464 1.261 -1.521 2.389 1.186 -1.608
376.382 2.458 1.266 -1.528 2.378 1.185 -1.625
376.568 2.452 1.272 -1.535 2.364 1.185 -1.644
376.810 2.453 1.270 -1.533 2.374 1.191 -1.628
376.981 2.529 1.225 -1.445 2.457 1.153 -1.528
377.177 2.596 1.185 -1.350 2.517 1.105 -1.447
377.405 2.645 1.143 -1.278 2.569 1.067 -1.364
377.581 2.712 1.108 -1.193 2.615 1.011 -1.314
377.778 2.788 1.038 -1.107 2.702 0.952 -1.213
378.001 2.853 0.999 -1.027 2.743 0.889 -1.167
378.181 2.898 0.981 -0.968 2.764 0.846 -1.142
378.378 2.928 0.978 -0.936 2.769 0.819 -1.144
378.605 2.955 1.000 -0.894 2.734 0.778 -1.196
378.781 2.975 1.031 -0.863 2.705 0.761 -1.236
378.978 2.198 1.195 -1.868 2.090 1.087 -1.993
379.205 2.225 1.226 -1.808 2.037 1.037 -2.061
379.385 2.246 1.249 -1.773 2.003 1.005 -2.108
379.578 2.267 1.274 -1.743 1.981 0.985 -2.143
379.801 2.286 1.299 -1.721 1.962 0.971 -2.177
379.981 2.304 1.322 -1.701 1.946 0.960 -2.207
380.188 2.321 1.344 -1.681 1.933 0.949 -2.235
380.409 -2.178 0.802 -0.490 -2.243 0.737 -0.564
380.589 -2.121 0.856 -0.476 -2.228 0.748 -0.618
380.788 -0.397 0.176 -0.794 -0.550 0.023 -1.003
381.009 -0.362 0.180 -0.741 -0.580 -0.037 -1.043
381.189 -0.337 0.231 -0.699 -0.605 -0.033 -1.072
381.387 -0.316 0.309 -0.664 -0.625 0.007 -1.097
381.613 -0.296 0.394 -0.633 -0.642 0.061 -1.118
381.789 -0.276 0.474 -0.604 -0.655 0.117 -1.137
381.988 -0.256 0.546 -0.577 -0.667 0.169 -1.153
382.214 -0.238 0.603 -0.552 -0.676 0.211 -1.168
382.407 -0.218 0.650 -0.525 -0.686 0.244 -1.182
382.641 -0.201 0.684 -0.503 -0.694 0.267 -1.196
382.821 -0.185 0.709 -0.482 -0.702 0.282 -1.208
383.007 -0.170 0.727 -0.462 -0.710 0.291 -1.221
383.241 -0.157 0.739 -0.444 -0.719 0.295 -1.234
383.425 -0.146 0.749 -0.427 -0.729 0.297 -1.247
383.608 -0.135 0.758 -0.412 -0.739 0.297 -1.261
383.842 -0.124 0.762 -0.395 -0.748 0.293 -1.272
384.025 -0.114 0.764 -0.378 -0.757 0.287 -1.283
384.218 -0.104 0.769 -0.363 -0.765 0.284 -1.295
384.445 -0.093 0.776 -0.350 -0.773 0.283 -1.307
384.621 -0.083 0.780 -0.336 -0.780 0.279 -1.317
384.818 -0.074 0.783 -0.322 -0.788 0.274 -1.327
385.041 -0.065 0.785 -0.307 -0.797 0.269 -1.338
385.238 -0.056 0.789 -0.294 -0.805 0.265 -1.349
385.461 -0.047 0.792 -0.282 -0.812 0.261 -1.359
385.641 -0.038 0.795 -0.270 -0.819 0.256 -1.369
385.837 -0.030 0.796 -0.257 -0.826 0.251 -1.378
386.061 -0.022 0.800 -0.246 -0.833 0.247 -1.388
386.242 3.176 0.218 2.753 3.078 0.119 2.623
386.481 3.202 0.249 2.819 3.017 0.064 2.559
386.677 -2.899 0.404 2.858 -3.135 0.165 2.515
386.858 -2.698 0.536 2.888 -2.959 0.259 2.480
387.089 -2.586 0.603 2.915 -2.860 0.289 2.450
387.273 -2.546 0.635 2.940 -2.829 0.288 2.426
387.468 -2.528 0.654 2.961 -2.821 0.278 2.402
387.689 -2.518 0.669 2.980 -2.819 0.266 2.379
387.873 -2.512 0.683 2.999 -2.821 0.256 2.360
388.068 -2.504 0.697 3.017 -2.821 0.247 2.342
388.289 -2.495 0.709 3.034 -2.820 0.237 2.324
388.473 -2.489 0.720 3.051 -2.822 0.227 2.307
388.668 -2.482 0.733 3.067 -2.823 0.220 2.292
388.889 -2.478 0.744 3.082 -2.826 0.211 2.277
389.073 -2.471 0.753 3.097 -2.827 0.202 2.262
389.268 -2.468 0.761 3.109 -2.831 0.192 2.246
389.489 -2.461 0.771 3.121 -2.832 0.185 2.231
389.673 -2.455 0.782 3.136 -2.833 0.179 2.219
389.868 -2.450 0.792 3.149 -2.834 0.172 2.207
390.089 -2.444 0.799 3.163 -2.835 0.162 2.196
390.273 -2.439 0.804 3.179 -2.835 0.151 2.187
390.468 -2.433 0.811 3.196 -2.835 0.142 2.180
390.693 -2.429 0.814 3.213 -2.836 0.131 2.174
390.869 -2.422 0.820 3.231 -2.835 0.121 2.169
391.068 -2.415 0.825 3.246 -2.834 0.113 2.161
391.289 -2.411 0.827 3.264 -2.834 0.100 2.157
391.469 -2.405 0.834 3.275 -2.837 0.095 2.147
391.668 -2.400 0.837 3.294 -2.834 0.083 2.145
391.889 -2.395 0.844 3.306 -2.834 0.076 2.136
392.069 -2.389 0.850 3.319 -2.836 0.070 2.129
392.309 -2.387 0.850 3.339 -2.835 0.055 2.128
392.493 -2.381 0.851 3.353 -2.836 0.045 2.122
392.677 -2.375 0.855 3.374 -2.832 0.035 2.123
392.910 -2.372 0.855 3.395 -2.832 0.023 2.125
393.089 -2.366 0.854 3.415 -2.828 0.012 2.126
393.277 -2.360 0.850 3.435 -2.825 -0.003 2.127
393.513 -2.353 0.846 3.456 -2.820 -0.019 2.130
393.693 -2.346 0.840 3.479 -2.814 -0.035 2.134
393.887 -2.339 0.832 3.506 -2.808 -0.054 2.142
394.109 -2.334 0.823 3.534 -2.803 -0.073 2.151
394.297 -2.329 0.815 3.560 -2.799 -0.087 2.159
394.533 -2.324 0.807 3.585 -2.797 -0.103 2.167
394.709 -2.319 0.799 3.609 -2.794 -0.117 2.173
394.898 -2.312 0.800 3.626 -2.793 -0.123 2.173
395.133 -2.307 0.796 3.651 -2.788 -0.138 2.181
395.313 -2.301 0.790 3.675 -2.782 -0.152 2.188
395.498 -2.296 0.793 3.684 -2.788 -0.156 2.180
395.729 -2.295 0.790 3.705 -2.785 -0.171 2.186
395.909 -2.290 0.789 3.717 -2.787 -0.180 2.181
396.097 -2.284 0.792 3.726 -2.788 -0.186 2.175
396.329 -2.281 0.798 3.734 -2.789 -0.190 2.167
396.513 -2.278 0.804 3.740 -2.791 -0.195 2.158
396.698 -2.274 0.809 3.747 -2.792 -0.201 2.150
396.929 -2.273 0.813 3.754 -2.795 -0.208 2.142
397.109 -2.270 0.816 3.762 -2.795 -0.215 2.135
397.298 -2.268 0.820 3.771 -2.796 -0.222 2.129
397.529 -2.265 0.826 3.781 -2.796 -0.227 2.125
397.709 -2.262 0.830 3.790 -2.797 -0.233 2.119
397.898 -2.257 0.834 3.799 -2.797 -0.239 2.114
398.134 -2.256 0.838 3.810 -2.800 -0.246 2.109
398.328 -2.254 0.842 3.818 -2.803 -0.252 2.102
398.549 -2.251 0.845 3.825 -2.804 -0.258 2.096
398.729 -2.248 0.849 3.833 -2.805 -0.264 2.089
398.928 -2.245 0.853 3.842 -2.805 -0.270 2.084
399.149 -2.243 0.858 3.850 -2.807 -0.274 2.079
399.329 -2.240 0.864 3.858 -2.808 -0.278 2.073
399.528 -2.239 0.868 3.866 -2.810 -0.284 2.068
399.762 -2.236 0.872 3.873 -2.812 -0.289 2.061
399.945 -2.232 0.875 3.880 -2.812 -0.295 2.055
400.137 -2.230 0.877 3.886 -2.813 -0.302 2.048
400.361 -2.228 0.881 3.893 -2.814 -0.308 2.042
400.541 -2.226 0.886 3.902 -2.815 -0.312 2.037
400.737 -2.225 0.890 3.910 -2.818 -0.317 2.033
400.961 -2.222 0.894 3.918 -2.819 -0.322 2.027
401.141 -2.220 0.898 3.925 -2.821 -0.326 2.022
401.337 -2.217 0.903 3.933 -2.822 -0.330 2.017
401.565 -2.214 0.907 3.939 -2.823 -0.334 2.011
401.745 -2.213 0.912 3.945 -2.826 -0.338 2.005
401.937 -2.210 0.916 3.952 -2.826 -0.342 1.999
402.165 -2.207 0.919 3.957 -2.827 -0.348 1.992
402.341 -2.206 0.922 3.963 -2.829 -0.353 1.986
402.537 -2.204 0.926 3.970 -2.830 -0.358 1.980
402.765 -2.203 0.931 3.977 -2.833 -0.362 1.975
402.945 -2.199 0.935 3.982 -2.833 -0.365 1.969
403.138 -2.198 0.938 3.989 -2.834 -0.371 1.963
403.369 -2.198 0.944 3.996 -2.838 -0.374 1.958
403.549 -2.208 0.942 3.981 -2.865 -0.377 1.932
403.747 -2.180 0.941 3.953 -2.845 -0.353 1.894
403.969 -2.191 1.025 3.942 -2.842 -0.233 1.873
404.158 -2.227 1.086 3.930 -2.883 -0.154 1.849
404.390 -2.227 1.091 3.938 -2.869 -0.148 1.844
404.569 -2.201 1.073 4.004 -2.823 -0.176 1.899
404.814 -2.186 0.942 4.062 -2.783 -0.277 1.943
404.989 -2.193 0.817 4.099 -2.783 -0.322 1.969
405.177 -2.214 0.809 4.133 -2.804 -0.295 1.991
405.409 -2.257 0.847 4.172 -2.847 -0.198 2.018
405.589 -2.341 0.887 4.217 -2.923 0.007 2.052
405.778 -2.442 0.920 -2.014 -3.005 0.214 -4.191
406.009 -2.508 0.946 -1.960 -3.064 0.326 -4.149
406.189 -2.539 0.968 -1.904 -3.096 0.387 -4.105
406.377 -2.538 0.975 -1.850 -3.100 0.410 -4.064
406.613 -2.531 0.983 -1.835 -3.104 0.421 -4.060
406.790 -2.500 0.973 -1.783 -3.078 0.404 -4.021
406.987 -2.463 0.946 -1.731 -3.049 0.376 -3.982
407.209 -2.419 0.906 -1.684 -3.015 0.336 -3.947
407.398 -2.376 0.859 -1.646 -2.981 0.289 -3.921
407.637 -2.344 0.806 -1.616 -2.956 0.237 -3.902
407.813 -2.331 0.775 -1.601 -2.954 0.205 -3.899
407.997 -2.321 0.766 -1.585 -2.950 0.185 -3.893
408.229 -2.310 0.747 -1.563 -2.940 0.154 -3.883
408.413 -2.302 0.732 -1.543 -2.935 0.127 -3.876
408.597 -2.294 0.729 -1.518 -2.930 0.110 -3.863
408.821 -2.284 0.732 -1.487 -2.926 0.103 -3.843
409.001 -2.273 0.733 -1.454 -2.922 0.095 -3.821
409.198 -2.261 0.727 -1.423 -2.917 0.082 -3.801
409.421 -2.250 0.717 -1.393 -2.912 0.066 -3.782
409.605 -2.240 0.706 -1.366 -2.908 0.047 -3.765
409.798 -2.231 0.691 -1.341 -2.902 0.024 -3.752
410.021 -2.221 0.676 -1.320 -2.896 -0.001 -3.743
410.208 -2.208 0.681 -1.320 -2.893 -0.005 -3.754
410.441 -2.201 0.666 -1.288 -2.882 -0.038 -3.734
410.621 -2.191 0.659 -1.259 -2.874 -0.055 -3.716
410.808 -2.181 0.652 -1.228 -2.869 -0.069 -3.695
411.041 -2.173 0.644 -1.195 -2.864 -0.083 -3.673
411.221 -2.165 0.633 -1.164 -2.860 -0.098 -3.653
411.407 -2.159 0.622 -1.136 -2.858 -0.115 -3.636
411.641 -2.152 0.619 -1.119 -2.858 -0.125 -3.631
411.821 -2.146 0.608 -1.092 -2.852 -0.148 -3.615
412.017 -2.136 0.600 -1.060 -2.845 -0.164 -3.595
412.241 -2.126 0.590 -1.028 -2.837 -0.180 -3.574
412.425 -2.117 0.576 -0.997 -2.831 -0.200 -3.555
412.618 -2.108 0.563 -0.967 -2.825 -0.218 -3.535
412.842 -2.099 0.559 -0.945 -2.823 -0.226 -3.525
413.037 -2.095 0.548 -0.914 -2.820 -0.248 -3.505
413.261 -2.091 0.539 -0.883 -2.818 -0.262 -3.486
413.441 -2.084 0.535 -0.859 -2.816 -0.271 -3.472
413.638 -2.077 0.529 -0.834 -2.814 -0.285 -3.459
413.865 -2.070 0.524 -0.811 -2.811 -0.298 -3.447
414.041 -2.063 0.518 -0.787 -2.808 -0.311 -3.433
414.238 -2.057 0.513 -0.762 -2.805 -0.324 -3.418
414.461 -2.053 0.507 -0.736 -2.806 -0.336 -3.404
414.648 -2.048 0.501 -0.713 -2.805 -0.348 -3.392
414.881 -2.041 0.494 -0.690 -2.803 -0.363 -3.380
415.065 -2.033 0.491 -0.667 -2.799 -0.375 -3.368
415.258 -2.027 0.485 -0.644 -2.796 -0.388 -3.356
415.485 -2.021 0.477 -0.622 -2.795 -0.403 -3.344
415.665 -2.017 0.476 -0.601 -2.795 -0.410 -3.334
415.858 -2.014 0.476 -0.578 -2.796 -0.417 -3.320
416.085 -2.010 0.473 -0.557 -2.797 -0.425 -3.309
416.269 -2.002 0.466 -0.542 -2.796 -0.438 -3.305
416.470 -1.994 0.460 -0.530 -2.792 -0.455 -3.304
416.689 -1.988 0.461 -0.512 -2.790 -0.465 -3.296
416.878 -1.985 0.462 -0.494 -2.791 -0.471 -3.287
417.109 -1.982 0.461 -0.479 -2.793 -0.479 -3.281
417.289 -1.977 0.459 -0.466 -2.794 -0.488 -3.278
417.478 -1.971 0.459 -0.452 -2.793 -0.497 -3.275
417.713 -1.966 0.459 -0.439 -2.792 -0.506 -3.271
417.889 -1.963 0.455 -0.425 -2.794 -0.518 -3.267
418.077 -1.958 0.454 -0.410 -2.793 -0.528 -3.262
418.314 -1.952 0.454 -0.393 -2.791 -0.536 -3.255
418.489 -1.947 0.452 -0.379 -2.791 -0.544 -3.249
418.677 -1.943 0.450 -0.367 -2.793 -0.553 -3.247
418.909 -1.939 0.450 -0.355 -2.794 -0.562 -3.244
419.089 -1.936 0.452 -0.342 -2.796 -0.568 -3.240
419.278 -1.932 0.453 -0.330 -2.796 -0.575 -3.238
419.509 -1.926 0.450 -0.320 -2.795 -0.585 -3.238
419.693 -1.920 0.449 -0.309 -2.794 -0.595 -3.236
419.877 -1.917 0.453 -0.294 -2.794 -0.599 -3.230
420.113 -1.916 0.453 -0.281 -2.798 -0.604 -3.226
420.293 -1.911 0.452 -0.273 -2.800 -0.612 -3.226
420.477 -1.905 0.451 -0.264 -2.798 -0.622 -3.227
420.714 -1.901 0.452 -0.254 -2.798 -0.630 -3.226
420.889 -1.898 0.453 -0.245 -2.800 -0.636 -3.226
421.078 -1.893 0.453 -0.236 -2.800 -0.643 -3.226
421.313 -1.890 0.458 -0.231 -2.802 -0.646 -3.230
421.489 -1.889 0.460 -0.220 -2.803 -0.653 -3.227
421.678 -1.887 0.460 -0.207 -2.806 -0.660 -3.223
421.909 -1.883 0.460 -0.196 -2.808 -0.666 -3.221
422.093 -1.876 0.457 -0.187 -2.807 -0.676 -3.222
422.288 -1.869 0.456 -0.178 -2.803 -0.685 -3.222
422.509 -1.867 0.458 -0.165 -2.804 -0.691 -3.217
422.689 -1.866 0.459 -0.153 -2.807 -0.695 -3.214
422.888 -1.862 0.460 -0.143 -2.808 -0.700 -3.212
423.109 -1.857 0.458 -0.137 -2.809 -0.708 -3.215
423.293 -1.855 0.459 -0.130 -2.811 -0.715 -3.216
423.488 -1.851 0.461 -0.123 -2.812 -0.720 -3.218
423.709 -1.845 0.460 -0.118 -2.812 -0.728 -3.222
423.889 -1.842 0.462 -0.111 -2.812 -0.735 -3.223
424.087 -1.840 0.468 -0.099 -2.812 -0.736 -3.219
424.313 -1.839 0.470 -0.091 -2.814 -0.739 -3.218
424.498 -1.832 0.470 -0.089 -2.816 -0.743 -3.224
424.735 -1.831 0.468 -0.086 -2.818 -0.753 -3.230
424.913 -1.829 0.472 -0.081 -2.818 -0.757 -3.232
425.098 -1.828 0.477 -0.074 -2.820 -0.760 -3.233
425.329 -1.824 0.481 -0.069 -2.822 -0.763 -3.235
425.509 -1.822 0.483 -0.064 -2.824 -0.768 -3.239
425.708 -1.819 0.486 -0.059 -2.825 -0.772 -3.242
425.929 -1.815 0.487 -0.056 -2.825 -0.778 -3.246
426.109 -1.812 0.488 -0.052 -2.827 -0.784 -3.251
426.308 -1.813 0.493 -0.045 -2.829 -0.787 -3.251
426.533 -1.811 0.497 -0.038 -2.833 -0.790 -3.252
426.709 -1.808 0.500 -0.033 -2.834 -0.794 -3.254
426.949 -1.804 0.502 -0.026 -2.834 -0.799 -3.255
427.129 -1.802 0.503 -0.022 -2.837 -0.803 -3.259
427.318 -1.800 0.506 -0.018 -2.839 -0.807 -3.262
427.553 -1.795 0.507 -0.016 -2.839 -0.813 -3.268
427.729 -1.792 0.507 -0.014 -2.840 -0.819 -3.274
427.918 -1.791 0.511 -0.010 -2.841 -0.823 -3.277
428.149 -1.793 0.520 -0.001 -2.844 -0.823 -3.275
428.329 -1.791 0.525 0.007 -2.846 -0.821 -3.274
428.569 -1.786 0.522 0.007 -2.849 -0.829 -3.283
428.749 -1.782 0.524 0.008 -2.847 -0.834 -3.290
428.938 -1.783 0.529 0.014 -2.850 -0.836 -3.291
429.173 -1.781 0.532 0.018 -2.852 -0.839 -3.294
429.349 -1.778 0.533 0.019 -2.853 -0.843 -3.300
429.537 -1.777 0.537 0.022 -2.854 -0.847 -3.304
429.770 -1.777 0.543 0.029 -2.857 -0.849 -3.305
429.965 -1.775 0.545 0.032 -2.860 -0.852 -3.308
430.157 -1.771 0.546 0.033 -2.861 -0.856 -3.316
430.381 -1.770 0.549 0.036 -2.861 -0.860 -3.320
430.561 -1.769 0.554 0.043 -2.862 -0.862 -3.320
430.757 -1.767 0.557 0.048 -2.864 -0.864 -3.321
430.981 -1.762 0.557 0.048 -2.866 -0.869 -3.329
431.165 -1.762 0.561 0.052 -2.868 -0.872 -3.332
431.357 -1.761 0.566 0.055 -2.870 -0.874 -3.335
431.581 -1.760 0.569 0.057 -2.873 -0.876 -3.341
431.765 -1.758 0.571 0.057 -2.874 -0.880 -3.347
431.957 -1.757 0.575 0.060 -2.875 -0.882 -3.352
432.181 -1.757 0.580 0.065 -2.877 -0.884 -3.353
432.365 -1.755 0.584 0.068 -2.879 -0.886 -3.356
432.557 -1.752 0.585 0.070 -2.880 -0.890 -3.362
432.781 -1.751 0.588 0.072 -2.882 -0.894 -3.367
432.961 -1.752 0.595 0.076 -2.885 -0.894 -3.369
433.157 -1.750 0.598 0.079 -2.887 -0.896 -3.373
433.385 -1.747 0.598 0.079 -2.888 -0.900 -3.380
433.561 -1.745 0.601 0.081 -2.888 -0.903 -3.385
433.759 -1.745 0.607 0.087 -2.889 -0.904 -3.386
433.981 -1.744 0.610 0.091 -2.892 -0.906 -3.388
434.162 -1.741 0.611 0.091 -2.895 -0.910 -3.395
434.358 -1.740 0.611 0.092 -2.895 -0.914 -3.401
434.581 -1.741 0.619 0.097 -2.897 -0.915 -3.403
434.765 -1.739 0.623 0.100 -2.899 -0.916 -3.406
435.005 -1.736 0.623 0.101 -2.901 -0.920 -3.412
435.187 -1.732 0.625 0.103 -2.900 -0.924 -3.417
435.367 -1.733 0.629 0.107 -2.903 -0.926 -3.420
435.601 -1.733 0.635 0.111 -2.906 -0.927 -3.422
435.781 -1.734 0.639 0.115 -2.910 -0.928 -3.425
435.968 -1.731 0.644 0.117 -2.912 -0.929 -3.429
436.205 -1.727 0.644 0.118 -2.911 -0.934 -3.436
436.385 -1.727 0.645 0.116 -2.914 -0.936 -3.445
436.578 -1.729 0.651 0.119 -2.915 -0.934 -3.449
436.801 -1.731 0.660 0.124 -2.918 -0.933 -3.449
436.981 -1.731 0.667 0.127 -2.921 -0.931 -3.451
437.178 -1.728 0.667 0.126 -2.923 -0.934 -3.459
437.405 -1.727 0.668 0.125 -2.922 -0.936 -3.467
437.581 -1.729 0.673 0.127 -2.924 -0.936 -3.472
437.777 -1.729 0.679 0.130 -2.928 -0.937 -3.475
438.001 -1.728 0.682 0.131 -2.930 -0.938 -3.481
438.183 -1.728 0.687 0.133 -2.932 -0.939 -3.485
438.377 -1.729 0.695 0.138 -2.934 -0.938 -3.486
438.601 -1.728 0.698 0.141 -2.937 -0.940 -3.489
438.781 -1.724 0.697 0.139 -2.938 -0.944 -3.497
438.977 -1.723 0.696 0.138 -2.937 -0.946 -3.506
439.205 -1.724 0.701 0.140 -2.938 -0.948 -3.510
439.381 -1.726 0.708 0.145 -2.941 -0.947 -3.511
439.578 -1.728 0.716 0.151 -2.945 -0.944 -3.511
439.805 -1.727 0.720 0.154 -2.948 -0.944 -3.514
439.997 -1.723 0.720 0.153 -2.950 -0.948 -3.522
440.221 -1.721 0.720 0.153 -2.948 -0.952 -3.529
440.405 -1.721 0.723 0.156 -2.949 -0.954 -3.533
440.641 -1.721 0.728 0.159 -2.952 -0.956 -3.536
440.848 -1.720 0.732 0.161 -2.955 -0.957 -3.541
441.074 -1.720 0.737 0.165 -2.957 -0.958 -3.544
441.253 -1.720 0.742 0.169 -2.960 -0.959 -3.546
441.448 -1.719 0.746 0.172 -2.962 -0.960 -3.550
441.669 -1.714 0.745 0.171 -2.963 -0.964 -3.558
441.849 -1.712 0.745 0.170 -2.961 -0.967 -3.565
442.047 -2.221 1.469 1.979 -2.344 1.346 1.855
442.269 -2.204 1.461 1.969 -2.276 1.389 1.887
442.449 -2.173 1.501 2.015 -2.263 1.411 1.911
442.660 -2.220 1.530 1.988 -2.380 1.373 1.775
442.881 -2.338 1.564 1.952 -2.454 1.454 1.807
443.068 -2.410 1.579 1.891 -2.543 1.453 1.732
443.305 -2.582 1.548 1.713 -2.682 1.450 1.596
443.481 -2.579 1.551 1.730 -2.731 1.405 1.533
443.668 -2.649 1.532 1.619 -2.807 1.377 1.416
443.901 -2.614 1.568 1.666 -2.844 1.349 1.366
444.082 -2.591 1.598 1.697 -2.881 1.330 1.324
444.268 -2.590 1.618 1.707 -2.930 1.308 1.267
444.501 -2.595 1.630 1.711 -2.988 1.284 1.198
444.681 -2.589 1.640 1.722 -3.042 1.262 1.137
444.867 -2.570 1.653 1.742 -3.089 1.245 1.091
445.101 -2.550 1.665 1.762 -3.126 1.229 1.057
445.285 -2.544 1.672 1.774 -3.177 1.210 1.004
445.480 -2.518 1.679 1.800 -3.239 1.193 0.942
445.701 -2.505 1.690 1.815 -3.265 1.181 0.917
445.881 -2.490 1.700 1.831 -3.332 1.171 0.855
446.077 -2.476 1.707 1.847 -3.417 1.160 0.773
446.301 -2.471 1.713 1.855 -3.484 1.149 0.702
446.481 -2.458 1.720 1.869 -3.557 1.140 0.626
446.677 -2.420 1.733 1.909 -3.586 1.136 0.602
446.905 -2.384 1.748 1.938 -3.671 1.136 0.523
447.085 -2.360 1.758 1.961 -3.765 1.133 0.431
447.278 -2.343 1.768 1.980 -3.849 1.130 0.344
447.502 -2.312 1.778 2.009 -3.947 1.129 0.248
447.681 4.014 1.790 2.049 2.228 1.131 0.144
447.878 3.996 1.800 2.036 2.192 1.128 0.106
448.101 3.998 1.807 2.043 2.116 1.127 0.023
448.281 4.048 1.819 2.089 1.984 1.132 -0.108
448.477 4.187 1.831 2.215 1.741 1.140 -0.339
448.701 4.330 1.840 2.353 1.489 1.146 -0.582
448.883 4.322 1.844 2.353 1.421 1.144 -0.655
449.078 4.269 1.847 2.311 1.421 1.140 -0.666
449.301 4.345 1.856 2.386 1.198 1.147 -0.887
449.485 4.594 1.862 2.626 0.826 1.153 -1.251
449.677 4.722 1.866 2.753 0.605 1.154 -1.472
449.901 2.418 1.336 0.044 2.313 1.231 -0.087
450.081 2.448 1.324 0.096 2.262 1.138 -0.158
450.277 2.463 1.321 0.124 2.220 1.081 -0.212
450.501 2.482 1.350 0.153 2.196 1.071 -0.248
450.681 2.503 1.387 0.182 2.181 1.077 -0.275
450.878 2.513 1.426 0.199 2.159 1.090 -0.309
451.109 2.518 1.464 0.207 2.126 1.105 -0.350
451.293 2.540 1.489 0.239 2.122 1.114 -0.360
451.488 2.555 1.510 0.261 2.116 1.120 -0.377
451.709 2.572 1.522 0.286 2.118 1.120 -0.389
451.897 2.570 1.537 0.288 2.093 1.124 -0.422
452.088 2.565 1.551 0.285 2.060 1.129 -0.460
452.313 2.564 1.560 0.291 2.039 1.129 -0.487
452.502 2.562 1.565 0.298 2.018 1.126 -0.513
452.698 2.556 1.572 0.297 1.989 1.125 -0.546
452.921 2.555 1.577 0.300 1.966 1.122 -0.575
453.103 2.562 1.577 0.313 1.962 1.115 -0.589
453.299 2.567 1.580 0.325 1.958 1.110 -0.603
453.521 2.569 1.585 0.330 1.939 1.107 -0.625
453.705 2.562 1.592 0.325 1.907 1.107 -0.660
453.898 2.564 1.594 0.335 1.891 1.102 -0.678
454.121 2.562 1.594 0.342 1.878 1.095 -0.697
454.308 2.562 1.597 0.348 1.865 1.090 -0.715
454.541 2.565 1.600 0.355 1.851 1.086 -0.733
454.725 2.566 1.602 0.359 1.838 1.081 -0.754
454.907 2.562 1.605 0.360 1.821 1.077 -0.779
455.145 2.565 1.608 0.366 1.807 1.073 -0.796
455.325 2.563 1.609 0.372 1.796 1.068 -0.814
455.508 2.557 1.609 0.374 1.779 1.061 -0.835
455.741 2.553 1.614 0.375 1.757 1.059 -0.860
455.922 2.552 1.618 0.377 1.742 1.057 -0.882
456.108 2.552 1.618 0.381 1.731 1.050 -0.901
456.341 2.552 1.621 0.386 1.721 1.047 -0.917
456.521 2.550 1.623 0.389 1.707 1.042 -0.937
456.707 2.546 1.625 0.390 1.687 1.038 -0.960
456.941 2.546 1.629 0.397 1.678 1.034 -0.972
457.127 2.546 1.629 0.405 1.675 1.028 -0.983
457.366 2.546 1.631 0.410 1.668 1.023 -0.998
457.541 2.543 1.634 0.409 1.648 1.021 -1.022
457.728 2.543 1.636 0.412 1.634 1.017 -1.041
457.961 2.540 1.637 0.415 1.622 1.012 -1.059
458.141 2.537 1.638 0.418 1.610 1.006 -1.076
458.328 2.535 1.641 0.423 1.601 1.003 -1.089
458.561 2.533 1.642 0.426 1.589 0.999 -1.106
458.742 2.532 1.645 0.428 1.576 0.996 -1.126
458.927 2.534 1.646 0.434 1.571 0.991 -1.138
459.165 2.531 1.648 0.437 1.561 0.987 -1.153
459.345 2.529 1.650 0.439 1.545 0.983 -1.172
459.527 2.528 1.651 0.443 1.533 0.979 -1.186
459.761 2.529 1.653 0.454 1.545 0.974 -1.185
459.941 2.527 1.655 0.457 1.540 0.970 -1.199
460.127 2.527 1.657 0.457 1.516 0.966 -1.223
460.361 2.525 1.659 0.460 1.506 0.963 -1.237
460.541 2.524 1.662 0.465 1.499 0.960 -1.247
460.727 2.521 1.663 0.466 1.484 0.956 -1.265
460.969 2.522 1.665 0.470 1.469 0.952 -1.283
461.153 2.526 1.667 0.479 1.475 0.948 -1.284
461.368 2.529 1.669 0.488 1.476 0.942 -1.289
461.589 2.528 1.671 0.489 1.458 0.940 -1.309
461.788 2.526 1.674 0.495 1.456 0.936 -1.316
462.025 2.524 1.674 0.498 1.444 0.931 -1.331
462.205 2.525 1.677 0.508 1.452 0.927 -1.331
462.387 2.526 1.678 0.515 1.452 0.922 -1.334
462.625 2.525 1.681 0.514 1.435 0.920 -1.354
462.801 2.531 1.684 0.521 1.428 0.918 -1.363
462.989 2.532 1.685 0.527 1.430 0.913 -1.368
463.221 2.535 1.687 0.533 1.422 0.910 -1.376
463.405 2.536 1.689 0.537 1.412 0.907 -1.388
463.587 2.533 1.691 0.541 1.408 0.903 -1.396
463.821 2.535 1.692 0.551 1.412 0.897 -1.398
464.005 2.538 1.693 0.563 1.428 0.892 -1.391
464.187 2.535 1.696 0.561 1.413 0.890 -1.410
464.421 2.531 1.699 0.555 1.381 0.889 -1.441
464.601 2.533 1.698 0.563 1.384 0.883 -1.445
464.787 2.535 1.699 0.576 1.402 0.878 -1.438
465.025 2.534 1.703 0.580 1.397 0.875 -1.447
465.201 2.530 1.705 0.575 1.371 0.873 -1.474
465.387 2.529 1.705 0.578 1.357 0.869 -1.489
465.621 2.530 1.706 0.586 1.361 0.864 -1.491
465.801 2.529 1.707 0.594 1.368 0.860 -1.493
465.987 2.527 1.709 0.597 1.364 0.857 -1.503
466.229 2.525 1.711 0.596 1.353 0.853 -1.521
466.416 2.526 1.712 0.601 1.352 0.850 -1.529
466.598 2.526 1.715 0.607 1.346 0.847 -1.536
466.829 2.520 1.716 0.604 1.327 0.845 -1.555
467.013 2.520 1.716 0.611 1.325 0.838 -1.561
467.197 2.522 1.718 0.621 1.335 0.835 -1.558
467.433 3.166 -0.307 0.577 3.111 -0.362 0.514
467.613 -3.072 -0.312 0.680 -3.198 -0.438 0.507
467.853 3.240 -0.237 0.735 3.035 -0.430 0.448
468.035 3.195 0.019 0.769 2.941 -0.199 0.408
468.219 3.172 0.172 0.797 2.877 -0.053 0.375
468.453 3.176 0.221 0.821 2.845 -0.009 0.345
468.633 3.189 0.237 0.845 2.826 0.001 0.321
468.820 3.202 0.246 0.863 2.809 0.003 0.295
469.049 3.218 0.251 0.880 2.797 0.001 0.271
469.233 3.231 0.259 0.896 2.785 0.001 0.249
469.418 3.241 0.266 0.911 2.770 0.001 0.228
469.653 3.250 0.270 0.925 2.755 -0.003 0.208
469.829 3.259 0.274 0.939 2.742 -0.007 0.189
470.028 3.271 0.281 0.954 2.731 -0.008 0.171
470.261 3.283 0.286 0.967 2.722 -0.011 0.153
470.445 3.294 0.293 0.978 2.713 -0.012 0.136
470.628 3.302 0.302 0.989 2.702 -0.011 0.119
470.861 3.310 0.307 0.999 2.690 -0.014 0.102
471.041 3.316 0.310 1.009 2.679 -0.019 0.086
471.228 3.323 0.315 1.019 2.668 -0.022 0.070
471.465 3.330 0.322 1.028 2.658 -0.023 0.054
471.641 3.340 0.328 1.037 2.650 -0.026 0.038
471.828 3.349 0.332 1.046 2.643 -0.030 0.024
472.061 3.356 0.339 1.054 2.635 -0.030 0.008
472.241 3.363 0.346 1.062 2.625 -0.031 -0.006
472.428 3.369 0.352 1.070 2.615 -0.034 -0.021
472.661 3.374 0.356 1.078 2.605 -0.038 -0.036
472.858 3.382 0.360 1.086 2.597 -0.043 -0.051
473.093 3.389 0.367 1.093 2.589 -0.044 -0.065
473.269 3.396 0.373 1.099 2.582 -0.046 -0.079
473.459 3.403 0.380 1.106 2.574 -0.047 -0.093
473.689 3.408 0.381 1.113 2.565 -0.055 -0.107
473.877 3.413 0.387 1.120 2.557 -0.057 -0.120
474.109 3.420 0.392 1.126 2.550 -0.059 -0.133
474.289 3.426 0.397 1.133 2.543 -0.063 -0.145
474.477 3.431 0.402 1.139 2.536 -0.066 -0.158
474.709 3.437 0.409 1.144 2.529 -0.067 -0.171
474.889 3.442 0.417 1.149 2.521 -0.067 -0.184
475.077 3.446 0.419 1.154 2.512 -0.072 -0.197
475.313 3.449 0.422 1.159 2.504 -0.077 -0.210
475.493 3.454 0.426 1.164 2.497 -0.081 -0.222
475.677 3.459 0.430 1.170 2.490 -0.084 -0.234
475.913 3.468 0.436 1.175 2.487 -0.086 -0.245
476.089 3.474 0.441 1.180 2.481 -0.089 -0.258
476.287 3.477 0.448 1.185 2.473 -0.089 -0.270
476.521 3.481 0.451 1.189 2.465 -0.094 -0.282
476.713 3.484 0.454 1.195 2.456 -0.099 -0.294
476.907 3.489 0.459 1.200 2.450 -0.102 -0.305
477.134 3.496 0.464 1.204 2.445 -0.104 -0.316
477.309 3.504 0.468 1.209 2.443 -0.108 -0.327
477.520 3.508 0.473 1.214 2.437 -0.110 -0.339
477.741 3.513 0.478 1.218 2.430 -0.113 -0.350
477.921 3.516 0.483 1.223 2.423 -0.115 -0.361
478.118 3.519 0.486 1.226 2.416 -0.120 -0.372
478.349 3.523 0.489 1.230 2.409 -0.124 -0.385
478.537 3.529 0.494 1.234 2.405 -0.126 -0.396
478.769 3.535 0.501 1.237 2.401 -0.127 -0.407
478.949 3.541 0.505 1.241 2.397 -0.129 -0.418
479.138 3.546 0.507 1.244 2.393 -0.135 -0.429
479.373 3.549 0.511 1.247 2.387 -0.138 -0.440
479.549 3.553 0.515 1.250 2.382 -0.141 -0.452
479.738 3.559 0.521 1.253 2.378 -0.142 -0.463
479.974 3.560 0.525 1.256 2.370 -0.145 -0.474
480.149 3.564 0.526 1.259 2.365 -0.151 -0.485
480.348 3.569 0.532 1.262 2.360 -0.152 -0.496
480.574 3.573 0.536 1.264 2.356 -0.155 -0.507
480.749 3.578 0.540 1.267 2.351 -0.158 -0.518
480.957 3.580 0.543 1.270 2.345 -0.162 -0.529
481.181 3.586 0.546 1.274 2.342 -0.165 -0.539
481.362 3.588 0.551 1.276 2.336 -0.168 -0.550
481.601 3.593 0.555 1.278 2.332 -0.171 -0.562
481.781 3.597 0.558 1.281 2.327 -0.174 -0.572
481.968 3.602 0.561 1.284 2.324 -0.177 -0.582
482.201 3.606 0.565 1.286 2.319 -0.180 -0.593
482.381 3.609 0.570 1.289 2.314 -0.182 -0.603
482.577 3.612 0.572 1.292 2.309 -0.186 -0.613
482.801 3.615 0.577 1.294 2.303 -0.188 -0.623
482.981 3.618 0.581 1.297 2.298 -0.190 -0.633
483.177 3.622 0.582 1.299 2.295 -0.195 -0.643
483.405 3.627 0.585 1.303 2.291 -0.199 -0.652
483.581 3.631 0.590 1.305 2.287 -0.201 -0.661
483.779 3.635 0.594 1.308 2.283 -0.203 -0.671
484.001 3.638 0.597 1.311 2.278 -0.206 -0.680
484.182 3.640 0.600 1.313 2.273 -0.209 -0.690
484.378 3.643 0.603 1.316 2.267 -0.212 -0.699
484.605 3.646 0.607 1.320 2.262 -0.214 -0.707
484.785 3.651 0.611 1.322 2.259 -0.218 -0.717
484.987 3.657 0.613 1.326 2.257 -0.222 -0.725
485.213 3.661 0.617 1.329 2.254 -0.224 -0.734
485.389 3.664 0.621 1.332 2.248 -0.226 -0.743
485.587 3.666 0.624 1.335 2.243 -0.229 -0.751
485.809 3.669 0.628 1.338 2.238 -0.232 -0.760
485.989 3.674 0.630 1.341 2.235 -0.235 -0.768
486.187 3.679 0.634 1.345 2.232 -0.237 -0.775
486.419 3.681 0.637 1.348 2.227 -0.241 -0.784
486.607 3.684 0.642 1.352 2.221 -0.242 -0.792
486.841 3.687 0.645 1.355 2.217 -0.245 -0.800
487.025 3.691 0.647 1.358 2.213 -0.249 -0.808
487.207 3.696 0.650 1.362 2.211 -0.252 -0.815
487.445 3.699 0.652 1.366 2.207 -0.256 -0.822
487.625 3.705 0.658 1.369 2.204 -0.256 -0.830
487.808 3.708 0.660 1.373 2.200 -0.260 -0.838
488.041 3.710 0.662 1.377 2.195 -0.263 -0.844
488.221 3.716 0.665 1.381 2.193 -0.266 -0.850
488.408 3.720 0.670 1.385 2.190 -0.267 -0.858
488.645 2.548 1.362 2.718 2.427 1.242 2.559
488.825 0.358 0.684 1.065 0.304 0.630 1.003
489.018 0.344 0.661 1.099 0.239 0.557 0.958
489.241 0.424 0.666 1.160 0.239 0.480 0.900
489.425 0.441 0.703 1.202 0.202 0.463 0.862
489.628 0.427 0.765 1.239 0.144 0.482 0.832
489.849 0.414 0.816 1.269 0.097 0.501 0.807
490.036 0.412 0.853 1.296 0.065 0.511 0.784
490.269 0.421 0.878 1.322 0.043 0.514 0.763
490.459 0.433 0.892 1.345 0.029 0.509 0.744
490.638 0.448 0.898 1.366 0.018 0.498 0.727
490.870 0.464 0.895 1.386 0.009 0.482 0.711
491.049 0.481 0.887 1.406 0.003 0.461 0.695
491.237 0.498 0.880 1.424 -0.004 0.443 0.681
491.470 0.515 0.872 1.443 -0.010 0.426 0.667
491.654 0.531 0.858 1.461 -0.017 0.403 0.654
491.847 0.544 0.848 1.477 -0.026 0.385 0.641
492.069 0.554 0.839 1.493 -0.036 0.368 0.628
492.253 0.566 0.830 1.509 -0.044 0.352 0.617
492.447 0.578 0.822 1.524 -0.051 0.337 0.606
492.669 0.591 0.814 1.541 -0.058 0.322 0.597
492.854 0.601 0.806 1.555 -0.066 0.308 0.586
493.048 0.608 0.799 1.569 -0.076 0.295 0.575
493.274 0.617 0.793 1.584 -0.084 0.282 0.566
493.449 0.627 0.792 1.599 -0.092 0.275 0.558
493.648 0.637 0.786 1.613 -0.099 0.263 0.549
493.873 0.646 0.779 1.626 -0.105 0.250 0.540
494.053 0.053 0.122 -2.938 -0.020 0.049 -3.027
494.248 0.034 0.077 -2.961 -0.020 0.023 -3.022
494.469 0.057 0.105 -2.897 -0.079 -0.031 -3.083
494.658 0.059 0.130 -2.841 -0.148 -0.079 -3.133
494.893 0.081 0.155 -2.802 -0.174 -0.105 -3.167
495.069 0.113 0.183 -2.769 -0.178 -0.119 -3.194
495.258 -3.104 -0.054 0.188 -3.151 -0.101 0.135
495.489 -3.082 -0.051 0.231 -3.179 -0.147 0.103
495.669 -1.966 -0.069 -0.506 -2.131 -0.234 -0.730
495.858 -1.921 -0.027 -0.464 -2.144 -0.252 -0.778
496.089 -1.857 0.026 -0.432 -2.121 -0.245 -0.815
496.278 -1.788 0.082 -0.400 -2.085 -0.228 -0.846
496.505 -1.739 0.122 -0.376 -2.060 -0.219 -0.873
496.686 -1.705 0.153 -0.356 -2.045 -0.216 -0.900
496.878 -1.686 0.176 -0.336 -2.043 -0.218 -0.921
497.105 -1.677 0.194 -0.313 -2.049 -0.224 -0.938
497.288 -1.674 0.209 -0.293 -2.060 -0.233 -0.957
497.521 -1.672 0.220 -0.278 -2.072 -0.243 -0.977
497.705 -1.672 0.228 -0.262 -2.085 -0.255 -0.995
497.887 -1.674 0.238 -0.246 -2.098 -0.265 -1.011
498.121 -1.672 0.248 -0.231 -2.108 -0.274 -1.028
498.301 -1.673 0.256 -0.218 -2.121 -0.284 -1.044
498.488 -1.676 0.265 -0.204 -2.135 -0.293 -1.058
498.725 -1.680 0.275 -0.189 -2.149 -0.301 -1.071
498.902 -1.685 0.285 -0.179 -2.165 -0.309 -1.089
499.098 -1.688 0.290 -0.167 -2.178 -0.320 -1.103
499.321 -2.977 0.449 0.344 -3.147 0.279 0.124
499.509 -2.964 0.498 0.389 -3.192 0.271 0.074
499.741 -2.927 0.504 0.417 -3.195 0.238 0.033
499.937 -2.891 0.502 0.443 -3.192 0.202 -0.007
500.161 -2.871 0.502 0.462 -3.195 0.179 -0.038
500.345 -2.859 0.505 0.478 -3.203 0.163 -0.068
500.538 -2.854 0.514 0.493 -3.216 0.153 -0.096
500.761 -2.852 0.530 0.506 -3.231 0.152 -0.122
500.941 -2.846 0.539 0.518 -3.242 0.146 -0.147
501.137 -2.840 0.549 0.530 -3.253 0.141 -0.171
501.361 -2.833 0.560 0.547 -3.262 0.138 -0.187
501.541 2.027 1.326 -1.018 1.942 1.241 -1.121
501.738 1.939 1.369 -1.069 1.873 1.303 -1.145
501.966 1.899 1.377 -1.080 1.827 1.304 -1.168
502.141 1.901 1.377 -1.063 1.824 1.300 -1.149
502.338 1.819 1.374 -1.141 1.755 1.309 -1.214
502.561 1.698 1.374 -1.233 1.624 1.300 -1.318
502.741 1.760 1.366 -1.153 1.693 1.298 -1.232
502.938 1.939 1.361 -0.974 1.861 1.283 -1.068
503.161 2.125 1.344 -0.769 2.046 1.265 -0.866
503.357 2.314 1.317 -0.583 2.249 1.252 -0.656
503.581 2.314 1.333 -0.558 2.250 1.268 -0.633
503.761 2.179 1.387 -0.641 2.096 1.304 -0.745
503.958 1.810 1.438 -0.938 1.732 1.361 -1.033
504.183 1.071 1.421 -1.594 0.992 1.342 -1.690
504.361 0.694 1.343 -1.902 0.576 1.225 -2.048
504.558 0.512 1.362 -1.946 0.406 1.258 -2.071
504.781 0.359 1.337 -1.989 0.254 1.233 -2.127
504.965 0.422 1.378 -1.901 0.235 1.191 -2.159
505.173 0.476 1.405 -1.831 0.232 1.162 -2.172
505.393 0.520 1.421 -1.779 0.228 1.131 -2.188
505.569 0.556 1.425 -1.739 0.225 1.097 -2.205
505.813 0.605 1.418 -1.690 0.238 1.054 -2.210
505.989 0.650 1.404 -1.647 0.247 1.011 -2.215
506.188 0.683 1.380 -1.613 0.250 0.961 -2.226
506.413 0.707 1.353 -1.586 0.250 0.911 -2.239
506.589 0.732 1.327 -1.559 0.250 0.867 -2.249
506.788 0.760 1.305 -1.530 0.252 0.830 -2.256
507.009 0.785 1.287 -1.504 0.254 0.800 -2.263
507.189 -0.025 0.050 -2.822 -0.084 -0.010 -2.889
507.388 -0.020 0.046 -2.855 -0.082 -0.016 -2.926
507.613 -0.032 0.069 -2.889 -0.095 0.006 -2.961
507.789 -0.056 0.099 -2.924 -0.116 0.038 -2.992
507.987 -0.015 0.137 -2.845 -0.174 -0.022 -3.064
508.209 -0.090 0.171 -2.967 -0.178 0.083 -3.078
508.393 -0.089 0.198 -2.970 -0.208 0.079 -3.123
508.588 -0.107 0.209 -3.005 -0.217 0.099 -3.149
508.813 -0.119 0.186 -3.054 -0.194 0.110 -3.146
508.993 -0.114 0.172 -3.070 -0.183 0.103 -3.151
509.187 -0.106 0.158 -3.076 -0.173 0.091 -3.155
509.414 -0.099 0.146 -3.084 -0.166 0.080 -3.163
509.594 -0.083 0.151 -3.075 -0.174 0.060 -3.190
509.788 -0.091 0.134 3.178 -0.157 0.068 3.099
510.009 -0.093 0.130 3.164 -0.154 0.070 3.096
510.189 -0.090 0.136 3.172 -0.164 0.062 3.080
510.388 -0.103 0.129 3.160 -0.162 0.070 3.094
510.609 -0.101 0.139 3.170 -0.175 0.065 3.079
510.791 -0.108 0.144 3.168 -0.180 0.072 3.079
510.987 -0.119 0.140 3.158 -0.178 0.082 3.092
511.217 -0.120 0.150 3.160 -0.184 0.085 3.086
511.405 -0.123 0.151 3.150 -0.182 0.092 3.083
511.608 -0.119 0.156 3.145 -0.182 0.093 3.072
511.829 -0.115 0.158 3.133 -0.177 0.096 3.060
512.009 -0.108 0.157 3.125 -0.170 0.095 3.053
512.208 -0.100 0.155 3.120 -0.163 0.092 3.047
512.429 -0.094 0.156 3.118 -0.157 0.094 3.044
512.609 -0.090 0.154 3.118 -0.150 0.093 3.050
512.808 -0.089 0.155 3.123 -0.149 0.094 3.052
513.029 -0.089 0.158 3.129 -0.152 0.095 3.055
513.209 -0.092 0.160 3.133 -0.155 0.097 3.060
513.449 -0.090 0.165 3.148 -0.162 0.093 3.060
513.629 -0.096 0.165 3.153 -0.166 0.095 3.068
513.832 -0.103 0.162 3.157 -0.166 0.099 3.083
514.061 -0.097 0.173 3.179 -0.178 0.092 3.076
514.245 -0.099 0.170 3.188 -0.177 0.091 3.090
514.437 -0.106 0.158 -3.097 -0.168 0.096 -3.168
514.661 -0.101 0.163 -3.081 -0.171 0.094 -3.163
514.842 -0.096 0.167 -3.066 -0.171 0.092 -3.158
515.037 -0.080 0.177 -3.035 -0.180 0.077 -3.166
515.265 -0.095 0.157 -3.052 -0.158 0.094 -3.123
515.444 -0.091 0.153 -3.039 -0.154 0.090 -3.110
515.696 -0.084 0.167 -3.018 -0.162 0.089 -3.115
515.869 -0.081 0.162 -3.006 -0.160 0.083 -3.105
516.068 -0.081 0.162 -3.005 -0.162 0.081 -3.105
516.293 -0.085 0.150 -3.019 -0.156 0.079 -3.097
516.477 -0.090 0.143 -3.023 -0.153 0.081 -3.095
516.713 -0.090 0.143 -3.021 -0.155 0.078 -3.093
516.894 -0.093 0.142 -3.019 -0.155 0.081 -3.088
517.078 -0.085 0.150 -2.998 -0.163 0.071 -3.095
517.310 -0.087 0.155 -2.996 -0.164 0.078 -3.090
517.489 -0.097 0.154 -3.004 -0.161 0.089 -3.077
517.689 -0.092 0.167 -2.987 -0.173 0.086 -3.087
517.925 -0.086 0.176 -2.969 -0.184 0.078 -3.093
518.101 -0.105 0.161 -2.988 -0.171 0.095 -3.062
518.288 -0.101 0.162 -2.974 -0.174 0.090 -3.060
518.521 -0.100 0.154 -2.965 -0.169 0.085 -3.048
518.701 -0.101 0.143 -2.961 -0.162 0.083 -3.030
518.898 -0.098 0.141 -2.952 -0.160 0.079 -3.022
519.125 -0.096 0.136 -2.942 -0.156 0.076 -3.010
519.301 -0.087 0.140 -2.923 -0.160 0.068 -3.012
519.498 -0.087 0.141 -2.915 -0.159 0.069 -3.004
519.721 -0.088 0.146 -2.912 -0.160 0.073 -3.000
519.903 -0.091 0.151 -2.905 -0.163 0.079 -2.993
520.098 -0.095 0.155 -2.899 -0.165 0.084 -2.986
520.321 -0.097 0.159 -2.894 -0.168 0.089 -2.980
520.501 -0.103 0.163 -2.890 -0.169 0.097 -2.972
520.698 -0.103 0.165 -2.880 -0.171 0.097 -2.964
520.922 -0.103 0.170 -2.875 -0.172 0.101 -2.961
521.102 -0.103 0.166 -2.869 -0.170 0.099 -2.951
521.298 -0.102 0.171 -2.865 -0.173 0.101 -2.951
521.521 -0.068 0.200 -2.807 -0.204 0.064 -2.989
521.705 -0.074 0.195 -2.806 -0.199 0.070 -2.976
521.898 -0.035 0.230 -2.748 -0.234 0.031 -3.026
522.122 -0.008 0.255 -2.706 -0.260 0.002 -3.059
522.305 0.013 0.277 -2.671 -0.283 -0.019 -3.086
522.497 0.032 0.298 -2.640 -0.302 -0.036 -3.110
522.721 0.050 0.318 -2.612 -0.319 -0.050 -3.131
522.902 0.065 0.335 -2.587 -0.335 -0.065 -3.150
523.141 0.081 0.350 -2.561 -0.349 -0.080 -3.167
523.321 0.095 0.363 -2.538 -0.362 -0.094 -3.183
523.507 -0.098 0.160 -2.765 -0.175 0.083 -2.857
523.741 -0.091 0.170 -2.747 -0.182 0.078 -2.863
523.921 -0.105 0.157 -2.764 -0.169 0.094 -2.836
524.110 -0.105 0.156 -2.759 -0.169 0.092 -2.832
524.345 -0.101 0.158 -2.746 -0.174 0.085 -2.832
524.522 -0.106 0.152 -2.748 -0.169 0.089 -2.819
524.708 -0.107 0.150 -2.742 -0.169 0.088 -2.812
524.941 -0.107 0.151 -2.732 -0.171 0.087 -2.806
525.122 -0.102 0.155 -2.716 -0.177 0.081 -2.801
525.308 -0.107 0.148 -2.711 -0.172 0.083 -2.786
525.541 -0.107 0.148 -2.700 -0.172 0.082 -2.775
525.722 -0.102 0.150 -2.683 -0.176 0.076 -2.773
525.908 -0.102 0.152 -2.673 -0.176 0.078 -2.763
526.141 -0.102 0.154 -2.667 -0.175 0.082 -2.753
526.321 -0.092 0.163 -2.646 -0.182 0.074 -2.760
526.507 -0.091 0.168 -2.639 -0.183 0.076 -2.757
526.741 -0.105 0.153 -2.656 -0.171 0.087 -2.732
526.921 -0.106 0.155 -2.657 -0.173 0.088 -2.732
527.108 -0.106 0.161 -2.654 -0.177 0.089 -2.739
527.341 -0.105 0.156 -2.652 -0.176 0.085 -2.736
527.521 -0.109 0.154 -2.658 -0.174 0.089 -2.732
527.708 -0.107 0.155 -2.657 -0.175 0.087 -2.735
527.941 -0.108 0.154 -2.661 -0.172 0.089 -2.734
528.125 -0.098 0.161 -2.649 -0.181 0.079 -2.748
528.308 -0.092 0.165 -2.634 -0.187 0.070 -2.758
528.541 -0.101 0.152 -2.647 -0.176 0.076 -2.740
528.722 -0.101 0.150 -2.644 -0.176 0.075 -2.736
528.965 -0.100 0.149 -2.642 -0.174 0.075 -2.731
529.141 -0.088 0.161 -2.619 -0.186 0.063 -2.746
529.328 -0.092 0.159 -2.618 -0.183 0.069 -2.734
529.561 -0.088 0.164 -2.609 -0.184 0.068 -2.734
529.741 -0.087 0.168 -2.605 -0.185 0.070 -2.725
529.928 -0.086 0.164 -2.601 -0.180 0.070 -2.716
530.161 -0.087 0.161 -2.603 -0.175 0.073 -2.709
530.341 -0.094 0.148 -2.611 -0.166 0.076 -2.691
530.528 -0.094 0.149 -2.606 -0.171 0.072 -2.696
530.765 -0.099 0.143 -2.613 -0.170 0.072 -2.693
530.941 -0.106 0.145 -2.621 -0.172 0.079 -2.693
531.128 -0.107 0.147 -2.619 -0.176 0.078 -2.694
531.365 -0.089 0.170 -2.581 -0.199 0.061 -2.729
531.545 -0.111 0.156 -2.613 -0.182 0.086 -2.699
531.728 -0.110 0.158 -2.613 -0.179 0.089 -2.695
531.965 -0.111 0.162 -2.615 -0.178 0.095 -2.693
532.145 -0.110 0.172 -2.614 -0.180 0.102 -2.699
532.389 -0.098 0.174 -2.600 -0.181 0.091 -2.703
532.573 -0.102 0.170 -2.607 -0.175 0.097 -2.698
532.758 -0.100 0.169 -2.608 -0.173 0.096 -2.697
532.989 -0.098 0.159 -2.604 -0.168 0.089 -2.688
533.175 -0.085 0.155 -2.584 -0.171 0.070 -2.691
533.358 -0.045 0.187 -2.523 -0.206 0.026 -2.743
533.589 -0.093 0.124 -2.588 -0.158 0.060 -2.664
533.787 -0.059 0.152 -2.533 -0.189 0.022 -2.709
534.009 -0.022 0.187 -2.478 -0.224 -0.015 -2.759
534.193 0.002 0.215 -2.438 -0.252 -0.040 -2.794
534.388 0.020 0.241 -2.405 -0.278 -0.057 -2.823
534.615 0.035 0.264 -2.375 -0.301 -0.072 -2.847
534.803 0.052 0.282 -2.347 -0.320 -0.090 -2.870
534.998 0.069 0.295 -2.322 -0.334 -0.108 -2.889
535.221 0.086 0.308 -2.299 -0.345 -0.124 -2.907
535.402 0.105 0.321 -2.278 -0.353 -0.137 -2.925
535.599 0.135 0.337 -2.263 -0.348 -0.147 -2.945
535.821 0.172 0.354 -2.251 -0.338 -0.156 -2.971
536.017 0.181 0.365 -2.244 -0.353 -0.169 -2.997
536.241 0.195 0.371 -2.238 -0.360 -0.185 -3.022
536.421 0.219 0.370 -2.231 -0.357 -0.207 -3.045
536.618 0.242 0.373 -2.227 -0.354 -0.224 -3.070
536.845 0.265 0.373 -2.223 -0.351 -0.244 -3.094
537.022 0.284 0.374 -2.218 -0.351 -0.262 -3.116
537.227 0.283 0.382 -2.213 -0.371 -0.274 -3.139
537.453 0.265 0.395 -2.208 -0.407 -0.278 -3.159
537.629 0.243 0.412 -2.203 -0.447 -0.279 -3.179
537.827 0.224 0.431 -2.198 -0.484 -0.277 -3.199
538.049 0.210 0.448 -2.193 -0.515 -0.278 -3.218
538.238 0.211 0.460 -2.189 -0.531 -0.281 -3.237
538.427 0.225 0.468 -2.185 -0.532 -0.290 -3.255
538.649 0.250 0.476 -2.179 -0.523 -0.297 -3.272
538.847 0.266 0.482 -2.173 -0.522 -0.308 -3.289
539.069 0.269 0.482 -2.166 -0.535 -0.323 -3.304
539.275 0.263 0.484 -2.159 -0.554 -0.336 -3.318
539.465 0.257 0.489 -2.152 -0.575 -0.346 -3.332
539.705 0.254 0.497 -2.146 -0.593 -0.353 -3.347
539.882 0.267 0.509 -2.142 -0.594 -0.355 -3.363
540.125 0.283 0.523 -2.137 -0.594 -0.356 -3.379
540.305 0.297 0.535 -2.133 -0.594 -0.358 -3.395
540.488 0.305 0.541 -2.127 -0.599 -0.365 -3.408
540.731 0.307 0.541 -2.121 -0.610 -0.378 -3.420
540.905 0.305 0.543 -2.115 -0.624 -0.389 -3.432
541.087 0.306 0.548 -2.109 -0.636 -0.397 -3.445
541.321 0.311 0.554 -2.104 -0.643 -0.404 -3.457
541.505 0.321 0.562 -2.099 -0.647 -0.409 -3.471
541.707 0.330 0.571 -2.095 -0.651 -0.412 -3.485
541.941 0.338 0.577 -2.090 -0.655 -0.419 -3.498
542.125 0.345 0.582 -2.085 -0.660 -0.426 -3.510
542.318 0.351 0.588 -2.080 -0.666 -0.433 -3.522
542.542 0.356 0.593 -2.075 -0.673 -0.438 -3.533
542.721 0.360 0.599 -2.070 -0.680 -0.445 -3.545
542.973 0.366 0.605 -2.065 -0.687 -0.451 -3.558
543.149 0.373 0.609 -2.059 -0.692 -0.459 -3.568
543.348 0.379 0.612 -2.054 -0.697 -0.467 -3.579
543.573 0.385 0.617 -2.048 -0.702 -0.474 -3.589
543.757 0.390 0.624 -2.042 -0.708 -0.478 -3.599
544.001 0.396 0.630 -2.036 -0.714 -0.483 -3.609
544.181 0.400 0.636 -2.030 -0.721 -0.488 -3.619
544.379 0.406 0.642 -2.023 -0.726 -0.493 -3.628
544.601 0.411 0.647 -2.017 -0.731 -0.498 -3.636
544.784 0.416 0.651 -2.010 -0.736 -0.505 -3.644
544.987 0.420 0.654 -2.002 -0.743 -0.513 -3.651
545.209 0.425 0.659 -1.994 -0.748 -0.518 -3.658
545.389 0.431 0.666 -1.987 -0.753 -0.521 -3.665
545.587 0.436 0.674 -1.979 -0.757 -0.523 -3.672
545.809 0.441 0.680 -1.971 -0.763 -0.527 -3.678
546.017 0.447 0.686 -1.962 -0.768 -0.532 -3.684
546.245 0.452 0.691 -1.953 -0.773 -0.537 -3.689
546.428 0.458 0.696 -1.944 -0.777 -0.542 -3.694
546.665 0.463 0.700 -1.934 -0.782 -0.548 -3.699
546.841 0.468 0.705 -1.925 -0.787 -0.553 -3.703
547.038 0.474 0.713 -1.915 -0.791 -0.555 -3.707
547.261 0.480 0.720 -1.905 -0.795 -0.557 -3.711
547.457 0.485 0.724 -1.894 -0.800 -0.563 -3.714
547.689 0.489 0.727 -1.883 -0.805 -0.570 -3.716
547.869 0.494 0.733 -1.872 -0.809 -0.573 -3.718
548.068 0.500 0.740 -1.860 -0.813 -0.576 -3.720
548.289 0.506 0.745 -1.848 -0.816 -0.580 -3.722
548.478 0.511 0.749 -1.837 -0.821 -0.585 -3.723
548.709 0.515 0.755 -1.826 -0.826 -0.588 -3.724
548.889 0.519 0.760 -1.814 -0.830 -0.592 -3.726
549.087 0.525 0.765 -1.802 -0.834 -0.596 -3.727
549.309 0.530 0.769 -1.791 -0.838 -0.601 -3.728
549.493 0.535 0.775 -1.780 -0.841 -0.604 -3.729
549.697 0.541 0.783 -1.768 -0.845 -0.605 -3.730
549.921 0.545 0.787 -1.756 -0.849 -0.609 -3.731
550.108 0.550 0.791 -1.745 -0.854 -0.614 -3.732
550.341 0.554 0.795 -1.734 -0.857 -0.619 -3.733
550.534 0.559 0.802 -1.723 -0.861 -0.620 -3.734
550.708 0.564 0.807 -1.712 -0.865 -0.623 -3.735
550.953 0.569 0.811 -1.699 -0.869 -0.628 -3.736
551.149 0.575 0.817 -1.687 -0.873 -0.632 -3.737
551.381 0.579 0.822 -1.677 -0.877 -0.635 -3.737
551.565 0.584 0.826 -1.666 -0.880 -0.639 -3.738
551.748 0.589 0.829 -1.654 -0.883 -0.645 -3.738
551.981 0.593 0.833 -1.643 -0.887 -0.648 -3.739
552.161 0.598 0.839 -1.632 -0.890 -0.650 -3.739
552.347 0.602 0.846 -1.621 -0.894 -0.651 -3.740
552.581 0.607 0.851 -1.610 -0.898 -0.654 -3.740
552.766 0.612 0.856 -1.598 -0.901 -0.658 -3.740
553.011 0.617 0.858 -1.585 -0.904 -0.664 -3.738
553.181 0.622 0.863 -1.573 -0.907 -0.668 -3.738
553.387 0.628 0.868 -1.561 -0.910 -0.671 -3.737
553.609 0.632 0.874 -1.549 -0.914 -0.672 -3.736
553.793 0.636 0.879 -1.537 -0.918 -0.675 -3.736
553.988 0.640 0.883 -1.525 -0.921 -0.679 -3.734
554.209 0.644 0.886 -1.513 -0.925 -0.683 -3.733
554.453 0.650 0.892 -1.499 -0.928 -0.686 -3.732
554.629 0.655 0.896 -1.486 -0.931 -0.690 -3.730
554.831 0.660 0.899 -1.474 -0.934 -0.694 -3.729
555.049 0.665 0.906 -1.462 -0.937 -0.696 -3.728
555.238 0.669 0.911 -1.450 -0.941 -0.698 -3.726
555.473 0.672 0.916 -1.437 -0.945 -0.700 -3.724
555.653 0.675 0.916 -1.424 -0.949 -0.707 -3.722
555.837 0.681 0.919 -1.412 -0.951 -0.712 -3.720
556.069 0.688 0.925 -1.399 -0.951 -0.713 -3.718
556.250 0.694 0.929 -1.387 -0.953 -0.716 -3.716
556.457 0.698 0.933 -1.374 -0.956 -0.720 -3.714
556.681 0.701 0.938 -1.361 -0.961 -0.722 -3.711
556.861 0.703 0.945 -1.349 -0.966 -0.723 -3.709
557.101 0.707 0.951 -1.336 -0.971 -0.724 -3.708
557.281 0.712 0.953 -1.323 -0.973 -0.730 -3.705
557.477 0.717 0.955 -1.311 -0.975 -0.734 -3.703
557.701 0.724 0.959 -1.300 -0.975 -0.737 -3.702
557.881 0.730 0.965 -1.288 -0.976 -0.739 -3.700
558.078 0.733 0.969 -1.276 -0.980 -0.742 -3.699
558.305 0.735 0.972 -1.265 -0.985 -0.746 -3.697
558.497 0.739 0.975 -1.252 -0.989 -0.750 -3.695
558.725 0.744 0.980 -1.241 -0.991 -0.751 -3.693
558.902 0.748 0.984 -1.229 -0.994 -0.755 -3.692
559.098 0.752 0.985 -1.218 -0.996 -0.760 -3.690
559.321 0.755 0.989 -1.206 -1.000 -0.763 -3.688
559.501 0.760 0.994 -1.194 -1.002 -0.765 -3.686
559.699 0.764 0.999 -1.183 -1.005 -0.766 -3.684
559.922 0.768 1.003 -1.171 -1.008 -0.770 -3.682
560.108 0.772 1.006 -1.159 -1.012 -0.773 -3.680
560.341 0.776 1.010 -1.147 -1.014 -0.776 -3.677
560.521 0.782 1.014 -1.135 -1.015 -0.778 -3.675
560.707 0.787 1.017 -1.122 -1.016 -0.782 -3.672
560.945 0.791 1.021 -1.111 -1.019 -0.785 -3.670
561.130 0.796 1.025 -1.097 -1.022 -0.788 -3.667
561.328 0.799 1.029 -1.085 -1.025 -0.790 -3.664
561.554 0.804 1.033 -1.073 -1.028 -0.793 -3.661
561.729 0.808 1.036 -1.061 -1.029 -0.796 -3.658
561.928 0.812 1.039 -1.049 -1.033 -0.799 -3.656
562.149 0.815 1.042 -1.037 -1.035 -0.803 -3.653
562.329 0.820 1.048 -1.025 -1.038 -0.804 -3.650
562.528 0.823 1.053 -1.012 -1.041 -0.805 -3.647
562.749 0.826 1.056 -1.000 -1.045 -0.808 -3.643
562.929 0.830 1.060 -0.988 -1.047 -0.811 -3.640
563.128 0.835 1.063 -0.975 -1.049 -0.813 -3.637
563.353 0.841 1.067 -0.963 -1.049 -0.816 -3.634
563.529 0.847 1.070 -0.951 -1.050 -0.819 -3.630
563.728 0.851 1.073 -0.939 -1.052 -0.823 -3.627
563.953 0.855 1.077 -0.927 -1.055 -0.825 -3.624
564.129 0.858 1.081 -0.915 -1.057 -0.827 -3.621
564.328 0.861 1.083 -0.903 -1.061 -0.830 -3.619
564.549 0.866 1.087 -0.891 -1.062 -0.833 -3.616
564.729 0.870 1.091 -0.881 -1.064 -0.835 -3.614
564.928 0.875 1.093 -0.872 -1.066 -0.839 -3.614
565.149 0.879 1.095 -0.863 -1.067 -0.843 -3.614
565.337 0.882 1.098 -0.854 -1.071 -0.847 -3.614
565.573 0.884 1.103 -0.846 -1.075 -0.847 -3.615
565.749 0.887 1.109 -0.840 -1.079 -0.848 -3.617
565.948 0.890 1.112 -0.834 -1.083 -0.850 -3.620
566.182 0.894 1.114 -0.828 -1.085 -0.855 -3.624
566.361 0.898 1.116 -0.823 -1.087 -0.858 -3.627
566.559 0.901 1.118 -0.819 -1.090 -0.863 -3.631
566.785 0.903 1.122 -0.816 -1.094 -0.866 -3.637
566.985 0.906 1.125 -0.812 -1.097 -0.868 -3.642
567.178 0.909 1.130 -0.808 -1.100 -0.869 -3.647
567.405 0.913 1.131 -0.805 -1.102 -0.873 -3.652
567.581 0.917 1.131 -0.801 -1.104 -0.879 -3.656
567.777 0.919 1.134 -0.796 -1.107 -0.881 -3.661
568.005 0.922 1.139 -0.792 -1.110 -0.882 -3.665
568.185 0.925 1.143 -0.787 -1.114 -0.884 -3.669
568.378 0.927 1.148 -0.783 -1.118 -0.885 -3.673
568.601 0.930 1.153 -0.781 -1.122 -0.886 -3.680
568.808 0.934 1.157 -0.783 -1.125 -0.888 -3.691
569.033 0.939 1.160 -0.789 -1.125 -0.891 -3.704
569.209 0.945 1.161 -0.796 -1.125 -0.895 -3.720
569.407 0.948 1.161 -0.806 -1.128 -0.898 -3.738
569.633 0.948 1.161 -0.819 -1.133 -0.900 -3.759
569.809 0.949 1.170 -0.839 -1.139 -0.893 -3.787
570.008 0.949 1.173 -0.864 -1.145 -0.889 -3.821
570.229 0.945 1.167 -0.888 -1.153 -0.897 -3.852
570.413 0.935 1.154 -0.909 -1.164 -0.912 -3.880
570.649 0.921 1.137 -0.928 -1.174 -0.923 -3.908
570.829 0.896 1.104 -0.944 -1.163 -0.904 -3.932
571.030 0.878 1.076 -0.958 -1.147 -0.878 -3.954
571.249 0.879 1.067 -0.971 -1.137 -0.861 -3.975
571.437 0.882 1.065 -0.982 -1.136 -0.853 -3.994
571.673 0.884 1.064 -0.991 -1.136 -0.846 -4.011
571.849 0.885 1.058 -0.998 -1.139 -0.846 -4.026
572.038 0.899 1.052 -1.022 -1.137 -0.848 -4.058
572.273 0.930 1.044 -1.098 -1.128 -0.835 -4.142
572.449 0.943 1.026 -1.196 -1.135 -0.811 -4.248
572.638 0.922 1.003 -1.275 -1.157 -0.799 -4.335
572.873 0.865 0.978 -1.340 -1.181 -0.808 -4.408
573.053 0.806 0.954 -1.393 -1.207 -0.811 -4.469
573.238 0.751 0.932 -1.456 -1.188 -0.812 -4.541
573.469 0.754 0.904 -1.592 -1.155 -0.829 -4.685
573.649 0.763 0.873 4.473 -1.120 -0.859 1.370
573.838 0.759 0.856 4.217 -1.072 -0.923 1.103
574.070 0.740 0.827 4.018 -1.017 -0.962 0.894
574.249 0.714 0.829 3.852 -0.988 -0.986 0.721
574.448 0.721 0.848 3.706 -0.942 -1.007 0.568
574.673 0.701 0.862 3.582 -0.935 -1.029 0.436
574.849 0.697 0.868 3.468 -0.923 -1.050 0.316
575.058 0.709 0.868 3.359 -0.901 -1.068 0.199
575.285 0.732 0.866 3.261 -0.875 -1.080 0.094
575.461 0.745 0.862 3.170 -0.849 -1.086 -0.003
575.659 0.745 0.860 3.086 -0.839 -1.084 -0.094
575.885 0.749 0.858 3.008 -0.845 -1.080 -0.179
576.061 0.755 0.853 2.933 -0.859 -1.079 -0.261
576.258 0.773 0.852 2.859 -0.866 -1.071 -0.342
576.481 0.793 0.851 2.788 -0.873 -1.059 -0.420
576.661 0.821 0.843 2.720 -0.875 -1.049 -0.495
576.858 0.851 0.829 2.656 -0.875 -1.042 -0.566
577.085 0.879 0.819 2.601 -0.873 -1.036 -0.629
577.261 0.906 0.809 2.551 -0.868 -1.032 -0.686
577.458 0.914 0.806 2.510 -0.878 -1.026 -0.734
577.681 0.916 0.820 2.507 -0.884 -1.012 -0.744
577.862 0.890 0.847 2.544 -0.901 -0.999 -0.715
578.058 0.877 0.840 2.594 -0.903 -1.017 -0.672
578.281 0.863 0.834 2.647 -0.898 -1.043 -0.627
578.468 0.844 0.842 2.693 -0.889 -1.055 -0.588
578.701 0.826 0.846 2.729 -0.885 -1.065 -0.560
578.886 0.814 0.844 2.746 -0.878 -1.075 -0.551
579.068 0.808 0.843 2.747 -0.872 -1.078 -0.557
579.305 0.810 0.843 2.746 -0.862 -1.080 -0.565
579.485 0.816 0.853 2.743 -0.856 -1.072 -0.575
579.668 0.829 0.870 2.739 -0.846 -1.060 -0.586
579.901 0.844 0.871 2.737 -0.839 -1.061 -0.595
580.081 0.852 0.865 2.733 -0.842 -1.067 -0.606
580.268 0.842 0.864 2.734 -0.858 -1.071 -0.612
580.501 0.832 0.870 2.744 -0.873 -1.072 -0.610
580.681 0.835 0.874 2.755 -0.873 -1.077 -0.606
580.867 0.842 0.874 2.764 -0.871 -1.084 -0.605
581.101 0.850 0.869 2.772 -0.868 -1.094 -0.604
581.284 0.857 0.866 2.779 -0.869 -1.103 -0.604
581.533 0.859 0.867 2.787 -0.873 -1.106 -0.604
581.713 0.859 0.874 2.794 -0.879 -1.104 -0.604
581.898 0.857 0.883 2.800 -0.886 -1.101 -0.605
582.121 0.857 0.889 2.804 -0.892 -1.101 -0.608
582.301 0.861 0.889 2.807 -0.895 -1.106 -0.612
582.498 0.867 0.884 2.809 -0.897 -1.117 -0.617
582.721 0.875 0.882 2.811 -0.897 -1.125 -0.622
582.908 0.882 0.887 2.812 -0.897 -1.124 -0.628
583.141 0.887 0.893 2.811 -0.899 -1.123 -0.636
583.321 0.888 0.901 2.809 -0.905 -1.121 -0.645
583.507 0.890 0.905 2.808 -0.911 -1.121 -0.653
583.741 0.894 0.907 2.808 -0.915 -1.125 -0.660
583.925 0.899 0.907 2.809 -0.917 -1.129 -0.666
584.107 0.905 0.906 2.812 -0.919 -1.136 -0.670
584.341 0.910 0.907 2.815 -0.921 -1.141 -0.674
584.525 0.913 0.911 2.820 -0.924 -1.143 -0.676
584.707 0.914 0.918 2.824 -0.928 -1.142 -0.679
584.945 0.917 0.921 2.827 -0.932 -1.144 -0.683
585.125 0.920 0.922 2.829 -0.937 -1.149 -0.687
585.307 0.925 0.923 2.833 -0.938 -1.154 -0.690
585.541 0.932 0.926 2.836 -0.938 -1.156 -0.694
585.725 0.935 0.928 2.838 -0.941 -1.160 -0.699
585.918 0.938 0.931 2.839 -0.946 -1.162 -0.705
586.145 0.941 0.935 2.840 -0.949 -1.164 -0.710
586.332 0.942 0.941 2.843 -0.954 -1.164 -0.715
586.562 0.946 0.943 2.847 -0.957 -1.167 -0.718
586.741 0.951 0.945 2.850 -0.959 -1.171 -0.721
586.938 0.957 0.947 2.854 -0.960 -1.175 -0.724
587.162 0.961 0.948 2.856 -0.962 -1.180 -0.729
587.341 0.963 0.950 2.858 -0.967 -1.183 -0.734
587.538 0.964 0.954 2.861 -0.972 -1.184 -0.737
587.765 0.966 0.960 2.864 -0.975 -1.183 -0.741
587.950 0.970 0.964 2.867 -0.978 -1.186 -0.745
588.148 0.976 0.967 2.866 -0.979 -1.188 -0.752
588.369 0.981 0.968 2.866 -0.980 -1.191 -0.760
588.557 0.986 0.968 2.866 -0.983 -1.196 -0.766
588.801 0.989 0.971 2.868 -0.988 -1.200 -0.772
588.998 0.990 0.973 2.870 -0.993 -1.202 -0.777
589.222 0.990 0.975 2.872 -0.999 -1.206 -0.781
589.401 0.993 0.977 2.874 -1.004 -1.209 -0.786
589.598 0.998 0.981 2.876 -1.004 -1.210 -0.790
589.821 1.003 0.983 2.878 -1.006 -1.213 -0.795
590.003 1.007 0.987 2.879 -1.007 -1.214 -0.800
590.208 1.011 0.990 2.879 -1.010 -1.216 -0.807
590.403 1.013 0.991 2.879 -1.014 -1.219 -0.813
590.621 1.017 0.993 2.880 -1.018 -1.222 -0.819
590.809 1.020 0.996 2.881 -1.021 -1.224 -0.825
591.049 1.024 1.000 2.880 -1.024 -1.226 -0.832
591.234 1.028 1.002 2.878 -1.027 -1.229 -0.841
591.428 1.032 1.003 2.876 -1.031 -1.231 -0.850
591.649 1.035 1.005 2.873 -1.035 -1.234 -0.858
591.838 1.039 1.010 2.872 -1.037 -1.233 -0.867
592.069 1.044 1.016 2.870 -1.039 -1.232 -0.875
592.258 1.050 1.018 2.869 -1.041 -1.234 -0.883
592.493 1.055 1.018 2.868 -1.043 -1.238 -0.890
592.669 1.058 1.019 2.868 -1.046 -1.241 -0.897
592.867 1.061 1.022 2.867 -1.050 -1.244 -0.904
593.105 1.063 1.023 2.866 -1.055 -1.247 -0.912
593.288 1.065 1.027 2.865 -1.060 -1.248 -0.920
593.525 1.068 1.030 2.862 -1.064 -1.248 -0.929
593.701 1.073 1.034 2.860 -1.065 -1.249 -0.938
593.897 1.080 1.037 2.858 -1.065 -1.250 -0.946
594.124 1.086 1.038 2.856 -1.067 -1.253 -0.954
594.318 1.090 1.038 2.855 -1.070 -1.257 -0.962
594.549 1.091 1.040 2.854 -1.075 -1.259 -0.970
594.729 1.093 1.045 2.852 -1.080 -1.259 -0.978
594.975 1.096 1.048 2.851 -1.084 -1.260 -0.986
595.168 1.101 1.049 2.849 -1.086 -1.263 -0.995
595.401 1.107 1.050 2.848 -1.088 -1.267 -1.003
595.587 1.112 1.053 2.845 -1.090 -1.268 -1.012
595.821 1.115 1.056 2.843 -1.093 -1.269 -1.021
596.001 1.118 1.058 2.839 -1.097 -1.271 -1.030
596.187 1.120 1.060 2.836 -1.102 -1.272 -1.039
596.421 1.123 1.065 2.834 -1.105 -1.271 -1.048
596.601 1.129 1.068 2.831 -1.106 -1.272 -1.057
596.787 1.135 1.067 2.828 -1.108 -1.276 -1.066
597.022 1.140 1.066 2.826 -1.110 -1.281 -1.075
597.201 1.143 1.070 2.823 -1.113 -1.281 -1.084
597.388 1.145 1.075 2.819 -1.117 -1.279 -1.094
597.625 1.147 1.078 2.815 -1.122 -1.280 -1.104
597.808 1.152 1.080 2.811 -1.125 -1.281 -1.115
598.045 1.158 1.080 2.807 -1.126 -1.283 -1.125
598.221 1.164 1.082 2.803 -1.126 -1.284 -1.135
598.408 1.169 1.084 2.798 -1.129 -1.286 -1.146
598.641 1.172 1.084 2.793 -1.133 -1.289 -1.157
598.821 1.174 1.085 2.788 -1.137 -1.290 -1.168
599.008 1.175 1.090 2.784 -1.142 -1.288 -1.178
599.241 1.178 1.095 2.779 -1.144 -1.287 -1.189
599.427 1.183 1.097 2.775 -1.146 -1.288 -1.199
599.608 1.190 1.096 2.770 -1.146 -1.291 -1.210
599.841 1.193 1.098 2.766 -1.149 -1.293 -1.220
600.021 1.197 1.100 2.762 -1.152 -1.294 -1.230
600.214 1.199 1.104 2.758 -1.156 -1.293 -1.240
600.441 1.200 1.108 2.753 -1.161 -1.292 -1.251
600.621 1.203 1.108 2.748 -1.165 -1.295 -1.262
600.838 1.209 1.110 2.743 -1.168 -1.296 -1.275
601.061 1.214 1.113 2.738 -1.169 -1.296 -1.285
601.241 1.220 1.115 2.733 -1.170 -1.298 -1.296
601.438 1.225 1.115 2.729 -1.172 -1.300 -1.306
601.681 1.228 1.119 2.725 -1.174 -1.300 -1.317
601.867 1.226 1.123 2.721 -1.180 -1.299 -1.326
602.058 1.229 1.123 2.718 -1.183 -1.302 -1.336
602.281 1.234 1.125 2.714 -1.185 -1.303 -1.345
602.462 1.238 1.128 2.711 -1.186 -1.304 -1.355
602.658 1.243 1.128 2.706 -1.188 -1.306 -1.365
602.883 1.246 1.129 2.701 -1.192 -1.308 -1.376
603.061 1.249 1.133 2.697 -1.195 -1.308 -1.386
603.301 1.253 1.138 2.693 -1.198 -1.306 -1.397
603.485 1.258 1.142 2.689 -1.200 -1.305 -1.407
603.729 1.262 1.142 2.685 -1.202 -1.308 -1.417
603.910 1.266 1.141 2.680 -1.206 -1.312 -1.428
604.108 1.265 1.141 2.677 -1.214 -1.315 -1.437
604.335 1.259 1.142 2.676 -1.225 -1.318 -1.444
604.521 1.251 1.141 2.682 -1.237 -1.325 -1.444
604.718 1.233 1.138 2.697 -1.237 -1.334 -1.435
604.941 1.227 1.137 2.725 -1.229 -1.345 -1.413
605.128 1.226 1.133 2.750 -1.223 -1.348 -1.394
605.362 1.223 1.124 2.769 -1.207 -1.341 -1.380
605.558 1.226 1.119 2.786 -1.185 -1.323 -1.369
605.793 1.221 1.122 2.801 -1.178 -1.319 -1.361
605.969 1.217 1.122 2.813 -1.182 -1.312 -1.354
606.169 1.217 1.128 2.829 -1.180 -1.309 -1.344
606.389 1.211 1.121 2.854 -1.184 -1.326 -1.326
606.570 1.215 1.124 2.875 -1.177 -1.335 -1.309
606.768 1.211 1.125 2.891 -1.179 -1.344 -1.299
606.989 1.214 1.127 2.905 -1.176 -1.344 -1.292
607.187 1.210 1.128 2.916 -1.181 -1.336 -1.286
607.421 1.204 1.128 2.927 -1.189 -1.336 -1.282
607.605 1.199 1.131 2.938 -1.196 -1.336 -1.276
607.788 1.200 1.133 2.951 -1.196 -1.339 -1.269
608.025 1.204 1.133 2.963 -1.194 -1.342 -1.262
608.201 1.210 1.132 2.976 -1.190 -1.348 -1.255
608.388 1.215 1.133 2.987 -1.187 -1.353 -1.250
608.626 1.217 1.135 2.996 -1.186 -1.357 -1.246
608.801 1.212 1.140 3.005 -1.190 -1.360 -1.243
609.053 1.208 1.148 3.016 -1.195 -1.360 -1.239
609.229 1.206 1.154 3.025 -1.199 -1.360 -1.235
609.481 1.209 1.154 3.036 -1.199 -1.367 -1.230
609.661 1.212 1.152 3.046 -1.200 -1.373 -1.227
609.848 1.217 1.151 3.055 -1.198 -1.378 -1.223
610.081 1.218 1.150 3.062 -1.200 -1.380 -1.221
610.262 1.215 1.151 3.068 -1.205 -1.378 -1.221
610.448 1.213 1.152 3.073 -1.211 -1.379 -1.221
610.689 1.212 1.155 3.082 -1.215 -1.380 -1.219
610.869 1.212 1.159 3.090 -1.217 -1.381 -1.216
611.068 1.213 1.157 3.098 -1.211 -1.385 -1.214
611.293 1.216 1.155 3.106 -1.208 -1.391 -1.212
611.481 1.219 1.157 3.113 -1.206 -1.393 -1.210
611.678 1.215 1.163 3.120 -1.207 -1.386 -1.209
611.901 1.212 1.168 3.127 -1.209 -1.383 -1.208
612.081 1.212 1.167 3.133 -1.212 -1.385 -1.207
612.277 1.215 1.165 3.140 -1.214 -1.389 -1.206
612.505 1.218 1.165 3.146 -1.215 -1.393 -1.205
612.688 1.222 1.167 3.153 -1.216 -1.396 -1.204
612.925 1.224 1.168 3.160 -1.219 -1.402 -1.203
613.102 1.223 1.170 3.166 -1.223 -1.404 -1.202
613.297 1.222 1.175 3.172 -1.226 -1.404 -1.201
613.521 1.224 1.179 3.179 -1.227 -1.404 -1.200
613.705 1.227 1.183 3.185 -1.228 -1.405 -1.199
613.898 1.231 1.179 3.192 -1.228 -1.408 -1.199
614.121 1.232 1.178 3.198 -1.229 -1.412 -1.198
614.301 1.231 1.180 3.204 -1.233 -1.415 -1.197
614.541 1.232 1.183 3.211 -1.236 -1.418 -1.196
614.725 1.234 1.186 3.218 -1.238 -1.419 -1.195
614.908 1.236 1.190 3.224 -1.240 -1.421 -1.194
615.141 1.238 1.193 3.230 -1.242 -1.424 -1.193
615.321 1.239 1.193 3.235 -1.246 -1.429 -1.193
615.508 1.240 1.192 3.240 -1.250 -1.434 -1.194
615.745 1.240 1.196 3.246 -1.253 -1.435 -1.194
615.925 1.242 1.202 3.252 -1.255 -1.435 -1.194
616.118 1.244 1.203 3.258 -1.256 -1.439 -1.192
616.341 1.245 1.198 3.268 -1.260 -1.449 -1.188
616.537 1.247 1.194 3.281 -1.264 -1.458 -1.181
616.769 1.249 1.187 3.295 -1.264 -1.449 -1.173
616.949 1.249 1.181 3.306 -1.265 -1.423 -1.166
617.138 1.248 1.182 3.317 -1.268 -1.411 -1.161
617.369 1.248 1.178 3.323 -1.269 -1.400 -1.160
617.549 1.251 1.182 3.324 -1.270 -1.389 -1.165
617.747 1.256 1.153 3.324 -1.266 -1.369 -1.170
617.974 1.265 1.135 3.325 -1.261 -1.367 -1.175
618.149 1.270 1.132 3.327 -1.256 -1.371 -1.178
618.389 1.267 1.135 3.331 -1.255 -1.373 -1.180
618.587 1.260 1.144 3.334 -1.252 -1.369 -1.183
618.821 1.236 1.150 3.336 -1.246 -1.368 -1.186
619.001 1.220 1.150 3.340 -1.236 -1.371 -1.188
619.198 1.220 1.146 3.344 -1.229 -1.380 -1.189
619.429 1.224 1.143 3.347 -1.229 -1.388 -1.191
619.609 1.226 1.146 3.349 -1.233 -1.390 -1.194
619.798 1.223 1.150 3.351 -1.240 -1.389 -1.197
620.033 1.220 1.151 3.354 -1.247 -1.390 -1.201
620.213 1.223 1.153 3.357 -1.248 -1.391 -1.202
620.398 1.231 1.155 3.361 -1.243 -1.391 -1.204
620.629 1.239 1.155 3.364 -1.236 -1.393 -1.206
620.809 1.238 1.157 3.367 -1.233 -1.394 -1.208
620.998 1.237 1.159 3.369 -1.236 -1.395 -1.211
621.229 1.231 1.161 3.373 -1.244 -1.395 -1.213
621.409 1.226 1.161 3.375 -1.252 -1.396 -1.216
621.598 1.227 1.162 3.376 -1.256 -1.397 -1.220
621.842 1.236 1.162 3.377 -1.252 -1.398 -1.225
622.025 1.247 1.161 3.379 -1.246 -1.401 -1.228
622.262 1.254 1.162 3.382 -1.244 -1.405 -1.231
622.445 1.256 1.166 3.386 -1.247 -1.405 -1.231
622.628 1.254 1.171 3.391 -1.252 -1.404 -1.232
622.861 1.251 1.175 3.395 -1.259 -1.401 -1.233
623.041 1.249 1.173 3.399 -1.263 -1.401 -1.234
623.228 1.251 1.174 3.403 -1.261 -1.404 -1.235
623.461 1.257 1.173 3.408 -1.257 -1.409 -1.235
623.641 1.260 1.172 3.412 -1.257 -1.415 -1.237
623.828 1.260 1.176 3.417 -1.261 -1.416 -1.237
624.061 1.258 1.178 3.422 -1.267 -1.418 -1.237
624.241 1.254 1.180 3.427 -1.275 -1.420 -1.238
624.428 1.252 1.182 3.430 -1.282 -1.423 -1.239
624.661 1.254 1.182 3.432 -1.285 -1.428 -1.243
624.841 1.255 1.181 3.433 -1.284 -1.432 -1.247
625.038 1.256 1.183 3.435 -1.278 -1.435 -1.251
625.263 1.261 1.184 3.438 -1.273 -1.437 -1.253
625.445 1.257 1.186 3.438 -1.276 -1.436 -1.258
625.638 1.260 1.189 3.441 -1.275 -1.433 -1.259
625.873 1.262 1.190 3.445 -1.275 -1.435 -1.260
626.053 1.262 1.193 3.449 -1.278 -1.436 -1.262
626.248 1.266 1.194 3.454 -1.279 -1.437 -1.262
626.469 1.268 1.191 3.459 -1.282 -1.441 -1.262
626.649 1.269 1.192 3.464 -1.285 -1.445 -1.263
626.848 1.269 1.194 3.467 -1.289 -1.448 -1.264
627.069 1.269 1.195 3.469 -1.293 -1.447 -1.268
627.253 1.270 1.197 3.470 -1.298 -1.449 -1.271
627.448 1.271 1.199 3.472 -1.300 -1.450 -1.275
627.669 1.275 1.201 3.473 -1.301 -1.452 -1.278
627.854 1.279 1.201 3.475 -1.301 -1.456 -1.281
628.089 1.285 1.202 3.478 -1.300 -1.458 -1.284
628.273 1.289 1.207 3.480 -1.300 -1.458 -1.287
628.458 1.290 1.210 3.479 -1.303 -1.459 -1.293
628.689 1.289 1.213 3.479 -1.307 -1.460 -1.298
628.870 1.292 1.217 3.481 -1.308 -1.461 -1.301
629.113 1.296 1.220 3.485 -1.307 -1.462 -1.303
629.289 1.301 1.221 3.488 -1.307 -1.464 -1.305
629.482 1.304 1.223 3.490 -1.308 -1.466 -1.307
629.709 1.304 1.225 3.492 -1.313 -1.468 -1.311
629.889 1.303 1.227 3.492 -1.318 -1.470 -1.316
630.078 1.304 1.229 3.493 -1.321 -1.472 -1.320
630.309 1.308 1.230 3.494 -1.322 -1.475 -1.323
630.493 1.313 1.229 3.497 -1.320 -1.480 -1.325
630.678 1.315 1.231 3.499 -1.321 -1.481 -1.329
630.909 1.316 1.235 3.501 -1.324 -1.481 -1.332
631.089 1.319 1.238 3.504 -1.325 -1.483 -1.333
631.278 1.323 1.240 3.509 -1.326 -1.486 -1.333
631.509 1.325 1.243 3.515 -1.327 -1.487 -1.333
631.689 1.324 1.246 3.519 -1.332 -1.488 -1.334
631.888 1.324 1.249 3.522 -1.336 -1.489 -1.336
632.109 1.328 1.252 3.523 -1.336 -1.491 -1.339
632.293 1.330 1.255 3.523 -1.339 -1.493 -1.344
632.488 1.331 1.258 3.522 -1.342 -1.493 -1.350
632.745 1.336 1.262 3.520 -1.341 -1.493 -1.358
632.921 1.338 1.261 3.515 -1.340 -1.494 -1.368
633.165 1.338 1.265 3.507 -1.340 -1.494 -1.381
633.353 1.342 1.266 3.501 -1.337 -1.497 -1.392
633.541 1.345 1.265 3.498 -1.337 -1.502 -1.400
633.738 1.348 1.264 3.497 -1.337 -1.507 -1.405
633.969 1.350 1.258 3.500 -1.335 -1.504 -1.408
634.158 1.338 1.253 3.504 -1.337 -1.478 -1.409
634.389 1.332 1.255 3.506 -1.340 -1.470 -1.412
634.573 1.333 1.255 3.510 -1.342 -1.472 -1.413
634.758 1.337 1.252 3.513 -1.343 -1.474 -1.414
634.991 1.348 1.251 3.518 -1.336 -1.472 -1.415
635.177 1.358 1.255 3.520 -1.328 -1.468 -1.418
635.413 1.360 1.257 3.523 -1.329 -1.470 -1.420
635.589 1.359 1.255 3.531 -1.334 -1.476 -1.417
635.787 1.350 1.254 3.541 -1.339 -1.481 -1.411
636.009 1.335 1.251 3.550 -1.346 -1.484 -1.408
636.198 1.330 1.248 3.556 -1.350 -1.482 -1.406
636.429 1.326 1.241 3.560 -1.351 -1.482 -1.407
636.609 1.321 1.239 3.561 -1.334 -1.467 -1.411
636.797 1.327 1.244 3.560 -1.313 -1.450 -1.417
637.031 1.331 1.238 3.560 -1.297 -1.431 -1.423
637.209 1.329 1.216 3.562 -1.291 -1.420 -1.425
637.407 1.325 1.201 3.568 -1.298 -1.426 -1.424
637.629 1.318 1.193 3.577 -1.307 -1.431 -1.420
637.816 1.308 1.195 3.584 -1.305 -1.426 -1.417
638.069 1.293 1.209 3.590 -1.296 -1.414 -1.417
638.250 1.273 1.216 3.593 -1.282 -1.411 -1.419
638.448 1.259 1.213 3.593 -1.259 -1.414 -1.424
638.669 1.262 1.210 3.589 -1.253 -1.414 -1.433
638.853 1.267 1.183 3.586 -1.255 -1.413 -1.441
639.048 1.272 1.162 3.584 -1.258 -1.406 -1.447
639.273 1.275 1.162 3.586 -1.261 -1.402 -1.450
639.453 1.273 1.166 3.591 -1.265 -1.403 -1.449
639.647 1.272 1.170 3.598 -1.269 -1.404 -1.447
639.869 1.276 1.178 3.605 -1.267 -1.397 -1.445
640.053 1.287 1.190 3.612 -1.255 -1.383 -1.443
640.247 1.291 1.191 3.619 -1.254 -1.382 -1.441
640.473 1.286 1.182 3.625 -1.265 -1.395 -1.440
640.649 1.279 1.174 3.630 -1.279 -1.406 -1.439
640.847 1.273 1.173 3.636 -1.291 -1.412 -1.438
641.073 1.272 1.175 3.640 -1.296 -1.415 -1.438
641.249 1.277 1.177 3.643 -1.295 -1.417 -1.441
641.447 1.282 1.180 3.643 -1.294 -1.419 -1.445
641.685 1.287 1.184 3.642 -1.293 -1.418 -1.452
641.867 1.293 1.187 3.641 -1.290 -1.417 -1.457
642.109 1.299 1.191 3.640 -1.288 -1.414 -1.463
642.289 1.302 1.195 3.640 -1.289 -1.413 -1.468
642.477 1.300 1.196 3.640 -1.293 -1.415 -1.473
642.709 1.297 1.195 3.640 -1.301 -1.418 -1.477
642.889 1.297 1.191 3.641 -1.306 -1.417 -1.481
643.129 1.297 1.189 3.641 -1.307 -1.408 -1.486
643.321 1.301 1.184 3.641 -1.300 -1.406 -1.490
643.508 1.304 1.186 3.641 -1.300 -1.407 -1.496
643.745 1.307 1.187 3.640 -1.303 -1.410 -1.501
643.925 1.309 1.188 3.642 -1.305 -1.413 -1.504
644.108 1.312 1.189 3.644 -1.307 -1.415 -1.507
644.341 1.317 1.196 3.645 -1.306 -1.412 -1.510
644.525 1.322 1.205 3.644 -1.304 -1.407 -1.515
644.708 1.323 1.205 3.642 -1.307 -1.408 -1.522
644.945 1.320 1.201 3.641 -1.315 -1.415 -1.528
645.121 1.318 1.196 3.639 -1.324 -1.425 -1.535
645.308 1.328 1.204 3.638 -1.317 -1.421 -1.541
645.541 1.339 1.209 3.634 -1.307 -1.418 -1.549
645.721 1.347 1.210 3.632 -1.300 -1.418 -1.555
645.907 1.345 1.208 3.637 -1.290 -1.424 -1.555
646.142 1.332 1.209 3.641 -1.291 -1.427 -1.556
646.321 1.326 1.211 3.647 -1.299 -1.427 -1.555
646.508 1.321 1.208 3.657 -1.308 -1.429 -1.549
646.741 1.315 1.203 3.670 -1.318 -1.435 -1.541
646.921 1.311 1.198 3.685 -1.328 -1.443 -1.531
647.108 1.303 1.197 3.697 -1.322 -1.449 -1.523
647.341 1.297 1.199 3.705 -1.318 -1.452 -1.520
647.525 1.294 1.203 3.710 -1.314 -1.452 -1.520
647.707 1.290 1.207 3.714 -1.309 -1.451 -1.520
647.946 1.281 1.210 3.720 -1.301 -1.450 -1.518
648.145 1.270 1.216 3.727 -1.293 -1.449 -1.517
648.338 1.264 1.218 3.736 -1.289 -1.452 -1.512
648.561 1.265 1.214 3.749 -1.286 -1.461 -1.504
648.741 1.270 1.213 3.763 -1.281 -1.468 -1.495
648.938 1.271 1.216 3.775 -1.279 -1.470 -1.488
649.161 1.270 1.222 3.783 -1.281 -1.468 -1.484
649.357 1.262 1.230 3.789 -1.290 -1.466 -1.482
649.581 1.262 1.233 3.795 -1.293 -1.466 -1.481
649.765 1.260 1.231 3.801 -1.299 -1.471 -1.480
649.957 1.253 1.223 3.808 -1.291 -1.469 -1.477
650.181 1.252 1.207 3.815 -1.270 -1.464 -1.475
650.361 1.251 1.208 3.822 -1.268 -1.455 -1.473
650.557 1.254 1.210 3.828 -1.270 -1.457 -1.471
650.781 1.252 1.214 3.835 -1.276 -1.458 -1.469
650.968 1.249 1.218 3.841 -1.283 -1.458 -1.468
651.201 1.249 1.222 3.847 -1.287 -1.459 -1.466
651.385 1.251 1.221 3.853 -1.289 -1.459 -1.465
651.588 1.257 1.214 3.859 -1.287 -1.462 -1.463
651.809 1.261 1.210 3.865 -1.287 -1.464 -1.462
651.993 1.263 1.214 3.870 -1.290 -1.464 -1.461
652.188 1.262 1.218 3.875 -1.294 -1.463 -1.461
652.410 1.257 1.221 3.878 -1.302 -1.464 -1.463
652.589 1.256 1.223 3.881 -1.307 -1.466 -1.464
652.788 1.261 1.226 3.885 -1.305 -1.467 -1.465
653.009 1.268 1.226 3.888 -1.303 -1.470 -1.466
653.189 1.273 1.227 3.891 -1.302 -1.474 -1.467
653.388 1.275 1.228 3.894 -1.305 -1.477 -1.469
653.609 1.276 1.232 3.898 -1.308 -1.477 -1.470
653.808 1.276 1.236 3.902 -1.312 -1.478 -1.470
654.029 1.276 1.239 3.906 -1.315 -1.480 -1.471
654.209 1.277 1.238 3.908 -1.318 -1.484 -1.473
654.453 1.280 1.238 3.909 -1.319 -1.488 -1.476
654.633 1.284 1.239 3.911 -1.319 -1.490 -1.479
654.830 1.288 1.243 3.912 -1.320 -1.491 -1.483
655.082 1.290 1.246 3.913 -1.322 -1.493 -1.487
655.269 1.292 1.250 3.913 -1.325 -1.494 -1.492
655.458 1.293 1.254 3.913 -1.327 -1.494 -1.496
655.701 1.295 1.254 3.914 -1.329 -1.497 -1.499
655.885 1.299 1.253 3.916 -1.330 -1.501 -1.502
656.067 1.302 1.253 3.918 -1.332 -1.505 -1.504
656.309 1.305 1.256 3.920 -1.334 -1.504 -1.508
656.489 1.305 1.259 3.919 -1.337 -1.506 -1.513
656.688 1.305 1.259 3.917 -1.343 -1.509 -1.519
656.909 1.307 1.261 3.916 -1.345 -1.511 -1.524
657.089 1.311 1.266 3.915 -1.344 -1.509 -1.530
657.334 1.312 1.267 3.912 -1.348 -1.513 -1.537
657.509 1.314 1.266 3.910 -1.352 -1.518 -1.544
657.698 1.319 1.267 3.908 -1.351 -1.521 -1.550
657.929 1.325 1.271 3.907 -1.349 -1.521 -1.556
658.109 1.329 1.277 3.907 -1.347 -1.519 -1.560
658.307 1.332 1.281 3.908 -1.348 -1.517 -1.563
658.534 1.333 1.281 3.910 -1.351 -1.516 -1.566
658.709 1.332 1.279 3.912 -1.354 -1.516 -1.569
658.953 1.331 1.280 3.913 -1.358 -1.518 -1.572
659.129 1.330 1.281 3.914 -1.360 -1.521 -1.575
659.327 1.332 1.280 3.915 -1.360 -1.525 -1.578
659.569 1.334 1.283 3.917 -1.361 -1.527 -1.582
659.753 1.338 1.287 3.918 -1.361 -1.527 -1.585
659.949 1.342 1.292 3.917 -1.360 -1.526 -1.590
660.169 1.346 1.295 3.915 -1.359 -1.526 -1.596
660.349 1.349 1.297 3.915 -1.361 -1.526 -1.601
660.547 1.349 1.293 3.916 -1.364 -1.531 -1.605
660.773 1.351 1.294 3.917 -1.367 -1.535 -1.607
660.950 1.353 1.294 3.920 -1.370 -1.537 -1.609
661.148 1.354 1.292 3.923 -1.372 -1.537 -1.610
661.369 1.353 1.292 3.926 -1.375 -1.534 -1.612
661.567 1.351 1.294 3.928 -1.380 -1.537 -1.614
661.793 1.351 1.296 3.929 -1.379 -1.538 -1.618
661.971 1.353 1.297 3.928 -1.379 -1.539 -1.623
662.222 1.357 1.302 3.925 -1.376 -1.537 -1.631
662.405 1.361 1.301 3.924 -1.376 -1.539 -1.636
662.598 1.365 1.300 3.923 -1.377 -1.542 -1.641
662.821 1.366 1.301 3.924 -1.380 -1.543 -1.645
663.007 1.366 1.305 3.926 -1.384 -1.544 -1.648
663.241 1.366 1.309 3.928 -1.388 -1.544 -1.651
663.421 1.368 1.310 3.929 -1.389 -1.547 -1.654
663.618 1.372 1.310 3.929 -1.391 -1.551 -1.658
663.845 1.376 1.311 3.929 -1.392 -1.554 -1.662
664.021 1.378 1.314 3.928 -1.393 -1.555 -1.668
664.218 1.379 1.318 3.925 -1.396 -1.554 -1.674
664.441 1.382 1.321 3.923 -1.397 -1.555 -1.681
664.625 1.384 1.323 3.921 -1.399 -1.556 -1.687
664.838 1.387 1.324 3.920 -1.401 -1.559 -1.693
665.069 1.391 1.325 3.919 -1.401 -1.561 -1.698
665.268 1.396 1.327 3.919 -1.401 -1.563 -1.703
665.493 1.398 1.328 3.919 -1.403 -1.565 -1.708
665.679 1.399 1.330 3.918 -1.406 -1.567 -1.713
665.929 1.399 1.333 3.918 -1.407 -1.568 -1.718
666.109 1.399 1.336 3.917 -1.409 -1.569 -1.723
666.308 1.401 1.337 3.916 -1.410 -1.571 -1.729
666.529 1.405 1.337 3.916 -1.411 -1.574 -1.732
666.713 1.408 1.336 3.919 -1.413 -1.579 -1.734
666.949 1.416 1.340 3.925 -1.409 -1.579 -1.733
667.201 1.418 1.344 3.931 -1.411 -1.578 -1.732
667.381 1.415 1.348 3.934 -1.416 -1.575 -1.733
667.578 1.414 1.347 3.940 -1.421 -1.574 -1.731
667.821 1.413 1.342 3.948 -1.427 -1.574 -1.728
668.007 1.414 1.339 3.957 -1.430 -1.579 -1.723
668.241 1.417 1.338 3.967 -1.428 -1.583 -1.718
668.421 1.417 1.335 3.979 -1.434 -1.581 -1.710
668.607 1.418 1.339 3.994 -1.436 -1.581 -1.699
668.845 1.417 1.344 4.013 -1.439 -1.579 -1.684
669.025 1.405 1.348 4.036 -1.444 -1.572 -1.666
669.216 1.384 1.328 4.057 -1.424 -1.554 -1.649
669.441 1.365 1.317 4.070 -1.409 -1.538 -1.640
669.621 1.360 1.306 4.079 -1.397 -1.538 -1.635
669.818 1.364 1.305 4.088 -1.395 -1.541 -1.630
670.046 1.368 1.302 4.097 -1.397 -1.546 -1.626
670.221 1.369 1.300 4.105 -1.402 -1.548 -1.622
670.418 1.372 1.300 4.113 -1.405 -1.546 -1.618
670.649 1.372 1.296 4.122 -1.408 -1.532 -1.614
670.829 1.374 1.283 4.131 -1.411 -1.524 -1.609
671.028 1.376 1.279 4.139 -1.416 -1.523 -1.605
671.253 1.378 1.277 4.147 -1.419 -1.526 -1.601
671.429 1.382 1.277 4.155 -1.422 -1.529 -1.597
671.627 1.385 1.275 4.164 -1.424 -1.528 -1.593
671.849 1.387 1.276 4.172 -1.427 -1.525 -1.589
672.029 1.389 1.278 4.182 -1.430 -1.525 -1.584
672.227 1.389 1.281 4.192 -1.434 -1.524 -1.578
672.449 1.391 1.282 4.202 -1.438 -1.525 -1.572
672.629 1.393 1.282 4.212 -1.441 -1.527 -1.566
672.828 1.396 1.281 4.221 -1.444 -1.530 -1.561
673.050 1.398 1.280 4.231 -1.449 -1.533 -1.556
673.229 1.398 1.277 4.240 -1.455 -1.537 -1.550
673.427 1.400 1.277 4.249 -1.456 -1.526 -1.546
673.652 1.403 1.279 4.258 -1.458 -1.525 -1.541
673.829 1.406 1.280 4.267 -1.461 -1.526 -1.536
674.028 1.408 1.279 4.275 -1.464 -1.529 -1.532
674.249 1.410 1.282 4.281 -1.466 -1.529 -1.530
674.429 1.412 1.285 4.286 -1.468 -1.530 -1.530
674.628 1.414 1.287 4.288 -1.470 -1.532 -1.532
674.853 1.415 1.285 4.290 -1.473 -1.536 -1.534
675.029 1.416 1.287 4.292 -1.476 -1.538 -1.536
675.228 1.418 1.287 4.295 -1.478 -1.542 -1.537
675.453 1.419 1.289 4.298 -1.482 -1.544 -1.538
675.629 1.420 1.290 4.302 -1.485 -1.545 -1.539
675.827 1.422 1.293 4.306 -1.486 -1.545 -1.539
676.058 1.424 1.296 4.310 -1.488 -1.545 -1.539
676.229 1.427 1.298 4.314 -1.489 -1.547 -1.539
676.440 1.430 1.298 4.319 -1.491 -1.551 -1.538
676.665 1.434 1.299 4.323 -1.491 -1.553 -1.538
676.841 1.433 1.301 4.328 -1.491 -1.553 -1.538
677.038 1.429 1.303 4.333 -1.495 -1.554 -1.537
677.265 1.427 1.306 4.338 -1.500 -1.554 -1.536
677.447 1.429 1.305 4.344 -1.500 -1.556 -1.534
677.681 1.431 1.305 4.349 -1.503 -1.559 -1.533
677.865 1.432 1.307 4.354 -1.500 -1.561 -1.532
678.047 1.430 1.309 4.360 -1.497 -1.562 -1.530
678.285 1.429 1.310 4.366 -1.496 -1.563 -1.528
678.465 1.427 1.310 4.372 -1.497 -1.566 -1.526
678.667 1.424 1.312 4.379 -1.501 -1.567 -1.524
678.893 1.426 1.316 4.385 -1.503 -1.564 -1.522
679.086 1.427 1.314 4.392 -1.501 -1.565 -1.519
679.325 1.430 1.313 4.399 -1.503 -1.568 -1.517
679.501 1.433 1.314 4.405 -1.505 -1.570 -1.515
679.687 1.434 1.318 4.412 -1.507 -1.570 -1.512
679.928 1.435 1.321 4.420 -1.512 -1.568 -1.509
680.161 1.437 1.318 4.427 -1.515 -1.568 -1.506
680.345 1.440 1.316 4.434 -1.518 -1.569 -1.503
680.537 1.443 1.317 4.441 -1.520 -1.570 -1.501
680.769 1.445 1.319 4.448 -1.523 -1.571 -1.498
680.968 1.447 1.321 4.455 -1.526 -1.570 -1.495
681.189 1.448 1.323 4.462 -1.530 -1.571 -1.492
