0.153 0.000 -0.000 0.000 0.000 -0.000 -0.000
0.258 0.000 -0.000 0.000 0.000 -0.000 -0.000
0.353 0.000 -0.000 0.000 0.000 -0.000 -0.000
0.454 0.000 -0.000 0.000 0.000 -0.000 -0.000
0.553 0.000 -0.000 0.000 0.000 -0.000 -0.000
0.653 0.000 -0.000 0.000 0.000 -0.000 -0.000
0.755 0.000 -0.000 0.000 0.000 -0.000 -0.000
0.853 0.000 -0.000 0.000 0.000 -0.000 -0.000
0.954 0.000 -0.000 0.000 0.000 -0.000 -0.000
1.058 0.000 -0.000 0.000 0.000 -0.000 -0.000
1.153 0.000 -0.000 0.000 0.000 -0.000 -0.000
1.253 0.000 -0.000 0.000 0.000 -0.000 -0.000
1.353 0.000 -0.000 0.000 0.000 -0.000 -0.000
1.453 0.000 -0.000 0.000 0.000 -0.000 -0.000
1.553 0.000 -0.000 0.000 0.000 -0.000 -0.000
1.653 0.000 -0.000 0.000 0.000 -0.000 -0.000
1.753 0.000 -0.000 0.000 0.000 -0.000 -0.000
1.853 0.000 -0.000 0.000 0.000 -0.000 -0.000
1.953 0.000 -0.000 0.000 0.000 -0.000 -0.000
2.053 0.000 -0.000 0.000 0.000 -0.000 -0.000
2.153 0.000 -0.000 0.000 0.000 -0.000 -0.000
2.253 0.000 -0.000 0.000 0.000 -0.000 -0.000
2.354 0.000 -0.000 0.000 0.000 -0.000 -0.000
2.453 0.000 -0.000 0.000 0.000 -0.000 -0.000
2.554 0.000 -0.000 0.000 0.000 -0.000 -0.000
2.653 0.000 -0.000 0.000 0.000 -0.000 -0.000
2.753 0.000 -0.000 0.000 0.000 -0.000 -0.000
2.854 0.000 -0.000 0.000 0.000 -0.000 -0.000
2.953 0.000 -0.000 0.000 0.000 -0.000 -0.000
3.053 0.000 -0.000 0.000 0.000 -0.000 -0.000
3.156 0.000 -0.000 0.000 0.000 -0.000 -0.000
3.253 0.000 -0.000 0.000 0.000 -0.000 -0.000
3.355 0.000 -0.000 0.000 0.000 -0.000 -0.000
3.453 0.000 -0.000 0.000 0.000 -0.000 -0.000
3.553 0.000 -0.000 0.000 0.000 -0.000 -0.000
3.653 0.000 -0.000 0.000 0.000 -0.000 -0.000
3.761 0.000 -0.000 0.000 0.000 -0.000 -0.000
3.853 0.000 -0.000 0.000 0.000 -0.000 -0.000
3.955 0.000 -0.000 0.000 0.000 -0.000 -0.000
4.053 0.000 -0.000 0.000 0.000 -0.000 -0.000
4.158 0.000 -0.000 0.000 0.000 -0.000 -0.000
4.253 0.000 -0.000 0.000 0.000 -0.000 -0.000
4.353 0.000 -0.000 0.000 0.000 -0.000 -0.000
4.453 0.000 -0.000 0.000 0.000 -0.000 -0.000
4.553 0.000 -0.000 0.000 0.000 -0.000 -0.000
4.653 0.000 -0.000 0.000 0.000 -0.000 -0.000
4.753 0.000 -0.000 0.000 0.000 -0.000 -0.000
4.853 0.000 -0.000 0.000 0.000 -0.000 -0.000
4.953 0.000 -0.000 0.000 0.000 -0.000 -0.000
5.053 0.000 -0.000 0.000 0.000 -0.000 -0.000
5.153 0.000 -0.000 0.000 0.000 -0.000 -0.000
5.253 0.000 -0.000 0.000 0.000 -0.000 -0.000
5.353 0.000 -0.000 0.000 0.000 -0.000 -0.000
5.453 0.000 -0.000 0.000 0.000 -0.000 -0.000
5.553 0.000 -0.000 0.000 0.000 -0.000 -0.000
5.654 0.000 -0.000 0.000 0.000 -0.000 -0.000
5.753 0.000 -0.000 0.000 0.000 -0.000 -0.000
5.852 0.000 -0.000 0.000 0.000 -0.000 -0.000
5.953 0.000 -0.000 0.000 0.000 -0.000 -0.000
6.053 0.000 -0.000 0.000 0.000 -0.000 -0.000
6.153 0.000 -0.000 0.000 0.000 -0.000 -0.000
6.253 0.000 -0.000 0.000 0.000 -0.000 -0.000
6.353 0.000 -0.000 0.000 0.000 -0.000 -0.000
6.453 0.000 -0.000 0.000 0.000 -0.000 -0.000
6.553 0.000 -0.000 0.000 0.000 -0.000 -0.000
6.653 0.000 -0.000 0.000 0.000 -0.000 -0.000
6.753 0.000 -0.000 0.000 0.000 -0.000 -0.000
6.853 0.000 -0.000 0.000 0.000 -0.000 -0.000
6.955 0.000 -0.000 0.000 0.000 -0.000 -0.000
7.053 0.000 -0.000 0.000 0.000 -0.000 -0.000
7.156 0.000 -0.000 0.000 0.000 -0.000 -0.000
7.253 0.000 -0.000 0.000 0.000 -0.000 -0.000
7.354 0.000 -0.000 0.000 0.000 -0.000 -0.000
7.453 0.000 -0.000 0.000 0.000 -0.000 -0.000
7.553 0.000 -0.000 0.000 0.000 -0.000 -0.000
7.654 0.000 -0.000 0.000 0.000 -0.000 -0.000
7.753 0.000 -0.000 0.000 0.000 -0.000 -0.000
7.854 0.000 -0.000 0.000 0.000 -0.000 -0.000
7.953 0.000 -0.000 0.000 0.000 -0.000 -0.000
8.053 0.000 -0.000 0.000 0.000 -0.000 -0.000
8.153 0.000 -0.000 0.000 0.000 -0.000 -0.000
8.253 0.000 -0.000 0.000 0.000 -0.000 -0.000
8.355 0.000 -0.000 0.000 0.000 -0.000 -0.000
8.454 0.000 -0.000 0.000 0.000 -0.000 -0.000
8.553 0.000 -0.000 0.000 0.000 -0.000 -0.000
8.653 0.000 -0.000 0.000 0.000 -0.000 -0.000
8.754 0.000 -0.000 0.000 0.000 -0.000 -0.000
8.853 0.000 -0.000 0.000 0.000 -0.000 -0.000
8.953 0.000 -0.000 0.000 0.000 -0.000 -0.000
9.053 0.000 -0.000 0.000 0.000 -0.000 -0.000
9.153 0.000 -0.000 0.000 0.000 -0.000 -0.000
9.253 0.000 -0.000 0.000 0.000 -0.000 -0.000
9.353 0.000 -0.000 0.000 0.000 -0.000 -0.000
9.453 0.000 -0.000 0.000 0.000 -0.000 -0.000
9.553 0.000 -0.000 0.000 0.000 -0.000 -0.000
9.653 0.000 -0.000 0.000 0.000 -0.000 -0.000
9.753 0.000 -0.000 0.000 0.000 -0.000 -0.000
9.853 0.000 -0.000 0.000 0.000 -0.000 -0.000
9.953 0.000 -0.000 0.000 0.000 -0.000 -0.000
10.053 0.000 -0.000 0.000 0.000 -0.000 -0.000
10.153 0.000 -0.000 0.000 0.000 -0.000 -0.000
10.253 0.000 -0.000 0.000 0.000 -0.000 -0.000
10.353 0.000 -0.000 0.000 0.000 -0.000 -0.000
10.453 0.000 -0.000 0.000 0.000 -0.000 -0.000
10.553 0.000 -0.000 0.000 0.000 -0.000 -0.000
10.653 0.000 -0.000 0.000 0.000 -0.000 -0.000
10.753 0.000 -0.000 0.000 0.000 -0.000 -0.000
10.857 0.000 -0.000 0.000 0.000 -0.000 -0.000
10.953 0.000 -0.000 0.000 0.000 -0.000 -0.000
11.056 0.000 -0.000 0.000 0.000 -0.000 -0.000
11.162 0.000 -0.000 0.000 0.000 -0.000 -0.000
11.253 0.000 -0.000 0.000 0.000 -0.000 -0.000
11.353 0.000 -0.000 0.000 0.000 -0.000 -0.000
11.453 0.000 -0.000 0.000 0.000 -0.000 -0.000
11.553 0.000 -0.000 0.000 0.000 -0.000 -0.000
11.652 0.000 -0.000 0.000 0.000 -0.000 -0.000
11.752 0.000 -0.000 0.000 0.000 -0.000 -0.000
11.852 0.000 -0.000 0.000 0.000 -0.000 -0.000
11.952 0.000 -0.000 0.000 0.000 -0.000 -0.000
12.052 0.000 -0.000 0.000 0.000 -0.000 -0.000
12.152 0.000 -0.000 0.000 0.000 -0.000 -0.000
12.252 0.000 -0.000 0.000 0.000 -0.000 -0.000
12.352 0.000 -0.000 0.000 0.000 -0.000 -0.000
12.452 0.000 -0.000 0.000 0.000 -0.000 -0.000
12.552 0.000 -0.000 0.000 0.000 -0.000 -0.000
12.652 0.000 -0.000 0.000 0.000 -0.000 -0.000
12.753 0.000 -0.000 0.000 0.000 -0.000 -0.000
12.853 0.000 -0.000 0.000 0.000 -0.000 -0.000
12.952 0.000 -0.000 0.000 0.000 -0.000 -0.000
13.052 0.000 -0.000 0.000 0.000 -0.000 -0.000
13.155 0.000 -0.000 0.000 0.000 -0.000 -0.000
13.254 0.000 -0.000 0.000 0.000 -0.000 -0.000
13.353 0.000 -0.000 0.000 0.000 -0.000 -0.000
13.453 0.000 -0.000 0.000 0.000 -0.000 -0.000
13.554 0.000 -0.000 0.000 0.000 -0.000 -0.000
13.653 0.000 -0.000 0.000 0.000 -0.000 -0.000
13.753 0.000 -0.000 0.000 0.000 -0.000 -0.000
13.854 0.000 -0.000 0.000 0.000 -0.000 -0.000
13.954 0.000 -0.000 0.000 0.000 -0.000 -0.000
14.053 0.000 -0.000 0.000 0.000 -0.000 -0.000
14.153 0.000 -0.000 0.000 0.000 -0.000 -0.000
14.255 0.000 -0.000 0.000 0.000 -0.000 -0.000
14.354 0.000 -0.000 0.000 0.000 -0.000 -0.000
14.454 0.000 -0.000 0.000 0.000 -0.000 -0.000
14.553 0.000 -0.000 0.000 0.000 -0.000 -0.000
14.653 0.000 -0.000 0.000 0.000 -0.000 -0.000
14.753 0.000 -0.000 0.000 0.000 -0.000 -0.000
14.853 0.000 -0.000 0.000 0.000 -0.000 -0.000
14.954 0.000 -0.000 0.000 0.000 -0.000 -0.000
15.053 0.000 -0.000 0.000 0.000 -0.000 -0.000
15.153 0.000 -0.000 0.000 0.000 -0.000 -0.000
15.253 0.000 -0.000 0.000 0.000 -0.000 -0.000
15.355 0.000 -0.000 0.000 0.000 -0.000 -0.000
15.453 0.000 -0.000 0.000 0.000 -0.000 -0.000
15.553 0.000 -0.000 0.000 0.000 -0.000 -0.000
15.654 0.000 -0.000 0.000 0.000 -0.000 -0.000
15.753 0.000 -0.000 0.000 0.000 -0.000 -0.000
15.853 0.000 -0.000 0.000 0.000 -0.000 -0.000
15.953 0.000 -0.000 0.000 0.000 -0.000 -0.000
16.058 0.000 -0.000 0.000 0.000 -0.000 -0.000
16.153 0.000 -0.000 0.000 0.000 -0.000 -0.000
16.253 0.000 -0.000 0.000 0.000 -0.000 -0.000
16.354 0.000 -0.000 0.000 0.000 -0.000 -0.000
16.453 0.000 -0.000 0.000 0.000 -0.000 -0.000
16.553 0.000 -0.000 0.000 0.000 -0.000 -0.000
16.654 0.000 -0.000 0.000 0.000 -0.000 -0.000
16.754 0.000 -0.000 0.000 0.000 -0.000 -0.000
16.853 0.000 -0.000 0.000 0.000 -0.000 -0.000
16.954 0.000 -0.000 0.000 0.000 -0.000 -0.000
17.053 0.000 -0.000 0.000 0.000 -0.000 -0.000
17.153 0.000 -0.000 0.000 0.000 -0.000 -0.000
17.253 0.000 -0.000 0.000 0.000 -0.000 -0.000
17.354 0.000 -0.000 0.000 0.000 -0.000 -0.000
17.453 0.000 -0.000 0.000 0.000 -0.000 -0.000
17.559 0.000 -0.000 0.000 0.000 -0.000 -0.000
17.653 0.000 -0.000 0.000 0.000 -0.000 -0.000
17.753 0.000 -0.000 0.000 0.000 -0.000 -0.000
17.853 0.000 -0.000 0.000 0.000 -0.000 -0.000
17.954 0.000 -0.000 0.000 0.000 -0.000 -0.000
18.053 0.000 -0.000 0.000 0.000 -0.000 -0.000
18.153 0.000 -0.000 0.000 0.000 -0.000 -0.000
18.254 0.000 -0.000 0.000 0.000 -0.000 -0.000
18.354 0.000 -0.000 0.000 0.000 -0.000 -0.000
18.453 0.000 -0.000 0.000 0.000 -0.000 -0.000
18.553 0.000 -0.000 0.000 0.000 -0.000 -0.000
18.653 0.000 -0.000 0.000 0.000 -0.000 -0.000
18.753 0.000 -0.000 0.000 0.000 -0.000 -0.000
18.853 0.000 -0.000 0.000 0.000 -0.000 -0.000
18.953 0.000 -0.000 0.000 0.000 -0.000 -0.000
19.053 0.000 -0.000 0.000 0.000 -0.000 -0.000
19.153 0.000 -0.000 0.000 0.000 -0.000 -0.000
19.253 0.000 -0.000 0.000 0.000 -0.000 -0.000
19.353 0.000 -0.000 0.000 0.000 -0.000 -0.000
19.453 0.000 -0.000 0.000 0.000 -0.000 -0.000
19.553 0.000 -0.000 0.000 0.000 -0.000 -0.000
19.653 0.000 -0.000 0.000 0.000 -0.000 -0.000
19.753 0.000 -0.000 0.000 0.000 -0.000 -0.000
19.853 0.000 -0.000 0.000 0.000 -0.000 -0.000
19.953 0.000 -0.000 0.000 0.000 -0.000 -0.000
20.053 0.000 -0.000 0.000 0.000 -0.000 -0.000
20.153 0.000 -0.000 0.000 0.000 -0.000 -0.000
20.253 0.000 -0.000 0.000 0.000 -0.000 -0.000
20.353 0.000 -0.000 0.000 0.000 -0.000 -0.000
20.453 0.000 -0.000 0.000 0.000 -0.000 -0.000
20.553 0.000 -0.000 0.000 0.000 -0.000 -0.000
20.653 0.000 -0.000 0.000 0.000 -0.000 -0.000
20.753 0.000 -0.000 0.000 0.000 -0.000 -0.000
20.853 0.000 -0.000 0.000 0.000 -0.000 -0.000
20.953 0.000 -0.000 0.000 0.000 -0.000 -0.000
21.054 0.000 -0.000 0.000 0.000 -0.000 -0.000
21.153 0.000 -0.000 0.000 0.000 -0.000 -0.000
21.253 0.000 -0.000 0.000 0.000 -0.000 -0.000
21.353 0.000 -0.000 0.000 0.000 -0.000 -0.000
21.454 0.000 -0.000 0.000 0.000 -0.000 -0.000
21.554 0.000 -0.000 0.000 0.000 -0.000 -0.000
21.658 0.000 -0.000 0.000 0.000 -0.000 -0.000
21.754 0.000 -0.000 0.000 0.000 -0.000 -0.000
21.853 0.000 -0.000 0.000 0.000 -0.000 -0.000
21.953 0.000 -0.000 0.000 0.000 -0.000 -0.000
22.053 0.000 -0.000 0.000 0.000 -0.000 -0.000
22.153 0.000 -0.000 0.000 0.000 -0.000 -0.000
22.253 0.000 -0.000 0.000 0.000 -0.000 -0.000
22.353 0.000 -0.000 0.000 0.000 -0.000 -0.000
22.453 0.000 -0.000 0.000 0.000 -0.000 -0.000
22.553 0.000 -0.000 0.000 0.000 -0.000 -0.000
22.653 0.000 -0.000 0.000 0.000 -0.000 -0.000
22.753 0.000 -0.000 0.000 0.000 -0.000 -0.000
22.854 0.000 -0.000 0.000 0.000 -0.000 -0.000
22.953 0.000 -0.000 0.000 0.000 -0.000 -0.000
23.053 0.000 -0.000 0.000 0.000 -0.000 -0.000
23.154 0.000 -0.000 0.000 0.000 -0.000 -0.000
23.253 0.000 -0.000 0.000 0.000 -0.000 -0.000
23.354 0.000 -0.000 0.000 0.000 -0.000 -0.000
23.453 0.000 -0.000 0.000 0.000 -0.000 -0.000
23.553 0.000 -0.000 0.000 0.000 -0.000 -0.000
23.655 0.000 -0.000 0.000 0.000 -0.000 -0.000
23.756 0.000 -0.000 0.000 0.000 -0.000 -0.000
23.853 0.000 -0.000 0.000 0.000 -0.000 -0.000
23.953 0.000 -0.000 0.000 0.000 -0.000 -0.000
24.053 0.000 -0.000 0.000 0.000 -0.000 -0.000
24.153 0.000 -0.000 0.000 0.000 -0.000 -0.000
24.254 0.000 -0.000 0.000 0.000 -0.000 -0.000
24.353 0.000 -0.000 0.000 0.000 -0.000 -0.000
24.453 0.000 -0.000 0.000 0.000 -0.000 -0.000
24.553 0.000 -0.000 0.000 0.000 -0.000 -0.000
24.653 0.000 -0.000 0.000 0.000 -0.000 -0.000
24.755 0.000 -0.000 0.000 0.000 -0.000 -0.000
24.853 0.000 -0.000 0.000 0.000 -0.000 -0.000
24.954 0.000 -0.000 0.000 0.000 -0.000 -0.000
25.054 0.000 -0.000 0.000 0.000 -0.000 -0.000
25.153 0.000 -0.000 0.000 0.000 -0.000 -0.000
25.253 0.000 -0.000 0.000 0.000 -0.000 -0.000
25.353 0.000 -0.000 0.000 0.000 -0.000 -0.000
25.453 0.000 -0.000 0.000 0.000 -0.000 -0.000
25.554 0.000 -0.000 0.000 0.000 -0.000 -0.000
25.653 0.000 -0.000 0.000 0.000 -0.000 -0.000
25.753 0.000 -0.000 0.000 0.000 -0.000 -0.000
25.853 0.000 -0.000 0.000 0.000 -0.000 -0.000
25.953 0.000 -0.000 0.000 0.000 -0.000 -0.000
26.053 0.000 -0.000 0.000 0.000 -0.000 -0.000
26.153 0.000 -0.000 0.000 0.000 -0.000 -0.000
26.253 0.000 -0.000 0.000 0.000 -0.000 -0.000
26.354 0.000 -0.000 0.000 0.000 -0.000 -0.000
26.453 0.000 -0.000 0.000 0.000 -0.000 -0.000
26.554 0.000 -0.000 0.000 0.000 -0.000 -0.000
26.653 0.000 -0.000 0.000 0.000 -0.000 -0.000
26.753 0.000 -0.000 0.000 0.000 -0.000 -0.000
26.854 0.000 -0.000 0.000 0.000 -0.000 -0.000
26.953 0.000 -0.000 0.000 0.000 -0.000 -0.000
27.053 0.000 -0.000 0.000 0.000 -0.000 -0.000
27.153 0.000 -0.000 0.000 0.000 -0.000 -0.000
27.253 0.000 -0.000 0.000 0.000 -0.000 -0.000
27.354 0.000 -0.000 0.000 0.000 -0.000 -0.000
27.453 0.000 -0.000 0.000 0.000 -0.000 -0.000
27.559 0.000 -0.000 0.000 0.000 -0.000 -0.000
27.653 0.000 -0.000 0.000 0.000 -0.000 -0.000
27.753 0.000 -0.000 0.000 0.000 -0.000 -0.000
27.857 0.000 -0.000 0.000 0.000 -0.000 -0.000
27.954 0.000 -0.000 0.000 0.000 -0.000 -0.000
28.053 0.000 -0.000 0.000 0.000 -0.000 -0.000
28.153 0.000 -0.000 0.000 0.000 -0.000 -0.000
28.253 0.000 -0.000 0.000 0.000 -0.000 -0.000
28.353 0.000 -0.000 0.000 0.000 -0.000 -0.000
28.453 0.000 -0.000 0.000 0.000 -0.000 -0.000
28.553 0.000 -0.000 0.000 0.000 -0.000 -0.000
28.653 0.000 -0.000 0.000 0.000 -0.000 -0.000
28.753 0.000 -0.000 0.000 0.000 -0.000 -0.000
28.853 0.000 -0.000 0.000 0.000 -0.000 -0.000
28.953 0.000 -0.000 0.000 0.000 -0.000 -0.000
29.053 0.000 -0.000 0.000 0.000 -0.000 -0.000
29.153 0.000 -0.000 0.000 0.000 -0.000 -0.000
29.253 0.000 -0.000 0.000 0.000 -0.000 -0.000
29.353 0.000 -0.000 0.000 0.000 -0.000 -0.000
29.453 0.000 -0.000 0.000 0.000 -0.000 -0.000
29.571 0.000 -0.000 0.000 0.000 -0.000 -0.000
29.653 0.000 -0.000 0.000 0.000 -0.000 -0.000
29.754 0.000 -0.000 0.000 0.000 -0.000 -0.000
29.853 0.000 -0.000 0.000 0.000 -0.000 -0.000
29.953 0.000 -0.000 0.000 0.000 -0.000 -0.000
30.053 0.000 -0.000 0.000 0.000 -0.000 -0.000
30.153 0.000 -0.000 0.000 0.000 -0.000 -0.000
30.254 0.000 -0.000 0.000 0.000 -0.000 -0.000
30.354 0.000 -0.000 0.000 0.000 -0.000 -0.000
30.453 0.000 -0.000 0.000 0.000 -0.000 -0.000
30.553 0.000 -0.000 0.000 0.000 -0.000 -0.000
30.654 0.000 -0.000 0.000 0.000 -0.000 -0.000
30.756 0.000 -0.000 0.000 0.000 -0.000 -0.000
30.854 0.000 -0.000 0.000 0.000 -0.000 -0.000
30.953 0.000 -0.000 0.000 0.000 -0.000 -0.000
31.054 0.000 -0.000 0.000 0.000 -0.000 -0.000
31.153 0.000 -0.000 0.000 0.000 -0.000 -0.000
31.254 0.000 -0.000 0.000 0.000 -0.000 -0.000
31.353 0.000 -0.000 0.000 0.000 -0.000 -0.000
31.453 0.000 -0.000 0.000 0.000 -0.000 -0.000
31.553 0.000 -0.000 0.000 0.000 -0.000 -0.000
31.653 0.000 -0.000 0.000 0.000 -0.000 -0.000
31.753 0.000 -0.000 0.000 0.000 -0.000 -0.000
31.853 0.000 -0.000 0.000 0.000 -0.000 -0.000
31.953 0.000 -0.000 0.000 0.000 -0.000 -0.000
32.053 0.000 -0.000 0.000 0.000 -0.000 -0.000
32.153 0.000 -0.000 0.000 0.000 -0.000 -0.000
32.253 0.000 -0.000 0.000 0.000 -0.000 -0.000
32.354 0.000 -0.000 0.000 0.000 -0.000 -0.000
32.453 0.000 -0.000 0.000 0.000 -0.000 -0.000
32.553 0.000 -0.000 0.000 0.000 -0.000 -0.000
32.653 0.000 -0.000 0.000 0.000 -0.000 -0.000
32.753 0.000 -0.000 0.000 0.000 -0.000 -0.000
32.853 0.000 -0.000 0.000 0.000 -0.000 -0.000
32.953 0.000 -0.000 0.000 0.000 -0.000 -0.000
33.056 0.000 -0.000 0.000 0.000 -0.000 -0.000
33.153 0.000 -0.000 0.000 0.000 -0.000 -0.000
33.253 0.000 -0.000 0.000 0.000 -0.000 -0.000
33.353 0.000 -0.000 0.000 0.000 -0.000 -0.000
33.453 0.000 -0.000 0.000 0.000 -0.000 -0.000
33.554 0.000 -0.000 0.000 0.000 -0.000 -0.000
33.654 0.000 -0.000 0.000 0.000 -0.000 -0.000
33.754 0.000 -0.000 0.000 0.000 -0.000 -0.000
33.853 0.000 -0.000 0.000 0.000 -0.000 -0.000
33.953 0.000 -0.000 0.000 0.000 -0.000 -0.000
34.053 0.000 -0.000 0.000 0.000 -0.000 -0.000
34.153 0.000 -0.000 0.000 0.000 -0.000 -0.000
34.254 0.000 -0.000 0.000 0.000 -0.000 -0.000
34.353 0.000 -0.000 0.000 0.000 -0.000 -0.000
34.453 0.000 -0.000 0.000 0.000 -0.000 -0.000
34.553 0.000 -0.000 0.000 0.000 -0.000 -0.000
34.653 0.000 -0.000 0.000 0.000 -0.000 -0.000
34.753 0.000 -0.000 0.000 0.000 -0.000 -0.000
34.853 0.000 -0.000 0.000 0.000 -0.000 -0.000
34.953 0.000 -0.000 0.000 0.000 -0.000 -0.000
35.053 0.000 -0.000 0.000 0.000 -0.000 -0.000
35.154 0.000 -0.000 0.000 0.000 -0.000 -0.000
35.253 0.000 -0.000 0.000 0.000 -0.000 -0.000
35.353 0.000 -0.000 0.000 0.000 -0.000 -0.000
35.453 0.000 -0.000 0.000 0.000 -0.000 -0.000
35.553 0.000 -0.000 0.000 0.000 -0.000 -0.000
35.653 0.000 -0.000 0.000 0.000 -0.000 -0.000
35.753 0.000 -0.000 0.000 0.000 -0.000 -0.000
35.853 0.000 -0.000 0.000 0.000 -0.000 -0.000
35.954 0.000 -0.000 0.000 0.000 -0.000 -0.000
36.054 0.000 -0.000 0.000 0.000 -0.000 -0.000
36.153 0.000 -0.000 0.000 0.000 -0.000 -0.000
36.253 0.000 -0.000 0.000 0.000 -0.000 -0.000
36.353 0.000 -0.000 0.000 0.000 -0.000 -0.000
36.453 0.000 -0.000 0.000 0.000 -0.000 -0.000
36.554 0.000 -0.000 0.000 0.000 -0.000 -0.000
36.654 0.000 -0.000 0.000 0.000 -0.000 -0.000
36.758 0.000 -0.000 0.000 0.000 -0.000 -0.000
36.854 0.000 -0.000 0.000 0.000 -0.000 -0.000
36.953 0.000 -0.000 0.000 0.000 -0.000 -0.000
37.053 0.000 -0.000 0.000 0.000 -0.000 -0.000
37.154 0.000 -0.000 0.000 0.000 -0.000 -0.000
37.253 0.000 -0.000 0.000 0.000 -0.000 -0.000
37.353 0.000 -0.000 0.000 0.000 -0.000 -0.000
37.453 0.000 -0.000 0.000 0.000 -0.000 -0.000
37.553 0.000 -0.000 0.000 0.000 -0.000 -0.000
37.653 0.000 -0.000 0.000 0.000 -0.000 -0.000
37.753 0.000 -0.000 0.000 0.000 -0.000 -0.000
37.853 0.000 -0.000 0.000 0.000 -0.000 -0.000
37.953 0.000 -0.000 0.000 0.000 -0.000 -0.000
38.053 0.000 -0.000 0.000 0.000 -0.000 -0.000
38.155 0.000 -0.000 0.000 0.000 -0.000 -0.000
38.253 0.000 -0.000 0.000 0.000 -0.000 -0.000
38.353 0.000 -0.000 0.000 0.000 -0.000 -0.000
38.453 0.000 -0.000 0.000 0.000 -0.000 -0.000
38.553 0.000 -0.000 0.000 0.000 -0.000 -0.000
38.653 0.000 -0.000 0.000 0.000 -0.000 -0.000
38.753 0.000 -0.000 0.000 0.000 -0.000 -0.000
38.853 0.000 -0.000 0.000 0.000 -0.000 -0.000
38.953 0.000 -0.000 0.000 0.000 -0.000 -0.000
39.053 0.000 -0.000 0.000 0.000 -0.000 -0.000
39.153 0.000 -0.000 0.000 0.000 -0.000 -0.000
39.253 0.000 -0.000 0.000 0.000 -0.000 -0.000
39.353 0.000 -0.000 0.000 0.000 -0.000 -0.000
39.454 0.000 -0.000 0.000 0.000 -0.000 -0.000
39.553 0.000 -0.000 0.000 0.000 -0.000 -0.000
39.653 0.000 -0.000 0.000 0.000 -0.000 -0.000
39.753 0.000 -0.000 0.000 0.000 -0.000 -0.000
39.853 0.000 -0.000 0.000 0.000 -0.000 -0.000
39.955 0.000 -0.000 0.000 0.000 -0.000 -0.000
40.053 0.000 -0.000 0.000 0.000 -0.000 -0.000
40.153 0.000 -0.000 0.000 0.000 -0.000 -0.000
40.253 0.000 -0.000 0.000 0.000 -0.000 -0.000
40.353 0.000 -0.000 0.000 0.000 -0.000 -0.000
40.453 0.000 -0.000 0.000 0.000 -0.000 -0.000
40.554 0.000 -0.000 0.000 0.000 -0.000 -0.000
40.653 0.000 -0.000 0.000 0.000 -0.000 -0.000
40.755 0.000 -0.000 0.000 0.000 -0.000 -0.000
40.853 0.000 -0.000 0.000 0.000 -0.000 -0.000
40.953 0.000 -0.000 0.000 0.000 -0.000 -0.000
41.054 0.000 -0.000 0.000 0.000 -0.000 -0.000
41.153 0.000 -0.000 0.000 0.000 -0.000 -0.000
41.253 0.000 -0.000 0.000 0.000 -0.000 -0.000
41.353 0.000 -0.000 0.000 0.000 -0.000 -0.000
41.454 0.000 -0.000 0.000 0.000 -0.000 -0.000
41.553 0.000 -0.000 0.000 0.000 -0.000 -0.000
41.654 0.000 -0.000 0.000 0.000 -0.000 -0.000
41.753 0.000 -0.000 0.000 0.000 -0.000 -0.000
41.853 0.000 -0.000 0.000 0.000 -0.000 -0.000
41.954 0.000 -0.000 0.000 0.000 -0.000 -0.000
42.053 0.000 -0.000 0.000 0.000 -0.000 -0.000
42.153 0.000 -0.000 0.000 0.000 -0.000 -0.000
42.254 0.000 -0.000 0.000 0.000 -0.000 -0.000
42.353 0.000 -0.000 0.000 0.000 -0.000 -0.000
42.453 0.000 -0.000 0.000 0.000 -0.000 -0.000
42.553 0.000 -0.000 0.000 0.000 -0.000 -0.000
42.654 0.000 -0.000 0.000 0.000 -0.000 -0.000
42.753 0.000 -0.000 0.000 0.000 -0.000 -0.000
42.853 0.000 -0.000 0.000 0.000 -0.000 -0.000
42.954 0.000 -0.000 0.000 0.000 -0.000 -0.000
43.054 0.000 -0.000 0.000 0.000 -0.000 -0.000
43.153 0.000 -0.000 0.000 0.000 -0.000 -0.000
43.254 0.000 -0.000 0.000 0.000 -0.000 -0.000
43.353 0.000 -0.000 0.000 0.000 -0.000 -0.000
43.453 0.000 -0.000 0.000 0.000 -0.000 -0.000
43.555 0.000 -0.000 0.000 0.000 -0.000 -0.000
43.654 0.000 -0.000 0.000 0.000 -0.000 -0.000
43.754 0.000 -0.000 0.000 0.000 -0.000 -0.000
43.854 0.000 -0.000 0.000 0.000 -0.000 -0.000
43.955 0.000 -0.000 0.000 0.000 -0.000 -0.000
44.053 0.000 -0.000 0.000 0.000 -0.000 -0.000
44.154 0.000 -0.000 0.000 0.000 -0.000 -0.000
44.255 0.000 -0.000 0.000 0.000 -0.000 -0.000
44.354 0.000 -0.000 0.000 0.000 -0.000 -0.000
44.453 0.000 -0.000 0.000 0.000 -0.000 -0.000
44.553 0.000 -0.000 0.000 0.000 -0.000 -0.000
44.653 0.000 -0.000 0.000 0.000 -0.000 -0.000
44.755 0.000 -0.000 0.000 0.000 -0.000 -0.000
44.853 0.000 -0.000 0.000 0.000 -0.000 -0.000
44.953 0.000 -0.000 0.000 0.000 -0.000 -0.000
45.053 0.000 -0.000 0.000 0.000 -0.000 -0.000
45.153 0.000 -0.000 0.000 0.000 -0.000 -0.000
45.253 0.000 -0.000 0.000 0.000 -0.000 -0.000
45.354 0.000 -0.000 0.000 0.000 -0.000 -0.000
45.453 0.000 -0.000 0.000 0.000 -0.000 -0.000
45.553 0.000 -0.000 0.000 0.000 -0.000 -0.000
45.653 0.000 -0.000 0.000 0.000 -0.000 -0.000
45.753 0.000 -0.000 0.000 0.000 -0.000 -0.000
45.853 0.000 -0.000 0.000 0.000 -0.000 -0.000
45.953 0.000 -0.000 0.000 0.000 -0.000 -0.000
46.053 0.000 -0.000 0.000 0.000 -0.000 -0.000
46.153 0.000 -0.000 0.000 0.000 -0.000 -0.000
46.255 0.000 -0.000 0.000 0.000 -0.000 -0.000
46.354 0.000 -0.000 0.000 0.000 -0.000 -0.000
46.455 0.000 -0.000 0.000 0.000 -0.000 -0.000
46.553 0.000 -0.000 0.000 0.000 -0.000 -0.000
46.653 0.000 -0.000 0.000 0.000 -0.000 -0.000
46.756 0.000 -0.000 0.000 0.000 -0.000 -0.000
46.853 0.000 -0.000 0.000 0.000 -0.000 -0.000
46.953 0.000 -0.000 0.000 0.000 -0.000 -0.000
47.053 0.000 -0.000 0.000 0.000 -0.000 -0.000
47.153 0.000 -0.000 0.000 0.000 -0.000 -0.000
47.254 0.000 -0.000 0.000 0.000 -0.000 -0.000
47.355 0.000 -0.000 0.000 0.000 -0.000 -0.000
47.453 0.000 -0.000 0.000 0.000 -0.000 -0.000
47.553 0.000 -0.000 0.000 0.000 -0.000 -0.000
47.653 0.000 -0.000 0.000 0.000 -0.000 -0.000
47.753 0.000 -0.000 0.000 0.000 -0.000 -0.000
47.853 0.000 -0.000 0.000 0.000 -0.000 -0.000
47.953 0.000 -0.000 0.000 0.000 -0.000 -0.000
48.053 0.000 -0.000 0.000 0.000 -0.000 -0.000
48.153 0.000 -0.000 0.000 0.000 -0.000 -0.000
48.253 0.000 -0.000 0.000 0.000 -0.000 -0.000
48.353 0.000 -0.000 0.000 0.000 -0.000 -0.000
48.453 0.000 -0.000 0.000 0.000 -0.000 -0.000
48.553 0.000 -0.000 0.000 0.000 -0.000 -0.000
48.653 0.000 -0.000 0.000 0.000 -0.000 -0.000
48.753 0.000 -0.000 0.000 0.000 -0.000 -0.000
48.854 0.000 -0.000 0.000 0.000 -0.000 -0.000
48.953 0.000 -0.000 0.000 0.000 -0.000 -0.000
49.053 0.000 -0.000 0.000 0.000 -0.000 -0.000
49.153 0.000 -0.000 0.000 0.000 -0.000 -0.000
49.253 0.000 -0.000 0.000 0.000 -0.000 -0.000
49.353 0.000 -0.000 0.000 0.000 -0.000 -0.000
49.453 0.000 -0.000 0.000 0.000 -0.000 -0.000
49.558 0.000 -0.000 0.000 0.000 -0.000 -0.000
49.653 0.000 -0.000 0.000 0.000 -0.000 -0.000
49.754 0.000 -0.000 0.000 0.000 -0.000 -0.000
49.853 0.000 -0.000 0.000 0.000 -0.000 -0.000
49.953 0.000 -0.000 0.000 0.000 -0.000 -0.000
50.054 0.000 -0.000 0.000 0.000 -0.000 -0.000
50.153 0.000 -0.000 0.000 0.000 -0.000 -0.000
50.253 0.000 -0.000 0.000 0.000 -0.000 -0.000
50.353 0.000 -0.000 0.000 0.000 -0.000 -0.000
50.453 0.000 -0.000 0.000 0.000 -0.000 -0.000
50.553 0.000 -0.000 0.000 0.000 -0.000 -0.000
50.654 0.000 -0.000 0.000 0.000 -0.000 -0.000
50.753 0.000 -0.000 0.000 0.000 -0.000 -0.000
50.854 0.000 -0.000 0.000 0.000 -0.000 -0.000
50.953 0.000 -0.000 0.000 0.000 -0.000 -0.000
51.053 0.000 -0.000 0.000 0.000 -0.000 -0.000
51.153 0.000 -0.000 0.000 0.000 -0.000 -0.000
51.253 0.000 -0.000 0.000 0.000 -0.000 -0.000
51.353 0.000 -0.000 0.000 0.000 -0.000 -0.000
51.454 0.000 -0.000 0.000 0.000 -0.000 -0.000
51.553 0.000 -0.000 0.000 0.000 -0.000 -0.000
51.654 0.000 -0.000 0.000 0.000 -0.000 -0.000
51.753 0.000 -0.000 0.000 0.000 -0.000 -0.000
51.853 0.000 -0.000 0.000 0.000 -0.000 -0.000
51.957 0.000 -0.000 0.000 0.000 -0.000 -0.000
52.053 0.000 -0.000 0.000 0.000 -0.000 -0.000
52.153 0.000 -0.000 0.000 0.000 -0.000 -0.000
52.253 0.000 -0.000 0.000 0.000 -0.000 -0.000
52.353 0.000 -0.000 0.000 0.000 -0.000 -0.000
52.453 0.000 -0.000 0.000 0.000 -0.000 -0.000
52.553 0.000 -0.000 0.000 0.000 -0.000 -0.000
52.653 0.000 -0.000 0.000 0.000 -0.000 -0.000
52.755 0.000 -0.000 0.000 0.000 -0.000 -0.000
52.855 0.000 -0.000 0.000 0.000 -0.000 -0.000
52.953 0.000 -0.000 0.000 0.000 -0.000 -0.000
53.053 0.000 -0.000 0.000 0.000 -0.000 -0.000
53.153 0.000 -0.000 0.000 0.000 -0.000 -0.000
53.253 0.000 -0.000 0.000 0.000 -0.000 -0.000
53.354 0.000 -0.000 0.000 0.000 -0.000 -0.000
53.453 0.000 -0.000 0.000 0.000 -0.000 -0.000
53.553 0.000 -0.000 0.000 0.000 -0.000 -0.000
53.653 0.000 -0.000 0.000 0.000 -0.000 -0.000
53.753 0.000 -0.000 0.000 0.000 -0.000 -0.000
53.853 0.000 -0.000 0.000 0.000 -0.000 -0.000
53.953 0.000 -0.000 0.000 0.000 -0.000 -0.000
54.054 0.000 -0.000 0.000 0.000 -0.000 -0.000
54.153 0.000 -0.000 0.000 0.000 -0.000 -0.000
54.253 0.000 -0.000 0.000 0.000 -0.000 -0.000
54.353 0.000 -0.000 0.000 0.000 -0.000 -0.000
54.453 0.000 -0.000 0.000 0.000 -0.000 -0.000
54.553 0.000 -0.000 0.000 0.000 -0.000 -0.000
54.653 0.000 -0.000 0.000 0.000 -0.000 -0.000
54.753 0.000 -0.000 0.000 0.000 -0.000 -0.000
54.855 0.000 -0.000 0.000 0.000 -0.000 -0.000
54.953 0.000 -0.000 0.000 0.000 -0.000 -0.000
55.053 0.000 -0.000 0.000 0.000 -0.000 -0.000
55.153 0.000 -0.000 0.000 0.000 -0.000 -0.000
55.253 0.000 -0.000 0.000 0.000 -0.000 -0.000
55.353 0.000 -0.000 0.000 0.000 -0.000 -0.000
55.453 0.000 -0.000 0.000 0.000 -0.000 -0.000
55.553 0.000 -0.000 0.000 0.000 -0.000 -0.000
55.653 0.000 -0.000 0.000 0.000 -0.000 -0.000
55.753 0.000 -0.000 0.000 0.000 -0.000 -0.000
55.853 0.000 -0.000 0.000 0.000 -0.000 -0.000
55.958 0.000 -0.000 0.000 0.000 -0.000 -0.000
56.053 0.000 -0.000 0.000 0.000 -0.000 -0.000
56.153 0.000 -0.000 0.000 0.000 -0.000 -0.000
56.253 0.000 -0.000 0.000 0.000 -0.000 -0.000
56.353 0.000 -0.000 0.000 0.000 -0.000 -0.000
56.453 0.000 -0.000 0.000 0.000 -0.000 -0.000
56.554 0.000 -0.000 0.000 0.000 -0.000 -0.000
56.653 0.000 -0.000 0.000 0.000 -0.000 -0.000
56.754 0.000 -0.000 0.000 0.000 -0.000 -0.000
56.853 0.000 -0.000 0.000 0.000 -0.000 -0.000
56.953 0.000 -0.000 0.000 0.000 -0.000 -0.000
57.053 0.000 -0.000 0.000 0.000 -0.000 -0.000
57.153 0.000 -0.000 0.000 0.000 -0.000 -0.000
57.253 0.000 -0.000 0.000 0.000 -0.000 -0.000
57.353 0.000 -0.000 0.000 0.000 -0.000 -0.000
57.453 0.000 -0.000 0.000 0.000 -0.000 -0.000
57.554 0.000 -0.000 0.000 0.000 -0.000 -0.000
57.653 0.000 -0.000 0.000 0.000 -0.000 -0.000
57.753 0.000 -0.000 0.000 0.000 -0.000 -0.000
57.853 0.000 -0.000 0.000 0.000 -0.000 -0.000
57.953 0.000 -0.000 0.000 0.000 -0.000 -0.000
58.053 0.000 -0.000 0.000 0.000 -0.000 -0.000
58.153 0.000 -0.000 0.000 0.000 -0.000 -0.000
58.253 0.000 -0.000 0.000 0.000 -0.000 -0.000
58.353 0.000 -0.000 0.000 0.000 -0.000 -0.000
58.453 0.000 -0.000 0.000 0.000 -0.000 -0.000
58.554 0.000 -0.000 0.000 0.000 -0.000 -0.000
58.653 0.000 -0.000 0.000 0.000 -0.000 -0.000
58.753 0.000 -0.000 0.000 0.000 -0.000 -0.000
58.853 0.000 -0.000 0.000 0.000 -0.000 -0.000
58.953 0.000 -0.000 0.000 0.000 -0.000 -0.000
59.053 0.000 -0.000 0.000 0.000 -0.000 -0.000
59.153 0.000 -0.000 0.000 0.000 -0.000 -0.000
59.253 0.000 -0.000 0.000 0.000 -0.000 -0.000
59.357 0.000 -0.000 0.000 0.000 -0.000 -0.000
59.454 0.000 -0.000 0.000 0.000 -0.000 -0.000
59.553 0.000 -0.000 0.000 0.000 -0.000 -0.000
59.653 0.000 -0.000 0.000 0.000 -0.000 -0.000
59.753 0.000 -0.000 0.000 0.000 -0.000 -0.000
59.854 0.000 -0.000 0.000 0.000 -0.000 -0.000
59.954 0.000 -0.000 0.000 0.000 -0.000 -0.000
60.053 0.000 -0.000 0.000 0.000 -0.000 -0.000
60.153 0.000 -0.000 0.000 0.000 -0.000 -0.000
60.253 0.000 -0.000 0.000 0.000 -0.000 -0.000
60.353 0.000 -0.000 0.000 0.000 -0.000 -0.000
60.453 0.000 -0.000 0.000 0.000 -0.000 -0.000
60.553 0.000 -0.000 0.000 0.000 -0.000 -0.000
60.654 0.000 -0.000 0.000 0.000 -0.000 -0.000
60.755 0.000 -0.000 0.000 0.000 -0.000 -0.000
60.855 0.000 -0.000 0.000 0.000 -0.000 -0.000
60.954 0.000 -0.000 0.000 0.000 -0.000 -0.000
61.053 0.000 -0.000 0.000 0.000 -0.000 -0.000
61.153 0.000 -0.000 0.000 0.000 -0.000 -0.000
61.253 0.000 -0.000 0.000 0.000 -0.000 -0.000
61.353 0.000 -0.000 0.000 0.000 -0.000 -0.000
61.453 0.000 -0.000 0.000 0.000 -0.000 -0.000
61.553 0.000 -0.000 0.000 0.000 -0.000 -0.000
61.653 0.000 -0.000 0.000 0.000 -0.000 -0.000
61.753 0.000 -0.000 0.000 0.000 -0.000 -0.000
61.853 0.000 -0.000 0.000 0.000 -0.000 -0.000
61.953 0.000 -0.000 0.000 0.000 -0.000 -0.000
62.053 0.000 -0.000 0.000 0.000 -0.000 -0.000
62.153 0.000 -0.000 0.000 0.000 -0.000 -0.000
62.253 0.000 -0.000 0.000 0.000 -0.000 -0.000
62.353 0.000 -0.000 0.000 0.000 -0.000 -0.000
62.455 0.000 -0.000 0.000 0.000 -0.000 -0.000
62.553 0.000 -0.000 0.000 0.000 -0.000 -0.000
62.653 0.000 -0.000 0.000 0.000 -0.000 -0.000
62.753 0.000 -0.000 0.000 0.000 -0.000 -0.000
62.855 0.000 -0.000 0.000 0.000 -0.000 -0.000
62.954 0.000 -0.000 0.000 0.000 -0.000 -0.000
63.053 0.000 -0.000 0.000 0.000 -0.000 -0.000
63.153 0.000 -0.000 0.000 0.000 -0.000 -0.000
63.253 0.000 -0.000 0.000 0.000 -0.000 -0.000
63.353 0.000 -0.000 0.000 0.000 -0.000 -0.000
63.453 0.000 -0.000 0.000 0.000 -0.000 -0.000
63.553 0.000 -0.000 0.000 0.000 -0.000 -0.000
63.653 0.000 -0.000 0.000 0.000 -0.000 -0.000
63.754 0.000 -0.000 0.000 0.000 -0.000 -0.000
63.857 0.000 -0.000 0.000 0.000 -0.000 -0.000
63.954 0.000 -0.000 0.000 0.000 -0.000 -0.000
64.054 0.000 -0.000 0.000 0.000 -0.000 -0.000
64.153 0.000 -0.000 0.000 0.000 -0.000 -0.000
64.253 0.000 -0.000 0.000 0.000 -0.000 -0.000
64.353 0.000 -0.000 0.000 0.000 -0.000 -0.000
64.453 0.000 -0.000 0.000 0.000 -0.000 -0.000
64.553 0.000 -0.000 0.000 0.000 -0.000 -0.000
64.653 0.000 -0.000 0.000 0.000 -0.000 -0.000
64.754 0.000 -0.000 0.000 0.000 -0.000 -0.000
64.853 0.000 -0.000 0.000 0.000 -0.000 -0.000
64.961 0.000 -0.000 0.000 0.000 -0.000 -0.000
65.053 0.000 -0.000 0.000 0.000 -0.000 -0.000
65.153 0.000 -0.000 0.000 0.000 -0.000 -0.000
65.253 0.000 -0.000 0.000 0.000 -0.000 -0.000
65.353 0.000 -0.000 0.000 0.000 -0.000 -0.000
65.453 0.000 -0.000 0.000 0.000 -0.000 -0.000
65.553 0.000 -0.000 0.000 0.000 -0.000 -0.000
65.653 0.000 -0.000 0.000 0.000 -0.000 -0.000
65.753 0.000 -0.000 0.000 0.000 -0.000 -0.000
65.853 0.000 -0.000 0.000 0.000 -0.000 -0.000
65.953 0.000 -0.000 0.000 0.000 -0.000 -0.000
66.053 0.000 -0.000 0.000 0.000 -0.000 -0.000
66.153 0.000 -0.000 0.000 0.000 -0.000 -0.000
66.260 0.000 -0.000 0.000 0.000 -0.000 -0.000
66.353 0.000 -0.000 0.000 0.000 -0.000 -0.000
66.453 0.000 -0.000 0.000 0.000 -0.000 -0.000
66.553 0.000 -0.000 0.000 0.000 -0.000 -0.000
66.656 0.000 -0.000 0.000 0.000 -0.000 -0.000
66.753 0.000 -0.000 0.000 0.000 -0.000 -0.000
66.853 0.000 -0.000 0.000 0.000 -0.000 -0.000
66.953 0.000 -0.000 0.000 0.000 -0.000 -0.000
67.054 0.000 -0.000 0.000 0.000 -0.000 -0.000
67.153 0.000 -0.000 0.000 0.000 -0.000 -0.000
67.254 0.000 -0.000 0.000 0.000 -0.000 -0.000
67.354 0.000 -0.000 0.000 0.000 -0.000 -0.000
67.454 0.000 -0.000 0.000 0.000 -0.000 -0.000
67.553 0.000 -0.000 0.000 0.000 -0.000 -0.000
67.653 0.000 -0.000 0.000 0.000 -0.000 -0.000
67.754 0.000 -0.000 0.000 0.000 -0.000 -0.000
67.853 0.000 -0.000 0.000 0.000 -0.000 -0.000
67.955 0.000 -0.000 0.000 0.000 -0.000 -0.000
68.054 0.000 -0.000 0.000 0.000 -0.000 -0.000
68.153 0.000 -0.000 0.000 0.000 -0.000 -0.000
68.253 0.000 -0.000 0.000 0.000 -0.000 -0.000
68.353 0.000 -0.000 0.000 0.000 -0.000 -0.000
68.453 0.000 -0.000 0.000 0.000 -0.000 -0.000
68.553 0.000 -0.000 0.000 0.000 -0.000 -0.000
68.653 0.000 -0.000 0.000 0.000 -0.000 -0.000
68.753 0.000 -0.000 0.000 0.000 -0.000 -0.000
68.853 0.000 -0.000 0.000 0.000 -0.000 -0.000
68.961 0.000 -0.000 0.000 0.000 -0.000 -0.000
69.053 0.000 -0.000 0.000 0.000 -0.000 -0.000
69.153 0.000 -0.000 0.000 0.000 -0.000 -0.000
69.253 0.000 -0.000 0.000 0.000 -0.000 -0.000
69.354 0.000 -0.000 0.000 0.000 -0.000 -0.000
69.454 0.000 -0.000 0.000 0.000 -0.000 -0.000
69.556 0.000 -0.000 0.000 0.000 -0.000 -0.000
69.662 0.000 -0.000 0.000 0.000 -0.000 -0.000
69.753 0.000 -0.000 0.000 0.000 -0.000 -0.000
69.853 0.000 -0.000 0.000 0.000 -0.000 -0.000
69.953 0.000 -0.000 0.000 0.000 -0.000 -0.000
70.053 0.000 -0.000 0.000 0.000 -0.000 -0.000
70.153 0.000 -0.000 0.000 0.000 -0.000 -0.000
70.253 0.000 -0.000 0.000 0.000 -0.000 -0.000
70.353 0.000 -0.000 0.000 0.000 -0.000 -0.000
70.454 0.000 -0.000 0.000 0.000 -0.000 -0.000
70.553 0.000 -0.000 0.000 0.000 -0.000 -0.000
70.653 0.000 -0.000 0.000 0.000 -0.000 -0.000
70.753 0.000 -0.000 0.000 0.000 -0.000 -0.000
70.853 0.000 -0.000 0.000 0.000 -0.000 -0.000
70.953 0.000 -0.000 0.000 0.000 -0.000 -0.000
71.053 0.000 -0.000 0.000 0.000 -0.000 -0.000
71.153 0.000 -0.000 0.000 0.000 -0.000 -0.000
71.253 0.000 -0.000 0.000 0.000 -0.000 -0.000
71.353 0.000 -0.000 0.000 0.000 -0.000 -0.000
71.453 0.000 -0.000 0.000 0.000 -0.000 -0.000
71.553 0.000 -0.000 0.000 0.000 -0.000 -0.000
71.653 0.000 -0.000 0.000 0.000 -0.000 -0.000
71.753 0.000 -0.000 0.000 0.000 -0.000 -0.000
71.853 0.000 -0.000 0.000 0.000 -0.000 -0.000
71.953 0.000 -0.000 0.000 0.000 -0.000 -0.000
72.053 0.000 -0.000 0.000 0.000 -0.000 -0.000
72.153 0.000 -0.000 0.000 0.000 -0.000 -0.000
72.253 0.000 -0.000 0.000 0.000 -0.000 -0.000
72.353 0.000 -0.000 0.000 0.000 -0.000 -0.000
72.453 0.000 -0.000 0.000 0.000 -0.000 -0.000
72.553 0.000 -0.000 0.000 0.000 -0.000 -0.000
72.653 0.000 -0.000 0.000 0.000 -0.000 -0.000
72.753 0.000 -0.000 0.000 0.000 -0.000 -0.000
72.853 0.000 -0.000 0.000 0.000 -0.000 -0.000
72.953 0.000 -0.000 0.000 0.000 -0.000 -0.000
73.053 0.000 -0.000 0.000 0.000 -0.000 -0.000
73.153 0.000 -0.000 0.000 0.000 -0.000 -0.000
73.254 0.000 -0.000 0.000 0.000 -0.000 -0.000
73.353 0.000 -0.000 0.000 0.000 -0.000 -0.000
73.453 0.000 -0.000 0.000 0.000 -0.000 -0.000
73.553 0.000 -0.000 0.000 0.000 -0.000 -0.000
73.653 0.000 -0.000 0.000 0.000 -0.000 -0.000
73.753 0.000 -0.000 0.000 0.000 -0.000 -0.000
73.853 0.000 -0.000 0.000 0.000 -0.000 -0.000
73.954 0.000 -0.000 0.000 0.000 -0.000 -0.000
74.053 0.000 -0.000 0.000 0.000 -0.000 -0.000
74.153 0.000 -0.000 0.000 0.000 -0.000 -0.000
74.256 0.000 -0.000 0.000 0.000 -0.000 -0.000
74.353 0.000 -0.000 0.000 0.000 -0.000 -0.000
74.453 0.000 -0.000 0.000 0.000 -0.000 -0.000
74.554 0.000 -0.000 0.000 0.000 -0.000 -0.000
74.653 0.000 -0.000 0.000 0.000 -0.000 -0.000
74.753 0.000 -0.000 0.000 0.000 -0.000 -0.000
74.854 0.000 -0.000 0.000 0.000 -0.000 -0.000
74.953 0.000 -0.000 0.000 0.000 -0.000 -0.000
75.053 0.000 -0.000 0.000 0.000 -0.000 -0.000
75.155 0.000 -0.000 0.000 0.000 -0.000 -0.000
75.253 0.000 -0.000 0.000 0.000 -0.000 -0.000
75.353 0.000 -0.000 0.000 0.000 -0.000 -0.000
75.454 0.000 -0.000 0.000 0.000 -0.000 -0.000
75.553 0.000 -0.000 0.000 0.000 -0.000 -0.000
75.654 0.000 -0.000 0.000 0.000 -0.000 -0.000
75.754 0.000 -0.000 0.000 0.000 -0.000 -0.000
75.853 0.000 -0.000 0.000 0.000 -0.000 -0.000
75.957 0.000 -0.000 0.000 0.000 -0.000 -0.000
76.053 0.000 -0.000 0.000 0.000 -0.000 -0.000
76.153 0.000 -0.000 0.000 0.000 -0.000 -0.000
76.253 0.000 -0.000 0.000 0.000 -0.000 -0.000
76.353 0.000 -0.000 0.000 0.000 -0.000 -0.000
76.453 0.000 -0.000 0.000 0.000 -0.000 -0.000
76.553 0.000 -0.000 0.000 0.000 -0.000 -0.000
76.654 0.000 -0.000 0.000 0.000 -0.000 -0.000
76.753 0.000 -0.000 0.000 0.000 -0.000 -0.000
76.854 0.000 -0.000 0.000 0.000 -0.000 -0.000
76.953 0.000 -0.000 0.000 0.000 -0.000 -0.000
77.053 0.000 -0.000 0.000 0.000 -0.000 -0.000
77.153 0.000 -0.000 0.000 0.000 -0.000 -0.000
77.253 0.000 -0.000 0.000 0.000 -0.000 -0.000
77.353 0.000 -0.000 0.000 0.000 -0.000 -0.000
77.454 0.000 -0.000 0.000 0.000 -0.000 -0.000
77.553 0.000 -0.000 0.000 0.000 -0.000 -0.000
77.653 0.000 -0.000 0.000 0.000 -0.000 -0.000
77.753 0.000 -0.000 0.000 0.000 -0.000 -0.000
77.853 0.000 -0.000 0.000 0.000 -0.000 -0.000
77.953 0.000 -0.000 0.000 0.000 -0.000 -0.000
78.053 0.000 -0.000 0.000 0.000 -0.000 -0.000
78.153 0.000 -0.000 0.000 0.000 -0.000 -0.000
78.253 0.000 -0.000 0.000 0.000 -0.000 -0.000
78.353 0.000 -0.000 0.000 0.000 -0.000 -0.000
78.453 0.000 -0.000 0.000 0.000 -0.000 -0.000
78.553 0.000 -0.000 0.000 0.000 -0.000 -0.000
78.653 0.000 -0.000 0.000 0.000 -0.000 -0.000
78.755 0.000 -0.000 0.000 0.000 -0.000 -0.000
78.853 0.000 -0.000 0.000 0.000 -0.000 -0.000
78.953 0.000 -0.000 0.000 0.000 -0.000 -0.000
79.053 0.000 -0.000 0.000 0.000 -0.000 -0.000
79.153 0.000 -0.000 0.000 0.000 -0.000 -0.000
79.255 0.000 -0.000 0.000 0.000 -0.000 -0.000
79.354 0.000 -0.000 0.000 0.000 -0.000 -0.000
79.453 0.000 -0.000 0.000 0.000 -0.000 -0.000
79.553 0.000 -0.000 0.000 0.000 -0.000 -0.000
79.653 0.000 -0.000 0.000 0.000 -0.000 -0.000
79.753 0.000 -0.000 0.000 0.000 -0.000 -0.000
79.853 0.000 -0.000 0.000 0.000 -0.000 -0.000
79.953 0.000 -0.000 0.000 0.000 -0.000 -0.000
80.053 0.000 -0.000 0.000 0.000 -0.000 -0.000
80.153 0.000 -0.000 0.000 0.000 -0.000 -0.000
80.253 0.000 -0.000 0.000 0.000 -0.000 -0.000
80.353 0.000 -0.000 0.000 0.000 -0.000 -0.000
80.453 0.000 -0.000 0.000 0.000 -0.000 -0.000
80.553 0.000 -0.000 0.000 0.000 -0.000 -0.000
80.653 0.000 -0.000 0.000 0.000 -0.000 -0.000
80.754 0.000 -0.000 0.000 0.000 -0.000 -0.000
80.853 0.000 -0.000 0.000 0.000 -0.000 -0.000
80.953 0.000 -0.000 0.000 0.000 -0.000 -0.000
81.053 0.000 -0.000 0.000 0.000 -0.000 -0.000
81.153 0.000 -0.000 0.000 0.000 -0.000 -0.000
81.253 0.000 -0.000 0.000 0.000 -0.000 -0.000
81.353 0.000 -0.000 0.000 0.000 -0.000 -0.000
81.453 0.000 -0.000 0.000 0.000 -0.000 -0.000
81.553 0.000 -0.000 0.000 0.000 -0.000 -0.000
81.653 0.000 -0.000 0.000 0.000 -0.000 -0.000
81.753 0.000 -0.000 0.000 0.000 -0.000 -0.000
81.853 0.000 -0.000 0.000 0.000 -0.000 -0.000
81.953 0.000 -0.000 0.000 0.000 -0.000 -0.000
82.053 0.000 -0.000 0.000 0.000 -0.000 -0.000
82.153 0.000 -0.000 0.000 0.000 -0.000 -0.000
82.253 0.000 -0.000 0.000 0.000 -0.000 -0.000
82.353 0.000 -0.000 0.000 0.000 -0.000 -0.000
82.453 0.000 -0.000 0.000 0.000 -0.000 -0.000
82.555 0.000 -0.000 0.000 0.000 -0.000 -0.000
82.654 0.130 -0.000 0.000 0.000 -0.000 0.102
82.754 0.300 -0.000 0.000 0.000 -0.000 0.300
82.853 0.300 -0.000 0.000 0.000 -0.000 0.300
82.953 0.300 -0.000 0.000 0.000 -0.000 0.300
83.054 0.300 -0.000 0.000 0.000 -0.000 -0.000
83.154 0.300 -0.000 0.000 0.000 -0.000 -0.000
83.254 0.300 0.048 0.000 0.000 -0.000 0.300
83.354 0.300 0.188 0.000 0.000 -0.000 0.300
83.454 0.300 0.300 0.000 0.000 -0.000 0.300
83.553 0.300 0.300 0.000 0.000 -0.000 0.110
83.653 0.300 0.300 0.000 0.000 -0.000 -0.000
83.753 0.300 0.300 0.000 0.000 -0.000 -0.000
83.853 0.300 0.300 0.000 0.000 -0.000 -0.000
83.953 0.300 0.300 0.000 0.000 -0.000 -0.000
84.054 0.300 0.300 0.000 0.000 -0.000 -0.000
84.153 0.300 0.300 0.000 0.000 -0.000 -0.000
84.254 0.300 0.300 0.000 0.000 -0.000 -0.000
84.353 0.300 0.300 0.000 0.000 -0.000 -0.000
84.453 0.300 0.300 0.000 0.000 -0.000 -0.000
84.553 0.300 0.300 0.000 0.000 -0.000 -0.000
84.653 0.300 0.300 0.000 0.000 -0.000 -0.000
84.753 0.300 0.300 0.000 0.000 -0.000 -0.000
84.854 0.300 0.300 0.000 0.000 -0.000 0.028
84.953 0.300 0.230 0.000 0.000 -0.000 0.300
85.055 0.300 0.170 0.000 0.000 -0.000 0.068
85.153 0.300 0.170 0.000 0.000 -0.000 -0.000
85.253 0.043 -0.000 -0.300 0.000 -0.000 -0.000
85.353 0.000 -0.000 -0.300 0.000 -0.000 -0.000
85.454 0.000 -0.000 -0.300 0.000 -0.000 -0.000
85.553 0.000 -0.000 -0.300 0.000 -0.000 -0.000
85.653 0.000 -0.000 -0.300 0.000 -0.000 -0.000
85.753 0.000 -0.000 -0.300 0.000 -0.000 -0.000
85.853 0.000 -0.000 -0.300 0.000 -0.000 -0.000
85.953 0.000 -0.000 -0.300 0.000 -0.000 -0.000
86.054 0.000 -0.000 -0.300 0.000 -0.000 -0.000
86.153 0.000 -0.000 -0.300 0.000 -0.000 -0.000
86.253 0.000 -0.000 -0.300 0.000 -0.000 -0.000
86.353 0.000 -0.000 -0.300 0.000 -0.000 -0.000
86.454 0.000 -0.000 -0.300 0.000 -0.000 -0.000
86.554 0.000 -0.000 -0.300 0.000 -0.000 -0.000
86.653 0.000 -0.000 -0.300 0.000 -0.000 -0.000
86.753 0.000 -0.000 -0.300 0.000 -0.000 -0.000
86.853 0.000 -0.000 -0.300 0.000 -0.000 -0.000
86.953 0.000 -0.000 -0.300 0.000 -0.000 -0.000
87.054 0.000 -0.000 -0.300 0.000 -0.000 -0.000
87.154 0.000 -0.000 -0.300 0.000 -0.000 -0.000
87.257 0.000 -0.000 -0.300 0.000 -0.000 -0.000
87.354 0.000 -0.000 -0.300 0.000 -0.000 -0.000
87.453 0.000 -0.000 -0.300 0.000 -0.000 -0.000
87.553 0.000 -0.000 -0.300 0.000 -0.000 -0.000
87.653 0.000 -0.000 -0.300 0.000 -0.000 -0.000
87.753 0.000 -0.000 -0.300 0.000 -0.000 -0.000
87.853 0.000 -0.000 -0.300 0.000 -0.000 -0.000
87.953 0.000 -0.000 -0.300 0.000 -0.000 -0.000
88.053 0.300 -0.000 -0.300 0.000 -0.000 -0.000
88.153 0.300 -0.000 -0.300 0.000 -0.000 0.068
88.253 0.300 -0.000 0.000 0.000 -0.072 0.300
88.353 0.300 -0.000 0.000 0.000 -0.022 0.122
88.453 0.300 -0.000 0.000 0.000 -0.000 -0.000
88.553 0.300 -0.000 0.000 0.000 -0.000 -0.000
88.654 0.300 -0.000 0.000 0.000 -0.000 -0.000
88.754 0.300 -0.000 0.000 0.000 -0.000 -0.000
88.854 0.300 -0.000 0.000 0.000 -0.000 0.060
88.953 0.300 -0.000 0.000 0.000 -0.048 0.300
89.053 0.300 -0.000 0.000 0.000 -0.010 0.217
89.153 0.300 0.105 0.000 0.000 -0.000 -0.000
89.254 0.000 -0.000 -0.300 0.000 -0.000 -0.000
89.353 0.000 -0.000 -0.300 0.000 -0.000 -0.000
89.453 0.000 -0.000 -0.300 0.000 -0.000 -0.000
89.553 0.000 -0.000 -0.300 0.000 -0.000 -0.000
89.653 0.000 -0.000 -0.300 0.000 -0.000 -0.000
89.753 0.000 -0.000 -0.300 0.000 -0.000 -0.000
89.853 0.000 -0.000 -0.300 0.000 -0.000 -0.000
89.953 0.300 -0.000 -0.300 0.000 -0.000 -0.000
90.053 0.300 -0.000 -0.300 0.000 -0.000 -0.300
90.153 0.300 -0.000 -0.300 0.000 -0.000 -0.300
90.253 0.300 -0.000 0.000 0.000 -0.000 -0.300
90.354 0.300 -0.000 0.000 0.000 -0.000 -0.000
90.453 0.300 -0.000 0.000 0.000 -0.000 -0.000
90.553 0.022 -0.000 0.000 0.000 -0.000 -0.000
90.653 0.000 -0.000 0.000 0.000 -0.000 -0.225
90.754 0.000 -0.000 0.000 0.000 -0.000 -0.300
90.853 0.000 -0.000 0.000 0.000 -0.000 -0.300
90.953 0.000 -0.000 0.000 0.000 -0.000 -0.000
91.053 0.000 -0.000 0.000 0.000 -0.000 -0.000
91.153 0.085 -0.128 0.000 0.000 -0.000 -0.000
91.253 0.300 -0.230 0.000 0.000 -0.000 -0.000
91.353 0.300 -0.000 0.000 0.000 -0.000 -0.000
91.453 0.300 -0.000 0.000 0.000 -0.000 -0.000
91.553 0.300 0.060 0.000 0.000 -0.000 -0.000
91.653 0.300 0.105 0.000 0.000 -0.000 -0.000
91.754 0.300 0.258 0.000 0.000 -0.000 -0.000
91.853 0.300 0.300 -0.300 0.000 -0.000 -0.000
91.954 0.300 0.300 -0.300 0.000 -0.000 -0.000
92.053 0.300 0.300 -0.300 0.000 -0.000 -0.000
92.154 0.300 0.300 -0.300 0.000 -0.000 -0.000
92.253 0.290 0.300 -0.300 0.000 -0.000 -0.000
92.353 0.147 0.300 -0.300 0.000 -0.000 -0.000
92.453 0.000 0.300 -0.300 0.000 -0.000 -0.000
92.553 0.000 0.300 -0.300 0.000 -0.000 -0.000
92.653 0.000 0.300 -0.300 0.000 -0.000 -0.000
92.753 0.000 0.300 -0.300 0.000 -0.000 -0.000
92.853 0.000 0.300 -0.300 0.000 -0.000 -0.000
92.953 0.000 0.300 -0.300 0.000 -0.000 -0.000
93.053 -0.105 0.300 0.000 0.000 -0.000 -0.000
93.154 -0.147 0.300 0.000 0.000 -0.000 -0.000
93.253 -0.147 0.300 0.000 0.000 -0.000 -0.000
93.353 0.000 0.300 0.000 0.000 -0.000 -0.000
93.453 0.000 0.300 0.000 0.000 -0.000 -0.000
93.554 0.000 -0.000 0.000 0.000 -0.000 -0.000
93.653 0.000 -0.000 0.000 0.000 -0.000 -0.000
93.754 0.000 -0.000 -0.300 0.000 -0.000 -0.000
93.853 0.000 -0.000 -0.300 0.000 -0.000 -0.000
93.954 0.000 -0.000 -0.300 0.000 -0.000 -0.000
94.053 0.000 -0.000 -0.300 0.000 -0.000 -0.000
94.153 0.000 0.300 -0.300 0.000 -0.000 -0.000
94.253 0.000 0.300 -0.300 0.000 -0.000 -0.000
94.353 0.000 0.300 -0.300 0.000 -0.000 -0.000
94.453 0.000 0.300 0.000 0.000 -0.000 -0.000
94.553 0.077 0.300 0.000 0.000 -0.000 -0.000
94.653 0.158 0.300 0.000 0.000 -0.000 -0.000
94.753 0.000 -0.000 0.000 0.000 -0.000 -0.000
94.853 0.000 -0.000 -0.300 0.000 -0.000 -0.000
94.953 0.000 -0.000 -0.300 0.000 -0.000 -0.000
95.053 0.000 -0.000 0.000 0.000 -0.000 -0.000
95.153 0.000 -0.000 0.000 0.000 -0.000 -0.000
95.254 0.000 -0.000 0.000 0.000 -0.000 -0.000
95.354 0.060 0.005 0.000 0.000 -0.000 -0.000
95.453 0.300 0.300 0.000 0.000 -0.000 -0.000
95.553 0.300 0.300 0.000 0.000 -0.000 -0.005
95.653 0.000 -0.000 0.000 0.000 -0.000 -0.300
95.753 0.000 -0.000 0.000 0.000 -0.000 -0.000
95.853 0.135 -0.000 0.000 0.000 -0.000 -0.000
95.953 0.300 -0.000 0.000 0.000 -0.000 -0.000
96.053 0.300 -0.000 0.000 0.000 -0.000 -0.000
96.153 0.000 -0.000 0.000 0.000 -0.000 -0.000
96.253 0.000 -0.000 0.000 0.000 -0.000 -0.000
96.354 0.000 -0.000 0.000 0.000 -0.000 -0.000
96.454 0.000 -0.000 0.000 0.000 -0.000 -0.000
96.554 0.000 -0.000 0.000 0.000 -0.000 -0.000
96.653 0.000 -0.000 0.000 0.000 -0.000 -0.000
96.753 0.000 -0.000 -0.300 0.000 -0.000 -0.000
96.853 0.000 -0.000 -0.300 0.000 -0.000 -0.000
96.954 0.000 -0.000 -0.300 0.000 -0.000 -0.000
97.054 0.000 -0.000 -0.300 0.000 -0.000 -0.000
97.153 0.000 -0.000 -0.300 0.000 -0.000 -0.000
97.254 0.000 -0.000 -0.300 0.000 -0.000 -0.000
97.353 0.000 -0.000 -0.300 0.000 -0.000 -0.000
97.455 0.000 -0.000 -0.300 0.000 -0.000 -0.000
97.554 0.000 -0.000 -0.300 0.000 -0.000 -0.068
97.653 0.300 -0.000 0.000 0.000 -0.000 -0.140
97.753 0.300 -0.000 0.000 0.000 -0.000 -0.152
97.853 0.300 -0.000 0.000 0.000 -0.000 -0.258
97.953 0.300 -0.000 0.000 0.000 -0.000 -0.005
98.053 0.300 -0.000 0.000 0.000 -0.000 -0.000
98.154 0.300 -0.000 0.000 0.000 -0.000 -0.300
98.253 0.300 -0.000 0.000 0.000 -0.000 -0.300
98.355 0.128 -0.000 0.000 0.000 -0.000 -0.000
98.453 0.000 -0.000 -0.300 0.000 -0.000 -0.000
98.553 0.000 -0.000 -0.300 0.000 -0.000 -0.000
98.653 0.000 -0.000 -0.300 0.000 -0.000 -0.000
98.753 0.000 -0.000 -0.300 0.000 -0.000 -0.000
98.853 0.000 -0.000 -0.300 0.000 -0.000 -0.000
98.953 0.000 -0.000 -0.300 0.000 -0.000 -0.000
99.054 0.000 -0.000 -0.300 0.000 -0.000 -0.000
99.154 0.000 -0.000 0.000 0.000 -0.000 -0.000
99.254 0.000 -0.000 0.000 0.000 -0.000 -0.000
99.353 0.000 -0.000 0.000 0.000 -0.000 -0.000
99.454 0.000 -0.000 0.000 0.000 -0.000 0.115
99.555 0.105 -0.000 0.000 0.000 -0.028 0.263
99.653 0.300 -0.000 0.000 0.000 -0.000 -0.000
99.753 0.300 -0.000 0.000 0.000 -0.000 -0.000
99.854 0.000 -0.000 0.000 0.000 -0.000 -0.000
99.956 0.000 -0.000 -0.300 0.000 -0.000 -0.000
100.053 0.000 -0.000 -0.300 0.000 -0.000 -0.000
100.153 0.000 -0.000 -0.300 0.000 -0.000 -0.000
100.254 0.000 -0.000 -0.300 0.000 -0.000 -0.000
100.354 0.000 -0.000 -0.300 0.000 -0.000 0.035
100.453 0.000 -0.000 0.000 0.000 -0.000 0.300
100.553 0.000 -0.000 0.000 0.000 -0.000 0.280
100.654 0.000 0.060 0.000 0.000 -0.000 -0.000
100.753 0.000 0.300 0.000 0.000 -0.000 -0.000
100.854 0.000 0.253 0.000 0.000 -0.000 -0.000
100.953 0.000 -0.000 0.000 0.000 -0.000 -0.000
101.053 0.000 -0.000 0.000 0.000 -0.000 0.003
101.154 0.000 -0.000 0.000 0.000 -0.000 0.300
101.253 0.000 -0.000 0.000 0.000 -0.000 0.300
101.353 0.000 -0.000 0.000 0.000 -0.000 -0.000
101.453 0.300 -0.000 0.000 0.000 -0.000 -0.000
101.553 0.300 -0.000 0.000 0.000 -0.000 -0.000
101.653 0.300 -0.000 0.000 0.000 -0.000 -0.000
101.754 0.000 -0.000 0.000 0.000 -0.000 -0.000
101.854 0.000 -0.000 -0.300 0.000 -0.000 -0.000
101.953 0.000 -0.000 -0.300 0.000 -0.000 -0.000
102.053 0.000 -0.000 -0.300 0.000 -0.000 -0.000
102.154 0.000 -0.000 0.000 0.000 -0.000 -0.000
102.256 0.000 -0.000 0.000 0.000 -0.000 -0.000
102.354 0.000 -0.000 0.000 0.000 -0.000 -0.000
102.455 0.000 -0.000 -0.300 0.000 -0.000 -0.000
102.555 0.000 -0.000 -0.300 0.000 -0.000 -0.000
102.653 0.000 -0.000 -0.300 0.000 -0.000 -0.000
102.753 0.000 -0.000 0.000 0.000 -0.000 -0.000
102.853 0.000 -0.000 0.000 0.000 -0.000 -0.000
102.953 0.000 -0.000 -0.300 0.000 -0.000 -0.000
103.053 0.010 -0.000 -0.300 0.000 -0.000 -0.000
103.153 0.300 -0.000 0.000 0.000 -0.000 -0.000
103.253 0.300 -0.000 0.000 0.000 -0.000 -0.000
103.353 0.220 -0.000 0.000 0.000 -0.000 -0.000
103.453 0.000 -0.000 0.000 0.000 -0.000 -0.000
103.553 0.000 -0.000 0.000 0.000 -0.000 -0.000
103.653 0.300 -0.253 0.000 0.000 -0.000 -0.000
103.754 0.300 -0.273 0.000 0.000 -0.000 -0.000
103.853 0.300 -0.140 0.000 0.000 -0.000 -0.000
103.954 0.000 -0.000 0.000 0.000 -0.000 -0.000
104.053 0.000 -0.000 -0.300 0.000 -0.000 -0.000
104.153 0.000 -0.000 -0.300 0.000 -0.000 -0.000
104.253 0.000 -0.000 -0.300 0.000 -0.000 -0.000
104.353 0.000 -0.000 -0.300 0.000 -0.000 -0.000
104.453 0.000 -0.000 -0.300 0.000 -0.000 -0.000
104.553 0.000 -0.000 0.000 0.000 -0.000 -0.000
104.653 0.000 -0.000 0.000 0.000 -0.000 -0.000
104.754 0.000 -0.000 0.000 0.000 -0.000 -0.000
104.853 0.000 -0.000 0.000 0.000 -0.000 -0.000
104.954 0.000 -0.000 0.000 0.000 -0.000 -0.000
105.053 0.000 -0.000 0.000 0.000 -0.000 -0.000
105.153 0.000 -0.000 -0.300 0.000 -0.000 -0.000
105.253 0.000 -0.000 -0.300 0.000 -0.000 -0.000
105.353 0.000 -0.000 0.000 0.000 -0.000 -0.000
105.454 0.000 -0.000 0.000 0.000 -0.000 -0.000
105.553 0.000 -0.000 0.000 0.000 -0.000 -0.000
105.654 0.000 -0.000 0.000 0.000 -0.000 -0.000
105.753 0.000 -0.000 0.000 0.000 -0.000 -0.000
105.853 0.000 -0.000 0.000 0.000 -0.000 -0.000
105.953 0.000 -0.000 0.000 0.000 -0.000 -0.000
106.053 0.000 -0.000 0.000 0.000 -0.000 -0.000
106.153 0.000 -0.000 0.000 0.000 -0.000 -0.000
106.253 0.000 -0.000 -0.300 0.000 -0.000 -0.000
106.353 0.000 -0.000 -0.300 0.000 -0.000 -0.000
106.457 0.000 -0.000 -0.300 0.000 -0.000 -0.000
106.555 0.000 -0.000 -0.300 0.000 -0.000 -0.000
106.653 0.000 -0.000 -0.300 0.000 -0.000 -0.000
106.753 0.000 -0.000 -0.300 0.000 -0.000 -0.000
106.854 0.000 -0.000 0.000 0.000 -0.000 -0.000
106.954 0.000 -0.000 0.000 0.000 -0.000 -0.000
107.054 0.000 -0.000 0.000 0.000 -0.000 -0.000
107.153 0.000 -0.000 0.000 0.000 -0.000 -0.000
107.255 0.000 -0.000 0.000 0.000 -0.000 -0.000
107.353 0.000 -0.000 0.000 0.000 -0.000 -0.000
107.453 0.000 -0.000 0.000 0.000 -0.000 -0.000
107.553 0.000 -0.000 0.000 0.000 -0.000 -0.000
107.653 0.000 -0.000 0.000 0.000 -0.000 -0.000
107.753 0.000 -0.000 0.000 0.000 -0.000 -0.000
107.853 0.000 -0.000 0.000 0.000 -0.000 -0.000
107.953 0.000 -0.000 0.000 0.000 -0.000 -0.000
108.053 0.000 -0.000 -0.300 0.000 -0.000 -0.000
108.153 0.000 -0.000 -0.300 0.000 -0.000 -0.000
108.253 0.000 -0.000 -0.300 0.000 -0.000 -0.000
108.353 0.000 -0.000 -0.300 0.000 -0.000 -0.000
108.453 0.000 -0.000 -0.300 0.000 -0.000 -0.000
108.554 0.000 -0.000 0.000 0.000 -0.000 -0.000
108.653 0.000 -0.000 0.000 0.000 -0.000 -0.000
108.755 0.000 -0.000 0.000 0.000 -0.000 -0.000
108.854 0.000 -0.000 -0.300 0.000 -0.000 -0.000
108.954 0.000 -0.000 -0.300 0.000 -0.000 -0.000
109.053 0.000 -0.000 -0.300 0.000 -0.000 -0.000
109.153 0.000 -0.000 -0.300 0.000 -0.000 -0.000
109.253 0.000 -0.000 -0.300 0.000 -0.000 -0.000
109.354 0.000 -0.000 -0.300 0.000 -0.000 -0.000
109.453 0.000 -0.000 -0.300 0.000 -0.000 -0.000
109.554 0.000 -0.000 -0.300 0.000 -0.000 -0.000
109.654 0.000 -0.000 -0.300 0.000 -0.000 -0.000
109.754 0.000 -0.000 -0.300 0.000 -0.000 -0.000
109.853 0.000 -0.000 0.000 0.000 -0.000 -0.000
109.953 0.000 -0.000 0.000 0.000 -0.000 -0.000
110.053 0.000 -0.000 0.000 0.000 -0.000 -0.000
110.153 0.000 -0.000 0.000 0.000 -0.000 -0.000
110.253 0.000 -0.000 0.000 0.000 -0.000 -0.000
110.354 0.000 -0.000 -0.300 0.000 -0.000 -0.000
110.454 0.000 -0.000 -0.300 0.000 -0.000 -0.000
110.553 0.000 -0.000 -0.300 0.000 -0.000 -0.000
110.653 0.000 -0.000 -0.300 0.000 -0.000 -0.000
110.753 0.000 -0.000 0.000 0.000 -0.000 -0.000
110.853 0.000 -0.000 0.000 0.000 -0.000 -0.000
110.953 0.000 -0.000 0.000 0.000 -0.000 -0.000
111.053 0.000 -0.000 -0.300 0.000 -0.000 -0.000
111.153 0.000 -0.000 -0.300 0.000 -0.000 -0.000
111.253 0.000 -0.000 -0.300 0.000 -0.000 -0.000
111.353 0.000 -0.000 0.000 0.000 -0.000 -0.000
111.453 0.000 -0.000 0.000 0.000 -0.000 -0.000
111.553 0.000 -0.000 0.000 0.000 -0.000 -0.000
111.653 0.000 -0.000 0.000 0.000 -0.000 -0.000
111.754 0.000 -0.000 0.000 0.000 -0.000 -0.000
111.853 0.000 -0.000 -0.300 0.000 -0.000 -0.000
111.953 0.000 -0.000 -0.300 0.000 -0.000 -0.000
112.054 0.000 -0.000 0.000 0.000 -0.000 -0.000
112.153 0.000 -0.000 0.000 0.000 -0.000 -0.000
112.253 0.000 -0.000 0.000 0.000 -0.000 -0.000
112.353 0.000 -0.000 0.000 0.000 -0.000 -0.000
112.453 0.000 -0.000 0.000 0.000 -0.000 -0.000
112.554 0.000 -0.000 0.000 0.000 -0.000 -0.000
112.654 0.000 -0.000 0.000 0.000 -0.000 -0.000
112.753 0.000 -0.000 0.000 0.000 -0.000 -0.000
112.862 0.000 -0.000 0.000 0.000 -0.000 -0.000
112.953 0.000 -0.000 0.000 0.000 -0.000 -0.000
113.053 0.000 -0.000 0.000 0.000 -0.000 -0.000
113.153 0.000 -0.000 0.000 0.000 -0.000 -0.000
113.253 0.000 -0.000 0.000 0.000 -0.000 -0.000
113.353 0.000 -0.000 0.000 0.000 -0.000 -0.000
113.453 0.000 -0.000 0.000 0.000 -0.000 -0.000
113.555 0.000 -0.000 0.000 0.000 -0.000 -0.000
113.653 0.000 -0.000 0.000 0.000 -0.000 -0.000
113.753 0.000 -0.000 0.000 0.000 -0.000 -0.000
113.854 0.000 -0.000 0.000 0.000 -0.000 -0.000
113.953 0.000 -0.000 0.000 0.000 -0.000 -0.000
114.053 0.000 -0.000 0.000 0.000 -0.000 -0.000
114.153 0.000 -0.000 0.000 0.000 -0.000 -0.000
114.253 0.000 -0.000 0.000 0.000 -0.000 -0.000
114.354 0.000 -0.000 0.000 0.000 -0.000 -0.000
114.453 0.000 -0.000 0.000 0.000 -0.000 -0.000
114.553 0.000 -0.000 0.000 0.000 -0.000 -0.000
114.653 0.000 -0.000 0.000 0.000 -0.000 -0.000
114.753 0.000 -0.000 0.000 0.000 -0.000 -0.000
114.853 0.000 -0.000 0.000 0.000 -0.000 -0.000
114.953 0.000 -0.000 0.000 0.000 -0.000 -0.000
115.053 0.000 -0.000 0.000 0.000 -0.000 -0.000
115.153 0.000 -0.000 0.000 0.000 -0.000 -0.000
115.253 0.000 -0.000 0.000 0.000 -0.000 -0.000
115.354 0.000 -0.000 0.000 0.000 -0.000 -0.000
115.454 0.000 -0.000 0.000 0.000 -0.000 -0.000
115.555 0.000 -0.000 0.000 0.000 -0.000 -0.000
115.654 0.000 -0.000 0.000 0.000 -0.000 -0.000
115.753 0.000 -0.000 0.000 0.000 -0.000 -0.000
115.855 0.000 -0.000 0.000 0.000 -0.000 -0.000
115.957 0.000 -0.000 0.000 0.000 -0.000 -0.000
116.053 0.000 -0.000 0.000 0.000 -0.000 -0.000
116.157 0.000 -0.000 0.000 0.000 -0.000 -0.000
116.254 0.000 -0.000 0.000 0.000 -0.000 -0.000
116.354 0.000 -0.000 0.000 0.000 -0.000 -0.000
116.453 0.000 -0.000 0.000 0.000 -0.000 -0.000
116.556 0.000 -0.000 0.000 0.000 -0.000 -0.000
116.654 0.000 -0.000 0.000 0.000 -0.000 -0.000
116.753 0.000 -0.000 0.000 0.000 -0.000 -0.000
116.853 0.000 -0.000 0.000 0.000 -0.000 -0.000
116.953 0.000 -0.000 0.000 0.000 -0.000 -0.000
117.053 0.000 -0.000 0.000 0.000 -0.000 -0.000
117.153 0.000 -0.000 0.000 0.000 -0.000 -0.000
117.253 0.000 -0.000 0.000 0.000 -0.000 -0.000
117.353 0.000 -0.000 0.000 0.000 -0.000 -0.000
117.453 0.000 -0.000 0.000 0.000 -0.000 -0.000
117.554 0.000 -0.000 0.000 0.000 -0.000 -0.000
117.653 0.000 -0.000 0.000 0.000 -0.000 -0.000
117.754 0.000 -0.000 0.000 0.000 -0.000 -0.000
117.853 0.000 -0.000 0.000 0.000 -0.000 -0.000
117.953 0.000 -0.000 0.000 0.000 -0.000 -0.000
118.053 0.000 -0.000 0.000 0.000 -0.000 -0.000
118.153 0.000 -0.000 0.000 0.000 -0.000 -0.000
118.253 0.000 -0.000 0.000 0.000 -0.000 -0.000
118.354 0.000 -0.000 0.000 0.000 -0.000 -0.000
118.453 0.000 -0.000 0.000 0.000 -0.000 -0.000
118.554 0.000 -0.000 0.000 0.000 -0.000 -0.000
118.653 0.000 -0.000 0.000 0.000 -0.000 -0.000
118.753 0.000 -0.000 0.000 0.000 -0.000 -0.000
118.854 0.000 -0.000 0.000 0.000 -0.000 -0.000
118.954 0.000 -0.000 0.000 0.000 -0.000 -0.000
119.054 0.000 -0.000 0.000 0.000 -0.000 -0.000
119.154 0.000 -0.000 0.000 0.000 -0.000 -0.000
119.254 0.000 -0.000 0.000 0.000 -0.000 -0.000
119.353 0.000 -0.000 0.000 0.000 -0.000 -0.000
119.455 0.000 -0.000 0.000 0.000 -0.000 -0.000
119.553 0.000 -0.000 0.000 0.000 -0.000 -0.000
119.654 0.000 -0.000 0.000 0.000 -0.000 -0.000
119.753 0.000 -0.000 0.000 0.000 -0.000 -0.000
119.859 0.000 -0.000 0.000 0.000 -0.000 -0.000
119.955 0.000 -0.000 0.000 0.000 -0.000 -0.000
120.053 0.000 -0.000 0.000 0.000 -0.000 -0.000
120.156 0.000 -0.000 0.000 0.000 -0.000 -0.000
120.253 0.000 -0.000 0.000 0.000 -0.000 -0.000
120.353 0.000 -0.000 0.000 0.000 -0.000 -0.000
120.453 0.000 -0.000 0.000 0.000 -0.000 -0.000
120.554 0.000 -0.000 0.000 0.000 -0.000 -0.000
120.655 0.000 -0.000 0.000 0.000 -0.000 -0.000
120.754 0.000 -0.000 0.000 0.000 -0.000 -0.000
120.853 0.000 -0.000 0.000 0.000 -0.000 -0.000
120.953 0.000 -0.000 0.000 0.000 -0.000 -0.000
121.053 0.000 -0.000 0.000 0.000 -0.000 -0.000
121.154 0.000 -0.000 0.000 0.000 -0.000 -0.000
121.253 0.000 -0.000 0.000 0.000 -0.000 -0.000
121.354 0.000 -0.000 0.000 0.000 -0.000 -0.000
121.453 0.000 -0.000 0.000 0.000 -0.000 -0.000
121.553 0.000 -0.000 0.000 0.000 -0.000 -0.000
121.655 0.000 -0.000 0.000 0.000 -0.000 -0.000
121.754 0.000 -0.000 0.000 0.000 -0.000 -0.000
121.853 0.000 -0.000 0.000 0.000 -0.000 -0.000
121.957 0.000 -0.000 0.000 0.000 -0.000 -0.000
122.053 0.000 -0.000 -0.300 0.000 -0.000 -0.000
122.153 0.000 -0.000 -0.300 0.000 -0.000 -0.000
122.255 0.000 -0.000 -0.300 0.000 -0.000 -0.000
122.357 0.000 -0.000 -0.300 0.000 -0.000 -0.000
122.453 0.000 -0.000 -0.300 0.000 -0.000 -0.000
122.553 0.000 -0.000 -0.300 0.000 -0.000 -0.000
122.653 0.000 -0.000 -0.300 0.000 -0.000 -0.000
122.753 0.000 -0.000 -0.300 0.000 -0.000 0.035
122.853 0.000 -0.000 -0.300 0.000 -0.000 0.300
122.953 0.000 -0.000 -0.300 0.000 -0.000 0.180
123.053 0.000 -0.000 -0.300 -0.300 -0.000 -0.000
123.153 0.000 -0.000 -0.300 0.000 -0.000 -0.000
123.253 0.000 -0.000 -0.300 0.000 -0.000 0.300
123.353 0.000 -0.000 -0.300 0.000 -0.000 0.300
123.453 0.000 -0.000 -0.300 0.000 -0.000 0.085
123.553 0.000 -0.000 -0.300 0.000 -0.000 -0.000
123.653 0.300 -0.000 -0.300 0.000 -0.000 -0.000
123.753 0.300 -0.000 -0.300 0.000 -0.000 -0.000
123.853 0.300 -0.000 -0.300 0.000 -0.000 -0.000
123.953 0.300 -0.000 -0.300 0.000 -0.000 -0.000
124.053 0.300 0.102 -0.300 0.000 -0.000 -0.000
124.154 0.300 0.300 -0.300 0.000 -0.000 -0.000
124.253 0.300 0.300 -0.300 0.000 -0.000 -0.000
124.353 0.285 0.300 -0.300 0.000 -0.000 -0.000
124.453 0.040 0.300 -0.300 0.000 -0.000 -0.000
124.554 0.028 0.300 -0.300 0.000 -0.000 -0.000
124.653 0.128 0.300 -0.300 0.000 -0.000 -0.000
124.754 0.203 0.300 -0.300 0.000 -0.000 -0.000
124.854 0.212 0.300 -0.300 0.000 -0.000 -0.000
124.954 0.253 0.300 -0.300 0.000 -0.000 0.235
125.054 0.300 0.300 -0.300 0.000 -0.000 0.300
125.153 0.300 0.300 -0.300 0.000 -0.000 0.280
125.253 0.300 0.300 -0.300 0.000 -0.000 0.003
125.353 0.300 0.300 -0.300 0.000 -0.000 -0.000
125.454 0.092 0.098 -0.300 0.000 -0.000 -0.000
125.557 0.000 -0.000 0.000 0.000 -0.000 -0.000
125.653 0.000 -0.000 0.000 0.000 -0.000 -0.000
125.753 0.000 -0.000 -0.300 0.000 -0.000 -0.000
125.853 0.000 -0.000 -0.300 0.000 -0.000 -0.000
125.953 0.000 -0.000 -0.300 0.000 -0.000 -0.000
126.053 0.000 -0.000 -0.300 0.000 -0.000 -0.000
126.153 0.000 -0.000 -0.300 0.000 -0.000 -0.000
126.253 -0.072 -0.000 -0.300 0.000 -0.000 -0.000
126.354 -0.300 -0.000 -0.300 0.000 -0.000 -0.000
126.455 -0.300 -0.000 -0.300 0.000 -0.000 -0.000
126.553 -0.300 -0.000 -0.300 0.000 -0.000 -0.000
126.653 -0.300 -0.000 -0.300 0.000 -0.000 -0.000
126.753 -0.300 -0.000 -0.300 0.000 -0.000 -0.000
126.869 -0.300 -0.000 -0.300 0.000 -0.000 -0.000
126.953 -0.300 -0.000 -0.300 0.000 -0.000 -0.000
127.056 -0.300 -0.000 -0.300 0.000 -0.000 -0.000
127.153 -0.300 -0.000 -0.300 0.000 -0.000 -0.000
127.253 0.000 -0.000 -0.300 0.000 -0.000 -0.000
127.353 0.000 -0.000 -0.300 0.000 -0.000 -0.000
127.453 0.000 -0.000 -0.300 0.000 -0.000 -0.000
127.553 0.000 -0.000 -0.300 0.000 -0.000 -0.000
127.654 0.000 -0.000 -0.300 0.000 -0.000 -0.000
127.753 0.000 -0.000 -0.300 0.000 -0.000 -0.000
127.853 0.000 -0.000 -0.300 0.000 -0.000 -0.000
127.953 0.072 -0.000 -0.300 0.000 -0.000 -0.000
128.054 0.300 -0.000 -0.300 0.000 -0.000 -0.000
128.154 0.300 -0.000 -0.300 0.000 -0.000 -0.000
128.253 0.300 -0.000 0.000 0.000 -0.000 -0.000
128.353 0.300 -0.000 0.000 0.000 -0.000 -0.000
128.454 0.000 -0.000 0.000 0.000 -0.000 -0.000
128.553 0.000 -0.000 -0.300 0.000 -0.000 -0.000
128.653 0.000 -0.000 -0.300 0.000 -0.000 -0.000
128.754 0.000 -0.000 -0.300 0.000 -0.000 -0.000
128.855 0.000 -0.000 -0.300 0.000 -0.000 -0.000
128.954 0.000 -0.000 -0.300 0.000 -0.000 -0.000
129.054 0.000 -0.000 -0.300 0.000 -0.000 -0.000
129.154 0.110 -0.000 -0.300 0.000 -0.000 -0.000
129.253 0.000 -0.000 0.000 0.000 -0.000 -0.000
129.353 0.000 -0.000 0.000 0.000 -0.000 -0.000
129.454 0.000 -0.000 0.000 0.000 -0.000 -0.000
129.555 0.000 -0.000 -0.300 0.000 -0.000 -0.000
129.653 0.000 -0.000 -0.300 0.000 -0.000 -0.000
129.755 0.000 -0.000 -0.300 0.000 -0.000 -0.000
129.855 0.000 -0.000 0.000 0.000 -0.000 -0.000
129.954 0.000 -0.000 0.000 0.000 -0.000 -0.000
130.054 0.000 -0.000 0.000 0.000 -0.000 -0.000
130.154 0.000 -0.000 -0.300 0.000 -0.000 -0.000
130.253 0.000 -0.000 -0.300 0.000 -0.000 -0.000
130.354 0.000 -0.000 -0.300 0.000 -0.000 -0.000
130.453 0.000 -0.000 0.000 0.000 -0.000 -0.000
130.553 0.000 -0.000 0.000 0.000 -0.000 -0.000
130.959 0.007 -0.007 -0.065 0.000 -0.000 -0.000
131.128 0.005 -0.007 -0.075 0.000 -0.000 -0.000
131.254 0.005 -0.007 -0.083 0.000 -0.000 -0.000
131.359 0.007 -0.007 -0.090 0.000 -0.000 -0.000
131.461 0.007 -0.007 -0.095 0.000 -0.000 -0.000
131.581 0.007 -0.007 -0.098 0.000 -0.000 -0.000
131.695 0.007 -0.007 -0.100 0.000 -0.000 -0.000
131.785 0.010 -0.007 -0.105 0.000 -0.000 -0.000
131.877 0.010 -0.007 -0.107 0.000 -0.000 -0.000
131.991 0.010 -0.005 -0.110 0.000 -0.000 -0.000
132.087 0.010 -0.005 -0.115 0.000 -0.000 -0.000
132.180 0.013 -0.005 -0.117 0.000 -0.000 -0.000
132.256 0.013 -0.005 -0.117 0.000 -0.000 -0.000
132.374 0.013 -0.005 -0.120 0.000 -0.000 -0.000
132.465 0.013 -0.005 -0.122 0.000 -0.000 -0.000
132.531 0.013 -0.005 -0.122 0.000 -0.000 -0.000
132.623 0.013 -0.005 -0.125 0.000 -0.000 -0.000
132.722 0.013 -0.003 -0.128 0.000 -0.000 -0.000
132.822 0.013 -0.003 -0.128 0.000 -0.000 -0.000
132.906 0.013 -0.003 -0.130 0.000 -0.000 -0.000
132.992 0.013 -0.003 -0.130 0.000 -0.000 -0.000
133.079 0.015 -0.003 -0.128 0.000 -0.000 -0.000
133.176 0.013 -0.003 -0.130 0.000 -0.000 -0.000
133.246 0.013 -0.003 -0.128 0.000 -0.000 -0.000
133.345 0.015 -0.003 -0.130 0.000 -0.000 -0.000
133.444 0.015 -0.000 -0.130 0.000 -0.000 -0.000
133.527 0.015 -0.000 -0.130 0.000 -0.000 -0.000
133.635 0.015 -0.000 -0.130 0.000 -0.000 -0.000
133.730 0.013 -0.000 -0.130 0.000 -0.000 -0.000
133.840 0.013 -0.000 -0.130 0.000 -0.000 -0.000
133.950 0.013 -0.000 -0.130 0.000 -0.000 -0.000
134.020 0.013 -0.000 -0.130 0.000 -0.000 -0.000
134.110 0.013 -0.000 -0.130 0.000 -0.000 -0.000
134.242 0.013 -0.000 -0.128 0.000 -0.000 -0.000
134.302 0.013 -0.000 -0.128 0.000 -0.000 -0.000
134.512 0.010 -0.000 -0.128 0.000 -0.000 -0.000
134.610 0.010 -0.000 -0.128 0.000 -0.000 -0.000
134.653 0.010 -0.000 -0.128 0.000 -0.000 -0.000
134.733 0.010 -0.000 -0.128 0.000 -0.000 -0.000
134.833 0.010 -0.000 -0.128 0.000 -0.000 -0.000
134.929 0.010 -0.000 -0.128 0.000 -0.000 -0.000
135.034 0.010 -0.000 -0.125 0.000 -0.000 -0.000
135.154 0.010 -0.000 -0.128 0.000 -0.000 -0.000
135.236 0.010 -0.000 -0.128 0.000 -0.000 -0.000
135.346 0.010 -0.000 -0.125 0.000 -0.000 -0.000
135.441 0.010 -0.000 -0.125 0.000 -0.000 -0.000
135.547 0.010 -0.000 -0.125 0.000 -0.000 -0.000
135.624 0.010 -0.000 -0.125 0.000 -0.000 -0.000
135.742 0.007 -0.000 -0.125 0.000 -0.000 -0.000
135.835 0.007 -0.000 -0.125 0.000 -0.000 -0.000
135.928 0.007 -0.000 -0.128 0.000 -0.000 -0.000
136.055 0.007 -0.000 -0.130 0.000 -0.000 -0.000
136.150 0.007 -0.000 -0.128 0.000 -0.000 -0.000
136.230 0.007 -0.000 -0.128 0.000 -0.000 -0.000
136.335 0.007 -0.000 -0.125 0.000 -0.000 -0.000
136.428 0.007 -0.000 -0.125 0.000 -0.000 -0.000
136.548 0.007 -0.000 -0.128 0.000 -0.000 -0.000
136.634 0.007 -0.000 -0.128 0.000 -0.000 -0.000
136.736 0.007 -0.000 -0.130 0.000 -0.000 -0.000
136.829 0.007 -0.000 -0.128 0.000 -0.000 -0.000
136.941 0.007 -0.000 -0.128 0.000 -0.000 -0.000
137.035 0.007 -0.000 -0.128 0.000 -0.000 -0.000
137.127 0.007 -0.000 -0.128 0.000 -0.000 -0.000
137.270 0.007 -0.000 -0.128 0.000 -0.000 -0.000
137.356 0.007 -0.000 -0.130 0.000 -0.000 -0.000
137.438 0.007 -0.000 -0.128 0.000 -0.000 -0.000
137.523 0.007 -0.000 -0.128 0.000 -0.000 -0.000
137.625 0.007 -0.000 -0.128 0.000 -0.000 -0.000
137.736 0.007 -0.000 -0.130 0.000 -0.000 -0.000
137.831 0.007 -0.000 -0.128 0.000 -0.000 -0.000
137.933 0.007 -0.000 -0.130 0.000 -0.000 -0.000
138.022 0.007 -0.000 -0.130 0.000 -0.000 -0.000
138.126 0.007 -0.000 -0.130 0.000 -0.000 -0.000
138.225 0.007 -0.000 -0.130 0.000 -0.000 -0.000
138.322 0.005 -0.000 -0.130 0.000 -0.000 -0.000
138.430 0.007 -0.000 -0.128 0.000 -0.000 -0.000
138.541 0.005 -0.000 -0.128 0.000 -0.000 -0.000
138.614 0.005 -0.000 -0.128 0.000 -0.000 -0.000
138.746 0.013 -0.000 -0.125 0.000 -0.000 -0.000
138.909 0.015 -0.000 -0.128 0.000 -0.000 -0.000
139.099 0.015 -0.000 -0.128 0.000 -0.000 -0.000
139.556 0.015 -0.000 -0.128 0.000 -0.000 -0.000
140.726 0.015 -0.000 -0.128 0.000 -0.000 -0.000
141.553 0.015 -0.000 -0.128 0.000 -0.000 -0.000
141.842 0.015 -0.000 -0.128 0.000 -0.000 -0.000
142.778 0.015 -0.000 -0.128 0.000 -0.000 -0.000
142.939 0.015 -0.000 -0.128 0.000 -0.000 -0.000
142.963 0.015 -0.000 -0.133 0.000 -0.000 -0.000
144.113 0.015 -0.000 -0.133 0.000 -0.000 -0.000
144.139 0.015 -0.000 -0.133 0.000 -0.000 -0.000
145.389 0.015 -0.000 -0.133 0.000 -0.000 -0.000
145.419 0.015 -0.000 -0.128 0.000 -0.000 -0.000
145.727 0.015 -0.000 -0.128 0.000 -0.000 -0.000
145.751 0.015 -0.000 -0.128 0.000 -0.000 -0.000
146.202 0.015 -0.000 -0.128 0.000 -0.000 -0.000
146.226 0.015 -0.000 -0.128 0.000 -0.000 -0.000
146.470 0.015 -0.000 -0.128 0.000 -0.000 -0.000
146.495 0.015 -0.000 -0.125 0.000 -0.000 -0.000
147.371 0.015 -0.000 -0.125 0.000 -0.000 -0.000
147.393 0.015 -0.000 -0.128 0.000 -0.000 -0.000
147.990 0.015 -0.000 -0.128 0.000 -0.000 -0.000
148.011 0.015 -0.000 -0.125 0.000 -0.000 -0.000
148.288 0.015 -0.000 -0.125 0.000 -0.000 -0.000
148.316 0.015 -0.000 -0.130 0.000 -0.000 -0.000
148.712 0.015 -0.000 -0.130 0.000 -0.000 -0.000
148.736 0.015 -0.000 -0.130 0.000 -0.000 -0.000
149.248 0.015 -0.000 -0.130 0.000 -0.000 -0.000
149.274 0.015 -0.000 -0.133 0.000 -0.000 -0.000
149.930 0.015 -0.000 -0.133 0.000 -0.000 -0.000
149.953 0.015 -0.000 -0.130 0.000 -0.000 -0.000
150.680 0.015 -0.000 -0.130 0.000 -0.000 -0.000
150.703 0.015 -0.000 -0.133 0.000 -0.000 -0.000
151.339 0.015 -0.000 -0.133 0.000 -0.000 -0.000
151.363 0.015 -0.000 -0.130 0.000 -0.000 -0.000
151.867 0.015 -0.000 -0.130 0.000 -0.000 -0.000
152.392 0.015 -0.000 -0.130 0.000 -0.000 -0.000
152.415 0.015 -0.000 -0.125 0.000 -0.000 -0.000
153.110 0.015 -0.000 -0.125 0.000 -0.000 -0.000
153.132 0.095 0.018 -0.497 0.000 -0.000 -0.007
153.522 0.095 0.018 -0.497 0.000 -0.000 -0.007
153.546 -0.068 0.013 -0.242 0.000 -0.000 -0.000
153.643 -0.068 0.013 -0.242 0.000 -0.000 -0.000
153.745 -0.068 0.013 -0.242 0.000 -0.000 -0.000
154.392 -0.068 0.013 -0.242 0.000 -0.000 -0.000
154.415 -0.043 0.007 -0.170 0.000 -0.000 -0.000
154.513 -0.043 0.007 -0.170 0.000 -0.000 -0.000
154.616 -0.043 0.007 -0.170 0.000 -0.000 -0.000
154.692 0.000 -0.000 0.000 0.000 -0.000 -0.000
154.792 0.000 -0.000 0.000 0.000 -0.000 -0.000
154.892 0.000 -0.000 0.000 0.000 -0.000 -0.000
154.993 0.000 -0.000 0.000 0.000 -0.000 -0.000
155.092 0.000 -0.000 0.000 0.000 -0.000 -0.000
155.192 0.000 -0.000 0.000 0.000 -0.000 -0.000
155.292 0.000 -0.000 0.000 0.000 -0.000 -0.000
155.392 0.000 -0.000 0.000 0.000 -0.000 -0.000
155.494 0.000 -0.000 0.000 0.000 -0.000 -0.000
155.593 0.000 -0.000 0.000 0.000 -0.000 -0.000
155.693 0.000 -0.000 0.000 0.000 -0.000 -0.000
155.794 0.000 -0.000 0.000 0.000 -0.000 -0.000
155.893 0.000 -0.000 0.000 0.000 -0.000 -0.000
155.992 0.000 -0.000 0.000 0.000 -0.000 -0.000
156.093 0.000 -0.000 0.300 0.000 -0.000 -0.000
156.192 0.000 -0.000 0.300 0.000 -0.000 -0.000
156.293 0.000 -0.000 0.300 0.000 -0.000 -0.000
156.392 0.000 -0.000 0.300 0.000 -0.000 -0.000
156.493 0.000 -0.000 0.300 0.000 -0.000 -0.000
156.593 0.000 -0.000 0.300 0.000 -0.000 -0.000
156.693 0.000 -0.000 0.300 0.000 -0.000 -0.000
156.793 0.000 -0.000 0.300 0.000 -0.000 -0.000
156.893 0.000 -0.000 0.300 0.000 -0.000 -0.000
156.995 0.000 -0.000 0.300 0.000 -0.000 -0.000
157.093 0.000 -0.000 0.300 0.000 -0.000 -0.000
157.193 0.000 -0.000 0.300 0.000 -0.000 -0.000
157.293 0.000 -0.000 0.000 0.000 -0.000 -0.000
157.394 0.000 -0.000 0.300 0.000 -0.000 -0.000
157.493 0.000 -0.000 0.300 0.000 -0.000 -0.000
157.594 0.000 -0.000 0.300 0.000 -0.000 -0.000
157.693 0.000 -0.000 0.300 0.000 -0.000 -0.000
157.793 0.000 -0.000 0.300 0.000 -0.000 -0.000
157.893 0.000 -0.000 0.000 0.000 -0.000 -0.000
157.993 0.000 -0.000 -0.300 0.000 -0.000 -0.000
158.093 0.000 -0.000 -0.300 0.000 -0.000 -0.000
158.193 0.000 -0.000 -0.300 0.000 -0.000 -0.000
158.293 0.000 -0.000 -0.300 0.000 -0.000 -0.000
158.395 0.000 -0.000 0.000 0.000 -0.000 -0.000
158.493 0.000 -0.000 -0.300 0.000 -0.000 -0.000
158.594 0.000 -0.000 -0.300 0.000 -0.000 -0.000
158.693 0.000 -0.000 -0.300 0.000 -0.000 -0.000
158.793 0.000 -0.000 0.000 0.000 -0.000 -0.000
158.893 0.000 -0.000 -0.300 0.000 -0.000 -0.000
158.993 0.000 -0.000 -0.300 0.000 -0.000 -0.000
159.093 0.000 -0.000 0.000 0.000 -0.000 -0.000
159.193 0.000 -0.000 -0.300 0.000 -0.000 -0.000
159.293 0.000 -0.000 -0.300 0.000 -0.000 -0.000
159.393 0.000 -0.000 0.000 0.000 -0.000 -0.000
159.493 0.000 -0.000 -0.300 0.000 -0.000 -0.000
159.593 0.000 -0.000 -0.300 0.000 -0.000 -0.000
159.693 0.000 -0.000 0.000 0.000 -0.000 -0.000
159.793 0.000 -0.000 0.000 0.000 -0.000 -0.000
159.893 0.000 -0.000 0.000 0.000 -0.000 -0.000
159.993 0.000 -0.000 0.000 0.000 -0.000 -0.000
160.093 0.000 -0.000 0.000 0.000 -0.000 -0.000
160.193 0.000 -0.000 0.000 0.000 -0.000 -0.000
160.293 0.000 -0.000 0.000 0.000 -0.000 -0.000
160.393 0.000 -0.000 0.000 0.000 -0.000 -0.000
160.493 0.000 -0.000 0.000 0.000 -0.000 -0.000
160.593 0.000 -0.000 0.000 0.000 -0.000 -0.000
160.693 0.000 -0.000 0.000 0.000 -0.000 -0.000
160.797 0.000 -0.000 0.000 0.000 -0.000 -0.000
160.893 0.000 -0.000 0.300 0.000 -0.000 -0.000
160.992 0.000 -0.000 0.300 0.000 -0.000 -0.000
161.095 0.000 -0.000 0.000 0.000 -0.000 -0.000
161.193 0.000 -0.000 0.000 0.000 -0.000 -0.000
161.292 0.000 -0.000 0.000 0.000 -0.000 -0.000
161.393 0.300 -0.000 0.000 0.000 -0.000 -0.000
161.493 0.300 -0.000 0.000 0.000 -0.000 -0.000
161.593 0.300 -0.000 0.000 0.000 -0.000 -0.000
161.693 0.300 -0.000 0.000 0.000 -0.000 -0.000
161.794 0.240 -0.000 0.000 0.000 -0.000 -0.000
161.893 0.000 -0.000 0.000 0.000 -0.000 -0.000
161.993 0.000 -0.000 0.000 0.000 -0.000 -0.000
162.093 0.000 -0.000 0.000 0.000 -0.000 -0.000
162.193 0.000 -0.000 0.000 0.000 -0.000 -0.000
162.293 0.000 -0.000 0.000 0.000 -0.000 -0.000
162.393 0.000 -0.000 0.000 0.000 -0.000 -0.000
162.493 0.000 -0.000 0.000 0.000 -0.000 -0.000
162.593 0.000 -0.000 0.000 0.000 -0.000 -0.000
162.693 0.000 -0.000 0.000 0.000 -0.000 -0.000
162.793 0.000 -0.000 0.000 0.000 -0.000 -0.000
162.894 0.000 -0.000 0.000 0.000 -0.000 -0.000
162.993 0.000 -0.000 0.000 0.000 -0.000 -0.000
163.093 0.000 -0.000 0.000 0.000 -0.000 -0.000
163.192 0.000 -0.000 0.000 0.000 -0.000 -0.000
163.293 0.000 -0.000 0.000 0.000 -0.000 -0.000
163.393 0.000 -0.000 0.000 0.000 -0.000 -0.000
163.493 0.000 -0.000 0.000 0.000 -0.000 -0.000
163.593 0.000 -0.000 -0.300 0.000 -0.000 -0.000
163.693 0.000 -0.000 -0.300 0.000 -0.000 -0.000
163.792 0.000 -0.000 -0.300 0.000 -0.000 -0.000
163.893 0.000 -0.000 -0.300 0.000 -0.000 -0.000
163.992 0.000 -0.000 -0.300 0.000 -0.000 -0.000
164.093 0.000 -0.000 -0.300 0.000 -0.000 -0.000
164.193 0.000 -0.000 -0.300 0.000 -0.000 -0.000
164.296 0.000 -0.000 -0.300 0.000 -0.000 -0.000
164.393 0.000 -0.000 -0.300 0.000 -0.000 -0.000
164.493 0.000 -0.000 -0.300 0.000 -0.000 -0.000
164.593 0.000 -0.000 -0.300 0.000 -0.000 -0.000
164.693 0.000 -0.000 -0.300 0.000 -0.000 -0.000
164.793 0.000 -0.000 -0.300 0.000 -0.000 -0.000
164.893 0.000 -0.000 -0.300 0.000 -0.000 -0.000
164.993 0.000 -0.000 -0.300 0.000 -0.000 -0.000
165.093 0.000 -0.000 -0.300 0.000 -0.000 -0.000
165.192 0.000 -0.000 0.000 0.000 -0.000 -0.000
165.294 0.000 -0.000 -0.300 0.000 -0.000 -0.000
165.393 0.000 -0.000 -0.300 0.000 -0.000 -0.000
165.493 0.000 -0.000 -0.300 0.000 -0.000 -0.000
165.593 0.000 -0.000 0.000 0.000 -0.000 -0.000
165.692 0.000 -0.000 0.000 0.000 -0.000 -0.000
165.793 0.000 -0.000 0.000 0.000 -0.000 -0.000
165.893 0.000 -0.000 0.000 0.000 -0.000 -0.000
165.993 0.000 -0.000 0.000 0.000 -0.000 -0.000
166.093 0.000 -0.000 -0.300 0.000 -0.000 -0.000
166.193 0.000 -0.000 0.000 0.000 -0.000 -0.000
166.300 0.000 -0.000 0.000 0.000 -0.000 -0.000
166.393 0.000 -0.000 0.000 0.000 -0.000 -0.000
166.492 0.000 -0.000 0.000 0.000 -0.000 -0.000
166.593 0.000 -0.000 0.000 0.000 -0.000 -0.000
166.693 0.000 -0.000 0.300 0.000 -0.000 -0.000
166.793 0.000 -0.000 0.000 0.000 -0.000 -0.000
166.893 0.000 -0.000 0.000 0.000 -0.000 -0.000
166.993 0.000 -0.000 0.000 0.000 -0.000 -0.000
167.093 0.000 -0.000 0.000 0.000 -0.000 -0.000
167.193 0.000 -0.000 0.000 0.000 -0.000 -0.000
167.293 0.000 -0.000 0.000 0.000 -0.000 -0.000
167.392 0.000 -0.000 -0.300 0.000 -0.000 -0.000
167.493 0.000 -0.000 -0.300 0.000 -0.000 -0.000
167.593 0.000 -0.000 -0.300 0.000 -0.000 -0.000
167.693 0.000 -0.000 -0.300 0.000 -0.000 -0.000
167.793 0.000 -0.000 -0.300 0.000 -0.000 -0.000
167.893 0.000 -0.000 0.000 0.000 -0.000 -0.000
167.993 0.000 -0.000 0.000 0.000 -0.000 -0.000
168.092 0.000 -0.000 -0.300 0.000 -0.000 -0.000
168.193 0.000 -0.000 -0.300 0.000 -0.000 -0.000
168.293 0.000 -0.000 -0.300 0.000 -0.000 -0.000
168.393 0.000 -0.000 0.000 0.000 -0.000 -0.000
168.493 0.000 -0.000 0.000 0.000 -0.000 -0.000
168.597 0.000 -0.000 0.000 0.000 -0.000 -0.000
168.697 0.000 -0.000 0.000 0.000 -0.000 -0.000
168.793 0.000 -0.000 0.000 0.000 -0.000 -0.000
168.892 0.000 -0.000 0.000 0.000 -0.000 -0.000
168.992 0.000 -0.000 0.000 0.000 -0.000 -0.000
169.092 0.000 -0.000 -0.300 0.000 -0.000 -0.000
169.192 0.000 -0.000 -0.300 0.000 -0.000 -0.000
169.293 0.000 -0.000 0.000 0.000 -0.000 -0.000
169.393 0.000 -0.000 0.000 0.000 -0.000 -0.000
169.493 0.000 -0.000 0.000 0.000 -0.000 -0.000
169.592 0.000 -0.000 0.000 0.000 -0.000 -0.000
169.693 0.000 -0.000 0.000 0.000 -0.000 -0.000
169.793 0.000 -0.000 0.000 0.000 -0.000 -0.000
169.893 -0.300 -0.000 0.000 0.000 -0.000 -0.000
169.992 -0.300 -0.000 0.000 0.000 -0.000 -0.000
170.093 -0.300 -0.000 0.000 0.000 -0.000 -0.000
170.193 0.000 -0.000 0.000 0.000 -0.000 -0.000
170.293 0.000 -0.000 0.000 0.000 -0.000 -0.000
170.393 0.000 -0.000 0.000 0.000 -0.000 -0.000
170.493 0.000 -0.000 0.000 0.000 -0.000 -0.000
170.593 0.000 -0.000 0.000 0.000 -0.000 -0.000
170.692 0.000 -0.000 0.000 0.000 -0.000 -0.000
170.793 0.000 -0.000 -0.300 0.000 -0.000 -0.000
170.893 0.000 -0.000 -0.300 0.000 -0.000 -0.000
170.993 0.000 -0.000 0.000 0.000 -0.000 -0.000
171.093 0.000 -0.000 0.000 0.000 -0.000 -0.000
171.193 0.000 -0.000 0.000 0.000 -0.000 -0.000
171.296 0.000 -0.000 0.000 0.000 -0.000 -0.000
171.392 0.000 -0.000 0.000 0.000 -0.000 -0.000
171.492 0.000 -0.000 0.000 0.000 -0.000 -0.000
171.595 -0.300 -0.000 0.000 0.000 -0.000 -0.000
171.693 -0.300 -0.000 0.000 0.000 -0.000 -0.000
171.793 -0.285 -0.000 0.000 0.000 -0.000 -0.000
171.892 0.000 -0.000 0.000 0.000 -0.000 -0.000
171.993 0.000 -0.000 -0.300 0.000 -0.000 -0.000
172.093 0.000 -0.000 -0.300 0.000 -0.000 -0.000
172.193 0.000 -0.000 -0.300 0.000 -0.000 -0.000
172.293 0.000 -0.000 -0.300 0.000 -0.000 -0.000
172.393 0.000 -0.000 -0.300 0.000 -0.000 -0.000
172.493 0.000 -0.000 -0.300 0.000 -0.000 -0.000
172.592 0.000 -0.000 -0.300 0.000 -0.000 -0.000
172.693 0.000 -0.000 0.000 0.000 -0.000 -0.000
172.793 0.000 -0.000 0.000 0.000 -0.000 -0.000
172.893 0.000 -0.000 0.000 0.000 -0.000 -0.000
172.993 0.000 -0.000 0.000 0.000 -0.000 -0.000
173.093 0.000 -0.000 0.000 0.000 -0.000 -0.000
173.193 0.000 -0.000 0.000 0.000 -0.000 -0.000
173.293 0.000 -0.000 -0.300 0.000 -0.000 -0.000
173.393 0.000 -0.000 -0.300 0.000 -0.000 -0.000
173.493 0.000 -0.000 -0.300 0.000 -0.000 -0.000
173.593 0.000 -0.000 -0.300 0.000 -0.000 -0.000
173.693 0.000 -0.000 -0.300 0.000 -0.000 -0.000
173.793 0.000 -0.000 -0.300 0.000 -0.000 -0.000
173.893 0.000 -0.000 -0.300 0.000 -0.000 -0.000
173.993 0.000 -0.000 -0.300 0.000 -0.000 -0.000
174.093 0.000 -0.000 -0.300 0.000 -0.000 -0.000
174.194 0.000 -0.000 -0.300 0.000 -0.000 -0.000
174.293 0.000 -0.000 -0.300 0.000 -0.000 -0.000
174.393 0.000 -0.000 -0.300 0.000 -0.000 -0.000
174.493 0.000 -0.000 0.000 0.000 -0.000 -0.000
174.593 0.000 -0.000 0.000 0.000 -0.000 -0.000
174.693 0.000 -0.000 0.000 0.000 -0.000 -0.000
174.793 0.300 -0.000 0.000 0.000 -0.000 -0.000
174.893 0.300 -0.000 0.000 0.000 -0.000 -0.000
174.993 0.300 -0.000 0.000 0.000 -0.000 -0.000
175.093 0.300 -0.000 0.000 0.000 -0.000 -0.000
175.194 0.300 -0.000 0.000 0.000 -0.000 -0.000
175.293 0.300 -0.000 0.000 0.000 -0.000 -0.000
175.392 0.300 -0.000 0.000 0.000 -0.000 -0.000
175.493 0.135 -0.000 0.000 0.000 -0.000 -0.000
175.593 0.000 -0.000 0.000 0.000 -0.000 -0.000
175.693 0.000 -0.000 0.000 0.000 -0.000 -0.000
175.793 0.000 -0.000 0.000 0.000 -0.000 -0.000
175.893 0.000 -0.000 0.000 0.000 -0.000 -0.000
175.993 0.000 -0.000 0.000 0.000 -0.000 -0.000
176.093 0.000 -0.000 0.000 0.000 -0.000 -0.000
176.193 0.000 -0.000 0.000 0.000 -0.000 -0.000
176.293 0.000 -0.000 0.000 0.000 -0.000 -0.000
176.393 0.000 -0.000 0.000 0.000 -0.000 -0.000
176.493 0.000 -0.000 0.000 0.000 -0.000 -0.000
176.595 0.000 -0.000 0.000 0.000 -0.000 -0.000
176.693 0.000 -0.000 0.000 0.000 -0.000 -0.000
176.792 0.000 -0.000 0.000 0.000 -0.000 -0.000
176.892 0.000 -0.000 0.000 0.000 -0.000 -0.000
176.993 0.000 -0.000 0.000 0.000 -0.000 -0.000
177.092 0.000 -0.000 0.000 0.000 -0.000 -0.000
177.193 0.000 -0.000 0.000 0.000 -0.000 -0.000
177.293 0.000 -0.000 0.000 0.000 -0.000 -0.000
177.394 0.000 -0.000 0.000 0.000 -0.000 -0.000
177.494 0.000 -0.000 0.000 0.000 -0.000 -0.000
177.592 0.000 -0.000 0.000 0.000 -0.000 -0.000
177.693 0.000 -0.000 0.000 0.000 -0.000 -0.000
177.793 0.000 -0.000 0.000 0.000 -0.000 -0.000
177.893 0.000 -0.000 0.000 0.000 -0.000 -0.000
177.993 0.000 -0.000 0.000 0.000 -0.000 -0.000
178.093 0.000 -0.000 0.000 0.000 -0.000 -0.000
178.193 0.000 -0.000 0.000 0.000 -0.000 -0.000
178.293 0.000 -0.000 0.000 0.000 -0.000 -0.000
178.393 0.000 -0.000 0.000 0.000 -0.000 -0.000
178.493 0.000 -0.000 0.000 0.000 -0.000 -0.000
178.593 0.000 -0.000 0.000 0.000 -0.000 -0.000
178.693 0.000 -0.000 0.000 0.000 -0.000 -0.000
178.793 0.000 -0.000 0.000 0.000 -0.000 -0.000
178.893 0.000 -0.000 0.000 0.000 -0.000 -0.000
178.993 0.000 -0.000 0.000 0.000 -0.000 -0.000
179.093 0.000 -0.000 0.000 0.000 -0.000 -0.000
179.193 0.000 -0.000 0.000 0.000 -0.000 -0.000
179.293 0.000 -0.000 0.000 0.000 -0.000 -0.000
179.393 0.000 -0.000 0.000 0.000 -0.000 -0.000
179.493 0.000 -0.000 0.000 0.000 -0.000 -0.000
179.593 0.000 -0.000 0.000 0.000 -0.000 -0.000
179.693 0.000 -0.000 0.000 0.000 -0.000 -0.000
179.793 0.000 -0.000 0.000 0.000 -0.000 -0.000
179.893 0.000 -0.000 0.000 0.000 -0.000 -0.000
179.993 0.000 -0.000 0.000 0.000 -0.000 -0.000
180.093 0.000 -0.000 0.000 0.000 -0.000 -0.000
180.193 0.000 -0.000 0.000 0.000 -0.000 -0.000
180.293 0.000 -0.000 0.000 0.000 -0.000 -0.000
180.392 0.000 -0.000 0.000 0.000 -0.000 -0.000
180.493 0.000 -0.000 0.000 0.000 -0.000 -0.000
180.593 0.000 -0.000 0.000 0.000 -0.000 -0.000
180.693 0.000 -0.000 0.000 0.000 -0.000 -0.000
180.793 0.000 -0.000 0.000 0.000 -0.000 -0.000
180.893 0.000 -0.000 0.000 0.000 -0.000 -0.000
180.993 0.000 -0.000 0.000 0.000 -0.000 -0.000
181.093 0.000 -0.000 0.000 0.000 -0.000 -0.000
181.193 0.000 -0.000 0.000 0.000 -0.000 -0.000
181.293 0.000 -0.000 0.000 0.000 -0.000 -0.000
181.393 0.000 -0.000 0.000 0.000 -0.000 -0.000
181.493 0.000 -0.000 0.000 0.000 -0.000 -0.000
181.593 0.000 -0.000 0.000 0.000 -0.000 -0.000
181.693 0.000 -0.000 0.000 0.000 -0.000 -0.000
181.793 0.000 -0.000 0.000 0.000 -0.000 -0.000
181.893 0.000 -0.000 0.000 0.000 -0.000 -0.000
181.992 0.000 -0.000 0.000 0.000 -0.000 -0.000
182.093 0.000 -0.000 0.000 0.000 -0.000 -0.000
182.193 0.000 -0.000 0.000 0.000 -0.000 -0.000
182.292 0.000 -0.000 0.000 0.000 -0.000 -0.000
182.393 0.000 -0.000 0.000 0.000 -0.000 -0.000
182.493 0.000 -0.000 0.000 0.000 -0.000 -0.000
182.593 0.000 -0.000 0.000 0.000 -0.000 -0.000
182.692 0.000 -0.000 0.000 0.000 -0.000 -0.000
182.793 0.000 -0.000 0.000 0.000 -0.000 -0.000
182.893 0.000 -0.000 0.000 0.000 -0.000 -0.000
182.993 0.000 -0.000 0.000 0.000 -0.000 -0.000
183.093 0.000 -0.000 0.000 0.000 -0.000 -0.000
183.193 0.000 -0.000 -0.300 0.000 -0.000 -0.000
183.293 0.000 -0.000 0.000 0.000 -0.000 -0.000
183.393 0.000 -0.000 -0.300 0.000 -0.000 -0.000
183.493 0.000 -0.000 -0.300 0.000 -0.000 -0.000
183.593 0.000 -0.000 -0.300 0.000 -0.000 -0.000
183.693 0.000 -0.000 -0.300 0.000 -0.000 -0.000
183.794 0.000 -0.000 -0.300 0.000 -0.000 -0.000
183.893 0.015 -0.000 -0.300 0.000 -0.000 -0.000
183.994 0.300 -0.000 -0.300 0.000 -0.000 -0.000
184.093 0.300 -0.000 -0.300 0.000 -0.000 -0.000
184.192 0.300 -0.000 -0.300 0.000 -0.000 -0.000
184.293 0.300 -0.000 -0.300 0.000 -0.000 -0.000
184.393 0.300 0.028 -0.300 0.000 -0.000 -0.000
184.492 0.300 0.077 -0.300 0.000 -0.000 -0.000
184.593 0.198 0.003 -0.300 0.000 -0.000 -0.000
184.693 0.000 -0.000 -0.300 0.000 -0.000 -0.000
184.793 0.000 -0.000 -0.300 0.000 -0.000 -0.000
184.894 0.000 -0.000 -0.300 0.000 -0.000 -0.000
184.993 0.000 -0.000 -0.300 0.000 -0.000 -0.000
185.093 0.000 -0.000 -0.300 0.000 -0.000 -0.000
185.193 0.000 0.028 -0.300 0.000 -0.000 -0.000
185.293 0.072 0.165 -0.300 0.000 -0.000 -0.000
185.393 0.300 0.300 -0.300 0.000 -0.000 -0.000
185.493 0.300 0.300 -0.300 0.000 -0.000 -0.000
185.593 0.128 0.263 -0.300 0.000 -0.000 -0.000
185.693 0.000 -0.000 -0.300 0.000 -0.000 -0.000
185.792 0.000 0.240 -0.300 0.000 -0.000 -0.000
185.892 0.010 0.300 -0.300 0.000 -0.000 -0.000
185.993 0.043 0.300 -0.300 0.000 -0.000 -0.000
186.093 0.000 0.010 -0.300 0.000 -0.000 -0.000
186.192 0.000 -0.000 -0.300 0.000 -0.000 -0.000
186.293 0.000 0.030 -0.300 0.000 -0.000 -0.000
186.393 0.235 0.300 -0.300 0.000 -0.000 -0.000
186.493 0.280 0.300 -0.300 0.000 -0.000 -0.000
186.592 0.300 0.300 -0.300 0.000 -0.000 -0.000
186.693 0.300 0.085 -0.300 0.000 -0.000 -0.000
186.792 0.300 -0.000 -0.300 0.000 -0.000 -0.000
186.894 0.300 -0.000 -0.300 0.000 -0.000 -0.000
186.993 0.300 -0.000 -0.300 0.000 -0.000 -0.000
187.093 0.300 0.122 -0.300 0.000 -0.000 -0.000
187.193 0.300 0.140 -0.300 0.000 -0.000 -0.000
187.293 0.300 -0.000 -0.300 0.000 -0.000 -0.253
187.393 0.000 -0.000 -0.300 0.000 -0.000 -0.043
187.493 0.000 -0.000 -0.300 0.000 -0.000 -0.000
187.593 0.000 -0.000 -0.300 0.000 -0.000 -0.000
187.693 0.000 -0.000 -0.300 0.000 -0.000 -0.000
187.793 0.000 -0.000 -0.300 0.000 -0.000 -0.000
187.893 0.000 -0.000 -0.300 0.000 -0.000 -0.000
187.993 0.000 -0.000 -0.300 0.000 -0.000 -0.000
188.093 0.300 -0.000 -0.300 0.000 -0.000 -0.000
188.194 0.300 -0.000 -0.300 0.000 -0.000 -0.000
188.293 0.300 -0.000 -0.300 0.000 -0.000 -0.000
188.393 0.300 -0.000 -0.300 0.000 -0.000 -0.000
188.493 0.300 -0.000 0.000 0.000 -0.000 -0.000
188.593 0.000 -0.000 0.000 0.000 -0.000 -0.000
188.693 0.000 -0.000 0.000 0.000 -0.000 -0.000
188.793 0.000 -0.000 0.000 0.000 -0.000 -0.000
188.892 0.300 -0.000 0.000 0.000 -0.000 -0.000
188.992 0.300 -0.000 0.000 0.000 -0.000 -0.000
189.093 0.300 -0.000 0.000 0.000 -0.000 -0.000
189.193 0.130 -0.000 0.000 0.000 -0.000 -0.000
189.292 0.000 -0.000 0.000 0.000 -0.000 -0.300
189.393 0.000 -0.000 0.000 0.000 -0.000 -0.253
189.493 0.000 -0.000 0.000 0.000 -0.000 -0.000
189.593 0.000 -0.000 0.000 0.000 -0.000 -0.000
189.693 0.000 -0.000 0.000 0.000 -0.000 -0.000
189.793 0.000 -0.000 0.000 0.000 -0.000 -0.000
189.893 0.000 -0.000 0.000 0.000 -0.000 -0.000
189.992 0.000 -0.000 0.000 0.000 -0.000 -0.000
190.094 0.000 -0.000 -0.300 0.000 -0.000 -0.000
190.193 0.000 -0.000 -0.300 0.000 -0.000 -0.000
190.293 0.000 -0.000 -0.300 0.000 -0.000 -0.000
190.393 0.000 -0.000 -0.300 0.000 -0.000 -0.000
190.492 0.000 -0.000 0.000 0.000 -0.000 -0.000
190.592 0.000 -0.000 0.000 0.000 -0.000 -0.000
190.693 0.000 -0.000 0.000 0.000 -0.000 -0.000
190.793 0.000 -0.000 -0.300 0.000 -0.000 -0.000
190.893 0.000 -0.000 0.000 0.000 -0.000 -0.000
190.993 0.000 -0.000 0.000 0.000 -0.000 -0.000
191.093 0.000 -0.000 0.000 0.000 -0.000 -0.000
191.195 0.000 -0.000 0.000 0.000 -0.000 -0.000
191.554 -0.018 -0.013 -0.125 0.000 -0.000 0.003
191.668 -0.015 -0.010 -0.138 0.000 -0.000 0.003
191.797 -0.013 -0.010 -0.140 0.000 -0.000 0.003
191.910 -0.013 -0.010 -0.142 0.000 -0.000 0.003
192.003 -0.010 -0.010 -0.142 0.000 -0.000 0.003
192.094 -0.010 -0.010 -0.145 0.000 -0.000 0.003
192.220 -0.010 -0.010 -0.147 0.000 -0.000 0.003
192.324 -0.010 -0.010 -0.145 0.000 -0.000 0.003
192.417 -0.013 -0.013 -0.142 0.000 -0.000 0.003
192.524 -0.013 -0.013 -0.140 0.000 -0.000 0.003
192.644 -0.010 -0.013 -0.140 0.000 -0.000 0.003
192.772 -0.010 -0.013 -0.138 0.000 -0.000 0.003
192.914 -0.007 -0.010 -0.140 0.000 -0.000 0.003
193.059 -0.005 -0.007 -0.140 0.000 -0.000 0.003
193.186 -0.003 -0.007 -0.140 0.000 -0.000 0.003
193.235 -0.003 -0.007 -0.140 0.000 -0.000 0.003
193.321 -0.003 -0.007 -0.138 0.000 -0.000 0.003
193.412 -0.003 -0.005 -0.138 0.000 -0.000 0.003
193.502 0.000 -0.005 -0.138 0.000 -0.000 0.003
193.557 0.000 -0.005 -0.138 0.000 -0.000 0.003
193.665 0.000 -0.005 -0.135 0.000 -0.000 0.003
193.773 0.000 -0.005 -0.135 0.000 -0.000 0.003
193.887 0.000 -0.005 -0.133 0.000 -0.000 0.003
194.007 0.000 -0.005 -0.130 0.000 -0.000 0.003
194.124 0.000 -0.003 -0.128 0.000 -0.000 0.003
194.219 0.000 -0.003 -0.128 0.000 -0.000 0.003
194.346 0.000 -0.003 -0.128 0.000 -0.000 0.003
194.482 0.000 -0.003 -0.128 0.000 -0.000 0.003
194.615 0.000 -0.003 -0.128 0.000 -0.000 0.003
194.783 0.000 -0.003 -0.128 0.000 -0.000 0.003
194.868 0.000 -0.003 -0.128 0.000 -0.000 0.003
194.997 0.000 -0.003 -0.128 0.000 -0.000 0.003
195.028 0.000 -0.003 -0.128 0.000 -0.000 0.003
195.103 0.000 -0.003 -0.128 0.000 -0.000 0.003
195.230 0.003 -0.000 -0.128 0.000 -0.000 0.003
195.345 0.003 -0.000 -0.125 0.000 -0.000 0.003
195.433 0.003 -0.000 -0.125 0.000 -0.000 0.003
195.512 0.003 -0.000 -0.125 0.000 -0.000 0.003
195.611 0.003 -0.000 -0.125 0.000 -0.000 0.003
195.710 0.003 -0.000 -0.125 0.000 -0.000 0.003
195.810 0.003 -0.000 -0.125 0.000 -0.000 0.003
195.957 0.003 -0.000 -0.128 0.000 -0.000 0.003
196.069 0.003 -0.000 -0.128 0.000 -0.000 0.003
196.173 0.003 -0.000 -0.128 0.000 -0.000 0.003
196.281 0.003 -0.000 -0.128 0.000 -0.000 0.003
196.379 0.003 -0.000 -0.128 0.000 -0.000 0.003
196.467 0.005 -0.000 -0.128 0.000 -0.000 0.003
196.519 0.005 -0.000 -0.128 0.000 -0.000 0.003
196.581 0.005 -0.000 -0.128 0.000 -0.000 0.003
196.738 0.005 -0.000 -0.133 0.000 -0.000 0.003
196.857 0.005 -0.000 -0.128 0.000 -0.000 0.003
196.957 0.005 -0.000 -0.125 0.000 -0.000 0.003
197.045 0.005 -0.000 -0.130 0.000 -0.000 0.003
197.175 0.010 0.003 -0.165 0.000 -0.000 0.003
197.299 0.013 0.003 -0.203 0.000 -0.000 0.003
197.440 0.005 -0.000 -0.122 0.000 -0.000 0.003
197.504 0.005 -0.000 -0.120 0.000 -0.000 0.003
197.584 0.003 -0.000 -0.120 0.000 -0.000 0.003
197.662 0.003 -0.000 -0.120 0.000 -0.000 -0.000
197.748 0.003 -0.000 -0.117 0.000 -0.000 -0.000
197.824 0.003 -0.000 -0.117 0.000 -0.000 -0.000
197.893 0.003 -0.000 -0.117 0.000 -0.000 -0.000
198.010 0.003 -0.000 -0.120 0.000 -0.000 -0.000
198.100 0.003 -0.000 -0.117 0.000 -0.000 -0.000
198.184 0.003 -0.000 -0.117 0.000 -0.000 -0.000
198.285 0.003 -0.000 -0.117 0.000 -0.000 -0.000
198.409 0.003 -0.000 -0.117 0.000 -0.000 -0.000
198.492 0.003 -0.000 -0.120 0.000 -0.000 -0.000
198.598 0.003 -0.000 -0.117 0.000 -0.000 -0.000
198.686 0.003 -0.000 -0.120 0.000 -0.000 -0.000
198.792 0.003 -0.000 -0.120 0.000 -0.000 -0.000
198.893 0.003 -0.000 -0.120 0.000 -0.000 -0.000
198.986 0.000 -0.000 -0.120 0.000 -0.000 -0.000
199.099 0.000 -0.000 -0.122 0.000 -0.000 -0.000
199.181 0.000 -0.000 -0.122 0.000 -0.000 -0.000
199.289 0.000 -0.000 -0.122 0.000 -0.000 -0.000
199.387 0.000 -0.000 -0.122 0.000 -0.000 -0.000
199.489 0.000 -0.000 -0.125 0.000 -0.000 -0.000
199.589 0.000 -0.000 -0.125 0.000 -0.000 -0.000
199.678 0.000 -0.000 -0.125 0.000 -0.000 -0.000
199.791 0.000 -0.000 -0.128 0.000 -0.000 -0.000
199.881 0.000 -0.000 -0.128 0.000 -0.000 -0.000
199.992 0.000 -0.000 -0.128 0.000 -0.000 -0.000
200.101 0.000 -0.000 -0.130 0.000 -0.000 -0.000
200.185 0.000 -0.000 -0.128 0.000 -0.000 -0.000
200.277 0.000 -0.000 -0.128 0.000 -0.000 -0.000
200.383 0.000 -0.000 -0.128 0.000 -0.000 -0.000
200.490 0.000 -0.000 -0.130 0.000 -0.000 -0.000
200.575 0.000 -0.000 -0.130 0.000 -0.000 -0.000
200.687 0.000 -0.000 -0.130 0.000 -0.000 -0.000
200.786 0.000 -0.000 -0.130 0.000 -0.000 -0.000
200.894 0.000 -0.000 -0.130 0.000 -0.000 -0.000
200.978 0.000 -0.000 -0.130 0.000 -0.000 -0.000
201.094 0.000 -0.000 -0.130 0.000 -0.000 -0.000
201.188 0.000 -0.000 -0.133 0.000 -0.000 -0.000
201.286 0.000 -0.000 -0.130 0.000 -0.000 -0.000
201.384 0.000 -0.000 -0.133 0.000 -0.000 -0.000
201.486 0.000 -0.000 -0.133 0.000 -0.000 -0.000
201.592 0.000 -0.000 -0.130 0.000 -0.000 -0.000
201.672 0.000 -0.000 -0.130 0.000 -0.000 -0.000
201.799 0.000 -0.000 -0.130 0.000 -0.000 -0.000
201.887 0.000 -0.000 -0.130 0.000 -0.000 -0.000
201.957 0.000 -0.000 -0.130 0.000 -0.000 -0.000
202.080 0.000 -0.000 -0.130 0.000 -0.000 -0.000
202.188 0.000 -0.000 -0.130 0.000 -0.000 -0.000
202.287 0.000 -0.000 -0.130 0.000 -0.000 -0.000
202.415 0.000 -0.000 -0.130 0.000 -0.000 -0.000
202.485 0.000 -0.000 -0.130 0.000 -0.000 -0.000
202.581 0.000 -0.000 -0.130 0.000 -0.000 -0.000
202.702 0.000 0.003 -0.130 0.000 -0.000 -0.000
202.805 0.000 0.003 -0.130 0.000 -0.000 -0.000
202.889 0.000 0.003 -0.130 0.000 -0.000 -0.000
202.979 0.000 0.003 -0.130 0.000 -0.000 -0.000
203.119 0.000 0.003 -0.138 0.000 -0.000 -0.000
203.277 0.000 -0.000 -0.135 0.000 -0.000 0.007
203.442 0.000 0.003 -0.135 0.000 -0.000 0.007
203.576 0.000 0.005 -0.142 0.000 -0.000 0.003
203.734 0.000 0.010 -0.140 0.000 -0.000 0.003
203.860 0.003 0.015 -0.135 0.000 -0.000 -0.000
203.972 0.003 0.013 -0.135 0.000 -0.000 -0.000
204.089 0.003 0.015 -0.135 0.000 -0.000 -0.000
204.176 0.003 0.015 -0.138 0.000 -0.000 -0.003
204.278 0.003 0.015 -0.135 0.000 -0.000 -0.003
204.425 0.003 0.015 -0.135 0.000 -0.000 -0.003
204.569 0.005 0.018 -0.135 0.000 -0.000 -0.003
204.690 0.005 0.015 -0.133 0.000 -0.000 -0.003
204.823 0.005 0.015 -0.133 0.000 -0.000 -0.003
204.958 0.005 0.013 -0.135 0.000 -0.000 -0.005
205.011 0.005 0.010 -0.135 0.000 -0.000 -0.003
205.115 0.005 0.010 -0.135 0.000 -0.000 -0.003
205.271 0.005 0.010 -0.135 0.000 -0.000 -0.005
205.360 0.003 0.007 -0.133 0.000 -0.000 -0.005
205.475 0.003 0.007 -0.130 0.000 -0.000 -0.005
205.541 0.005 0.007 -0.130 0.000 -0.000 -0.005
205.668 0.005 0.007 -0.135 0.000 -0.000 -0.005
205.782 0.005 0.007 -0.128 0.000 -0.000 -0.005
205.833 0.005 0.007 -0.128 0.000 -0.000 -0.005
205.986 0.005 0.007 -0.128 0.000 -0.000 -0.005
206.081 0.005 0.007 -0.128 0.000 -0.000 -0.005
206.179 0.007 0.007 -0.128 0.000 -0.000 -0.005
206.299 0.007 0.007 -0.128 0.000 -0.000 -0.005
206.429 0.007 0.005 -0.128 0.000 -0.000 -0.005
206.557 0.005 0.005 -0.128 0.000 -0.000 -0.005
206.633 0.007 0.003 -0.128 0.000 -0.000 -0.005
206.707 0.007 0.003 -0.128 0.000 -0.000 -0.005
206.794 0.007 0.003 -0.128 0.000 -0.000 -0.005
206.902 0.007 0.003 -0.128 0.000 -0.000 -0.005
206.997 0.007 0.003 -0.128 0.000 -0.000 -0.005
207.100 0.007 -0.000 -0.128 0.000 -0.000 -0.005
207.202 0.007 -0.000 -0.128 0.000 -0.000 -0.005
207.293 0.007 -0.000 -0.128 0.000 -0.000 -0.005
207.366 0.007 -0.000 -0.128 0.000 -0.000 -0.005
207.446 0.007 -0.000 -0.128 0.000 -0.000 -0.005
207.545 0.007 -0.000 -0.128 0.000 -0.000 -0.005
207.643 0.007 -0.000 -0.128 0.000 -0.000 -0.005
207.742 0.007 -0.000 -0.128 0.000 -0.000 -0.005
207.875 0.007 -0.000 -0.130 0.000 -0.000 -0.005
207.992 0.007 -0.000 -0.130 0.000 -0.000 -0.005
208.101 0.007 -0.000 -0.130 0.000 -0.000 -0.005
208.185 0.007 -0.000 -0.130 0.000 -0.000 -0.005
208.279 0.007 -0.000 -0.133 0.000 -0.000 -0.005
208.377 0.005 -0.000 -0.133 0.000 -0.000 -0.005
208.465 0.005 -0.000 -0.133 0.000 -0.000 -0.005
208.563 0.005 -0.000 -0.133 0.000 -0.000 -0.005
208.650 0.005 -0.000 -0.133 0.000 -0.000 -0.005
208.748 0.005 -0.000 -0.133 0.000 -0.000 -0.005
208.828 0.005 -0.000 -0.133 0.000 -0.000 -0.005
208.900 0.005 -0.000 -0.133 0.000 -0.000 -0.005
209.026 0.005 -0.000 -0.133 0.000 -0.000 -0.005
209.143 0.005 -0.000 -0.133 0.000 -0.000 -0.005
209.234 0.005 -0.000 -0.133 0.000 -0.000 -0.005
209.343 0.005 -0.000 -0.133 0.000 -0.000 -0.005
209.453 0.005 -0.003 -0.133 0.000 -0.000 -0.005
209.531 0.005 -0.003 -0.133 0.000 -0.000 -0.005
209.636 0.005 -0.003 -0.133 0.000 -0.000 -0.005
209.710 0.005 -0.003 -0.133 0.000 -0.000 -0.005
209.808 0.005 -0.003 -0.133 0.000 -0.000 -0.005
209.932 0.005 -0.003 -0.133 0.000 -0.000 -0.005
210.030 0.005 -0.003 -0.133 0.000 -0.000 -0.005
210.135 0.005 -0.000 -0.133 0.000 -0.000 -0.005
210.228 0.005 -0.000 -0.133 0.000 -0.000 -0.005
210.357 0.005 -0.000 -0.133 0.000 -0.000 -0.005
210.475 0.003 -0.000 -0.135 0.000 -0.000 -0.007
210.603 0.003 -0.000 -0.135 0.000 -0.000 -0.007
210.703 0.005 -0.000 -0.140 0.000 -0.000 -0.007
210.810 0.010 0.003 -0.140 0.000 -0.000 -0.005
210.943 0.003 -0.000 -0.142 0.000 -0.000 -0.003
211.090 0.000 -0.010 -0.142 0.000 -0.000 -0.003
211.242 0.000 -0.015 -0.145 0.000 -0.000 -0.000
211.341 0.000 -0.015 -0.145 0.000 -0.000 -0.000
211.426 0.003 -0.010 -0.145 0.000 -0.000 -0.000
211.547 0.018 0.013 -0.140 0.000 -0.000 -0.000
211.672 0.020 0.015 -0.147 0.000 -0.000 -0.000
211.840 0.025 0.018 -0.188 0.000 -0.000 -0.000
211.952 0.028 0.020 -0.205 0.000 -0.000 -0.000
212.100 0.030 0.020 -0.203 0.000 -0.000 -0.000
212.272 0.030 0.020 -0.190 0.000 -0.000 -0.000
212.434 0.030 0.020 -0.177 0.000 -0.000 -0.000
212.579 0.030 0.020 -0.168 0.000 -0.000 -0.000
212.712 0.028 0.020 -0.155 0.000 -0.000 -0.000
212.866 0.028 0.020 -0.145 0.000 -0.000 -0.000
212.866 0.028 0.020 -0.145 0.000 -0.000 -0.000
212.866 0.028 0.020 -0.145 0.000 -0.000 -0.000
212.935 0.028 0.020 -0.145 0.000 -0.000 -0.000
213.035 0.000 -0.000 0.000 0.000 -0.000 -0.000
213.135 0.000 -0.000 0.000 0.000 -0.000 -0.000
213.235 0.000 -0.000 0.000 0.000 -0.000 -0.000
213.335 0.000 -0.000 0.000 0.000 -0.000 -0.000
213.435 0.000 -0.000 0.000 0.000 -0.000 -0.000
213.535 0.000 -0.000 0.000 0.000 -0.000 -0.000
213.635 0.000 -0.000 0.000 0.000 -0.000 -0.000
213.735 0.000 -0.000 0.000 0.000 -0.000 -0.000
213.835 0.000 -0.000 0.000 0.000 -0.000 -0.000
213.935 0.000 -0.000 0.000 0.000 -0.000 -0.000
214.035 0.000 -0.000 0.000 0.000 -0.000 -0.000
214.135 0.000 -0.000 0.000 0.000 -0.000 -0.000
214.235 0.000 -0.000 0.000 0.000 -0.000 -0.000
214.335 0.000 -0.000 0.000 0.000 -0.000 -0.000
214.434 0.000 -0.000 0.000 0.000 -0.000 -0.000
214.537 0.000 -0.000 0.000 0.000 -0.000 -0.000
214.635 0.000 -0.000 0.000 0.000 -0.000 -0.000
214.735 0.000 -0.000 0.000 0.000 -0.000 -0.000
214.835 0.000 -0.000 0.000 0.000 -0.000 -0.000
214.934 0.000 -0.000 0.000 0.000 -0.000 -0.000
215.034 0.000 -0.000 0.000 0.000 -0.000 -0.000
215.135 0.000 -0.000 0.000 0.000 -0.000 -0.000
215.234 0.000 -0.000 0.000 0.000 -0.000 -0.000
215.335 0.000 -0.000 0.000 0.000 -0.000 -0.000
215.435 0.000 -0.000 0.000 0.000 -0.000 -0.000
215.535 0.000 -0.000 0.000 0.000 -0.000 -0.000
215.635 0.000 -0.000 0.000 0.000 -0.000 -0.000
215.734 0.000 -0.000 0.000 0.000 -0.000 -0.000
215.835 0.000 -0.000 0.000 0.000 -0.000 -0.000
215.935 0.000 -0.000 0.000 0.000 -0.000 -0.000
216.034 0.000 -0.000 0.000 0.000 -0.000 -0.000
216.134 0.000 -0.000 0.000 0.000 -0.000 -0.000
216.235 0.000 -0.000 0.000 0.000 -0.000 -0.000
216.335 0.000 -0.000 0.000 0.000 -0.000 -0.000
216.435 0.000 -0.000 0.000 0.000 -0.000 -0.000
216.537 0.000 -0.000 0.000 0.000 -0.000 -0.000
216.636 0.000 -0.000 0.000 0.000 -0.000 -0.000
216.735 0.000 -0.000 0.000 0.000 -0.000 -0.000
216.835 0.000 -0.000 0.000 0.000 -0.000 -0.000
216.935 0.000 -0.000 0.000 0.000 -0.000 -0.000
217.035 0.000 -0.000 0.000 0.000 -0.000 -0.000
217.135 0.000 -0.000 0.000 0.000 -0.000 -0.000
217.235 0.000 -0.000 0.000 0.000 -0.000 -0.000
217.335 0.000 -0.000 0.000 0.000 -0.000 -0.000
217.435 0.000 -0.000 0.000 0.000 -0.000 -0.000
217.535 0.000 -0.000 0.000 0.000 -0.000 -0.000
217.635 0.000 -0.000 0.000 0.000 -0.000 -0.000
217.735 0.000 -0.000 0.000 0.000 -0.000 -0.000
217.835 0.000 -0.000 0.000 0.000 -0.000 -0.000
217.935 0.000 -0.000 0.000 0.000 -0.000 -0.000
218.035 0.000 -0.000 0.000 0.000 -0.000 -0.000
218.135 0.000 -0.000 0.000 0.000 -0.000 -0.000
218.235 0.000 -0.000 0.000 0.000 -0.000 -0.000
218.335 0.000 -0.000 0.000 0.000 -0.000 -0.000
218.435 0.000 -0.000 0.000 0.000 -0.000 -0.000
218.535 0.000 -0.000 0.000 0.000 -0.000 -0.000
218.635 0.000 -0.000 0.000 0.000 -0.000 -0.000
218.735 0.000 -0.000 0.000 0.000 -0.000 -0.000
218.837 0.000 -0.000 0.000 0.000 -0.000 -0.000
218.935 0.000 -0.000 0.000 0.000 -0.000 -0.000
219.035 0.000 -0.000 0.000 0.000 -0.000 -0.000
219.135 0.000 -0.000 0.000 0.000 -0.000 -0.000
219.235 0.000 -0.000 0.000 0.000 -0.000 -0.000
219.335 0.000 -0.000 0.000 0.000 -0.000 -0.000
219.435 0.000 -0.000 0.000 0.000 -0.000 -0.000
219.535 0.000 -0.000 0.000 0.000 -0.000 -0.000
219.635 0.000 -0.000 0.000 0.000 -0.000 -0.000
219.735 0.000 -0.000 0.000 0.000 -0.000 -0.000
219.835 0.000 -0.000 0.000 0.000 -0.000 -0.000
219.935 0.000 -0.000 0.000 0.000 -0.000 -0.000
220.035 0.000 -0.000 0.000 0.000 -0.000 -0.000
220.135 0.000 -0.000 0.000 0.000 -0.000 -0.000
220.235 0.000 -0.000 0.000 0.000 -0.000 -0.000
220.335 0.000 -0.000 0.000 0.000 -0.000 -0.000
220.435 0.000 -0.000 0.000 0.000 -0.000 -0.000
220.535 0.000 -0.000 0.000 0.000 -0.000 -0.000
220.636 0.000 -0.000 0.000 0.000 -0.000 -0.000
220.735 0.000 -0.000 0.000 0.000 -0.000 -0.000
220.835 0.000 -0.000 0.000 0.000 -0.000 -0.000
220.935 0.000 -0.000 0.000 0.000 -0.000 -0.000
221.035 0.000 -0.000 0.000 0.000 -0.000 -0.000
221.135 0.000 -0.000 0.000 0.000 -0.000 -0.000
221.235 0.000 -0.000 0.000 0.000 -0.000 -0.000
221.335 0.000 -0.000 0.000 0.000 -0.000 -0.000
221.435 0.000 -0.000 0.000 0.000 -0.000 -0.000
221.535 0.000 -0.000 0.000 0.000 -0.000 -0.000
221.635 0.000 -0.000 0.000 0.000 -0.000 -0.000
221.738 0.000 -0.000 0.000 0.000 -0.000 -0.000
221.835 0.000 -0.000 0.000 0.000 -0.000 -0.000
221.936 0.000 -0.000 0.000 0.000 -0.000 -0.000
222.035 0.000 -0.000 0.000 0.000 -0.000 -0.000
222.135 0.000 -0.000 0.000 0.000 -0.000 -0.000
222.235 0.000 -0.000 0.000 0.000 -0.000 -0.000
222.335 0.000 -0.000 0.000 0.000 -0.000 -0.000
222.435 0.000 -0.000 0.000 0.000 -0.000 -0.000
222.535 0.000 -0.000 0.000 0.000 -0.000 -0.000
222.635 0.000 -0.000 0.000 0.000 -0.000 0.300
222.735 0.000 0.128 0.000 0.000 -0.000 0.300
222.835 0.000 -0.000 0.000 0.000 -0.000 0.300
222.935 0.000 -0.000 0.000 0.000 -0.010 0.300
223.035 0.000 -0.000 0.000 0.000 -0.000 0.085
223.135 0.000 -0.000 0.000 0.000 -0.000 -0.000
223.235 0.000 -0.000 0.000 0.000 -0.000 -0.000
223.335 0.000 -0.000 0.000 0.000 -0.000 -0.000
223.435 0.000 -0.000 0.000 0.000 -0.000 -0.000
223.535 0.000 -0.000 0.000 0.000 -0.000 -0.000
223.635 0.000 -0.000 0.000 0.000 -0.000 -0.000
223.735 0.000 -0.000 0.000 0.000 -0.000 -0.000
223.835 0.000 -0.000 0.000 0.000 -0.000 -0.000
223.935 0.000 -0.000 0.000 0.000 -0.000 -0.000
224.035 0.000 -0.000 0.000 0.000 -0.000 -0.000
224.135 0.000 -0.000 0.000 0.000 -0.000 -0.000
224.235 0.000 -0.000 0.000 0.000 -0.000 -0.000
224.335 0.000 -0.000 0.000 0.000 -0.000 -0.000
224.435 0.000 -0.000 0.000 0.000 -0.000 -0.000
224.535 0.000 -0.000 0.000 0.000 -0.000 -0.000
224.635 0.000 -0.000 0.000 0.000 -0.000 -0.000
224.735 0.000 -0.000 0.000 0.000 -0.000 -0.000
224.835 0.000 -0.000 0.000 0.000 -0.000 -0.000
224.935 0.000 -0.000 0.000 0.000 -0.000 -0.000
225.035 0.000 -0.000 0.000 0.000 -0.000 -0.000
225.135 0.000 -0.000 0.000 0.000 -0.000 -0.000
225.235 0.000 -0.000 0.000 0.000 -0.000 -0.000
225.335 0.000 -0.000 0.000 0.000 -0.000 -0.000
225.436 0.000 -0.000 0.000 0.000 -0.000 -0.000
225.535 0.000 -0.000 0.000 0.000 -0.000 -0.000
225.635 0.000 -0.000 0.000 0.000 -0.000 -0.000
225.735 0.000 -0.000 0.000 0.000 -0.000 -0.000
225.835 0.000 -0.000 0.000 0.000 -0.000 -0.000
225.935 0.000 -0.000 0.000 0.000 -0.000 -0.000
226.035 0.000 -0.000 0.000 0.000 -0.000 -0.000
226.136 0.000 -0.000 0.000 0.000 -0.000 -0.000
226.236 0.000 -0.000 0.000 0.000 -0.000 -0.000
226.335 0.000 -0.000 0.000 0.000 -0.000 -0.000
226.435 0.000 -0.000 0.000 0.000 -0.000 -0.000
226.535 0.000 -0.000 0.000 0.000 -0.000 -0.000
226.635 0.000 -0.000 0.000 0.000 -0.000 -0.000
226.737 0.000 -0.000 0.000 0.000 -0.000 -0.000
226.835 0.000 -0.000 0.000 0.000 -0.000 -0.000
226.935 0.000 -0.000 0.000 0.000 -0.000 -0.000
227.035 0.000 -0.000 0.000 0.000 -0.000 -0.000
227.137 0.000 -0.000 0.000 0.000 -0.000 -0.000
227.235 0.000 -0.000 0.000 0.000 -0.000 -0.000
227.335 0.000 -0.000 0.000 0.000 -0.000 -0.000
227.435 0.000 -0.000 0.000 0.000 -0.000 -0.000
227.535 0.000 -0.000 0.000 0.000 -0.000 -0.000
227.635 0.000 -0.000 0.000 0.000 -0.000 -0.000
227.735 0.000 -0.000 0.000 0.000 -0.000 -0.000
227.835 0.000 -0.000 0.000 0.000 -0.000 -0.000
227.935 0.000 -0.000 0.000 0.000 -0.000 -0.000
228.035 0.000 -0.000 0.000 0.000 -0.000 -0.000
228.135 0.000 -0.000 0.000 0.000 -0.000 -0.000
228.235 0.000 -0.000 0.000 0.000 -0.000 -0.000
228.335 0.000 -0.000 0.000 0.000 -0.000 -0.000
228.435 0.000 -0.000 0.000 0.000 -0.000 -0.000
228.535 0.000 -0.000 0.000 0.000 -0.000 -0.000
228.635 0.000 -0.000 0.000 0.000 -0.000 -0.000
228.735 0.000 -0.000 0.000 0.000 -0.000 -0.000
228.835 0.000 -0.000 0.000 0.000 -0.000 -0.000
228.935 0.000 -0.000 0.000 0.000 -0.000 -0.000
229.036 0.000 -0.000 0.000 0.000 -0.000 -0.000
229.135 0.000 -0.000 0.000 0.000 -0.000 -0.000
229.239 0.000 -0.000 0.000 0.000 -0.000 -0.000
229.334 0.000 -0.000 0.000 0.000 -0.000 -0.000
229.437 0.000 -0.000 0.000 0.000 -0.000 -0.000
229.535 0.000 -0.000 0.000 0.000 -0.000 -0.000
229.635 0.000 -0.000 0.000 0.000 -0.000 -0.000
229.734 0.000 -0.000 0.000 0.000 -0.000 -0.000
229.835 0.000 -0.000 0.000 0.000 -0.000 -0.000
229.937 0.000 -0.000 0.000 0.000 -0.000 -0.000
230.035 0.000 -0.000 0.000 0.000 -0.000 -0.000
230.135 0.000 -0.000 0.000 0.000 -0.000 -0.000
230.235 0.000 -0.000 0.000 0.000 -0.000 -0.000
230.335 0.000 -0.000 0.000 0.000 -0.000 -0.000
230.435 0.000 -0.000 0.000 0.000 -0.000 -0.000
230.535 0.000 -0.000 0.000 0.000 -0.000 -0.000
230.635 0.000 -0.000 0.000 0.000 -0.000 -0.000
230.735 0.000 -0.000 0.000 0.000 -0.000 -0.000
230.835 0.000 -0.000 0.000 0.000 -0.000 -0.000
230.935 0.000 -0.000 0.000 0.000 -0.000 -0.000
231.035 0.000 -0.000 0.000 0.000 -0.000 -0.000
231.135 0.000 -0.000 0.000 0.000 -0.000 -0.000
231.235 0.000 -0.000 0.000 0.000 -0.000 -0.000
231.335 0.000 -0.000 0.000 0.000 -0.000 -0.000
231.434 0.000 -0.000 0.000 0.000 -0.000 -0.000
231.535 0.000 -0.000 0.000 0.000 -0.000 -0.000
231.635 0.000 -0.000 0.000 0.000 -0.000 -0.000
231.735 0.000 -0.000 0.000 0.000 -0.000 -0.000
231.835 0.000 -0.000 0.000 0.000 -0.000 -0.000
231.935 0.000 -0.000 0.000 0.000 -0.000 -0.000
232.035 0.000 -0.000 0.000 0.000 -0.000 -0.000
232.135 0.000 -0.000 0.000 0.000 -0.000 -0.000
232.236 0.000 -0.000 0.000 0.000 -0.000 -0.000
232.338 0.000 -0.000 0.000 0.000 -0.000 -0.000
232.435 0.000 -0.000 0.000 0.000 -0.000 -0.000
232.535 0.000 -0.000 0.000 0.000 -0.000 -0.000
232.635 0.000 -0.000 0.000 0.000 -0.000 -0.000
232.735 0.000 -0.000 0.000 0.000 -0.000 -0.000
232.835 0.000 -0.000 0.000 0.000 -0.000 -0.000
232.935 0.000 -0.000 0.000 0.000 -0.000 -0.000
233.035 0.000 -0.000 0.000 0.000 -0.000 -0.000
233.135 0.000 -0.000 0.000 0.000 -0.000 -0.000
233.235 0.000 -0.000 0.000 0.000 -0.000 -0.000
233.336 0.000 -0.000 0.000 0.000 -0.000 -0.000
233.435 0.000 -0.000 0.000 0.000 -0.000 -0.000
233.534 0.000 -0.000 0.000 0.000 -0.000 -0.000
233.635 0.000 -0.000 0.000 0.000 -0.000 -0.000
233.735 0.000 -0.000 0.000 0.000 -0.000 -0.000
233.835 0.000 -0.000 0.000 0.000 -0.000 -0.000
233.935 0.000 -0.000 0.000 0.000 -0.000 -0.000
234.035 0.000 -0.000 0.000 0.000 -0.000 -0.000
234.135 0.000 -0.000 0.000 0.000 -0.000 -0.000
234.235 0.000 -0.000 0.000 0.000 -0.000 -0.000
234.335 0.000 -0.000 0.000 0.000 -0.000 -0.000
234.435 0.000 -0.000 0.000 0.000 -0.000 -0.000
234.535 0.000 -0.000 0.000 0.000 -0.000 -0.000
234.635 0.000 -0.000 0.000 0.000 -0.000 -0.000
234.735 0.000 -0.000 0.000 0.000 -0.000 -0.000
234.835 0.000 -0.000 0.000 0.000 -0.000 -0.000
234.934 0.000 -0.000 0.000 0.000 -0.000 -0.000
235.035 0.000 -0.000 0.000 0.000 -0.000 -0.000
235.134 0.000 -0.000 0.000 0.000 -0.000 -0.000
235.235 0.000 -0.000 0.000 0.000 -0.000 -0.000
235.335 0.000 -0.000 0.000 0.000 -0.000 -0.000
235.435 0.000 -0.000 0.000 0.000 -0.000 -0.000
235.539 0.000 -0.000 0.000 0.000 -0.000 -0.000
235.635 0.000 -0.000 0.000 0.000 -0.000 -0.000
235.734 0.000 -0.000 0.000 0.000 -0.000 -0.000
235.835 0.000 -0.000 0.000 0.000 -0.000 -0.000
235.935 0.000 -0.000 0.000 0.000 -0.000 -0.000
236.035 0.000 -0.000 0.000 0.000 -0.000 -0.000
236.135 0.000 -0.000 0.000 0.000 -0.000 -0.000
236.235 0.000 -0.000 0.000 0.000 -0.000 -0.000
236.335 0.000 -0.000 0.000 0.000 -0.000 -0.000
236.435 0.000 -0.000 0.000 0.000 -0.000 -0.000
236.535 0.000 -0.000 0.000 0.000 -0.000 -0.000
236.635 0.000 -0.000 0.000 0.000 -0.000 -0.000
236.735 0.000 -0.000 0.000 0.000 -0.000 -0.000
236.835 0.000 -0.000 0.000 0.000 -0.000 -0.000
236.935 0.000 -0.000 0.000 0.000 -0.000 -0.000
237.035 0.000 -0.000 0.000 0.000 -0.000 -0.000
237.135 0.000 -0.000 0.000 0.000 -0.000 -0.000
237.235 0.000 -0.000 0.000 0.000 -0.000 -0.000
237.335 0.000 -0.000 0.000 0.000 -0.000 -0.000
237.435 0.000 -0.000 0.000 0.000 -0.000 -0.000
237.535 0.000 -0.000 0.000 0.000 -0.000 -0.000
237.635 0.000 -0.000 0.000 0.000 -0.000 -0.000
237.735 0.000 -0.000 0.000 0.000 -0.000 -0.000
237.835 0.000 -0.000 0.000 0.000 -0.000 -0.000
237.935 0.000 -0.000 0.000 0.000 -0.000 -0.000
238.036 0.000 -0.000 0.000 0.000 -0.000 -0.000
238.135 0.000 -0.000 0.000 0.000 -0.000 -0.000
238.234 0.000 -0.000 0.000 0.000 -0.000 -0.000
238.335 0.000 -0.000 0.000 0.000 -0.000 -0.000
238.435 0.000 -0.000 0.000 0.000 -0.000 -0.000
238.535 0.000 -0.000 0.000 0.000 -0.000 -0.000
238.635 0.000 -0.000 0.000 0.000 -0.000 -0.000
238.735 0.000 -0.000 0.000 0.000 -0.000 -0.000
238.835 0.000 -0.000 0.000 0.000 -0.000 -0.000
238.935 0.000 -0.000 0.000 0.000 -0.000 -0.000
239.036 0.000 -0.000 0.000 0.000 -0.000 -0.000
239.135 0.000 -0.000 0.000 0.000 -0.000 -0.000
239.235 0.000 -0.000 0.000 0.000 -0.000 -0.000
239.335 0.000 -0.000 0.000 0.000 -0.000 -0.000
239.435 0.000 -0.000 0.000 0.000 -0.000 -0.000
239.535 0.000 -0.000 0.000 0.000 -0.000 -0.000
239.635 0.000 -0.000 0.000 0.000 -0.000 -0.000
239.736 0.000 -0.000 0.000 0.000 -0.000 -0.000
239.835 0.000 -0.000 0.000 0.000 -0.000 -0.000
239.935 0.000 -0.000 0.000 0.000 -0.000 -0.000
240.036 0.000 -0.000 0.000 0.000 -0.000 -0.000
240.135 0.000 -0.000 0.000 0.000 -0.000 -0.000
240.235 0.000 -0.000 0.000 0.000 -0.000 -0.000
240.335 0.000 -0.000 0.000 0.000 -0.000 -0.000
240.435 0.000 -0.000 0.000 0.000 -0.000 -0.000
240.535 0.000 -0.000 0.000 0.000 -0.000 -0.000
240.635 0.000 -0.000 0.000 0.000 -0.000 -0.000
240.735 0.000 -0.000 0.000 0.000 -0.000 -0.000
240.835 0.000 -0.000 0.000 0.000 -0.000 -0.000
240.935 0.000 -0.000 0.000 0.000 -0.000 -0.000
241.035 0.000 -0.000 0.000 0.000 -0.000 -0.000
241.135 0.000 -0.000 0.000 0.000 -0.000 -0.000
241.235 0.000 -0.000 0.000 0.000 -0.000 -0.000
241.335 0.000 -0.000 0.000 0.000 -0.000 -0.000
241.435 0.000 -0.000 0.000 0.000 -0.000 -0.000
241.535 0.000 -0.000 0.000 0.000 -0.000 -0.000
241.635 0.000 -0.000 0.000 0.000 -0.000 -0.000
241.735 0.000 -0.000 0.000 0.000 -0.000 -0.000
241.835 0.000 -0.000 0.000 0.000 -0.000 -0.000
241.935 0.000 -0.000 0.000 0.000 -0.000 -0.000
242.036 0.000 -0.000 0.000 0.000 -0.000 -0.000
242.135 0.000 -0.000 0.000 0.000 -0.000 -0.000
242.235 0.000 -0.000 0.000 0.000 -0.000 -0.000
242.335 0.000 -0.000 0.000 0.000 -0.000 -0.000
242.435 0.000 -0.000 0.000 0.000 -0.000 -0.000
242.537 0.000 -0.000 0.000 0.000 -0.000 -0.000
242.635 0.000 -0.000 0.000 0.000 -0.000 -0.000
242.735 0.000 -0.000 0.000 0.000 -0.000 -0.000
242.835 0.000 -0.000 0.000 0.000 -0.000 -0.000
242.935 0.000 -0.000 0.000 0.000 -0.000 -0.000
243.035 0.000 -0.000 0.000 0.000 -0.000 -0.000
243.135 0.000 -0.000 0.000 0.000 -0.000 -0.000
243.235 0.000 -0.000 0.000 0.000 -0.000 -0.000
243.335 0.000 -0.000 0.000 0.000 -0.000 -0.000
243.438 0.000 -0.000 0.000 0.000 -0.000 -0.000
243.535 0.000 -0.000 0.000 0.000 -0.000 -0.000
243.636 0.000 -0.000 0.000 0.000 -0.000 -0.000
243.738 0.000 -0.000 0.000 0.000 -0.000 -0.000
243.835 0.000 -0.000 0.000 0.000 -0.000 -0.000
243.935 0.000 -0.000 0.000 0.000 -0.000 -0.000
244.035 0.000 -0.000 0.000 0.000 -0.000 -0.000
244.135 0.000 -0.000 0.000 0.000 -0.000 -0.000
244.235 0.000 -0.000 0.000 0.000 -0.000 -0.000
244.335 0.000 -0.000 0.000 0.000 -0.000 -0.000
244.435 0.000 -0.000 0.000 0.000 -0.000 -0.000
244.535 0.000 -0.000 0.000 0.000 -0.000 -0.000
244.635 0.000 -0.000 0.000 0.000 -0.000 -0.000
244.735 0.000 -0.000 0.000 0.000 -0.000 -0.000
244.835 0.000 -0.000 0.000 0.000 -0.000 -0.000
244.935 0.000 -0.000 0.000 0.000 -0.000 -0.000
245.035 0.000 -0.000 0.000 0.000 -0.000 -0.000
245.135 0.000 -0.000 0.000 0.000 -0.000 -0.000
245.235 0.000 -0.000 0.000 0.000 -0.000 -0.000
245.335 0.000 -0.000 0.000 0.000 -0.000 -0.000
245.435 0.000 -0.000 0.000 0.000 -0.000 -0.000
245.535 0.000 -0.000 0.000 0.000 -0.000 -0.000
245.635 0.000 -0.000 0.000 0.000 -0.000 -0.000
245.735 0.000 -0.000 0.000 0.000 -0.000 -0.000
245.835 0.000 -0.000 0.000 0.000 -0.000 -0.000
245.935 0.000 -0.000 0.000 0.000 -0.000 -0.000
246.035 0.000 -0.000 0.000 0.000 -0.000 -0.000
246.138 0.000 -0.000 0.000 0.000 -0.000 -0.000
246.235 0.000 -0.000 0.000 0.000 -0.000 -0.000
246.335 0.000 -0.000 0.000 0.000 -0.000 -0.000
246.435 0.000 -0.000 0.000 0.000 -0.000 -0.000
246.535 0.000 -0.000 0.000 0.000 -0.000 -0.000
246.635 0.000 -0.000 0.000 0.000 -0.000 -0.000
246.735 0.000 -0.000 0.000 0.000 -0.000 -0.000
246.835 0.000 -0.000 0.000 0.000 -0.000 -0.000
246.935 0.000 -0.000 0.000 0.000 -0.000 -0.000
247.035 0.000 -0.000 0.000 0.000 -0.000 -0.000
247.135 0.000 -0.000 0.000 0.000 -0.000 -0.000
247.235 0.000 -0.000 0.000 0.000 -0.000 -0.000
247.335 0.000 -0.000 0.000 0.000 -0.000 -0.000
247.435 0.000 -0.000 0.000 0.000 -0.000 -0.000
247.535 0.000 -0.000 0.000 0.000 -0.000 -0.000
247.635 0.000 -0.000 0.000 0.000 -0.000 -0.000
247.735 0.000 -0.000 0.000 0.000 -0.000 -0.000
247.835 0.000 -0.000 0.000 0.000 -0.000 -0.000
247.935 0.000 -0.000 0.000 0.000 -0.000 -0.000
248.035 0.000 -0.000 0.000 0.000 -0.000 -0.000
248.135 0.000 -0.000 0.000 0.000 -0.000 -0.000
248.235 0.000 -0.000 0.000 0.000 -0.000 -0.000
248.336 0.000 -0.000 0.000 0.000 -0.000 -0.000
248.435 0.000 -0.000 0.000 0.000 -0.000 -0.000
248.535 0.000 -0.000 0.000 0.000 -0.000 -0.000
248.639 0.000 -0.000 0.000 0.000 -0.000 -0.000
248.735 0.000 -0.000 0.000 0.000 -0.000 -0.000
248.834 0.000 -0.000 0.000 0.000 -0.000 -0.000
248.935 0.000 -0.000 0.000 0.000 -0.000 -0.000
249.035 0.000 -0.000 0.000 0.000 -0.000 -0.000
249.135 0.000 -0.000 0.000 0.000 -0.000 -0.000
249.235 0.000 -0.000 0.000 0.000 -0.000 -0.000
249.335 0.000 -0.000 0.000 0.000 -0.000 -0.000
249.436 0.000 -0.000 0.000 0.000 -0.000 -0.000
249.535 0.000 -0.000 0.000 0.000 -0.000 -0.000
249.634 0.000 -0.000 0.000 0.000 -0.000 -0.000
249.736 0.000 -0.000 0.000 0.000 -0.000 -0.000
249.835 0.000 -0.000 0.000 0.000 -0.000 -0.000
249.935 0.000 -0.000 0.000 0.000 -0.000 -0.000
250.035 0.000 -0.000 0.000 0.000 -0.000 -0.000
250.135 0.000 -0.000 0.000 0.000 -0.000 -0.000
250.235 0.000 -0.000 0.000 0.000 -0.000 -0.000
250.334 0.000 -0.000 0.000 0.000 -0.000 -0.000
250.435 0.000 -0.000 0.000 0.000 -0.000 -0.000
250.535 0.000 -0.000 0.000 0.000 -0.000 -0.000
250.635 0.000 -0.000 0.000 0.000 -0.000 -0.000
250.735 0.000 -0.000 0.000 0.000 -0.000 -0.000
250.835 0.000 -0.000 0.000 0.000 -0.000 -0.000
250.935 0.000 -0.000 0.000 0.000 -0.000 -0.000
251.035 0.000 -0.000 0.000 0.000 -0.000 -0.000
251.135 0.000 -0.000 0.000 0.000 -0.000 -0.000
251.235 0.000 -0.000 0.000 0.000 -0.000 -0.000
251.334 0.000 -0.000 0.000 0.000 -0.000 -0.000
251.435 0.000 -0.000 0.000 0.000 -0.000 -0.000
251.535 0.000 -0.000 0.000 0.000 -0.000 -0.000
251.636 0.000 -0.000 0.000 0.000 -0.000 -0.000
251.735 0.000 -0.000 0.000 0.000 -0.000 -0.000
251.834 0.000 -0.000 0.000 0.000 -0.000 -0.000
251.934 0.000 -0.000 0.000 0.000 -0.000 -0.000
252.035 0.000 -0.000 0.000 0.000 -0.000 -0.000
252.139 0.000 -0.000 0.000 0.000 -0.000 -0.000
252.235 0.000 -0.000 0.000 0.000 -0.000 -0.000
252.335 0.000 -0.000 0.000 0.000 -0.000 -0.000
252.435 0.000 -0.000 0.000 0.000 -0.000 -0.000
252.534 0.000 -0.000 0.000 0.000 -0.000 -0.000
252.635 0.000 -0.000 0.000 0.000 -0.000 -0.000
252.735 0.000 -0.000 0.000 0.000 -0.000 -0.000
252.835 0.000 -0.000 0.000 0.000 -0.000 -0.000
252.935 0.000 -0.000 0.000 0.000 -0.000 -0.000
253.035 0.000 -0.000 0.000 0.000 -0.000 -0.000
253.138 0.000 -0.000 0.000 0.000 -0.000 -0.000
253.235 0.000 -0.000 0.000 0.000 -0.000 -0.000
253.335 0.000 -0.000 0.000 0.000 -0.000 -0.000
253.435 0.000 -0.000 0.000 0.000 -0.000 -0.000
253.534 0.000 -0.000 0.000 0.000 -0.000 -0.000
253.635 0.000 -0.000 0.000 0.000 -0.000 -0.000
253.735 0.000 -0.000 0.000 0.000 -0.000 -0.000
253.834 0.000 -0.000 0.000 0.000 -0.000 -0.000
253.935 0.000 -0.000 0.000 0.000 -0.000 -0.000
254.035 0.000 -0.000 0.000 0.000 -0.000 -0.000
254.135 0.000 -0.000 0.000 0.000 -0.000 -0.000
254.235 0.000 -0.000 0.000 0.000 -0.000 -0.000
254.335 0.000 -0.000 0.000 0.000 -0.000 -0.000
254.434 0.000 -0.000 0.000 0.000 -0.000 -0.000
254.534 0.000 -0.000 0.000 0.000 -0.000 -0.000
254.635 0.000 -0.000 0.000 0.000 -0.000 -0.000
254.734 0.000 -0.000 0.000 0.000 -0.000 -0.000
254.835 0.000 -0.000 0.000 0.000 -0.000 -0.000
254.934 0.000 -0.000 0.000 0.000 -0.000 -0.000
255.035 0.000 -0.000 0.000 0.000 -0.000 -0.000
255.135 0.000 -0.000 0.000 0.000 -0.000 -0.000
255.235 0.000 -0.000 0.000 0.000 -0.000 -0.000
255.335 0.000 -0.000 0.000 0.000 -0.000 -0.000
255.435 0.000 -0.000 0.000 0.000 -0.000 -0.000
255.535 0.000 -0.000 0.000 0.000 -0.000 -0.000
255.635 0.000 -0.000 0.000 0.000 -0.000 -0.000
255.735 0.000 -0.000 0.000 0.000 -0.000 -0.000
255.835 0.000 -0.000 0.000 0.000 -0.000 -0.000
255.935 0.000 -0.000 0.000 0.000 -0.000 -0.000
256.035 0.000 -0.000 0.000 0.000 -0.000 -0.000
256.135 0.000 -0.000 0.000 0.000 -0.000 -0.000
256.234 0.000 -0.000 0.000 0.000 -0.000 -0.000
256.339 0.000 -0.000 0.000 0.000 -0.000 -0.000
256.435 0.000 -0.000 0.000 0.000 -0.000 -0.000
256.535 0.000 -0.000 0.000 0.000 -0.000 -0.000
256.635 0.000 -0.000 0.000 0.000 -0.000 -0.000
256.739 0.000 -0.000 0.000 0.000 -0.000 -0.000
256.838 0.000 -0.000 0.000 0.000 -0.000 -0.000
256.935 0.000 -0.000 0.000 0.000 -0.000 -0.000
257.034 0.000 -0.000 0.000 0.000 -0.000 -0.000
257.135 0.000 -0.000 0.000 0.000 -0.000 -0.000
257.235 0.000 -0.000 0.000 0.000 -0.000 -0.000
257.335 0.000 -0.000 0.000 0.000 -0.000 -0.000
257.435 0.000 -0.000 0.000 0.000 -0.000 -0.000
257.535 0.000 -0.000 0.000 0.000 -0.000 -0.000
257.635 0.000 -0.000 0.000 0.000 -0.000 -0.000
257.735 0.000 -0.000 0.000 0.000 -0.000 -0.000
257.835 0.000 -0.000 0.000 0.000 -0.000 -0.000
257.937 0.000 -0.000 0.000 0.000 -0.000 -0.000
258.035 0.000 -0.000 0.000 0.000 -0.000 -0.000
258.135 0.000 -0.000 0.000 0.000 -0.000 -0.000
258.234 0.000 -0.000 0.000 0.000 -0.000 -0.000
258.334 0.000 -0.000 0.000 0.000 -0.000 -0.000
258.434 0.000 -0.000 0.000 0.000 -0.000 -0.000
258.540 0.000 -0.000 0.000 0.000 -0.000 -0.000
258.635 0.000 -0.000 0.000 0.000 -0.000 -0.000
258.735 0.000 -0.000 0.000 0.000 -0.000 -0.000
258.835 0.000 -0.000 0.000 0.000 -0.000 -0.000
258.935 0.000 -0.000 0.000 0.000 -0.000 -0.000
259.035 0.000 -0.000 0.000 0.000 -0.000 -0.000
259.135 0.000 -0.000 0.000 0.000 -0.000 -0.000
259.235 0.000 -0.000 0.000 0.000 -0.000 -0.000
259.335 0.000 -0.000 0.000 0.000 -0.000 -0.000
259.435 0.000 -0.000 0.000 0.000 -0.000 -0.000
259.535 0.000 -0.000 0.000 0.000 -0.000 -0.000
259.635 0.000 -0.000 0.000 0.000 -0.000 -0.000
259.735 0.000 -0.000 0.000 0.000 -0.000 -0.000
259.835 0.000 -0.000 0.000 0.000 -0.000 -0.000
259.935 0.000 -0.000 0.000 0.000 -0.000 -0.000
260.035 0.000 -0.000 0.000 0.000 -0.000 -0.000
260.135 0.000 -0.000 0.000 0.000 -0.000 -0.000
260.235 0.000 -0.000 0.000 0.000 -0.000 -0.000
260.335 0.000 -0.000 0.000 0.000 -0.000 -0.000
260.435 0.000 -0.000 0.000 0.000 -0.000 -0.000
260.535 0.000 -0.000 0.000 0.000 -0.000 -0.000
260.635 0.000 -0.000 0.000 0.000 -0.000 -0.000
260.735 0.000 -0.000 0.000 0.000 -0.000 -0.000
260.835 0.068 0.300 0.000 0.000 -0.000 -0.000
260.935 0.000 0.300 0.000 0.000 -0.000 -0.000
261.035 0.000 0.300 0.000 0.000 -0.000 -0.000
261.135 0.000 0.300 0.000 0.000 -0.000 -0.000
261.235 0.000 0.300 0.000 0.000 -0.000 -0.000
261.335 0.000 0.300 0.000 0.000 -0.000 -0.000
261.434 0.000 -0.000 0.000 0.000 -0.000 -0.000
261.535 0.000 -0.000 0.000 0.000 -0.000 -0.000
261.635 0.000 -0.000 0.000 0.000 -0.000 -0.000
261.736 0.000 -0.000 0.000 0.000 -0.000 -0.000
261.834 0.000 -0.000 0.000 0.000 -0.000 -0.000
261.935 0.000 -0.000 0.000 0.000 -0.000 -0.000
262.035 0.000 -0.000 0.000 0.000 -0.000 -0.000
262.135 0.000 -0.000 0.000 0.000 -0.000 -0.000
262.240 0.000 -0.000 0.000 0.000 -0.000 -0.000
262.335 0.000 -0.000 0.000 0.000 -0.000 -0.000
262.434 0.000 -0.000 0.000 0.000 -0.000 -0.000
262.535 0.000 -0.000 0.000 0.000 -0.000 -0.000
262.634 0.000 -0.000 0.000 0.000 -0.000 -0.000
262.735 0.000 -0.000 0.000 0.000 -0.000 -0.000
262.835 0.000 -0.000 0.000 0.000 -0.000 -0.000
262.935 0.000 -0.000 0.000 0.000 -0.000 -0.000
263.034 0.000 -0.000 0.000 0.000 -0.000 -0.000
263.135 0.000 -0.000 0.000 0.000 -0.000 -0.000
263.238 0.000 -0.000 0.000 0.000 -0.000 -0.000
263.335 0.000 -0.000 0.000 0.000 -0.000 -0.000
263.435 0.000 -0.000 0.000 0.000 -0.000 -0.000
263.536 0.000 -0.000 0.000 0.000 -0.000 -0.000
263.635 0.000 -0.000 0.000 0.000 -0.000 -0.000
263.735 0.000 -0.000 0.000 0.000 -0.000 -0.000
263.835 0.000 -0.000 0.000 0.000 -0.000 -0.000
263.936 0.000 -0.000 0.000 0.000 -0.000 -0.000
264.035 0.000 -0.000 0.000 0.000 -0.000 -0.000
264.135 0.000 -0.000 0.000 0.000 -0.000 -0.000
264.235 0.000 -0.000 0.000 0.000 -0.000 -0.000
264.335 0.000 -0.000 0.000 0.000 -0.000 -0.000
264.435 0.000 -0.000 0.000 0.000 -0.000 -0.000
264.534 0.000 -0.000 0.000 0.000 -0.000 -0.000
264.635 0.000 -0.000 0.000 0.000 -0.000 -0.000
264.735 0.000 -0.000 0.000 0.000 -0.000 -0.000
264.835 0.000 -0.000 0.000 0.000 -0.000 -0.000
264.935 0.000 -0.000 0.000 0.000 -0.000 -0.000
265.035 0.000 -0.000 0.000 0.000 -0.000 -0.000
265.135 0.000 -0.000 0.000 0.000 -0.000 -0.000
265.235 0.000 -0.000 0.000 0.000 -0.000 -0.000
265.335 0.000 -0.000 0.000 0.000 -0.000 -0.000
265.436 0.000 -0.000 0.000 0.000 -0.000 -0.000
265.535 0.000 -0.000 0.000 0.000 -0.000 -0.000
265.635 0.000 -0.000 0.000 0.000 -0.000 -0.000
265.735 0.000 -0.000 0.000 0.000 -0.000 -0.000
265.835 0.000 -0.000 0.000 0.000 -0.000 -0.000
265.935 0.000 -0.000 0.000 0.000 -0.000 -0.000
266.036 0.000 -0.000 0.000 0.000 -0.000 -0.000
266.135 0.000 -0.000 0.000 0.000 -0.000 -0.000
266.235 0.000 -0.000 0.000 0.000 -0.000 -0.000
266.336 0.000 -0.000 0.000 0.000 -0.000 -0.000
266.435 0.000 -0.000 0.000 0.000 -0.000 -0.000
266.535 0.000 -0.000 0.000 0.000 -0.000 -0.000
266.635 0.000 -0.000 0.000 0.000 -0.000 -0.000
266.735 0.000 -0.000 0.000 0.000 -0.000 -0.000
266.835 0.000 -0.000 0.000 0.000 -0.000 -0.000
266.936 0.000 -0.000 0.000 0.000 -0.000 -0.000
267.035 0.000 -0.000 0.000 0.000 -0.000 -0.000
267.135 0.000 -0.000 0.000 0.000 -0.000 -0.000
267.235 0.000 -0.000 0.000 0.000 -0.000 -0.000
267.335 0.000 -0.000 0.000 0.000 -0.000 -0.000
267.435 0.000 -0.000 0.000 0.000 -0.000 -0.000
267.535 0.000 -0.000 0.000 0.000 -0.000 -0.000
267.635 0.000 -0.000 0.000 0.000 -0.000 -0.000
267.735 0.000 -0.000 0.000 0.000 -0.000 -0.000
267.835 0.000 -0.000 0.000 0.000 -0.000 -0.000
267.935 0.000 -0.000 0.000 0.000 -0.000 -0.000
268.035 0.000 -0.000 0.000 0.000 -0.000 -0.000
268.136 0.000 -0.000 0.000 0.000 -0.000 -0.000
268.235 0.000 -0.000 0.000 0.000 -0.000 -0.000
268.335 0.000 -0.000 0.000 0.000 -0.000 -0.000
268.438 0.000 -0.000 0.000 0.000 -0.000 -0.000
268.536 0.000 -0.000 0.000 0.000 -0.000 -0.000
268.635 0.000 -0.000 0.000 0.000 -0.000 -0.000
268.735 0.000 -0.000 0.000 0.000 -0.000 -0.000
268.835 0.000 -0.000 0.000 0.000 -0.000 -0.000
268.935 0.000 -0.000 0.000 0.000 -0.000 -0.000
269.037 0.000 -0.000 0.000 0.000 -0.000 -0.000
269.135 0.000 -0.000 0.000 0.000 -0.000 -0.000
269.238 0.000 -0.000 0.000 0.000 -0.000 -0.000
269.335 0.000 -0.000 0.000 0.000 -0.000 -0.000
269.435 0.000 -0.000 0.000 0.000 -0.000 -0.000
269.535 0.000 -0.000 0.000 0.000 -0.000 -0.000
269.635 0.000 -0.000 0.000 0.000 -0.000 -0.000
269.735 0.000 -0.000 0.000 0.000 -0.000 -0.000
269.835 0.000 -0.000 0.000 0.000 -0.000 -0.000
269.935 0.000 -0.000 0.000 0.000 -0.000 -0.000
270.035 0.000 -0.000 0.000 0.000 -0.000 -0.000
270.135 0.000 -0.000 0.000 0.000 -0.000 -0.000
270.235 0.000 -0.000 0.000 0.000 -0.000 -0.000
270.335 0.000 -0.000 0.000 0.000 -0.000 -0.000
270.435 0.000 -0.000 0.000 0.000 -0.000 -0.000
270.535 0.000 -0.000 0.000 0.000 -0.000 -0.000
270.635 0.000 -0.000 0.000 0.000 -0.000 -0.000
270.735 0.000 -0.000 0.000 0.000 -0.000 -0.000
270.835 0.000 -0.000 0.000 0.000 -0.000 -0.000
270.936 0.000 -0.000 0.000 0.000 -0.000 -0.000
271.035 0.000 -0.000 0.000 0.000 -0.000 -0.000
271.135 0.000 -0.000 0.000 0.000 -0.000 -0.000
271.235 0.000 -0.000 0.000 0.000 -0.000 -0.000
271.335 0.000 -0.000 0.000 0.000 -0.000 -0.000
271.437 0.000 -0.000 0.000 0.000 -0.000 -0.000
271.540 0.000 -0.000 0.000 0.000 -0.000 -0.000
271.635 0.000 -0.000 0.000 0.000 -0.000 -0.000
271.735 0.000 -0.000 0.000 0.000 -0.000 -0.000
271.836 0.000 -0.000 0.000 0.000 -0.000 -0.000
271.936 0.000 -0.000 0.000 0.000 -0.000 -0.000
272.035 0.000 -0.000 0.000 0.000 -0.000 -0.000
272.135 0.000 -0.000 0.000 0.000 -0.000 -0.000
272.235 0.000 -0.000 0.000 0.000 -0.000 -0.000
272.336 0.000 -0.000 0.000 0.000 -0.000 -0.000
272.435 0.000 -0.000 0.000 0.000 -0.000 -0.000
272.535 0.000 -0.000 0.000 0.000 -0.000 -0.000
272.635 0.000 -0.000 0.000 0.000 -0.000 -0.000
272.735 0.000 -0.000 0.000 0.000 -0.000 -0.000
272.834 0.000 -0.000 0.000 0.000 -0.000 -0.000
272.935 0.000 -0.000 0.000 0.000 -0.000 -0.000
273.035 0.000 -0.000 0.000 0.000 -0.000 -0.000
273.135 0.000 -0.000 0.000 0.000 -0.000 -0.000
273.235 0.000 -0.000 0.000 0.000 -0.000 -0.000
273.335 0.000 -0.000 0.000 0.000 -0.000 -0.000
273.435 0.000 -0.000 0.000 0.000 -0.000 -0.000
273.535 0.000 -0.000 0.000 0.000 -0.000 -0.000
273.637 0.000 -0.000 0.000 0.000 -0.000 -0.000
273.735 0.000 -0.000 0.000 0.000 -0.000 -0.000
273.835 0.000 -0.000 0.000 0.000 -0.000 -0.000
273.935 0.000 -0.000 0.000 0.000 -0.000 -0.000
274.035 0.000 -0.000 0.000 0.000 -0.000 -0.000
274.135 0.000 -0.000 0.000 0.000 -0.000 -0.000
274.235 0.000 -0.000 0.000 0.000 -0.000 -0.000
274.335 0.000 -0.000 0.000 0.000 -0.000 -0.000
274.435 0.000 -0.000 0.000 0.000 -0.000 -0.000
274.535 0.000 -0.000 0.000 0.000 -0.000 -0.000
274.635 0.000 -0.000 0.000 0.000 -0.000 -0.000
274.735 0.000 -0.000 0.000 0.000 -0.000 -0.000
274.835 0.000 -0.000 0.000 0.000 -0.000 -0.000
274.935 0.000 -0.000 0.000 0.000 -0.000 -0.000
275.035 0.000 -0.000 0.000 0.000 -0.000 -0.000
275.135 0.000 -0.000 0.000 0.000 -0.000 -0.000
275.235 0.000 -0.000 0.000 0.000 -0.000 -0.000
275.335 0.000 -0.000 0.000 0.000 -0.000 -0.000
275.435 0.000 -0.000 0.000 0.000 -0.000 -0.000
275.535 0.000 -0.000 0.000 0.000 -0.000 -0.000
275.637 0.000 -0.000 0.000 0.000 -0.000 -0.000
275.735 0.000 -0.000 0.000 0.000 -0.000 -0.000
275.835 0.000 -0.000 0.000 0.000 -0.000 -0.000
275.936 0.000 -0.000 0.000 0.000 -0.000 -0.000
276.035 0.000 -0.000 0.000 0.000 -0.000 -0.000
276.135 0.000 -0.000 0.000 0.000 -0.000 -0.000
276.235 0.000 -0.000 0.000 0.000 -0.000 -0.000
276.335 0.000 -0.000 0.000 0.000 -0.000 -0.000
276.437 0.000 -0.000 0.000 0.000 -0.000 -0.000
276.535 0.000 -0.000 0.000 0.000 -0.000 -0.000
276.636 0.000 -0.000 0.000 0.000 -0.000 -0.000
276.735 0.000 -0.000 0.000 0.000 -0.000 -0.000
276.835 0.000 -0.000 0.000 0.000 -0.000 -0.000
276.936 0.000 -0.000 0.000 0.000 -0.000 -0.000
277.035 0.000 -0.000 0.000 0.000 -0.000 -0.000
277.135 0.000 -0.000 0.000 0.000 -0.000 -0.000
277.235 0.000 -0.000 0.000 0.000 -0.000 -0.000
277.335 0.000 -0.000 0.000 0.000 -0.000 -0.000
277.435 0.000 -0.000 0.000 0.000 -0.000 -0.000
277.535 0.000 -0.000 0.000 0.000 -0.000 -0.000
277.635 0.000 -0.000 0.000 0.000 -0.000 -0.000
277.735 0.000 -0.000 0.000 0.000 -0.000 -0.000
277.835 0.000 -0.000 0.000 0.000 -0.000 -0.000
277.935 0.000 -0.000 0.000 0.000 -0.000 -0.000
278.036 0.000 -0.000 0.000 0.000 -0.000 -0.000
278.135 0.000 -0.000 0.000 0.000 -0.000 -0.000
278.235 0.000 -0.000 0.000 0.000 -0.000 -0.000
278.335 0.000 -0.000 0.000 0.000 -0.000 -0.000
278.435 0.000 -0.000 0.000 0.000 -0.000 -0.000
278.535 0.000 -0.000 0.000 0.000 -0.000 -0.000
278.635 0.000 -0.000 0.000 0.000 -0.000 -0.000
278.735 0.000 -0.000 0.000 0.000 -0.000 -0.000
278.835 0.000 -0.000 0.000 0.000 -0.000 -0.000
278.937 0.000 -0.000 0.000 0.000 -0.000 -0.000
279.035 0.000 -0.000 0.000 0.000 -0.000 -0.000
279.135 0.000 -0.000 0.000 0.000 -0.000 -0.000
279.237 0.000 -0.000 0.000 0.000 -0.000 -0.000
279.335 0.000 -0.000 0.000 0.000 -0.000 -0.000
279.435 0.000 -0.000 0.000 0.000 -0.000 -0.000
279.535 0.000 -0.000 0.000 0.000 -0.000 -0.000
279.635 0.000 -0.000 0.000 0.000 -0.000 -0.000
279.735 0.000 -0.000 0.000 0.000 -0.000 -0.000
279.835 0.000 -0.000 0.000 0.000 -0.000 -0.000
279.935 0.000 -0.000 0.000 0.000 -0.000 -0.000
280.035 0.000 -0.000 0.000 0.000 -0.000 -0.000
280.135 0.000 -0.000 0.000 0.000 -0.000 -0.000
280.235 0.000 -0.000 0.000 0.000 -0.000 -0.000
280.335 0.000 -0.000 0.000 0.000 -0.000 -0.000
280.436 0.000 -0.000 0.000 0.000 -0.000 -0.000
280.537 0.000 -0.000 0.000 0.000 -0.000 -0.000
280.635 0.000 -0.000 0.000 0.000 -0.000 -0.000
280.735 0.000 -0.000 0.000 0.000 -0.000 -0.000
280.835 0.000 -0.000 0.000 0.000 -0.000 -0.000
280.935 0.000 -0.000 0.000 0.000 -0.000 -0.000
281.035 0.000 -0.000 0.000 0.000 -0.000 -0.000
281.136 0.000 -0.000 0.000 0.000 -0.000 -0.000
281.235 0.000 -0.000 0.000 0.000 -0.000 -0.000
281.335 0.000 -0.000 0.000 0.000 -0.000 -0.000
281.435 0.000 -0.000 0.000 0.000 -0.000 -0.000
281.536 0.000 -0.000 0.000 0.000 -0.000 -0.000
281.635 0.000 -0.000 0.000 0.000 -0.000 -0.000
281.735 0.000 -0.000 0.000 0.000 -0.000 -0.000
281.835 0.000 -0.000 0.000 0.000 -0.000 -0.000
281.935 0.000 -0.000 0.000 0.000 -0.000 -0.000
282.035 0.000 -0.000 0.000 0.000 -0.000 -0.000
282.136 0.000 -0.000 0.000 0.000 -0.000 -0.000
282.235 0.000 -0.000 0.000 0.000 -0.000 -0.000
282.335 0.000 -0.000 0.000 0.000 -0.000 -0.000
282.435 0.000 -0.000 0.000 0.000 -0.000 -0.000
282.534 0.000 -0.000 0.000 0.000 -0.000 -0.000
282.635 0.000 -0.000 0.000 0.000 -0.000 -0.000
282.736 0.000 -0.000 0.000 0.000 -0.000 -0.000
282.835 0.000 -0.000 0.000 0.000 -0.000 -0.000
282.939 0.000 -0.000 0.000 0.000 -0.000 -0.000
283.035 0.000 -0.000 0.000 0.000 -0.000 -0.000
283.135 0.000 -0.000 0.000 0.000 -0.000 -0.000
283.235 0.000 -0.000 0.000 0.000 -0.000 -0.000
283.335 0.000 -0.000 0.000 0.000 -0.000 -0.000
283.435 0.000 -0.000 0.000 0.000 -0.000 -0.000
283.538 0.000 -0.000 0.000 0.000 -0.000 -0.000
283.636 0.000 -0.000 0.000 0.000 -0.000 -0.000
283.735 0.000 -0.000 0.000 0.000 -0.000 -0.000
283.835 0.000 -0.000 0.000 0.000 -0.000 -0.000
283.935 0.000 -0.000 0.000 0.000 -0.000 -0.000
284.035 0.000 -0.000 0.000 0.000 -0.000 -0.000
284.135 0.000 -0.000 0.000 0.000 -0.000 -0.000
284.236 0.000 -0.000 0.000 0.000 -0.000 -0.000
284.335 0.000 -0.000 0.000 0.000 -0.000 -0.000
284.434 0.000 -0.000 0.000 0.000 -0.000 -0.000
284.535 0.000 -0.000 0.000 0.000 -0.000 -0.000
284.635 0.000 -0.000 0.000 0.000 -0.000 -0.000
284.735 0.000 -0.000 0.000 0.000 -0.000 -0.000
284.835 0.000 -0.000 0.000 0.000 -0.000 -0.000
284.935 0.000 -0.000 0.000 0.000 -0.000 -0.000
285.035 0.000 -0.000 0.000 0.000 -0.000 -0.000
285.135 0.000 -0.000 0.000 0.000 -0.000 -0.000
285.240 0.000 -0.000 0.000 0.000 -0.000 -0.000
285.335 0.000 -0.000 0.000 0.000 -0.000 -0.000
285.435 0.000 -0.000 0.000 0.000 -0.000 -0.000
285.535 0.000 -0.000 0.000 0.000 -0.000 -0.000
285.636 0.000 -0.000 0.000 0.000 -0.000 -0.000
285.735 0.000 -0.000 0.000 0.000 -0.000 -0.000
285.835 0.000 -0.000 0.000 0.000 -0.000 -0.000
285.939 0.000 -0.000 0.000 0.000 -0.000 -0.000
286.036 0.000 -0.000 0.000 0.000 -0.000 -0.000
286.135 0.000 -0.000 0.000 0.000 -0.000 -0.000
286.235 0.000 -0.000 0.000 0.000 -0.000 -0.000
286.335 0.000 -0.000 0.000 0.000 -0.000 -0.000
286.435 0.000 -0.000 0.000 0.000 -0.000 -0.000
286.535 0.000 -0.000 0.000 0.000 -0.000 -0.000
286.635 0.000 -0.000 0.000 0.000 -0.000 -0.000
286.735 0.000 -0.000 0.000 0.000 -0.000 -0.000
286.835 0.000 -0.000 0.000 0.000 -0.000 -0.000
286.935 0.000 -0.000 0.000 0.000 -0.000 -0.000
287.035 0.000 -0.000 0.000 0.000 -0.000 -0.000
287.135 0.000 -0.000 0.000 0.000 -0.000 -0.000
287.235 0.000 -0.000 0.000 0.000 -0.000 -0.000
287.335 0.000 -0.000 0.000 0.000 -0.000 -0.000
287.435 0.000 -0.000 0.000 0.000 -0.000 -0.000
287.536 0.000 -0.000 0.000 0.000 -0.000 -0.000
287.635 0.000 -0.000 0.000 0.000 -0.000 -0.000
287.735 0.000 -0.000 0.000 0.000 -0.000 -0.000
287.835 0.000 -0.000 0.000 0.000 -0.000 -0.000
287.935 0.000 -0.000 0.000 0.000 -0.000 -0.000
288.034 0.000 -0.000 0.000 0.000 -0.000 -0.000
288.135 0.000 -0.000 0.000 0.000 -0.000 -0.000
288.235 0.000 -0.000 0.000 0.000 -0.000 -0.000
288.335 0.000 -0.000 0.000 0.000 -0.000 -0.000
288.436 0.000 -0.000 0.000 0.000 -0.000 -0.000
288.535 0.000 -0.000 0.000 0.000 -0.000 -0.000
288.635 0.000 -0.000 0.000 0.000 -0.000 -0.000
288.735 0.000 -0.000 0.000 0.000 -0.000 -0.000
288.835 0.000 -0.000 0.000 0.000 -0.000 -0.000
288.935 0.000 -0.000 0.000 0.000 -0.000 -0.000
289.035 0.000 -0.000 0.000 0.000 -0.000 -0.000
289.135 0.000 -0.000 0.000 0.000 -0.000 -0.000
289.238 0.000 -0.000 0.000 0.000 -0.000 -0.000
289.336 0.000 -0.000 0.000 0.000 -0.000 -0.000
289.435 0.000 -0.000 0.000 0.000 -0.000 -0.000
289.536 0.000 -0.000 0.000 0.000 -0.000 -0.000
289.635 0.000 -0.000 0.000 0.000 -0.000 -0.000
289.735 0.000 -0.000 0.000 0.000 -0.000 -0.000
289.835 0.000 -0.000 0.000 0.000 -0.000 -0.000
289.938 0.000 -0.000 0.000 0.000 -0.000 -0.000
290.035 0.000 -0.000 0.000 0.000 -0.000 -0.000
290.135 0.000 -0.000 0.000 0.000 -0.000 -0.000
290.237 0.000 -0.000 0.000 0.000 -0.000 -0.000
290.336 0.000 -0.000 0.000 0.000 -0.000 -0.000
290.435 0.000 -0.000 0.000 0.000 -0.000 -0.000
290.535 0.000 -0.000 0.000 0.000 -0.000 -0.000
290.635 0.000 -0.000 0.000 0.000 -0.000 -0.000
290.735 0.000 -0.000 0.000 0.000 -0.000 -0.000
290.835 0.000 -0.000 0.000 0.000 -0.000 -0.000
290.935 0.000 -0.000 0.000 0.000 -0.000 -0.000
291.035 0.000 -0.000 0.000 0.000 -0.000 -0.000
291.138 0.000 -0.000 0.000 0.000 -0.000 -0.000
291.235 0.000 -0.000 0.000 0.000 -0.000 -0.000
291.335 0.000 -0.000 0.000 0.000 -0.000 -0.000
291.434 0.000 -0.000 0.000 0.000 -0.000 -0.000
291.539 0.000 -0.000 0.000 0.000 -0.000 -0.000
291.640 0.000 -0.000 0.000 0.000 -0.000 -0.000
291.735 0.000 -0.000 0.000 0.000 -0.000 -0.000
291.835 0.000 -0.000 0.000 0.000 -0.000 -0.000
291.935 0.000 -0.000 0.000 0.000 -0.000 -0.000
292.035 0.000 -0.000 0.000 0.000 -0.000 -0.000
292.135 0.000 -0.000 0.000 0.000 -0.000 -0.000
292.235 0.000 -0.000 0.000 0.000 -0.000 -0.000
292.335 0.000 -0.000 0.000 0.000 -0.000 -0.000
292.435 0.000 -0.000 0.000 0.000 -0.000 -0.000
292.535 0.000 -0.000 0.000 0.000 -0.000 -0.000
292.635 0.000 -0.000 0.000 0.000 -0.000 -0.000
292.735 0.000 -0.000 0.000 0.000 -0.000 -0.000
292.835 0.000 -0.000 0.000 0.000 -0.000 -0.000
292.935 0.000 -0.000 0.000 0.000 -0.000 -0.000
293.035 0.000 -0.000 0.000 0.000 -0.000 -0.000
293.135 0.000 -0.000 0.000 0.000 -0.000 -0.000
293.235 0.000 -0.000 0.000 0.000 -0.000 -0.000
293.335 0.000 -0.000 0.000 0.000 -0.000 -0.000
293.435 0.000 -0.000 0.000 0.000 -0.000 -0.000
293.536 0.000 -0.000 0.000 0.000 -0.000 -0.000
293.636 0.000 -0.000 0.000 0.000 -0.000 -0.000
293.735 0.000 -0.000 0.000 0.000 -0.000 -0.000
293.835 0.000 -0.000 0.000 0.000 -0.000 -0.000
293.939 0.000 -0.000 0.000 0.000 -0.000 -0.000
294.035 0.000 -0.000 0.000 0.000 -0.000 -0.000
294.135 0.000 -0.000 0.000 0.000 -0.000 -0.000
294.235 0.000 -0.000 0.000 0.000 -0.000 -0.000
294.335 0.000 -0.000 0.000 0.000 -0.000 -0.000
294.435 0.000 -0.000 0.000 0.000 -0.000 -0.000
294.535 0.000 -0.000 0.000 0.000 -0.000 -0.000
294.635 0.000 -0.000 0.000 0.000 -0.000 -0.000
294.735 0.000 -0.000 0.000 0.000 -0.000 -0.000
294.836 0.000 -0.000 0.000 0.000 -0.000 -0.000
294.936 0.000 -0.000 0.000 0.000 -0.000 -0.000
295.035 0.000 -0.000 0.000 0.000 -0.000 -0.000
295.135 0.000 -0.000 0.000 0.000 -0.000 -0.000
295.235 0.000 -0.000 0.000 0.000 -0.000 -0.000
295.335 0.000 -0.000 0.000 0.000 -0.000 -0.000
295.435 0.000 -0.000 0.000 0.000 -0.000 -0.000
295.537 0.000 -0.000 0.000 0.000 -0.000 -0.000
295.635 0.000 -0.000 0.000 0.000 -0.000 -0.000
295.735 0.000 -0.000 0.000 0.000 -0.000 -0.000
295.835 0.000 -0.000 0.000 0.000 -0.000 -0.000
295.935 0.000 -0.000 0.000 0.000 -0.000 -0.000
296.035 0.000 -0.000 0.000 0.000 -0.000 -0.000
296.135 0.000 -0.000 0.000 0.000 -0.000 -0.000
296.235 0.000 -0.000 0.000 0.000 -0.000 -0.000
296.335 0.000 -0.000 0.000 0.000 -0.000 -0.000
296.435 0.000 -0.000 0.000 0.000 -0.000 -0.000
296.535 0.000 -0.000 0.000 0.000 -0.000 -0.000
296.636 0.000 -0.000 0.000 0.000 -0.000 -0.000
296.735 0.000 -0.000 0.000 0.000 -0.000 -0.000
296.836 0.000 -0.000 0.000 0.000 -0.000 -0.000
296.935 0.000 -0.000 0.000 0.000 -0.000 -0.000
297.034 0.000 -0.000 0.000 0.000 -0.000 -0.000
297.135 0.000 -0.000 0.000 0.000 -0.000 -0.000
297.235 0.000 -0.000 0.000 0.000 -0.000 -0.000
297.335 0.000 -0.000 0.000 0.000 -0.000 -0.000
297.435 0.000 -0.000 0.000 0.000 -0.000 -0.000
297.535 0.000 -0.000 0.000 0.000 -0.000 -0.000
297.635 0.000 -0.000 0.000 0.000 -0.000 -0.000
297.735 0.000 -0.000 0.000 0.000 -0.000 -0.000
297.837 0.000 -0.000 0.000 0.000 -0.000 -0.000
297.936 0.000 -0.000 0.000 0.000 -0.000 -0.000
298.035 0.000 -0.000 0.000 0.000 -0.000 -0.000
298.135 0.000 -0.000 0.000 0.000 -0.000 -0.000
298.235 0.000 -0.000 0.000 0.000 -0.000 -0.000
298.335 0.000 -0.000 0.000 0.000 -0.000 -0.000
298.435 0.000 -0.000 0.000 0.000 -0.000 -0.000
298.535 0.000 -0.000 0.000 0.000 -0.000 -0.000
298.634 0.000 -0.000 0.000 0.000 -0.000 -0.000
298.735 0.000 -0.000 0.000 0.000 -0.000 -0.000
298.835 0.000 -0.000 0.000 0.000 -0.000 -0.000
298.935 0.000 -0.000 0.000 0.000 -0.000 -0.000
299.035 0.000 -0.000 0.000 0.000 -0.000 -0.000
299.138 0.000 -0.000 0.000 0.000 -0.000 -0.000
299.235 0.000 -0.000 0.000 0.000 -0.000 -0.000
299.335 0.000 -0.000 0.000 0.000 -0.000 -0.000
299.435 0.000 -0.000 0.000 0.000 -0.000 -0.000
299.535 0.000 -0.000 0.000 0.000 -0.000 -0.000
299.635 0.000 -0.000 0.000 0.000 -0.000 -0.000
299.735 0.000 -0.000 0.000 0.000 -0.000 -0.000
299.835 0.000 -0.000 0.000 0.000 -0.000 -0.000
299.936 0.000 -0.000 0.000 0.000 -0.000 -0.000
300.035 0.000 -0.000 0.000 0.000 -0.000 -0.000
300.135 0.000 -0.000 0.000 0.000 -0.000 -0.000
300.235 0.000 -0.000 0.000 0.000 -0.000 -0.000
300.336 0.000 -0.000 0.000 0.000 -0.000 -0.000
300.435 0.000 -0.000 0.000 0.000 -0.000 -0.000
300.535 0.000 -0.000 0.000 0.000 -0.000 -0.000
300.635 0.000 -0.000 0.000 0.000 -0.000 -0.000
300.735 0.000 -0.000 0.000 0.000 -0.000 -0.000
300.836 0.000 -0.000 0.000 0.000 -0.000 -0.000
300.935 0.000 -0.000 0.000 0.000 -0.000 -0.000
301.035 0.000 -0.000 0.000 0.000 -0.000 -0.000
301.135 0.000 -0.000 0.000 0.000 -0.000 -0.000
301.235 0.000 -0.000 0.000 0.000 -0.000 -0.000
301.336 0.000 -0.000 0.000 0.000 -0.000 -0.000
301.437 0.000 -0.000 0.000 0.000 -0.000 -0.000
301.537 0.000 -0.000 0.000 0.000 -0.000 -0.000
301.635 0.000 -0.000 0.000 0.000 -0.000 -0.000
301.735 0.000 -0.000 0.000 0.000 -0.000 -0.000
301.835 0.000 -0.000 0.000 0.000 -0.000 -0.000
301.935 0.000 -0.000 0.000 0.000 -0.000 -0.000
302.035 0.000 -0.000 0.000 0.000 -0.000 -0.000
302.135 0.000 -0.000 0.000 0.000 -0.000 -0.000
302.235 0.000 -0.000 0.000 0.000 -0.000 -0.000
302.334 0.000 -0.000 0.000 0.000 -0.000 -0.000
302.437 0.000 -0.000 0.000 0.000 -0.000 -0.000
302.537 0.000 -0.000 0.000 0.000 -0.000 -0.000
302.635 0.000 -0.000 0.000 0.000 -0.000 -0.000
302.736 0.000 -0.000 0.000 0.000 -0.000 -0.000
302.835 0.000 -0.000 0.000 0.000 -0.000 -0.000
302.935 0.000 -0.000 0.000 0.000 -0.000 -0.000
303.036 0.000 -0.000 0.000 0.000 -0.000 -0.000
303.136 0.000 -0.000 0.000 0.000 -0.000 -0.000
303.235 0.000 -0.000 0.000 0.000 -0.000 -0.000
303.335 0.000 -0.000 0.000 0.000 -0.000 -0.000
303.435 0.000 -0.000 0.000 0.000 -0.000 -0.000
303.535 0.000 -0.000 0.000 0.000 -0.000 -0.000
303.635 0.000 -0.000 0.000 0.000 -0.000 -0.000
303.735 0.000 -0.000 0.000 0.000 -0.000 -0.000
303.835 0.000 -0.000 0.000 0.000 -0.000 -0.000
303.936 0.000 -0.000 0.000 0.000 -0.000 -0.000
304.035 0.000 -0.000 0.000 0.000 -0.000 -0.000
304.135 0.000 -0.000 0.000 0.000 -0.000 -0.000
304.235 0.000 -0.000 0.000 0.000 -0.000 -0.000
304.335 0.000 -0.000 0.000 0.000 -0.000 -0.000
304.435 0.000 -0.000 0.000 0.000 -0.000 -0.000
304.536 0.000 -0.000 0.000 0.000 -0.000 -0.000
304.638 0.000 -0.000 0.000 0.000 -0.000 -0.000
304.735 0.000 -0.000 0.000 0.000 -0.000 -0.000
304.835 0.000 -0.000 0.000 0.000 -0.000 -0.000
304.935 0.000 -0.000 0.000 0.000 -0.000 -0.000
305.035 0.000 -0.000 0.000 0.000 -0.000 -0.000
305.137 0.000 -0.000 0.000 0.000 -0.000 -0.000
305.235 0.000 -0.000 0.000 0.000 -0.000 -0.000
305.335 0.000 -0.000 0.000 0.000 -0.000 -0.000
305.435 0.000 -0.000 0.000 0.000 -0.000 -0.000
305.535 0.000 -0.000 0.000 0.000 -0.000 -0.000
305.635 0.000 -0.000 0.000 0.000 -0.000 -0.000
305.735 0.000 -0.000 0.000 0.000 -0.000 -0.000
305.835 0.000 -0.000 0.000 0.000 -0.000 -0.000
305.935 0.000 -0.000 0.000 0.000 -0.000 -0.000
306.035 0.000 -0.000 0.000 0.000 -0.000 -0.000
306.140 0.000 -0.000 0.000 0.000 -0.000 -0.000
306.235 0.000 -0.000 0.000 0.000 -0.000 -0.000
306.335 0.000 -0.000 0.000 0.000 -0.000 -0.000
306.435 0.000 -0.000 0.000 0.000 -0.000 -0.000
306.534 0.000 -0.000 0.000 0.000 -0.000 -0.000
306.634 0.000 -0.000 0.000 0.000 -0.000 -0.000
306.736 0.000 -0.000 0.000 0.000 -0.000 -0.000
306.836 0.000 -0.000 0.000 0.000 -0.000 -0.000
306.935 0.000 -0.000 0.000 0.000 -0.000 -0.000
307.038 0.000 -0.000 0.000 0.000 -0.000 -0.000
307.135 0.000 -0.000 0.000 0.000 -0.000 -0.000
307.235 0.000 -0.000 0.000 0.000 -0.000 -0.000
307.335 0.000 -0.000 0.000 0.000 -0.000 -0.000
307.435 0.000 -0.000 0.000 0.000 -0.000 -0.000
307.535 0.000 -0.000 0.000 0.000 -0.000 -0.000
307.636 0.000 -0.000 0.000 0.000 -0.000 -0.000
307.735 0.000 -0.000 0.000 0.000 -0.000 -0.000
307.835 0.000 -0.000 0.000 0.000 -0.000 -0.000
307.935 0.000 -0.000 0.000 0.000 -0.000 -0.000
308.035 0.000 -0.000 0.000 0.000 -0.000 -0.000
308.135 0.000 -0.000 0.000 0.000 -0.000 -0.000
308.235 0.000 -0.000 0.000 0.000 -0.000 -0.000
308.335 0.000 -0.000 0.000 0.000 -0.000 -0.000
308.435 0.000 -0.000 0.000 0.000 -0.000 -0.000
308.535 0.000 -0.000 0.000 0.000 -0.000 -0.000
308.635 0.000 -0.000 0.000 0.000 -0.000 -0.000
308.736 0.000 -0.000 0.000 0.000 -0.000 -0.000
308.835 0.000 -0.000 0.000 0.000 -0.000 -0.000
308.935 0.000 -0.000 0.000 0.000 -0.000 -0.000
309.035 0.000 -0.000 0.000 0.000 -0.000 -0.000
309.136 0.000 -0.000 0.000 0.000 -0.000 -0.000
309.235 0.000 -0.000 0.000 0.000 -0.000 -0.000
309.335 0.000 -0.000 0.000 0.000 -0.000 -0.000
309.438 0.000 -0.000 0.000 0.000 -0.000 -0.000
309.535 0.000 -0.000 0.000 0.000 -0.000 -0.000
309.634 0.000 -0.000 0.000 0.000 -0.000 -0.000
309.735 0.000 -0.000 0.000 0.000 -0.000 -0.000
309.835 0.000 -0.000 0.000 0.000 -0.000 -0.000
309.937 0.000 -0.000 0.000 0.000 -0.000 -0.000
310.036 0.000 -0.000 0.000 0.000 -0.000 -0.000
310.135 0.000 -0.000 0.000 0.000 -0.000 -0.000
310.235 0.000 -0.000 0.000 0.000 -0.000 -0.000
310.335 0.000 -0.000 0.000 0.000 -0.000 -0.000
310.435 0.000 -0.000 0.000 0.000 -0.000 -0.000
310.535 0.000 -0.000 0.000 0.000 -0.000 -0.000
310.637 0.000 -0.000 0.000 0.000 -0.000 -0.000
310.737 0.000 -0.000 0.000 0.000 -0.000 -0.000
310.837 0.000 -0.000 0.000 0.000 -0.000 -0.000
310.935 0.000 -0.000 0.000 0.000 -0.000 -0.000
311.035 0.000 -0.000 0.000 0.000 -0.000 -0.000
311.135 0.000 -0.000 0.000 0.000 -0.000 -0.000
311.234 0.000 -0.000 0.000 0.000 -0.000 -0.000
311.335 0.000 -0.000 0.000 0.000 -0.000 -0.000
311.435 0.000 -0.000 0.000 0.000 -0.000 -0.000
311.535 0.000 -0.000 0.000 0.000 -0.000 -0.000
311.635 0.000 -0.000 0.000 0.000 -0.000 -0.000
311.735 0.000 -0.000 0.000 0.000 -0.000 -0.000
311.835 0.000 -0.000 0.000 0.000 -0.000 -0.000
311.935 0.000 -0.000 0.000 0.000 -0.000 -0.000
312.035 0.000 -0.000 0.000 0.000 -0.000 -0.000
312.135 0.000 -0.000 0.000 0.000 -0.000 -0.000
312.235 0.000 -0.000 0.000 0.000 -0.000 -0.000
312.336 0.000 -0.000 0.000 0.000 -0.000 -0.000
312.435 0.000 -0.000 0.000 0.000 -0.000 -0.000
312.535 0.000 -0.000 0.000 0.000 -0.000 -0.000
312.635 0.000 -0.000 0.000 0.000 -0.000 -0.000
312.735 0.000 -0.000 0.000 0.000 -0.000 -0.000
312.835 0.000 -0.000 0.000 0.000 -0.000 -0.000
312.935 0.000 -0.000 0.000 0.000 -0.000 -0.000
313.034 0.000 -0.000 0.000 0.000 -0.000 -0.000
313.142 0.000 -0.000 0.000 0.000 -0.000 -0.000
313.235 0.000 -0.000 0.000 0.000 -0.000 -0.000
313.335 0.000 -0.000 0.000 0.000 -0.000 -0.000
313.435 0.000 -0.000 0.000 0.000 -0.000 -0.000
313.535 0.000 -0.000 0.000 0.000 -0.000 -0.000
313.635 0.000 -0.000 0.000 0.000 -0.000 -0.000
313.735 0.000 -0.000 0.000 0.000 -0.000 -0.000
313.835 0.000 -0.000 0.000 0.000 -0.000 -0.000
313.935 0.000 -0.000 0.000 0.000 -0.000 -0.000
314.035 0.000 -0.000 0.000 0.000 -0.000 -0.000
314.135 0.000 -0.000 0.000 0.000 -0.000 -0.000
314.235 0.000 -0.000 0.000 0.000 -0.000 -0.000
314.335 0.000 -0.000 0.000 0.000 -0.000 -0.000
314.434 0.000 -0.000 0.000 0.000 -0.000 -0.000
314.535 0.000 -0.000 0.000 0.000 -0.000 -0.000
314.635 0.000 -0.000 0.000 0.000 -0.000 -0.000
314.735 0.000 -0.000 0.000 0.000 -0.000 -0.000
314.835 0.000 -0.000 0.000 0.000 -0.000 -0.000
314.935 0.000 -0.000 0.000 0.000 -0.000 -0.000
315.035 0.000 -0.000 0.000 0.000 -0.000 -0.000
315.135 0.000 -0.000 0.000 0.000 -0.000 -0.000
315.235 0.000 -0.000 0.000 0.000 -0.000 -0.000
315.335 0.000 -0.000 0.000 0.000 -0.000 -0.000
315.435 0.000 -0.000 0.000 0.000 -0.000 -0.000
315.535 0.000 -0.000 0.000 0.000 -0.000 -0.000
315.635 0.000 -0.000 0.000 0.000 -0.000 -0.000
315.736 0.000 -0.000 0.000 0.000 -0.000 -0.000
315.835 0.000 -0.000 0.000 0.000 -0.000 -0.000
315.934 0.000 -0.000 0.000 0.000 -0.000 -0.000
316.035 0.000 -0.000 0.000 0.000 -0.000 -0.000
316.136 0.000 -0.000 0.000 0.000 -0.000 -0.000
316.235 0.000 -0.000 0.000 0.000 -0.000 -0.000
316.335 0.000 -0.000 0.000 0.000 -0.000 -0.000
316.435 0.000 -0.000 0.000 0.000 -0.000 -0.000
316.535 0.000 -0.000 0.000 0.000 -0.000 -0.000
316.635 0.000 -0.000 0.000 0.000 -0.000 -0.000
316.740 0.000 -0.000 0.000 0.000 -0.000 -0.000
316.835 0.000 -0.000 0.000 0.000 -0.000 -0.000
316.935 0.000 -0.000 0.000 0.000 -0.000 -0.000
317.035 0.000 -0.000 0.000 0.000 -0.000 -0.000
317.135 0.000 -0.000 0.000 0.000 -0.000 -0.000
317.242 0.000 -0.000 0.000 0.000 -0.000 -0.000
317.335 0.000 -0.000 0.000 0.000 -0.000 -0.000
317.435 0.000 -0.000 0.000 0.000 -0.000 -0.000
317.534 0.000 -0.000 0.000 0.000 -0.000 -0.000
317.635 0.000 -0.000 0.000 0.000 -0.000 -0.000
317.735 0.000 -0.000 0.000 0.000 -0.000 -0.000
317.835 0.000 -0.000 0.000 0.000 -0.000 -0.000
317.935 0.000 -0.000 0.000 0.000 -0.000 -0.000
318.035 0.000 -0.000 0.000 0.000 -0.000 -0.000
318.134 0.000 -0.000 0.000 0.000 -0.000 -0.000
318.235 0.000 -0.000 0.000 0.000 -0.000 -0.000
318.335 0.000 -0.000 0.000 0.000 -0.000 -0.000
318.435 0.000 -0.000 0.000 0.000 -0.000 -0.000
318.535 0.000 -0.000 0.000 0.000 -0.000 -0.000
318.635 0.000 -0.000 0.000 0.000 -0.000 -0.000
318.735 0.000 -0.000 0.000 0.000 -0.000 -0.000
318.836 0.000 -0.000 0.000 0.000 -0.000 -0.000
318.936 0.000 -0.000 0.000 0.000 -0.000 -0.000
319.035 0.000 -0.000 0.000 0.000 -0.000 -0.000
319.135 0.000 -0.000 0.000 0.000 -0.000 -0.000
319.235 0.000 -0.000 0.000 0.000 -0.000 -0.000
319.335 0.000 -0.000 0.000 0.000 -0.000 -0.000
319.435 0.000 -0.000 0.000 0.000 -0.000 -0.000
319.535 0.000 -0.000 0.000 0.000 -0.000 -0.000
319.635 0.000 -0.000 0.000 0.000 -0.000 -0.000
319.735 0.000 -0.000 0.000 0.000 -0.000 -0.000
319.837 0.000 -0.000 0.000 0.000 -0.000 -0.000
319.935 0.000 -0.000 0.000 0.000 -0.000 -0.000
320.035 0.000 -0.000 0.000 0.000 -0.000 -0.000
320.135 0.000 -0.000 0.000 0.000 -0.000 -0.000
320.235 0.000 -0.000 0.000 0.000 -0.000 -0.000
320.335 0.000 -0.000 0.000 0.000 -0.000 -0.000
320.438 0.000 -0.000 0.000 0.000 -0.000 -0.000
320.535 0.000 -0.000 0.000 0.000 -0.000 -0.000
320.635 0.000 -0.000 0.000 0.000 -0.000 -0.000
320.735 0.000 -0.000 0.000 0.000 -0.000 -0.000
320.835 0.000 -0.000 0.000 0.000 -0.000 -0.000
320.935 0.000 -0.000 0.000 0.000 -0.000 -0.000
321.035 0.000 -0.000 0.000 0.000 -0.000 -0.000
321.135 0.000 -0.000 0.000 0.000 -0.000 -0.000
321.235 0.000 -0.000 0.000 0.000 -0.000 -0.000
321.336 0.000 -0.000 0.000 0.000 -0.000 -0.000
321.435 0.000 -0.000 0.000 0.000 -0.000 -0.000
321.537 0.000 -0.000 0.000 0.000 -0.000 -0.000
321.635 0.000 -0.000 0.000 0.000 -0.000 -0.000
321.743 0.000 -0.000 0.000 0.000 -0.000 -0.000
321.835 0.000 -0.000 0.000 0.000 -0.000 -0.000
321.935 0.000 -0.000 0.000 0.000 -0.000 -0.000
322.035 0.000 -0.000 0.000 0.000 -0.000 -0.000
322.135 0.000 -0.000 0.000 0.000 -0.000 -0.000
322.235 0.000 -0.000 0.000 0.000 -0.000 -0.000
322.335 0.000 -0.000 0.000 0.000 -0.000 -0.000
322.440 0.000 -0.000 0.000 0.000 -0.000 -0.000
322.535 0.000 -0.000 0.000 0.000 -0.000 -0.000
322.635 0.000 -0.000 0.000 0.000 -0.000 -0.000
322.735 0.000 -0.000 0.000 0.000 -0.000 -0.000
322.835 0.000 -0.000 0.000 0.000 -0.000 -0.000
322.935 0.000 -0.000 0.000 0.000 -0.000 -0.000
323.035 0.000 -0.000 0.000 0.000 -0.000 -0.000
323.136 0.000 -0.000 0.000 0.000 -0.000 -0.000
323.235 0.000 -0.000 0.000 0.000 -0.000 -0.000
323.335 0.000 -0.000 0.000 0.000 -0.000 -0.000
323.435 0.000 -0.000 0.000 0.000 -0.000 -0.000
323.535 0.000 -0.000 0.000 0.000 -0.000 -0.000
323.635 0.000 -0.000 0.000 0.000 -0.000 -0.000
323.735 0.000 -0.000 0.000 0.000 -0.000 -0.000
323.835 0.000 -0.000 0.000 0.000 -0.000 -0.000
323.935 0.000 -0.000 0.000 0.000 -0.000 -0.000
324.035 0.000 -0.000 0.000 0.000 -0.000 -0.000
324.135 0.000 -0.000 0.000 0.000 -0.000 -0.000
324.235 0.000 -0.000 0.000 0.000 -0.000 -0.000
324.335 0.000 -0.000 0.000 0.000 -0.000 -0.000
324.435 0.000 -0.000 0.000 0.000 -0.000 -0.000
324.536 0.000 -0.000 0.000 0.000 -0.000 -0.000
324.635 0.000 -0.000 0.000 0.000 -0.000 -0.000
324.735 0.000 -0.000 0.000 0.000 -0.000 -0.000
324.835 0.000 -0.000 0.000 0.000 -0.000 -0.000
324.936 0.000 -0.000 0.000 0.000 -0.000 -0.000
325.035 0.000 -0.000 0.000 0.000 -0.000 -0.000
325.137 0.000 -0.000 0.000 0.000 -0.000 -0.000
325.235 0.000 -0.000 0.000 0.000 -0.000 -0.000
325.336 0.000 -0.000 0.000 0.000 -0.000 -0.000
325.436 0.000 -0.000 0.000 0.000 -0.000 -0.000
325.536 0.000 -0.000 0.000 0.000 -0.000 -0.000
325.635 0.000 -0.000 0.000 0.000 -0.000 -0.000
325.735 0.000 -0.000 0.000 0.000 -0.000 -0.000
325.835 0.000 -0.000 0.000 0.000 -0.000 -0.000
325.935 0.000 -0.000 0.000 0.000 -0.000 -0.000
326.035 0.000 -0.000 0.000 0.000 -0.000 -0.000
326.135 0.000 -0.000 0.000 0.000 -0.000 -0.000
326.235 0.000 -0.000 0.000 0.000 -0.000 -0.000
326.341 0.000 -0.000 0.000 0.000 -0.000 -0.000
326.435 0.000 -0.000 0.000 0.000 -0.000 -0.000
326.535 0.000 -0.000 0.000 0.000 -0.000 -0.000
326.635 0.000 -0.000 0.000 0.000 -0.000 -0.000
326.735 0.000 -0.000 0.000 0.000 -0.000 -0.000
326.835 0.000 -0.000 0.000 0.000 -0.000 -0.000
326.935 0.000 -0.000 0.000 0.000 -0.000 -0.000
327.035 0.000 -0.000 0.000 0.000 -0.000 -0.000
327.137 0.000 -0.000 0.000 0.000 -0.000 -0.000
327.235 0.000 -0.000 0.000 0.000 -0.000 -0.000
327.335 0.000 -0.000 0.000 0.000 -0.000 -0.000
327.434 0.000 -0.000 0.000 0.000 -0.000 -0.000
327.535 0.000 -0.000 0.000 0.000 -0.000 -0.000
327.635 0.000 -0.000 0.000 0.000 -0.000 -0.000
327.734 0.000 -0.000 0.000 0.000 -0.000 -0.000
327.834 0.000 -0.000 0.000 0.000 -0.000 -0.000
327.934 0.000 -0.000 0.000 0.000 -0.000 -0.000
328.034 0.000 -0.000 0.000 0.000 -0.000 -0.000
328.134 0.000 -0.000 0.000 0.000 -0.000 -0.000
328.234 0.000 -0.000 0.000 0.000 -0.000 -0.000
328.335 0.000 -0.000 0.000 0.000 -0.000 -0.000
328.434 0.000 -0.000 0.000 0.000 -0.000 -0.000
328.534 0.000 -0.000 0.000 0.000 -0.000 -0.000
328.637 0.000 -0.000 0.000 0.000 -0.000 -0.000
328.735 0.000 -0.000 0.000 0.000 -0.000 -0.000
328.835 0.000 -0.000 0.000 0.000 -0.000 -0.000
328.935 0.000 -0.000 0.000 0.000 -0.000 -0.000
329.035 0.000 -0.000 0.000 0.000 -0.000 -0.000
329.135 0.000 -0.000 0.000 0.000 -0.000 -0.000
329.235 0.000 -0.000 0.000 0.000 -0.000 -0.000
329.335 0.000 -0.000 0.000 0.000 -0.000 -0.000
329.436 0.000 -0.000 0.000 0.000 -0.000 -0.000
329.536 0.000 -0.000 0.000 0.000 -0.000 -0.000
329.635 0.000 -0.000 0.000 0.000 -0.000 -0.000
329.735 0.000 -0.000 0.000 0.000 -0.000 -0.000
329.835 0.000 -0.000 0.000 0.000 -0.000 -0.000
329.935 0.000 -0.000 0.000 0.000 -0.000 -0.000
330.037 0.000 -0.000 0.000 0.000 -0.000 -0.000
330.138 0.000 -0.000 0.000 0.000 -0.000 -0.000
330.235 0.000 -0.000 0.000 0.000 -0.000 -0.000
330.336 0.000 -0.000 0.000 0.000 -0.000 -0.000
330.435 0.000 -0.000 0.000 0.000 -0.000 -0.000
330.536 0.000 -0.000 0.000 0.000 -0.000 -0.000
330.635 0.000 -0.000 0.000 0.000 -0.000 -0.000
330.736 0.000 -0.000 0.000 0.000 -0.000 -0.000
330.837 0.000 -0.000 0.000 0.000 -0.000 -0.000
330.936 0.000 -0.000 0.000 0.000 -0.000 -0.000
331.036 0.000 -0.000 0.000 0.000 -0.000 -0.000
331.135 0.000 -0.000 0.000 0.000 -0.000 -0.000
331.236 0.000 -0.000 0.000 0.000 -0.000 -0.000
331.336 0.000 -0.000 0.000 0.000 -0.000 -0.000
331.435 0.000 -0.000 0.000 0.000 -0.000 -0.000
331.536 0.000 -0.000 0.000 0.000 -0.000 -0.000
331.635 0.000 -0.000 0.000 0.000 -0.000 -0.000
331.736 0.000 -0.000 0.000 0.000 -0.000 -0.000
331.837 0.000 -0.000 0.000 0.000 -0.000 -0.000
331.935 0.000 -0.000 0.000 0.000 -0.000 -0.000
332.035 0.000 -0.000 0.000 0.000 -0.000 -0.000
332.135 0.000 -0.000 0.000 0.000 -0.000 -0.000
332.235 0.000 -0.000 0.000 0.000 -0.000 -0.000
332.335 0.000 -0.000 0.000 0.000 -0.000 -0.000
332.438 0.000 -0.000 0.000 0.000 -0.000 -0.000
332.537 0.000 -0.000 0.000 0.000 -0.000 -0.000
332.635 0.000 -0.000 0.000 0.000 -0.000 -0.000
332.736 0.000 -0.000 0.000 0.000 -0.000 -0.000
332.835 0.000 -0.000 0.000 0.000 -0.000 -0.000
332.936 0.000 -0.000 0.000 0.000 -0.000 -0.000
333.035 0.000 -0.000 0.000 0.000 -0.000 -0.000
333.135 0.000 -0.000 0.000 0.000 -0.000 -0.000
333.235 0.000 -0.000 0.000 0.000 -0.000 -0.000
333.335 0.000 -0.000 0.000 0.000 -0.000 -0.000
333.435 0.000 -0.000 0.000 0.000 -0.000 -0.000
333.535 0.000 -0.000 0.000 0.000 -0.000 -0.000
333.635 0.000 -0.000 0.000 0.000 -0.000 -0.000
333.735 0.000 -0.000 0.000 0.000 -0.000 -0.000
333.835 0.000 -0.000 0.000 0.000 -0.000 -0.000
333.936 0.000 -0.000 0.000 0.000 -0.000 -0.000
334.036 0.000 -0.000 0.000 0.000 -0.000 -0.000
334.136 0.000 -0.000 0.000 0.000 -0.000 -0.000
334.234 0.000 -0.000 0.000 0.000 -0.000 -0.000
334.335 0.000 -0.000 0.000 0.000 -0.000 -0.000
334.436 0.000 -0.000 0.000 0.000 -0.000 -0.000
334.535 0.000 -0.000 0.000 0.000 -0.000 -0.000
334.635 0.000 -0.000 0.000 0.000 -0.000 -0.000
334.735 0.000 -0.000 0.000 0.000 -0.000 -0.000
334.834 0.000 -0.000 0.000 0.000 -0.000 -0.000
334.935 0.000 -0.000 0.000 0.000 -0.000 -0.000
335.035 0.000 -0.000 0.000 0.000 -0.000 -0.000
335.134 0.000 -0.000 0.000 0.000 -0.000 -0.000
335.234 0.000 -0.000 0.000 0.000 -0.000 -0.000
335.334 0.000 -0.000 0.000 0.000 -0.000 -0.000
335.434 0.000 -0.000 0.000 0.000 -0.000 -0.000
335.536 0.000 -0.000 0.000 0.000 -0.000 -0.000
335.634 0.000 -0.000 0.000 0.000 -0.000 -0.000
335.734 0.000 -0.000 0.000 0.000 -0.000 -0.000
335.834 0.000 -0.000 0.000 0.000 -0.000 -0.000
335.934 0.000 -0.000 0.000 0.000 -0.000 -0.000
336.034 0.000 -0.000 0.000 0.000 -0.000 -0.000
336.134 0.000 -0.000 0.000 0.000 -0.000 -0.000
336.234 0.000 -0.000 0.000 0.000 -0.000 -0.000
336.335 0.000 -0.000 0.000 0.000 -0.000 -0.000
336.434 0.000 -0.000 0.000 0.000 -0.000 -0.000
336.534 0.000 -0.000 0.000 0.000 -0.000 -0.000
336.634 0.000 -0.000 0.000 0.000 -0.000 -0.000
336.734 0.000 -0.000 0.000 0.000 -0.000 -0.000
336.834 0.000 -0.000 0.000 0.000 -0.000 -0.000
336.934 0.000 -0.000 0.000 0.000 -0.000 -0.000
337.034 0.000 -0.000 0.000 0.000 -0.000 -0.000
337.135 0.000 -0.000 0.000 0.000 -0.000 -0.000
337.234 0.000 -0.000 0.000 0.000 -0.000 -0.000
337.334 0.000 -0.000 0.000 0.000 -0.000 -0.000
337.434 0.000 -0.000 0.000 0.000 -0.000 -0.000
337.534 0.000 -0.000 0.000 0.000 -0.000 -0.000
337.634 0.000 -0.000 0.000 0.000 -0.000 -0.000
337.734 0.000 -0.000 0.000 0.000 -0.000 -0.000
337.834 0.000 -0.000 0.000 0.000 -0.000 -0.000
337.935 0.000 -0.000 0.000 0.000 -0.000 -0.000
338.034 0.000 -0.000 0.000 0.000 -0.000 -0.000
338.135 0.000 -0.000 0.000 0.000 -0.000 -0.000
338.235 0.000 -0.000 0.000 0.000 -0.000 -0.000
338.335 0.000 -0.000 0.000 0.000 -0.000 -0.000
338.435 0.000 -0.000 0.000 0.000 -0.000 -0.000
338.535 0.000 -0.000 0.000 0.000 -0.000 -0.000
338.635 0.000 -0.000 0.000 0.000 -0.000 -0.000
338.735 0.000 -0.000 0.000 0.000 -0.000 -0.000
338.837 0.000 -0.000 0.000 0.000 -0.000 -0.000
338.935 0.000 -0.000 0.000 0.000 -0.000 -0.000
339.035 0.000 -0.000 0.000 0.000 -0.000 -0.000
339.135 0.000 -0.000 0.000 0.000 -0.000 -0.000
339.235 0.000 -0.000 0.000 0.000 -0.000 -0.000
339.335 0.000 -0.000 0.000 0.000 -0.000 -0.000
339.435 0.000 -0.000 0.000 0.000 -0.000 -0.000
339.535 0.000 -0.000 0.000 0.000 -0.000 -0.000
339.635 0.000 -0.000 0.000 0.000 -0.000 -0.000
339.735 0.000 -0.000 0.000 0.000 -0.000 -0.000
339.835 0.000 -0.000 0.000 0.000 -0.000 -0.000
339.935 0.000 -0.000 0.000 0.000 -0.000 -0.000
340.035 0.000 -0.000 0.000 0.000 -0.000 -0.000
340.135 0.000 -0.000 0.000 0.000 -0.000 -0.000
340.235 0.000 -0.000 0.000 0.000 -0.000 -0.000
340.335 0.000 -0.000 0.000 0.000 -0.000 -0.000
340.435 0.000 -0.000 0.000 0.000 -0.000 -0.000
340.535 0.000 -0.000 0.000 0.000 -0.000 -0.000
340.635 0.000 -0.000 0.000 0.000 -0.000 -0.000
340.735 0.000 -0.000 0.000 0.000 -0.000 -0.000
340.836 0.000 -0.000 0.000 0.000 -0.000 -0.000
340.935 0.000 -0.000 0.000 0.000 -0.000 -0.000
341.036 0.000 -0.000 0.000 0.000 -0.000 -0.000
341.137 0.000 -0.000 0.000 0.000 -0.000 -0.000
341.236 0.000 -0.000 0.000 0.000 -0.000 -0.000
341.336 0.000 -0.000 0.000 0.000 -0.000 -0.000
341.435 0.000 -0.000 0.000 0.000 -0.000 -0.000
341.536 0.000 -0.000 0.000 0.000 -0.000 -0.000
341.635 0.000 -0.000 0.000 0.000 -0.000 -0.000
341.735 0.000 -0.000 0.000 0.000 -0.000 -0.000
341.835 0.000 -0.000 0.000 0.000 -0.000 -0.000
341.935 0.000 -0.000 0.000 0.000 -0.000 -0.000
342.035 0.000 -0.000 0.000 0.000 -0.000 -0.000
342.135 0.000 -0.000 0.000 0.000 -0.000 -0.000
342.235 0.000 -0.000 0.000 0.000 -0.000 -0.000
342.334 0.000 -0.000 0.000 0.000 -0.000 -0.000
342.435 0.000 -0.000 0.000 0.000 -0.000 -0.000
342.535 0.000 -0.000 0.000 0.000 -0.000 -0.000
342.635 0.000 -0.000 0.000 0.000 -0.000 -0.000
342.737 0.000 -0.000 0.000 0.000 -0.000 -0.000
342.837 0.000 -0.000 0.000 0.000 -0.000 -0.000
342.936 0.000 -0.000 0.000 0.000 -0.000 -0.000
343.035 0.000 -0.000 0.000 0.000 -0.000 -0.000
343.135 0.000 -0.000 0.000 0.000 -0.000 -0.000
343.235 0.000 -0.000 0.000 0.000 -0.000 -0.000
343.335 0.000 -0.000 0.000 0.000 -0.000 -0.000
343.435 0.000 -0.000 0.000 0.000 -0.000 -0.000
343.535 0.000 -0.000 0.000 0.000 -0.000 -0.000
343.636 0.000 -0.000 0.000 0.000 -0.000 -0.000
343.736 0.000 -0.000 0.000 0.000 -0.000 -0.000
343.836 0.000 -0.000 0.000 0.000 -0.000 -0.000
343.935 0.000 -0.000 0.000 0.000 -0.000 -0.000
344.035 0.000 -0.000 0.000 0.000 -0.000 -0.000
344.135 0.000 -0.000 0.000 0.000 -0.000 -0.000
344.235 0.000 -0.000 0.000 0.000 -0.000 -0.000
344.345 0.000 -0.000 0.000 0.000 -0.000 -0.000
344.435 0.000 -0.000 0.000 0.000 -0.000 -0.000
344.535 0.000 -0.000 0.000 0.000 -0.000 -0.000
344.636 0.000 -0.000 0.000 0.000 -0.000 -0.000
344.737 0.000 -0.000 0.000 0.000 -0.000 -0.000
344.835 0.000 -0.000 0.000 0.000 -0.000 -0.000
344.935 0.000 -0.000 0.000 0.000 -0.000 -0.000
345.035 0.000 -0.000 0.000 0.000 -0.000 -0.000
345.136 0.000 -0.000 0.000 0.000 -0.000 -0.000
345.235 0.000 -0.000 0.000 0.000 -0.000 -0.000
345.335 0.000 -0.000 0.000 0.000 -0.000 -0.000
345.434 0.000 -0.000 0.000 0.000 -0.000 -0.000
345.535 0.000 -0.000 0.000 0.000 -0.000 -0.000
345.635 0.000 -0.000 0.000 0.000 -0.000 -0.000
345.735 0.000 -0.000 0.000 0.000 -0.000 -0.000
345.835 0.000 -0.000 0.000 0.000 -0.000 -0.000
345.935 0.000 -0.000 0.000 0.000 -0.000 -0.000
346.035 0.000 -0.000 0.000 0.000 -0.000 -0.000
346.135 0.000 -0.000 0.000 0.000 -0.000 -0.000
346.235 0.000 -0.000 0.000 0.000 -0.000 -0.000
346.335 0.000 -0.000 0.000 0.000 -0.000 -0.000
346.435 0.000 -0.000 0.000 0.000 -0.000 -0.000
346.535 0.000 -0.000 0.000 0.000 -0.000 -0.000
346.635 0.000 -0.000 0.000 0.000 -0.000 -0.000
346.735 0.000 -0.000 0.000 0.000 -0.000 -0.000
346.835 0.000 -0.000 0.000 0.000 -0.000 -0.000
346.936 0.000 -0.000 0.000 0.000 -0.000 -0.000
347.035 0.000 -0.000 0.000 0.000 -0.000 -0.000
347.135 0.000 -0.000 0.000 0.000 -0.000 -0.000
347.235 0.000 -0.000 0.000 0.000 -0.000 -0.000
347.335 0.000 -0.000 0.000 0.000 -0.000 -0.000
347.435 0.000 -0.000 0.000 0.000 -0.000 -0.000
347.535 0.000 -0.000 0.000 0.000 -0.000 -0.000
347.635 0.000 -0.000 0.000 0.000 -0.000 -0.000
347.735 0.000 -0.000 0.000 0.000 -0.000 -0.000
347.835 0.000 -0.000 0.000 0.000 -0.000 -0.000
347.935 0.000 -0.000 0.000 0.000 -0.000 -0.000
348.035 0.000 -0.000 0.000 0.000 -0.000 -0.000
348.135 0.000 -0.000 0.000 0.000 -0.000 -0.000
348.235 0.000 -0.000 0.000 0.000 -0.000 -0.000
348.335 0.000 -0.000 0.000 0.000 -0.000 -0.000
348.435 0.000 -0.000 0.000 0.000 -0.000 -0.000
348.535 0.000 -0.000 0.000 0.000 -0.000 -0.000
348.635 0.000 -0.000 0.000 0.000 -0.000 -0.000
348.735 0.000 -0.000 0.000 0.000 -0.000 -0.000
348.835 0.000 -0.000 0.000 0.000 -0.000 -0.000
348.935 0.000 -0.000 0.000 0.000 -0.000 -0.000
349.035 0.000 -0.000 0.000 0.000 -0.000 -0.000
349.135 0.000 -0.000 0.000 0.000 -0.000 -0.000
349.235 0.000 -0.000 0.000 0.000 -0.000 -0.000
349.335 0.000 -0.000 0.000 0.000 -0.000 -0.000
349.435 0.000 -0.000 0.000 0.000 -0.000 -0.000
349.535 0.000 -0.000 0.000 0.000 -0.000 -0.000
349.635 0.000 -0.000 0.000 0.000 -0.000 -0.000
349.735 0.000 -0.000 0.000 0.000 -0.000 -0.000
349.835 0.000 -0.000 0.000 0.000 -0.000 -0.000
349.936 0.000 -0.000 0.000 0.000 -0.000 -0.000
350.035 0.000 -0.000 0.000 0.000 -0.000 -0.000
350.134 0.000 -0.000 0.000 0.000 -0.000 -0.000
350.235 0.000 -0.000 0.000 0.000 -0.000 -0.000
350.335 0.000 -0.000 0.000 0.000 -0.000 -0.000
350.435 0.000 -0.000 0.000 0.000 -0.000 -0.000
350.535 0.000 -0.000 0.000 0.000 -0.000 -0.000
350.635 0.000 -0.000 0.000 0.000 -0.000 -0.000
350.735 0.000 -0.000 0.000 0.000 -0.000 -0.000
350.835 0.000 -0.000 0.000 0.000 -0.000 -0.000
350.935 0.000 -0.000 0.000 0.000 -0.000 -0.000
351.035 0.000 -0.000 0.000 0.000 -0.000 -0.000
351.135 0.000 -0.000 0.000 0.000 -0.000 -0.000
351.238 0.000 -0.000 0.000 0.000 -0.000 -0.000
351.335 0.000 -0.000 0.000 0.000 -0.000 -0.000
351.434 0.000 -0.000 0.000 0.000 -0.000 -0.000
351.538 0.000 -0.000 0.000 0.000 -0.000 -0.000
351.635 0.000 -0.000 0.000 0.000 -0.000 -0.000
351.734 0.000 -0.000 0.000 0.000 -0.000 -0.000
351.834 0.000 -0.000 0.000 0.000 -0.000 -0.000
351.934 0.000 -0.000 0.000 0.000 -0.000 -0.000
352.035 0.000 -0.000 0.000 0.000 -0.000 -0.000
352.135 0.000 -0.000 0.000 0.000 -0.000 -0.000
352.236 0.000 -0.000 0.000 0.000 -0.000 -0.000
352.338 0.000 -0.000 0.000 0.000 -0.000 -0.000
352.436 0.000 -0.000 0.000 0.000 -0.000 -0.000
352.535 0.000 -0.000 0.000 0.000 -0.000 -0.000
352.635 0.000 -0.000 0.000 0.000 -0.000 -0.000
352.734 0.000 -0.000 0.000 0.000 -0.000 -0.000
352.835 0.000 -0.000 0.000 0.000 -0.000 -0.000
352.934 0.000 -0.000 0.000 0.000 -0.000 -0.000
353.036 0.000 -0.000 0.000 0.000 -0.000 -0.000
353.135 0.000 -0.000 0.000 0.000 -0.000 -0.000
353.235 0.000 -0.000 0.000 0.000 -0.000 -0.000
353.339 0.000 -0.000 0.000 0.000 -0.000 -0.000
353.435 0.000 -0.000 0.000 0.000 -0.000 -0.000
353.535 0.000 -0.000 0.000 0.000 -0.000 -0.000
353.635 0.000 -0.000 0.000 0.000 -0.000 -0.000
353.735 0.000 -0.000 0.000 0.000 -0.000 -0.000
353.840 0.000 -0.000 0.000 0.000 -0.000 -0.000
353.936 0.000 -0.000 0.000 0.000 -0.000 -0.000
354.035 0.000 -0.000 0.000 0.000 -0.000 -0.000
354.135 0.000 -0.000 0.000 0.000 -0.000 -0.000
354.236 0.000 -0.000 0.000 0.000 -0.000 -0.000
354.338 0.000 -0.000 0.000 0.000 -0.000 -0.000
354.435 0.000 -0.000 0.000 0.000 -0.000 -0.000
354.535 0.000 -0.000 0.000 0.000 -0.000 -0.000
354.635 0.000 -0.000 0.000 0.000 -0.000 -0.000
354.736 0.000 -0.000 0.000 0.000 -0.000 -0.000
354.835 0.000 -0.000 0.000 0.000 -0.000 -0.000
354.935 0.000 -0.000 0.000 0.000 -0.000 -0.000
355.035 0.000 -0.000 0.000 0.000 -0.000 -0.000
355.135 0.000 -0.000 0.000 0.000 -0.000 -0.000
355.235 0.000 -0.000 0.000 0.000 -0.000 -0.000
355.335 0.000 -0.000 0.000 0.000 -0.000 -0.000
355.435 0.000 -0.000 0.000 0.000 -0.000 -0.000
355.535 0.000 -0.000 0.000 0.000 -0.000 -0.000
355.635 0.000 -0.000 0.000 0.000 -0.000 -0.000
355.735 0.000 -0.000 0.000 0.000 -0.000 -0.000
355.835 0.000 -0.000 0.000 0.000 -0.000 -0.000
355.935 0.000 -0.000 0.000 0.000 -0.000 -0.000
356.035 0.000 -0.000 0.000 0.000 -0.000 -0.000
356.135 0.000 -0.000 0.000 0.000 -0.000 -0.000
356.235 0.000 -0.000 0.000 0.000 -0.000 -0.000
356.335 0.000 -0.000 0.000 0.000 -0.000 -0.000
356.435 0.000 -0.000 0.000 0.000 -0.000 -0.000
356.535 0.000 -0.000 0.000 0.000 -0.000 -0.000
356.636 0.000 -0.000 0.000 0.000 -0.000 -0.000
356.735 0.000 -0.000 0.000 0.000 -0.000 -0.000
356.835 0.000 -0.000 0.000 0.000 -0.000 -0.000
356.935 0.000 -0.000 0.000 0.000 -0.000 -0.000
357.035 0.000 -0.000 0.000 0.000 -0.000 -0.000
357.135 0.000 -0.000 0.000 0.000 -0.000 -0.000
357.239 0.000 -0.000 0.000 0.000 -0.000 -0.000
357.335 0.000 -0.000 0.000 0.000 -0.000 -0.000
357.437 0.000 -0.000 0.000 0.000 -0.000 -0.000
357.535 0.000 -0.000 0.000 0.000 -0.000 -0.000
357.635 0.000 -0.000 0.000 0.000 -0.000 -0.000
357.735 0.000 -0.000 0.000 0.000 -0.000 -0.000
357.835 0.000 -0.000 0.000 0.000 -0.000 -0.000
357.935 0.000 -0.000 0.000 0.000 -0.000 -0.000
358.035 0.000 -0.000 0.000 0.000 -0.000 -0.000
358.135 0.000 -0.000 0.000 0.000 -0.000 -0.000
358.235 0.000 -0.000 0.000 0.000 -0.000 -0.000
358.335 0.000 -0.000 0.000 0.000 -0.000 -0.000
358.435 0.000 -0.000 0.000 0.000 -0.000 -0.000
358.535 0.000 -0.000 0.000 0.000 -0.000 -0.000
358.635 0.000 -0.000 0.000 0.000 -0.000 -0.000
358.735 0.000 -0.000 0.000 0.000 -0.000 -0.000
358.835 0.000 -0.000 0.000 0.000 -0.000 -0.000
358.935 0.000 -0.000 0.000 0.000 -0.000 -0.000
359.035 0.000 -0.000 0.000 0.000 -0.000 -0.000
359.135 0.000 -0.000 0.000 0.000 -0.000 -0.000
359.235 0.000 -0.000 0.000 0.000 -0.000 -0.000
359.335 0.000 -0.000 0.000 0.000 -0.000 -0.000
359.435 0.000 -0.000 0.000 0.000 -0.000 -0.000
359.536 0.000 -0.000 0.000 0.000 -0.000 -0.000
359.635 0.000 -0.000 0.000 0.000 -0.000 -0.000
359.735 0.000 -0.000 0.000 0.000 -0.000 -0.000
359.834 0.000 -0.000 0.000 0.000 -0.000 -0.000
359.935 0.000 -0.000 0.000 0.000 -0.000 -0.000
360.034 0.000 -0.000 0.000 0.000 -0.000 -0.000
360.135 0.000 -0.000 0.000 0.000 -0.000 -0.000
360.240 0.000 -0.000 0.000 0.000 -0.000 -0.000
360.335 0.000 -0.000 0.000 0.000 -0.000 -0.000
360.435 0.000 -0.000 0.000 0.000 -0.000 -0.000
360.535 0.000 -0.000 0.000 0.000 -0.000 -0.000
360.635 0.000 -0.000 0.000 0.000 -0.000 -0.000
360.735 0.000 -0.000 0.000 0.000 -0.000 -0.000
360.835 0.000 -0.000 0.000 0.000 -0.000 -0.000
360.935 0.000 -0.000 0.000 0.000 -0.000 -0.000
361.039 0.000 -0.000 0.000 0.000 -0.000 -0.000
361.135 0.000 -0.000 0.000 0.000 -0.000 -0.000
361.235 0.000 -0.000 0.000 0.000 -0.000 -0.000
361.335 0.000 -0.000 0.000 0.000 -0.000 -0.000
361.435 0.000 -0.000 0.000 0.000 -0.000 -0.000
361.535 0.000 -0.000 0.000 0.000 -0.000 -0.000
361.635 0.000 -0.000 0.000 0.000 -0.000 -0.000
361.735 0.000 -0.000 0.000 0.000 -0.000 -0.000
361.836 0.000 -0.000 0.000 0.000 -0.000 -0.000
361.935 0.000 -0.000 0.000 0.000 -0.000 -0.000
362.035 0.000 -0.000 0.000 0.000 -0.000 -0.000
362.135 0.000 -0.000 0.000 0.000 -0.000 -0.000
362.237 0.000 -0.000 0.000 0.000 -0.000 -0.000
362.335 0.000 -0.000 0.000 0.000 -0.000 -0.000
362.435 0.000 -0.000 0.000 0.000 -0.000 -0.000
362.535 0.000 -0.000 0.000 0.000 -0.000 -0.000
362.635 0.000 -0.000 0.000 0.000 -0.000 -0.000
362.735 0.000 -0.000 0.000 0.000 -0.000 -0.000
362.835 0.000 -0.000 0.000 0.000 -0.000 -0.000
362.935 0.000 -0.000 0.000 0.000 -0.000 -0.000
363.035 0.000 -0.000 0.000 0.000 -0.000 -0.000
363.135 0.000 -0.000 0.000 0.000 -0.000 -0.000
363.235 0.000 -0.000 0.000 0.000 -0.000 -0.000
363.335 0.000 -0.000 0.000 0.000 -0.000 -0.000
363.435 0.000 -0.000 0.000 0.000 -0.000 -0.000
363.536 0.000 -0.000 0.000 0.000 -0.000 -0.000
363.635 0.000 -0.000 0.000 0.000 -0.000 -0.000
363.742 0.000 -0.000 0.000 0.000 -0.000 -0.000
363.835 0.000 -0.000 0.000 0.000 -0.000 -0.000
363.934 0.000 -0.000 0.000 0.000 -0.000 -0.000
364.034 0.000 -0.000 0.000 0.000 -0.000 -0.000
364.136 0.000 -0.000 0.000 0.000 -0.000 -0.000
364.235 0.000 -0.000 0.000 0.000 -0.000 -0.000
364.335 0.000 -0.000 0.000 0.000 -0.000 -0.000
364.435 0.000 -0.000 0.000 0.000 -0.000 -0.000
364.540 0.000 -0.000 0.000 0.000 -0.000 -0.000
364.635 0.000 -0.000 0.000 0.000 -0.000 -0.000
364.735 0.000 -0.000 0.000 0.000 -0.000 -0.000
364.835 0.000 -0.000 0.000 0.000 -0.000 -0.000
364.935 0.000 -0.000 0.000 0.000 -0.000 -0.000
365.035 0.000 -0.000 0.000 0.000 -0.000 -0.000
365.135 0.000 -0.000 0.000 0.000 -0.000 -0.000
365.235 0.000 -0.000 0.000 0.000 -0.000 -0.000
365.346 0.000 -0.000 0.000 0.000 -0.000 -0.000
365.435 0.000 -0.000 0.000 0.000 -0.000 -0.000
365.534 0.000 -0.000 0.000 0.000 -0.000 -0.000
365.635 0.000 -0.000 0.000 0.000 -0.000 -0.000
365.735 0.000 -0.000 0.000 0.000 -0.000 -0.000
365.835 0.000 -0.000 0.000 0.000 -0.000 -0.000
365.937 0.000 -0.000 0.000 0.000 -0.000 -0.000
366.035 0.000 -0.000 0.000 0.000 -0.000 -0.000
366.135 0.000 -0.000 0.000 0.000 -0.000 -0.000
366.235 0.000 -0.000 0.000 0.000 -0.000 -0.000
366.335 0.000 -0.000 0.000 0.000 -0.000 -0.000
366.435 0.000 -0.000 0.000 0.000 -0.000 -0.000
366.535 0.000 -0.000 0.000 0.000 -0.000 -0.000
366.635 0.000 -0.000 0.000 0.000 -0.000 -0.000
366.737 0.000 -0.000 0.000 0.000 -0.000 -0.000
366.837 0.000 -0.000 0.000 0.000 -0.000 -0.000
366.935 0.000 -0.000 0.000 0.000 -0.000 -0.000
367.035 0.000 -0.000 0.000 0.000 -0.000 -0.000
367.135 0.000 -0.000 0.000 0.000 -0.000 -0.000
367.235 0.000 -0.000 0.000 0.000 -0.000 -0.000
367.346 0.000 -0.000 0.000 0.000 -0.000 -0.000
367.435 0.000 -0.000 0.000 0.000 -0.000 -0.000
367.535 0.000 -0.000 0.000 0.000 -0.000 -0.000
367.635 0.000 -0.000 0.000 0.000 -0.000 -0.000
367.735 0.000 -0.000 0.000 0.000 -0.000 -0.000
367.835 0.000 -0.000 0.000 0.000 -0.000 -0.000
367.935 0.000 -0.000 0.000 0.000 -0.000 -0.000
368.035 0.000 -0.000 0.000 0.000 -0.000 -0.000
368.135 0.000 -0.000 0.000 0.000 -0.000 -0.000
368.235 0.000 -0.000 0.000 0.000 -0.000 -0.000
368.337 0.000 -0.000 0.000 0.000 -0.000 -0.000
368.436 0.000 -0.000 0.000 0.000 -0.000 -0.000
368.535 0.000 -0.000 0.000 0.000 -0.000 -0.000
368.637 0.000 -0.000 0.000 0.000 -0.000 -0.000
368.752 0.000 -0.000 0.000 0.000 -0.000 -0.000
368.835 0.000 -0.000 0.000 0.000 -0.000 -0.000
368.934 0.000 -0.000 0.000 0.000 -0.000 -0.000
369.034 0.000 -0.000 0.000 0.000 -0.000 -0.000
369.134 0.000 -0.000 0.000 0.000 -0.000 -0.000
369.235 0.000 -0.000 0.000 0.000 -0.000 -0.000
369.335 0.000 -0.000 0.000 0.000 -0.000 -0.000
369.435 0.000 -0.000 0.000 0.000 -0.000 -0.000
369.535 0.000 -0.000 0.000 0.000 -0.000 -0.000
369.635 0.000 -0.000 0.000 0.000 -0.000 -0.000
369.735 0.000 -0.000 0.000 0.000 -0.000 -0.000
369.835 0.000 -0.000 0.000 0.000 -0.000 -0.000
369.935 0.000 -0.000 0.000 0.000 -0.000 -0.000
370.036 0.000 -0.000 0.000 0.000 -0.000 -0.000
370.139 0.000 -0.000 0.000 0.000 -0.000 -0.000
370.235 0.000 -0.000 0.000 0.000 -0.000 -0.000
370.335 0.000 -0.000 0.000 0.000 -0.000 -0.000
370.435 0.000 -0.000 0.000 0.000 -0.000 -0.000
370.535 0.000 -0.000 0.000 0.000 -0.000 -0.000
370.635 0.000 -0.000 0.000 0.000 -0.000 -0.000
370.735 0.000 -0.000 0.000 0.000 -0.000 -0.000
370.836 0.000 -0.000 0.000 0.000 -0.000 -0.000
370.936 0.000 -0.000 0.000 0.000 -0.000 -0.000
371.036 0.000 -0.000 0.000 0.000 -0.000 -0.000
371.135 0.000 -0.000 0.000 0.000 -0.000 -0.000
371.235 0.000 -0.000 0.000 0.000 -0.000 -0.000
371.335 0.000 -0.000 0.000 0.000 -0.000 -0.000
371.435 0.000 -0.000 0.000 0.000 -0.000 -0.000
371.535 0.000 -0.000 0.000 0.000 -0.000 -0.000
371.635 0.000 -0.000 0.000 0.000 -0.000 -0.000
371.736 0.000 -0.000 0.000 0.000 -0.000 -0.000
371.836 0.000 -0.000 0.000 0.000 -0.000 -0.000
371.934 0.000 -0.000 0.000 0.000 -0.000 -0.000
372.037 0.000 -0.000 0.000 0.000 -0.000 -0.000
372.135 0.000 -0.000 0.000 0.000 -0.000 -0.000
372.235 0.000 -0.000 0.000 0.000 -0.000 -0.000
372.334 0.000 -0.000 0.000 0.000 -0.000 -0.000
372.435 0.000 -0.000 0.000 0.000 -0.000 -0.000
372.535 0.000 -0.000 0.000 0.000 -0.000 -0.000
372.635 0.000 -0.000 0.000 0.000 -0.000 -0.000
372.735 0.000 -0.000 0.000 0.000 -0.000 -0.000
372.835 0.000 -0.000 0.000 0.000 -0.000 -0.000
372.935 0.000 -0.000 0.000 0.000 -0.000 -0.000
373.035 0.000 -0.000 0.000 0.000 -0.000 -0.000
373.135 0.000 -0.000 0.000 0.000 -0.000 -0.000
373.235 0.000 -0.000 0.000 0.000 -0.000 -0.000
373.335 0.000 -0.000 0.000 0.000 -0.000 -0.000
373.435 0.000 -0.000 0.000 0.000 -0.000 -0.000
373.535 0.000 -0.000 0.000 0.000 -0.000 -0.000
373.635 0.000 -0.000 0.000 0.000 -0.000 -0.000
373.735 0.000 -0.000 0.000 0.000 -0.000 -0.000
373.835 0.000 -0.000 0.000 0.000 -0.000 -0.000
373.935 0.000 -0.000 0.000 0.000 -0.000 -0.000
374.035 0.000 -0.000 0.000 0.000 -0.000 -0.000
374.141 0.000 -0.000 0.000 0.000 -0.000 -0.000
374.235 0.000 -0.000 0.000 0.000 -0.000 -0.000
374.334 0.000 -0.000 0.000 0.000 -0.000 -0.000
374.434 0.000 -0.000 0.000 0.000 -0.000 -0.000
374.535 0.000 -0.000 0.000 0.000 -0.000 -0.000
374.636 0.000 -0.000 0.000 0.000 -0.000 -0.000
374.736 0.000 -0.000 0.000 0.000 -0.000 -0.000
374.835 0.000 -0.000 0.000 0.000 -0.000 -0.000
374.935 0.000 -0.000 0.000 0.000 -0.000 -0.000
375.036 0.000 -0.000 0.000 0.000 -0.000 -0.000
375.136 0.000 -0.000 0.000 0.000 -0.000 -0.000
375.235 0.000 -0.000 0.000 0.000 -0.000 -0.000
375.335 0.000 -0.000 0.000 0.000 -0.000 -0.000
375.436 0.000 -0.000 0.000 0.000 -0.000 -0.000
375.537 0.000 -0.000 0.000 0.000 -0.000 -0.000
375.635 0.000 -0.000 0.000 0.000 -0.000 -0.000
375.735 0.000 -0.000 0.000 0.000 -0.000 -0.000
375.835 0.000 -0.000 0.000 0.000 -0.000 -0.000
375.935 0.000 -0.000 0.000 0.000 -0.000 -0.000
376.035 0.000 -0.000 0.000 0.000 -0.000 -0.000
376.135 0.000 -0.000 0.000 0.000 -0.000 -0.000
376.235 0.000 -0.000 0.000 0.000 -0.000 -0.000
376.335 0.000 -0.000 0.000 0.000 -0.000 -0.000
376.436 0.000 -0.000 0.000 0.000 -0.000 -0.000
376.535 0.000 -0.000 0.000 0.000 -0.000 -0.000
376.636 0.000 -0.000 0.000 0.000 -0.000 -0.000
376.735 0.000 -0.000 0.000 0.000 -0.000 -0.000
376.835 0.000 -0.000 0.000 0.000 -0.000 -0.000
376.935 0.000 -0.000 0.000 0.000 -0.000 -0.000
377.036 0.000 -0.000 0.000 0.000 -0.000 -0.000
377.135 0.000 -0.000 0.000 0.000 -0.000 -0.000
377.235 0.000 -0.000 0.000 0.000 -0.000 -0.000
377.335 0.000 -0.000 0.000 0.000 -0.000 -0.000
377.435 0.000 -0.000 0.000 0.000 -0.000 -0.000
377.538 0.000 -0.000 0.000 0.000 -0.000 -0.000
377.635 0.000 -0.000 0.000 0.000 -0.000 -0.000
377.735 0.000 -0.000 0.000 0.000 -0.000 -0.000
377.835 0.000 -0.000 0.000 0.000 -0.000 -0.000
377.935 0.000 -0.000 0.000 0.000 -0.000 -0.000
378.035 0.000 -0.000 0.000 0.000 -0.000 -0.000
378.135 0.000 -0.000 0.000 0.000 -0.000 -0.000
378.236 0.000 -0.000 0.000 0.000 -0.000 -0.000
378.335 0.000 -0.000 0.000 0.000 -0.000 -0.000
378.436 0.000 -0.000 0.000 0.000 -0.000 -0.000
378.535 0.000 -0.000 0.000 0.000 -0.000 -0.000
378.635 0.000 -0.000 0.000 0.000 -0.000 -0.000
378.735 0.000 -0.000 0.000 0.000 -0.000 -0.000
378.835 0.000 -0.000 0.000 0.000 -0.000 -0.000
378.935 0.000 -0.000 0.000 0.000 -0.000 -0.000
379.035 0.000 -0.000 0.000 0.000 -0.000 -0.000
379.135 0.000 -0.000 0.000 0.000 -0.000 -0.000
379.235 0.000 -0.000 0.000 0.000 -0.000 -0.000
379.335 0.000 -0.000 0.000 0.000 -0.000 -0.000
379.436 0.000 -0.000 0.000 0.000 -0.000 -0.000
379.536 0.000 -0.000 0.000 0.000 -0.000 -0.000
379.636 0.000 -0.000 0.000 0.000 -0.000 -0.000
379.735 0.000 -0.000 0.000 0.000 -0.000 -0.000
379.835 0.000 -0.000 0.000 0.000 -0.000 -0.000
379.935 0.000 -0.000 0.000 0.000 -0.000 -0.000
380.035 0.000 -0.000 0.000 0.000 -0.000 -0.000
380.135 0.000 -0.000 0.000 0.000 -0.000 -0.000
380.235 0.000 -0.000 0.000 0.000 -0.000 -0.000
380.335 0.000 -0.000 0.000 0.000 -0.000 -0.000
380.435 0.000 -0.000 0.000 0.000 -0.000 -0.000
380.535 0.000 -0.000 0.000 0.000 -0.000 -0.000
380.636 0.000 -0.000 0.000 0.000 -0.000 -0.000
380.735 0.000 -0.000 0.000 0.000 -0.000 -0.000
380.835 0.000 -0.000 0.000 0.000 -0.000 -0.000
380.935 0.000 -0.000 0.000 0.000 -0.000 -0.000
381.035 0.000 -0.000 0.000 0.000 -0.000 -0.000
381.135 0.000 -0.000 0.000 0.000 -0.000 -0.000
381.235 0.000 -0.000 0.000 0.000 -0.000 -0.000
381.335 0.000 -0.000 0.000 0.000 -0.000 -0.000
381.435 0.000 -0.000 0.000 0.000 -0.000 -0.000
381.535 0.000 -0.000 0.000 0.000 -0.000 -0.000
381.635 0.000 -0.000 0.000 0.000 -0.000 -0.000
381.735 0.000 -0.000 0.000 0.000 -0.000 -0.000
381.836 0.000 -0.000 0.000 0.000 -0.000 -0.000
381.935 0.000 -0.000 0.000 0.000 -0.000 -0.000
382.035 0.000 -0.000 0.000 0.000 -0.000 -0.000
382.135 0.000 -0.000 0.000 0.000 -0.000 -0.000
382.235 0.000 -0.000 0.000 0.000 -0.000 -0.000
382.337 0.000 -0.000 0.000 0.000 -0.000 -0.000
382.435 0.000 -0.000 0.000 0.000 -0.000 -0.000
382.535 0.000 -0.000 0.000 0.000 -0.000 -0.000
382.635 0.000 -0.000 0.000 0.000 -0.000 -0.000
382.734 0.000 -0.000 0.000 0.000 -0.000 -0.000
382.835 0.000 -0.000 0.000 0.000 -0.000 -0.000
382.935 0.000 -0.000 0.000 0.000 -0.000 -0.000
383.035 0.000 -0.000 0.000 0.000 -0.000 -0.000
383.135 0.000 -0.000 0.000 0.000 -0.000 -0.000
383.234 0.000 -0.000 0.000 0.000 -0.000 -0.000
383.335 0.000 -0.000 0.000 0.000 -0.000 -0.000
383.434 0.000 -0.000 0.000 0.000 -0.000 -0.000
383.535 0.000 -0.000 0.000 0.000 -0.000 -0.000
383.639 0.000 -0.000 0.000 0.000 -0.000 -0.000
383.735 0.000 -0.000 0.000 0.000 -0.000 -0.000
383.838 0.000 -0.000 0.000 0.000 -0.000 -0.000
383.935 0.000 -0.000 0.000 0.000 -0.000 -0.000
384.035 0.000 -0.000 0.000 0.000 -0.000 -0.000
384.135 0.000 -0.000 0.000 0.000 -0.000 -0.000
384.235 0.000 -0.000 0.000 0.000 -0.000 -0.000
384.335 0.000 -0.000 0.000 0.000 -0.000 -0.000
384.435 0.000 -0.000 0.000 0.000 -0.000 -0.000
384.535 0.000 -0.000 0.000 0.000 -0.000 -0.000
384.635 0.000 -0.000 0.000 0.000 -0.000 -0.000
384.735 0.000 -0.000 0.000 0.000 -0.000 -0.000
384.835 0.000 -0.000 0.000 0.000 -0.000 -0.000
384.935 0.000 -0.000 0.000 0.000 -0.000 -0.000
385.035 0.000 -0.000 0.000 0.000 -0.000 -0.000
385.135 0.000 -0.000 0.000 0.000 -0.000 -0.000
385.235 0.000 -0.000 0.000 0.000 -0.000 -0.000
385.335 0.000 -0.000 0.000 0.000 -0.000 -0.000
385.435 0.000 -0.000 0.000 0.000 -0.000 -0.000
385.535 0.000 -0.000 0.000 0.000 -0.000 -0.000
385.635 0.000 -0.000 0.000 0.000 -0.000 -0.000
385.735 0.000 -0.000 0.000 0.000 -0.000 -0.000
385.835 0.000 -0.000 0.000 0.000 -0.000 -0.000
385.935 0.000 -0.000 0.000 0.000 -0.000 -0.000
386.035 0.000 -0.000 0.000 0.000 -0.000 -0.000
386.135 0.000 -0.000 0.000 0.000 -0.000 -0.000
386.235 0.000 -0.000 0.000 0.000 -0.000 -0.000
386.335 0.000 -0.000 0.000 0.000 -0.000 -0.000
386.434 0.000 -0.000 0.000 0.000 -0.000 -0.000
386.534 0.000 -0.000 0.000 0.000 -0.000 -0.000
386.638 0.000 -0.000 0.000 0.000 -0.000 -0.000
386.736 0.000 -0.000 0.000 0.000 -0.000 -0.000
386.836 0.000 -0.000 0.000 0.000 -0.000 -0.000
386.938 0.000 -0.000 0.000 0.000 -0.000 -0.000
387.040 0.000 -0.000 0.000 0.000 -0.000 -0.000
387.138 0.000 -0.000 0.000 0.000 -0.000 -0.000
387.235 0.000 -0.000 0.000 0.000 -0.000 -0.000
387.335 0.000 -0.000 0.000 0.000 -0.000 -0.000
387.435 0.000 -0.000 0.000 0.000 -0.000 -0.000
387.535 0.000 -0.000 0.000 0.000 -0.000 -0.000
387.635 0.000 -0.000 0.000 0.000 -0.000 -0.000
387.735 0.000 -0.000 0.000 0.000 -0.000 -0.000
387.835 0.000 -0.000 0.000 0.000 -0.000 -0.000
387.935 0.000 -0.000 0.000 0.000 -0.000 -0.000
388.035 0.000 -0.000 0.000 0.000 -0.000 -0.000
388.135 0.000 -0.000 0.000 0.000 -0.000 -0.000
388.235 0.000 -0.000 0.000 0.000 -0.000 -0.000
388.335 0.000 -0.000 0.000 0.000 -0.000 -0.000
388.435 0.000 -0.000 0.000 0.000 -0.000 -0.000
388.535 0.000 -0.000 0.000 0.000 -0.000 -0.000
388.635 0.000 -0.000 0.000 0.000 -0.000 -0.000
388.735 0.000 -0.000 0.000 0.000 -0.000 -0.000
388.835 0.000 -0.000 0.000 0.000 -0.000 -0.000
388.935 0.000 -0.000 0.000 0.000 -0.000 -0.000
389.035 0.000 -0.000 0.000 0.000 -0.000 -0.000
389.135 0.000 -0.000 0.000 0.000 -0.000 -0.000
389.235 0.000 -0.000 0.000 0.000 -0.000 -0.000
389.336 0.000 -0.000 0.000 0.000 -0.000 -0.000
389.435 0.000 -0.000 0.000 0.000 -0.000 -0.000
389.535 0.000 -0.000 0.000 0.000 -0.000 -0.000
389.635 0.000 -0.000 0.000 0.000 -0.000 -0.000
389.735 0.000 -0.000 0.000 0.000 -0.000 -0.000
389.835 0.000 -0.000 0.000 0.000 -0.000 -0.000
389.935 0.000 -0.000 0.000 0.000 -0.000 -0.000
390.035 0.000 -0.000 0.000 0.000 -0.000 -0.000
390.135 0.000 -0.000 0.000 0.000 -0.000 -0.000
390.235 0.000 -0.000 0.000 0.000 -0.000 -0.000
390.335 0.000 -0.000 0.000 0.000 -0.000 -0.000
390.435 0.000 -0.000 0.000 0.000 -0.000 -0.000
390.535 0.000 -0.000 0.000 0.000 -0.000 -0.000
390.635 0.000 -0.000 0.000 0.000 -0.000 -0.000
390.735 0.000 -0.000 0.000 0.000 -0.000 -0.000
390.835 0.000 -0.000 0.000 0.000 -0.000 -0.000
390.935 0.000 -0.000 0.000 0.000 -0.000 -0.000
391.035 0.000 -0.000 0.000 0.000 -0.000 -0.000
391.135 0.000 -0.000 0.000 0.000 -0.000 -0.000
391.235 0.000 -0.000 0.000 0.000 -0.000 -0.000
391.335 0.000 -0.000 0.000 0.000 -0.000 -0.000
391.435 0.000 -0.000 0.000 0.000 -0.000 -0.000
391.537 0.000 -0.000 0.000 0.000 -0.000 -0.000
391.635 0.000 -0.000 0.000 0.000 -0.000 -0.000
391.735 0.000 -0.000 0.000 0.000 -0.000 -0.000
391.835 0.000 -0.000 0.000 0.000 -0.000 -0.000
391.935 0.000 -0.000 0.000 0.000 -0.000 -0.000
392.035 0.000 -0.000 0.000 0.000 -0.000 -0.000
392.137 0.000 -0.000 0.000 0.000 -0.000 -0.000
392.239 0.000 -0.000 0.000 0.000 -0.000 -0.000
392.335 0.000 -0.000 0.000 0.000 -0.000 -0.000
392.435 0.000 -0.000 0.000 0.000 -0.000 -0.000
392.535 0.000 -0.000 0.000 0.000 -0.000 -0.000
392.635 0.000 -0.000 0.000 0.000 -0.000 -0.000
392.735 0.000 -0.000 0.000 0.000 -0.000 -0.000
392.835 0.000 -0.000 0.000 0.000 -0.000 -0.000
392.937 0.000 -0.000 0.000 0.000 -0.000 -0.000
393.036 0.000 -0.000 0.000 0.000 -0.000 -0.000
393.134 0.000 -0.000 0.000 0.000 -0.000 -0.000
393.235 0.000 -0.000 0.000 0.000 -0.000 -0.000
393.334 0.000 -0.000 0.000 0.000 -0.000 -0.000
393.435 0.000 -0.000 0.000 0.000 -0.000 -0.000
393.535 0.000 -0.000 0.000 0.000 -0.000 -0.000
393.635 0.000 -0.000 0.000 0.000 -0.000 -0.000
393.736 0.000 -0.000 0.000 0.000 -0.000 -0.000
393.835 0.000 -0.000 0.000 0.000 -0.000 -0.000
393.935 0.000 -0.000 0.000 0.000 -0.000 -0.000
394.037 0.000 -0.000 0.000 0.000 -0.000 -0.000
394.135 0.000 -0.000 0.000 0.000 -0.000 -0.000
394.235 0.000 -0.000 0.000 0.000 -0.000 -0.000
394.335 0.000 -0.000 0.000 0.000 -0.000 -0.000
394.435 0.000 -0.000 0.000 0.000 -0.000 -0.000
394.535 0.000 -0.000 0.000 0.000 -0.000 -0.000
394.635 0.000 -0.000 0.000 0.000 -0.000 -0.000
394.735 0.000 -0.000 0.000 0.000 -0.000 -0.000
394.835 0.000 -0.000 0.000 0.000 -0.000 -0.000
394.935 0.000 -0.000 0.000 0.000 -0.000 -0.000
395.035 0.000 -0.000 0.000 0.000 -0.000 -0.000
395.135 0.000 -0.000 0.000 0.000 -0.000 -0.000
395.235 0.000 -0.000 0.000 0.000 -0.000 -0.000
395.335 0.000 -0.000 0.000 0.000 -0.000 -0.000
395.435 0.000 -0.000 0.000 0.000 -0.000 -0.000
395.535 0.000 -0.000 0.000 0.000 -0.000 -0.000
395.635 0.000 -0.000 0.000 0.000 -0.000 -0.000
395.735 0.000 -0.000 0.000 0.000 -0.000 -0.000
395.835 0.000 -0.000 0.000 0.000 -0.000 -0.000
395.935 0.000 -0.000 0.000 0.000 -0.000 -0.000
396.035 0.000 -0.000 0.000 0.000 -0.000 -0.000
396.135 0.000 -0.000 0.000 0.000 -0.000 -0.000
396.235 0.000 -0.000 0.000 0.000 -0.000 -0.000
396.336 0.000 -0.000 0.000 0.000 -0.000 -0.000
396.435 0.000 -0.000 0.000 0.000 -0.000 -0.000
396.535 0.000 -0.000 0.000 0.000 -0.000 -0.000
396.636 0.000 -0.000 0.000 0.000 -0.000 -0.000
396.735 0.000 -0.000 0.000 0.000 -0.000 -0.000
396.835 0.000 -0.000 0.000 0.000 -0.000 -0.000
396.935 0.000 -0.000 0.000 0.000 -0.000 -0.000
397.035 0.000 -0.000 0.000 0.000 -0.000 -0.000
397.135 0.000 -0.000 0.000 0.000 -0.000 -0.000
397.235 0.000 -0.000 0.000 0.000 -0.000 -0.000
397.335 0.000 -0.000 0.000 0.000 -0.000 -0.000
397.435 0.000 -0.000 0.000 0.000 -0.000 -0.000
397.536 0.000 -0.000 0.000 0.000 -0.000 -0.000
397.635 0.000 -0.000 0.000 0.000 -0.000 -0.000
397.735 0.000 -0.000 0.000 0.000 -0.000 -0.000
397.835 0.000 -0.000 0.000 0.000 -0.000 -0.000
397.936 0.000 -0.000 0.000 0.000 -0.000 -0.000
398.035 0.000 -0.000 0.000 0.000 -0.000 -0.000
398.135 0.000 -0.000 0.000 0.000 -0.000 -0.000
398.238 0.000 -0.000 0.000 0.000 -0.000 -0.000
398.335 0.000 -0.000 0.000 0.000 -0.000 -0.000
398.435 0.000 -0.000 0.000 0.000 -0.000 -0.000
398.535 0.000 -0.000 0.000 0.000 -0.000 -0.000
398.635 0.000 -0.000 0.000 0.000 -0.000 -0.000
398.736 0.000 -0.000 0.000 0.000 -0.000 -0.000
398.835 0.000 -0.000 0.000 0.000 -0.000 -0.000
398.935 0.000 -0.000 0.000 0.000 -0.000 -0.000
399.035 0.000 -0.000 0.000 0.000 -0.000 -0.000
399.135 0.000 -0.000 0.000 0.000 -0.000 -0.000
399.235 0.000 -0.000 0.000 0.000 -0.000 -0.000
399.335 0.000 -0.000 0.000 0.000 -0.000 -0.000
399.435 0.000 -0.000 0.000 0.000 -0.000 -0.000
399.536 0.000 -0.000 0.000 0.000 -0.000 -0.000
399.635 0.000 -0.000 0.000 0.000 -0.000 -0.000
399.744 0.000 -0.000 0.000 0.000 -0.000 -0.000
399.835 0.000 -0.000 0.000 0.000 -0.000 -0.000
399.935 0.000 -0.000 0.000 0.000 -0.000 -0.000
400.035 0.000 -0.000 0.000 0.000 -0.000 -0.000
400.134 0.000 -0.000 0.000 0.000 -0.000 -0.000
400.234 0.000 -0.000 0.000 0.000 -0.000 -0.000
400.335 0.000 -0.000 0.000 0.000 -0.000 -0.000
400.435 0.000 -0.000 0.000 0.000 -0.000 -0.000
400.535 0.000 -0.000 0.000 0.000 -0.000 -0.000
400.636 0.000 -0.000 0.000 0.000 -0.000 -0.000
400.734 0.000 -0.000 0.000 0.000 -0.000 -0.000
400.836 0.000 -0.000 0.000 0.000 -0.000 -0.000
400.935 0.000 -0.000 0.000 0.000 -0.000 -0.000
401.035 0.000 -0.000 0.000 0.000 -0.000 -0.000
401.135 0.000 -0.000 0.000 0.000 -0.000 -0.000
401.235 0.000 -0.000 0.000 0.000 -0.000 -0.000
401.334 0.000 -0.000 0.000 0.000 -0.000 -0.000
401.435 0.000 -0.000 0.000 0.000 -0.000 -0.000
401.535 0.000 -0.000 0.000 0.000 -0.000 -0.000
401.635 0.000 -0.000 0.000 0.000 -0.000 -0.000
401.735 0.000 -0.000 0.000 0.000 -0.000 -0.000
401.835 0.000 -0.000 0.000 0.000 -0.000 -0.000
401.934 0.000 -0.000 0.000 0.000 -0.000 -0.000
402.035 0.000 -0.000 0.000 0.000 -0.000 -0.000
402.135 0.000 -0.000 0.000 0.000 -0.000 -0.000
402.235 0.000 -0.000 0.000 0.000 -0.000 -0.000
402.335 0.000 -0.000 0.000 0.000 -0.000 -0.000
402.435 0.000 -0.000 0.000 0.000 -0.000 -0.000
402.535 0.000 -0.000 0.000 0.000 -0.000 -0.000
402.635 0.000 -0.000 0.000 0.000 -0.000 -0.000
402.735 0.000 -0.000 0.000 0.000 -0.000 -0.000
402.836 0.000 -0.000 0.000 0.000 -0.000 -0.000
402.935 0.000 -0.000 0.000 0.000 -0.000 -0.000
403.035 0.000 -0.000 0.000 0.000 -0.000 -0.000
403.135 0.000 -0.000 0.000 0.000 -0.000 -0.000
403.236 0.000 -0.000 0.000 0.000 -0.000 -0.000
403.335 0.000 -0.000 0.000 0.000 -0.000 -0.000
403.435 0.000 -0.000 0.000 0.000 -0.000 -0.000
403.535 0.000 -0.000 0.000 0.000 -0.000 -0.000
403.634 0.000 -0.000 0.000 0.000 -0.000 -0.000
403.735 0.000 -0.000 0.000 0.000 -0.000 -0.000
403.835 0.000 -0.000 0.000 0.000 -0.000 -0.000
403.935 0.000 -0.000 0.000 0.000 -0.000 -0.000
404.035 0.000 -0.000 0.000 0.000 -0.000 -0.000
404.139 0.000 -0.000 0.000 0.000 -0.000 -0.000
404.234 0.000 -0.000 0.000 0.000 -0.000 -0.000
404.335 0.000 -0.000 0.000 0.000 -0.000 -0.000
404.440 0.000 -0.000 0.000 0.000 -0.000 -0.000
404.535 0.000 -0.000 0.000 0.000 -0.000 -0.000
404.635 0.000 -0.000 0.000 0.000 -0.000 -0.000
404.735 0.000 -0.000 0.000 0.000 -0.000 -0.000
404.835 0.000 -0.000 0.000 0.000 -0.000 -0.000
404.934 0.000 -0.000 0.000 0.000 -0.000 -0.000
405.034 0.000 -0.000 0.000 0.000 -0.000 -0.000
405.138 0.000 -0.000 0.000 0.000 -0.000 -0.000
405.235 0.000 -0.000 0.000 0.000 -0.000 -0.000
405.335 0.000 -0.000 0.000 0.000 -0.000 -0.000
405.435 0.000 -0.000 0.000 0.000 -0.000 -0.000
405.535 0.000 -0.000 0.000 0.000 -0.000 -0.000
405.635 0.000 -0.000 0.000 0.000 -0.000 -0.000
405.735 0.000 -0.000 0.000 0.000 -0.000 -0.000
405.835 0.000 -0.000 0.000 0.000 -0.000 -0.000
405.935 0.000 -0.000 0.000 0.000 -0.000 -0.000
406.035 0.000 -0.000 0.000 0.000 -0.000 -0.000
406.135 0.000 -0.000 0.000 0.000 -0.000 -0.000
406.235 0.000 -0.000 0.000 0.000 -0.000 -0.000
406.335 0.000 -0.000 0.000 0.000 -0.000 -0.000
406.435 0.000 -0.000 0.000 0.000 -0.000 -0.000
406.534 0.000 -0.000 0.000 0.000 -0.000 -0.000
406.635 0.000 -0.000 0.000 0.000 -0.000 -0.000
406.737 0.000 -0.000 0.000 0.000 -0.000 -0.000
406.835 0.000 -0.000 0.000 0.000 -0.000 -0.000
406.934 0.000 -0.000 0.000 0.000 -0.000 -0.000
407.034 0.000 -0.000 0.000 0.000 -0.000 -0.000
407.134 0.000 -0.000 0.000 0.000 -0.000 -0.000
407.235 0.000 -0.000 0.000 0.000 -0.000 -0.000
407.335 0.000 -0.000 0.000 0.000 -0.000 -0.000
407.435 0.000 -0.000 0.000 0.000 -0.000 -0.000
407.535 0.000 -0.000 0.000 0.000 -0.000 -0.000
407.645 0.000 -0.000 0.000 0.000 -0.000 -0.000
407.735 0.000 -0.000 0.000 0.000 -0.000 -0.000
407.834 0.000 -0.000 0.000 0.000 -0.000 -0.000
407.935 0.000 -0.000 0.000 0.000 -0.000 -0.000
408.035 0.000 -0.000 0.000 0.000 -0.000 -0.000
408.135 0.000 -0.000 0.000 0.000 -0.000 -0.000
408.235 0.000 -0.000 0.000 0.000 -0.000 -0.000
408.335 0.000 -0.000 0.000 0.000 -0.000 -0.000
408.435 0.000 -0.000 0.000 0.000 -0.000 -0.000
408.535 0.000 -0.000 0.000 0.000 -0.000 -0.000
408.635 0.000 -0.000 0.000 0.000 -0.000 -0.000
408.735 0.000 -0.000 0.000 0.000 -0.000 -0.000
408.835 0.000 -0.000 0.000 0.000 -0.000 -0.000
408.935 0.000 -0.000 0.000 0.000 -0.000 -0.000
409.035 0.000 -0.000 0.000 0.000 -0.000 -0.000
409.138 0.000 -0.000 0.000 0.000 -0.000 -0.000
409.235 0.000 -0.000 0.000 0.000 -0.000 -0.000
409.335 0.000 -0.000 0.000 0.000 -0.000 -0.000
409.435 0.000 -0.000 0.000 0.000 -0.000 -0.000
409.535 0.000 -0.000 0.000 0.000 -0.000 -0.000
409.635 0.000 -0.000 0.000 0.000 -0.000 -0.000
409.735 0.000 -0.000 0.000 0.000 -0.000 -0.000
409.835 0.000 -0.000 0.000 0.000 -0.000 -0.000
409.935 0.000 -0.000 0.000 0.000 -0.000 -0.000
410.035 0.000 -0.000 0.000 0.000 -0.000 -0.000
410.136 0.000 -0.000 0.000 0.000 -0.000 -0.000
410.235 0.000 -0.000 0.000 0.000 -0.000 -0.000
410.335 0.000 -0.000 0.000 0.000 -0.000 -0.000
410.435 0.000 -0.000 0.000 0.000 -0.000 -0.000
410.535 0.000 -0.000 0.000 0.000 -0.000 -0.000
410.642 0.000 -0.000 0.000 0.000 -0.000 -0.000
410.735 0.000 -0.000 0.000 0.000 -0.000 -0.000
410.835 0.000 -0.000 0.000 0.000 -0.000 -0.000
410.935 0.000 -0.000 0.000 0.000 -0.000 -0.000
411.035 0.000 -0.000 0.000 0.000 -0.000 -0.000
411.136 0.000 -0.000 0.000 0.000 -0.000 -0.000
411.235 0.000 -0.000 0.000 0.000 -0.000 -0.000
411.336 0.000 -0.000 0.000 0.000 -0.000 -0.000
411.434 0.000 -0.000 0.000 0.000 -0.000 -0.000
411.534 0.000 -0.000 0.000 0.000 -0.000 -0.000
411.635 0.000 -0.000 0.000 0.000 -0.000 -0.000
411.735 0.000 -0.000 0.000 0.000 -0.000 -0.000
411.835 0.000 -0.000 0.000 0.000 -0.000 -0.000
411.938 0.000 -0.000 0.000 0.000 -0.000 -0.000
412.035 0.000 -0.000 0.000 0.000 -0.000 -0.000
412.134 0.000 -0.000 0.000 0.000 -0.000 -0.000
412.235 0.000 -0.000 0.000 0.000 -0.000 -0.000
412.335 0.000 -0.000 0.000 0.000 -0.000 -0.000
412.435 0.000 -0.000 0.000 0.000 -0.000 -0.000
412.535 0.000 -0.000 0.000 0.000 -0.000 -0.000
412.635 0.000 -0.000 0.000 0.000 -0.000 -0.000
412.735 0.000 -0.000 0.000 0.000 -0.000 -0.000
412.839 0.000 -0.000 0.000 0.000 -0.000 -0.000
412.935 0.000 -0.000 0.000 0.000 -0.000 -0.000
413.034 0.000 -0.000 0.000 0.000 -0.000 -0.000
413.135 0.000 -0.000 0.000 0.000 -0.000 -0.000
413.236 0.000 -0.000 0.000 0.000 -0.000 -0.000
413.337 0.000 -0.000 0.000 0.000 -0.000 -0.000
413.435 0.000 -0.000 0.000 0.000 -0.000 -0.000
413.540 0.000 -0.000 0.000 0.000 -0.000 -0.000
413.635 0.000 -0.000 0.000 0.000 -0.000 -0.000
413.737 0.000 -0.000 0.000 0.000 -0.000 -0.000
413.836 0.000 -0.000 0.000 0.000 -0.000 -0.000
413.937 0.000 -0.000 0.000 0.000 -0.000 -0.000
414.035 0.000 -0.000 0.000 0.000 -0.000 -0.000
414.135 0.000 -0.000 0.000 0.000 -0.000 -0.000
414.235 0.000 -0.000 0.000 0.000 -0.000 -0.000
414.335 0.000 -0.000 0.000 0.000 -0.000 -0.000
414.435 0.000 -0.000 0.000 0.000 -0.000 -0.000
414.535 0.000 -0.000 0.000 0.000 -0.000 -0.000
414.635 0.000 -0.000 0.000 0.000 -0.000 -0.000
414.735 0.000 -0.000 0.000 0.000 -0.000 -0.000
414.836 0.000 -0.000 0.000 0.000 -0.000 -0.000
414.935 0.000 -0.000 0.000 0.000 -0.000 -0.000
415.035 0.000 -0.000 0.000 0.000 -0.000 -0.000
415.135 0.000 -0.000 0.000 0.000 -0.000 -0.000
415.235 0.000 -0.000 0.000 0.000 -0.000 -0.000
415.335 0.000 -0.000 0.000 0.000 -0.000 -0.000
415.435 0.000 -0.000 0.000 0.000 -0.000 -0.000
415.535 0.000 -0.000 0.000 0.000 -0.000 -0.000
415.635 0.000 -0.000 0.000 0.000 -0.000 -0.000
415.735 0.000 -0.000 0.000 0.000 -0.000 -0.000
415.835 0.000 -0.000 0.000 0.000 -0.000 -0.000
415.935 0.000 -0.000 0.000 0.000 -0.000 -0.000
416.035 0.000 -0.000 0.000 0.000 -0.000 -0.000
416.135 0.000 -0.000 0.000 0.000 -0.000 -0.000
416.235 0.000 -0.000 0.000 0.000 -0.000 -0.000
416.335 0.000 -0.000 0.000 0.000 -0.000 -0.000
416.435 0.000 -0.000 0.000 0.000 -0.000 -0.000
416.535 0.000 -0.000 0.000 0.000 -0.000 -0.000
416.635 0.000 -0.000 0.000 0.000 -0.000 -0.000
416.734 0.000 -0.000 0.000 0.000 -0.000 -0.000
416.834 0.000 -0.000 0.000 0.000 -0.000 -0.000
416.934 0.000 -0.000 0.000 0.000 -0.000 -0.000
417.035 0.000 -0.000 0.000 0.000 -0.000 -0.000
417.135 0.000 -0.000 0.000 0.000 -0.000 -0.000
417.235 0.000 -0.000 0.000 0.000 -0.000 -0.000
417.335 0.000 -0.000 0.000 0.000 -0.000 -0.000
417.435 0.000 -0.000 0.000 0.000 -0.000 -0.000
417.535 0.000 -0.000 0.000 0.000 -0.000 -0.000
417.635 0.000 -0.000 0.000 0.000 -0.000 -0.000
417.735 0.000 -0.000 0.000 0.000 -0.000 -0.000
417.835 0.000 -0.000 0.000 0.000 -0.000 -0.000
417.936 0.000 -0.000 0.000 0.000 -0.000 -0.000
418.035 0.000 -0.000 0.000 0.000 -0.000 -0.000
418.135 0.000 -0.000 0.000 0.000 -0.000 -0.000
418.235 0.000 -0.000 0.000 0.000 -0.000 -0.000
418.335 0.000 -0.000 0.000 0.000 -0.000 -0.000
418.435 0.000 -0.000 0.000 0.000 -0.000 -0.000
418.535 0.000 -0.000 0.000 0.000 -0.000 -0.000
418.635 0.000 -0.000 0.000 0.000 -0.000 -0.000
418.735 0.000 -0.000 0.000 0.000 -0.000 -0.000
418.835 0.000 -0.000 0.000 0.000 -0.000 -0.000
418.935 0.000 -0.000 0.000 0.000 -0.000 -0.000
419.035 0.000 -0.000 0.000 0.000 -0.000 -0.000
419.135 0.000 -0.000 0.000 0.000 -0.000 -0.000
419.235 0.000 -0.000 0.000 0.000 -0.000 -0.000
419.335 0.000 -0.000 0.000 0.000 -0.000 -0.000
419.435 0.000 -0.000 0.000 0.000 -0.000 -0.000
419.537 0.000 -0.000 0.000 0.000 -0.000 -0.000
419.636 0.000 -0.000 0.000 0.000 -0.000 -0.000
419.735 0.000 -0.000 0.000 0.000 -0.000 -0.000
419.835 0.000 -0.000 0.000 0.000 -0.000 -0.000
419.935 0.000 -0.000 0.000 0.000 -0.000 -0.000
420.035 0.000 -0.000 0.000 0.000 -0.000 -0.000
420.135 0.000 -0.000 0.000 0.000 -0.000 -0.000
420.237 0.000 -0.000 0.000 0.000 -0.000 -0.000
420.335 0.000 -0.000 0.000 0.000 -0.000 -0.000
420.435 0.000 -0.000 0.000 0.000 -0.000 -0.000
420.535 0.000 -0.000 0.000 0.000 -0.000 -0.000
420.638 0.000 -0.000 0.000 0.000 -0.000 -0.000
420.735 0.000 -0.000 0.000 0.000 -0.000 -0.000
420.835 0.000 -0.000 0.000 0.000 -0.000 -0.000
420.935 0.000 -0.000 0.000 0.000 -0.000 -0.000
421.035 0.000 -0.000 0.000 0.000 -0.000 -0.000
421.135 0.000 -0.000 0.000 0.000 -0.000 -0.000
421.235 0.000 -0.000 0.000 0.000 -0.000 -0.000
421.335 0.000 -0.000 0.000 0.000 -0.000 -0.000
421.435 0.000 -0.000 0.000 0.000 -0.000 -0.000
421.535 0.000 -0.000 0.000 0.000 -0.000 -0.000
421.635 0.000 -0.000 0.000 0.000 -0.000 -0.000
421.735 0.000 -0.000 0.000 0.000 -0.000 -0.000
421.835 0.000 -0.000 0.000 0.000 -0.000 -0.000
421.938 0.000 -0.000 0.000 0.000 -0.000 -0.000
422.035 0.000 -0.000 0.000 0.000 -0.000 -0.000
422.134 0.000 -0.000 0.000 0.000 -0.000 -0.000
422.236 0.000 -0.000 0.000 0.000 -0.000 -0.000
422.335 0.000 -0.000 0.000 0.000 -0.000 -0.000
422.435 0.000 -0.000 0.000 0.000 -0.000 -0.000
422.535 0.000 -0.000 0.000 0.000 -0.000 -0.000
422.635 0.000 -0.000 0.000 0.000 -0.000 -0.000
422.735 0.000 -0.000 0.000 0.000 -0.000 -0.000
422.835 0.000 -0.000 0.000 0.000 -0.000 -0.000
422.935 0.000 -0.000 0.000 0.000 -0.000 -0.000
423.039 0.000 -0.000 0.000 0.000 -0.000 -0.000
423.135 0.000 -0.000 0.000 0.000 -0.000 -0.000
423.234 0.000 -0.000 0.000 0.000 -0.000 -0.000
423.334 0.000 -0.000 0.000 0.000 -0.000 -0.000
423.435 0.000 -0.000 0.000 0.000 -0.000 -0.000
423.536 0.000 -0.000 0.000 0.000 -0.000 -0.000
423.636 0.000 -0.000 0.000 0.000 -0.000 -0.000
423.736 0.000 -0.000 0.000 0.000 -0.000 -0.000
423.837 0.000 -0.000 0.000 0.000 -0.000 -0.000
423.935 0.000 -0.000 0.000 0.000 -0.000 -0.000
424.035 0.000 -0.000 0.000 0.000 -0.000 -0.000
424.135 0.000 -0.000 0.000 0.000 -0.000 -0.000
424.235 0.000 -0.000 0.000 0.000 -0.000 -0.000
424.335 0.000 -0.000 0.000 0.000 -0.000 -0.000
424.437 0.000 -0.000 0.000 0.000 -0.000 -0.000
424.535 0.000 -0.000 0.000 0.000 -0.000 -0.000
424.635 0.000 -0.000 0.000 0.000 -0.000 -0.000
424.735 0.000 -0.000 0.000 0.000 -0.000 -0.000
424.835 0.000 -0.000 0.000 0.000 -0.000 -0.000
424.935 0.000 -0.000 0.000 0.000 -0.000 -0.000
425.035 0.000 -0.000 0.000 0.000 -0.000 -0.000
425.135 0.000 -0.000 0.000 0.000 -0.000 -0.000
425.236 0.000 -0.000 0.000 0.000 -0.000 -0.000
425.335 0.000 -0.000 0.000 0.000 -0.000 -0.000
425.435 0.000 -0.000 0.000 0.000 -0.000 -0.000
425.535 0.000 -0.000 0.000 0.000 -0.000 -0.000
425.635 0.000 -0.000 0.000 0.000 -0.000 -0.000
425.735 0.000 -0.000 0.000 0.000 -0.000 -0.000
425.835 0.000 -0.000 0.000 0.000 -0.000 -0.000
425.935 0.000 -0.000 0.000 0.000 -0.000 -0.000
426.036 0.000 -0.000 0.000 0.000 -0.000 -0.000
426.136 0.000 -0.000 0.000 0.000 -0.000 -0.000
426.235 0.000 -0.000 0.000 0.000 -0.000 -0.000
426.335 0.000 -0.000 0.000 0.000 -0.000 -0.000
426.435 0.000 -0.000 0.000 0.000 -0.000 -0.000
426.535 0.000 -0.000 0.000 0.000 -0.000 -0.000
426.635 0.000 -0.000 0.000 0.000 -0.000 -0.000
426.735 0.000 -0.000 0.000 0.000 -0.000 -0.000
426.839 0.000 -0.000 0.000 0.000 -0.000 -0.000
426.935 0.000 -0.000 0.000 0.000 -0.000 -0.000
427.034 0.000 -0.000 0.000 0.000 -0.000 -0.000
427.135 0.000 -0.000 0.000 0.000 -0.000 -0.000
427.235 0.000 -0.000 0.000 0.000 -0.000 -0.000
427.335 0.000 -0.000 0.000 0.000 -0.000 -0.000
427.435 0.000 -0.000 0.000 0.000 -0.000 -0.000
427.535 0.000 -0.000 0.000 0.000 -0.000 -0.000
427.635 0.000 -0.000 0.000 0.000 -0.000 -0.000
427.735 0.000 -0.000 0.000 0.000 -0.000 -0.000
427.835 0.000 -0.000 0.000 0.000 -0.000 -0.000
427.935 0.000 -0.000 0.000 0.000 -0.000 -0.000
428.034 0.000 -0.000 0.000 0.000 -0.000 -0.000
428.134 0.000 -0.000 0.000 0.000 -0.000 -0.000
428.234 0.000 -0.000 0.000 0.000 -0.000 -0.000
428.335 0.000 -0.000 0.000 0.000 -0.000 -0.000
428.437 0.000 -0.000 0.000 0.000 -0.000 -0.000
428.534 0.000 -0.000 0.000 0.000 -0.000 -0.000
428.635 0.000 -0.000 0.000 0.000 -0.000 -0.000
428.735 0.000 -0.000 0.000 0.000 -0.000 -0.000
428.835 0.000 -0.000 0.000 0.000 -0.000 -0.000
428.935 0.000 -0.000 0.000 0.000 -0.000 -0.000
429.035 0.000 -0.000 0.000 0.000 -0.000 -0.000
429.137 0.000 -0.000 0.000 0.000 -0.000 -0.000
429.235 0.000 -0.000 0.000 0.000 -0.000 -0.000
429.337 0.000 -0.000 0.000 0.000 -0.000 -0.000
429.435 0.000 -0.000 0.000 0.000 -0.000 -0.000
429.535 0.000 -0.000 0.000 0.000 -0.000 -0.000
429.634 0.000 -0.000 0.000 0.000 -0.000 -0.000
429.735 0.000 -0.000 0.000 0.000 -0.000 -0.000
429.835 0.000 -0.000 0.000 0.000 -0.000 -0.000
429.934 0.000 -0.000 0.000 0.000 -0.000 -0.000
430.035 0.000 -0.000 0.000 0.000 -0.000 -0.000
430.135 0.000 -0.000 0.000 0.000 -0.000 -0.000
430.235 0.000 -0.000 0.000 0.000 -0.000 -0.000
430.335 0.000 -0.000 0.000 0.000 -0.000 -0.000
430.435 0.000 -0.000 0.000 0.000 -0.000 -0.000
430.535 0.000 -0.000 0.000 0.000 -0.000 -0.000
430.635 0.000 -0.000 0.000 0.000 -0.000 -0.000
430.735 0.000 -0.000 0.000 0.000 -0.000 -0.000
430.835 0.000 -0.000 0.000 0.000 -0.000 -0.000
430.935 0.000 -0.000 0.000 0.000 -0.000 -0.000
431.035 0.000 -0.000 0.000 0.000 -0.000 -0.000
431.135 0.000 -0.000 0.000 0.000 -0.000 -0.000
431.235 0.000 -0.000 0.000 0.000 -0.000 -0.000
431.335 0.000 -0.000 0.000 0.000 -0.000 -0.000
431.435 0.000 -0.000 0.000 0.000 -0.000 -0.000
431.535 0.000 -0.000 0.000 0.000 -0.000 -0.000
431.635 0.000 -0.000 0.000 0.000 -0.000 -0.000
431.735 0.000 -0.000 0.000 0.000 -0.000 -0.000
431.835 0.000 -0.000 0.000 0.000 -0.000 -0.000
431.935 0.000 -0.000 0.000 0.000 -0.000 -0.000
432.035 0.000 -0.000 0.000 0.000 -0.000 -0.000
432.135 0.000 -0.000 0.000 0.000 -0.000 -0.000
432.235 0.000 -0.000 0.000 0.000 -0.000 -0.000
432.335 0.000 -0.000 0.000 0.000 -0.000 -0.000
432.435 0.000 -0.000 0.000 0.000 -0.000 -0.000
432.535 0.000 -0.000 0.000 0.000 -0.000 -0.000
432.635 0.000 -0.000 0.000 0.000 -0.000 -0.000
432.735 0.000 -0.000 0.000 0.000 -0.000 -0.000
432.835 0.000 -0.000 0.000 0.000 -0.000 -0.000
432.935 0.000 -0.000 0.000 0.000 -0.000 -0.000
433.035 0.000 -0.000 0.000 0.000 -0.000 -0.000
433.136 0.000 -0.000 0.000 0.000 -0.000 -0.000
433.235 0.000 -0.000 0.000 0.000 -0.000 -0.000
433.335 0.000 -0.000 0.000 0.000 -0.000 -0.000
433.435 0.000 -0.000 0.000 0.000 -0.000 -0.000
433.535 0.000 -0.000 0.000 0.000 -0.000 -0.000
433.635 0.000 -0.000 0.000 0.000 -0.000 -0.000
433.735 0.000 -0.000 0.000 0.000 -0.000 -0.000
433.835 0.000 -0.000 0.000 0.000 -0.000 -0.000
433.940 0.000 -0.000 0.000 0.000 -0.000 -0.000
434.035 0.000 -0.000 0.000 0.000 -0.000 -0.000
434.135 0.000 -0.000 0.000 0.000 -0.000 -0.000
434.235 0.000 -0.000 0.000 0.000 -0.000 -0.000
434.336 0.000 -0.000 0.000 0.000 -0.000 -0.000
434.435 0.000 -0.000 0.000 0.000 -0.000 -0.000
434.535 0.000 -0.000 0.000 0.000 -0.000 -0.000
434.635 0.000 -0.000 0.000 0.000 -0.000 -0.000
434.735 0.000 -0.000 0.000 0.000 -0.000 -0.000
434.835 0.000 -0.000 0.000 0.000 -0.000 -0.000
434.935 0.000 -0.000 0.000 0.000 -0.000 -0.000
435.035 0.000 -0.000 0.000 0.000 -0.000 -0.000
435.136 0.000 -0.000 0.000 0.000 -0.000 -0.000
435.235 0.000 -0.000 0.000 0.000 -0.000 -0.000
435.335 0.000 -0.000 0.000 0.000 -0.000 -0.000
435.436 0.000 -0.000 0.000 0.000 -0.000 -0.000
435.535 0.000 -0.000 0.000 0.000 -0.000 -0.000
435.635 0.000 -0.000 0.000 0.000 -0.000 -0.000
435.736 0.000 -0.000 0.000 0.000 -0.000 -0.000
435.836 0.000 -0.000 0.000 0.000 -0.000 -0.000
435.935 0.000 -0.000 0.000 0.000 -0.000 -0.000
436.036 0.000 -0.000 0.000 0.000 -0.000 -0.000
436.135 0.000 -0.000 0.000 0.000 -0.000 -0.000
436.235 0.000 -0.000 0.000 0.000 -0.000 -0.000
436.335 0.000 -0.000 0.000 0.000 -0.000 -0.000
436.435 0.000 -0.000 0.000 0.000 -0.000 -0.000
436.535 0.000 -0.000 0.000 0.000 -0.000 -0.000
436.635 0.000 -0.000 0.000 0.000 -0.000 -0.000
436.734 0.000 -0.000 0.000 0.000 -0.000 -0.000
436.835 0.000 -0.000 0.000 0.000 -0.000 -0.000
436.935 0.000 -0.000 0.000 0.000 -0.000 -0.000
437.035 0.000 -0.000 0.000 0.000 -0.000 -0.000
437.135 0.000 -0.000 0.000 0.000 -0.000 -0.000
437.235 0.000 -0.000 0.000 0.000 -0.000 -0.000
437.335 0.000 -0.000 0.000 0.000 -0.000 -0.000
437.435 0.000 -0.000 0.000 0.000 -0.000 -0.000
437.535 0.000 -0.000 0.000 0.000 -0.000 -0.000
437.635 0.000 -0.000 0.000 0.000 -0.000 -0.000
437.735 0.000 -0.000 0.000 0.000 -0.000 -0.000
437.835 0.000 -0.000 0.000 0.000 -0.000 -0.000
437.935 0.000 -0.000 0.000 0.000 -0.000 -0.000
438.035 0.000 -0.000 0.000 0.000 -0.000 -0.000
438.135 0.000 -0.000 0.000 0.000 -0.000 -0.000
438.235 0.000 -0.000 0.000 0.000 -0.000 -0.000
438.335 0.000 -0.000 0.000 0.000 -0.000 -0.000
438.435 0.000 -0.000 0.000 0.000 -0.000 -0.000
438.535 0.000 -0.000 0.000 0.000 -0.000 -0.000
438.635 0.000 -0.000 0.000 0.000 -0.000 -0.000
438.735 0.000 -0.000 0.000 0.000 -0.000 -0.000
438.835 0.000 -0.000 0.000 0.000 -0.000 -0.000
438.935 0.000 -0.000 0.000 0.000 -0.000 -0.000
439.035 0.000 -0.000 0.000 0.000 -0.000 -0.000
439.135 0.000 -0.000 0.000 0.000 -0.000 -0.000
439.235 0.000 -0.000 0.000 0.000 -0.000 -0.000
439.335 0.000 -0.000 0.000 0.000 -0.000 -0.000
439.435 0.000 -0.000 0.000 0.000 -0.000 -0.000
439.535 0.000 -0.000 0.000 0.000 -0.000 -0.000
439.635 0.000 -0.000 0.000 0.000 -0.000 -0.000
439.735 0.000 -0.000 0.000 0.000 -0.000 -0.000
439.837 0.000 -0.000 0.000 0.000 -0.000 -0.000
439.935 0.000 -0.000 0.000 0.000 -0.000 -0.000
440.034 0.000 -0.000 0.000 0.000 -0.000 -0.000
440.135 0.000 -0.000 0.000 0.000 -0.000 -0.000
440.234 0.000 -0.000 0.000 0.000 -0.000 -0.000
440.335 0.000 -0.000 0.000 0.000 -0.000 -0.000
440.438 0.000 -0.000 0.000 0.000 -0.000 -0.000
440.535 0.000 -0.000 0.000 0.000 -0.000 -0.000
440.638 0.000 -0.000 0.000 0.000 -0.000 -0.000
440.735 0.000 -0.000 0.000 0.000 -0.000 -0.000
440.834 0.000 -0.000 0.000 0.000 -0.000 -0.000
440.935 0.000 -0.000 0.000 0.000 -0.000 -0.000
441.035 0.000 -0.000 0.000 0.000 -0.000 -0.000
441.135 0.000 -0.000 0.000 0.000 -0.000 -0.000
441.235 0.000 -0.000 0.000 0.000 -0.000 -0.000
441.336 0.000 -0.000 0.000 0.000 -0.000 -0.000
441.435 0.000 -0.000 0.000 0.000 -0.000 -0.000
441.535 0.000 -0.000 0.000 0.000 -0.000 -0.000
441.635 0.000 -0.000 0.000 0.000 -0.000 -0.000
441.735 0.000 -0.000 0.000 0.000 -0.000 -0.000
441.835 0.000 -0.000 0.000 0.000 -0.000 -0.000
441.935 0.000 -0.000 0.000 0.000 -0.000 -0.000
442.035 0.000 -0.000 0.000 0.000 -0.000 -0.000
442.135 0.000 -0.000 0.000 0.000 -0.000 -0.000
442.235 0.000 -0.000 0.000 0.000 -0.000 -0.000
442.335 0.000 -0.000 0.000 0.000 -0.000 -0.000
442.435 0.000 -0.000 0.000 0.000 -0.000 -0.000
442.535 0.000 -0.000 0.000 0.000 -0.000 -0.000
442.648 0.000 -0.000 0.000 0.000 -0.000 -0.000
442.735 0.000 -0.000 0.000 0.000 -0.000 -0.000
442.835 0.000 -0.000 0.000 0.000 -0.000 -0.000
442.935 0.000 -0.000 0.000 0.000 -0.000 -0.000
443.036 0.000 -0.000 0.000 0.000 -0.000 -0.000
443.135 0.000 -0.000 0.000 0.000 -0.000 -0.000
443.236 0.000 -0.000 0.000 0.000 -0.000 -0.000
443.335 0.000 -0.000 0.000 0.000 -0.000 -0.000
443.434 0.000 -0.000 0.000 0.000 -0.000 -0.000
443.535 0.000 -0.000 0.000 0.000 -0.000 -0.000
443.635 0.000 -0.000 0.000 0.000 -0.000 -0.000
443.735 0.000 -0.000 0.000 0.000 -0.000 -0.000
443.835 0.000 -0.000 0.000 0.000 -0.000 -0.000
443.935 0.000 -0.000 0.000 0.000 -0.000 -0.000
444.035 0.000 -0.000 0.000 0.000 -0.000 -0.000
444.135 0.000 -0.000 0.000 0.000 -0.000 -0.000
444.235 0.000 -0.000 0.000 0.000 -0.000 -0.000
444.335 0.000 -0.000 0.000 0.000 -0.000 -0.000
444.435 0.000 -0.000 0.000 0.000 -0.000 -0.000
444.535 0.000 -0.000 0.000 0.000 -0.000 -0.000
444.635 0.000 -0.000 0.000 0.000 -0.000 -0.000
444.735 0.000 -0.000 0.000 0.000 -0.000 -0.000
444.835 0.000 -0.000 0.000 0.000 -0.000 -0.000
444.935 0.000 -0.000 0.000 0.000 -0.000 -0.000
445.035 0.000 -0.000 0.000 0.000 -0.000 -0.000
445.135 0.000 -0.000 0.000 0.000 -0.000 -0.000
445.235 0.000 -0.000 0.000 0.000 -0.000 -0.000
445.335 0.000 -0.000 0.000 0.000 -0.000 -0.000
445.436 0.000 -0.000 0.000 0.000 -0.000 -0.000
445.535 0.000 -0.000 0.000 0.000 -0.000 -0.000
445.635 0.000 -0.000 0.000 0.000 -0.000 -0.000
445.735 0.000 -0.000 0.000 0.000 -0.000 -0.000
445.835 0.000 -0.000 0.000 0.000 -0.000 -0.000
445.935 0.000 -0.000 0.000 0.000 -0.000 -0.000
446.035 0.000 -0.000 0.000 0.000 -0.000 -0.000
446.135 0.000 -0.000 0.000 0.000 -0.000 -0.000
446.235 0.000 -0.000 0.000 0.000 -0.000 -0.000
446.335 0.000 -0.000 0.000 0.000 -0.000 -0.000
446.435 0.000 -0.000 0.000 0.000 -0.000 -0.000
446.535 0.000 -0.000 0.000 0.000 -0.000 -0.000
446.635 0.000 -0.000 0.000 0.000 -0.000 -0.000
446.735 0.000 -0.000 0.000 0.000 -0.000 -0.000
446.835 0.000 -0.000 0.000 0.000 -0.000 -0.000
446.939 0.000 -0.000 0.000 0.000 -0.000 -0.000
447.035 0.000 -0.000 0.000 0.000 -0.000 -0.000
447.135 0.000 -0.000 0.000 0.000 -0.000 -0.000
447.235 0.000 -0.000 0.000 0.000 -0.000 -0.000
447.335 0.000 -0.000 0.000 0.000 -0.000 -0.000
447.435 0.000 -0.000 0.000 0.000 -0.000 -0.000
447.535 0.000 -0.000 0.000 0.000 -0.000 -0.000
447.635 0.000 -0.000 0.000 0.000 -0.000 -0.000
447.735 0.000 -0.000 0.000 0.000 -0.000 -0.000
447.836 0.000 -0.000 0.000 0.000 -0.000 -0.000
447.935 0.000 -0.000 0.000 0.000 -0.000 -0.000
448.035 0.000 -0.000 0.000 0.000 -0.000 -0.000
448.135 0.000 -0.000 0.000 0.000 -0.000 -0.000
448.235 0.000 -0.000 0.000 0.000 -0.000 -0.000
448.335 0.000 -0.000 0.000 0.000 -0.000 -0.000
448.437 0.000 -0.000 0.000 0.000 -0.000 -0.000
448.535 0.000 -0.000 0.000 0.000 -0.000 -0.000
448.635 0.000 -0.000 0.000 0.000 -0.000 -0.000
448.735 0.000 -0.000 0.000 0.000 -0.000 -0.000
448.835 0.000 -0.000 0.000 0.000 -0.000 -0.000
448.935 0.000 -0.000 0.000 0.000 -0.000 -0.000
449.035 0.000 -0.000 0.000 0.000 -0.000 -0.000
449.135 0.000 -0.000 0.000 0.000 -0.000 -0.000
449.236 0.000 -0.000 0.000 0.000 -0.000 -0.000
449.335 0.000 -0.000 0.000 0.000 -0.000 -0.000
449.435 0.000 -0.000 0.000 0.000 -0.000 -0.000
449.535 0.000 -0.000 0.000 0.000 -0.000 -0.000
449.635 0.000 -0.000 0.000 0.000 -0.000 -0.000
449.735 0.000 -0.000 0.000 0.000 -0.000 -0.000
449.835 0.000 -0.000 0.000 0.000 -0.000 -0.000
449.938 0.000 -0.000 0.000 0.000 -0.000 -0.000
450.035 0.000 -0.000 0.000 0.000 -0.000 -0.000
450.135 0.000 -0.000 0.000 0.000 -0.000 -0.000
450.235 0.000 -0.000 0.000 0.000 -0.000 -0.000
450.335 0.000 -0.000 0.000 0.000 -0.000 -0.000
450.435 0.000 -0.000 0.000 0.000 -0.000 -0.000
450.535 0.000 -0.000 0.000 0.000 -0.000 -0.000
450.635 0.000 -0.000 0.000 0.000 -0.000 -0.000
450.735 0.000 -0.000 0.000 0.000 -0.000 -0.000
450.835 0.000 -0.000 0.000 0.000 -0.000 -0.000
450.935 0.000 -0.000 0.000 0.000 -0.000 -0.000
451.035 0.000 -0.000 0.000 0.000 -0.000 -0.000
451.135 0.000 -0.000 0.000 0.000 -0.000 -0.000
451.235 0.000 -0.000 0.000 0.000 -0.000 -0.000
451.335 0.000 -0.000 0.000 0.000 -0.000 -0.000
451.435 0.000 -0.000 0.000 0.000 -0.000 -0.000
451.535 0.000 -0.000 0.000 0.000 -0.000 -0.000
451.635 0.000 -0.000 0.000 0.000 -0.000 -0.000
451.735 0.000 -0.000 0.000 0.000 -0.000 -0.000
451.835 0.000 -0.000 0.000 0.000 -0.000 -0.000
451.935 0.000 -0.000 0.000 0.000 -0.000 -0.000
452.035 0.000 -0.000 0.000 0.000 -0.000 -0.000
452.135 0.000 -0.000 0.000 0.000 -0.000 -0.000
452.235 0.000 -0.000 0.000 0.000 -0.000 -0.000
452.335 0.000 -0.000 0.000 0.000 -0.000 -0.000
452.435 0.000 -0.000 0.000 0.000 -0.000 -0.000
452.535 0.000 -0.000 0.000 0.000 -0.000 -0.000
452.635 0.000 -0.000 0.000 0.000 -0.000 -0.000
452.735 0.000 -0.000 0.000 0.000 -0.000 -0.000
452.835 0.000 -0.000 0.000 0.000 -0.000 -0.000
452.935 0.000 -0.000 0.000 0.000 -0.000 -0.000
453.035 0.000 -0.000 0.000 0.000 -0.000 -0.000
453.136 0.000 -0.000 0.000 0.000 -0.000 -0.000
453.235 0.000 -0.000 0.000 0.000 -0.000 -0.000
453.335 0.000 -0.000 0.000 0.000 -0.000 -0.000
453.435 0.000 -0.000 0.000 0.000 -0.000 -0.000
453.535 0.000 -0.000 0.000 0.000 -0.000 -0.000
453.635 0.000 -0.000 0.000 0.000 -0.000 -0.000
453.735 0.000 -0.000 0.000 0.000 -0.000 -0.000
453.835 0.000 -0.000 0.000 0.000 -0.000 -0.000
453.936 0.000 -0.000 0.000 0.000 -0.000 -0.000
454.036 0.000 -0.000 0.000 0.000 -0.000 -0.000
454.135 0.000 -0.000 0.000 0.000 -0.000 -0.000
454.235 0.000 -0.000 0.000 0.000 -0.000 -0.000
454.335 0.000 -0.000 0.000 0.000 -0.000 -0.000
454.438 0.000 -0.000 0.000 0.000 -0.000 -0.000
454.535 0.000 -0.000 0.000 0.000 -0.000 -0.000
454.634 0.000 -0.000 0.000 0.000 -0.000 -0.000
454.735 0.000 -0.000 0.000 0.000 -0.000 -0.000
454.835 0.000 -0.000 0.000 0.000 -0.000 -0.000
454.935 0.000 -0.000 0.000 0.000 -0.000 -0.000
455.035 0.000 -0.000 0.000 0.000 -0.000 -0.000
455.135 0.000 -0.000 0.000 0.000 -0.000 -0.000
455.235 0.000 -0.000 0.000 0.000 -0.000 -0.000
455.335 0.000 -0.000 0.000 0.000 -0.000 -0.000
455.435 0.000 -0.000 0.000 0.000 -0.000 -0.000
455.535 0.000 -0.000 0.000 0.000 -0.000 -0.000
455.635 0.000 -0.000 0.000 0.000 -0.000 -0.000
455.735 0.000 -0.000 0.000 0.000 -0.000 -0.000
455.834 0.000 -0.000 0.000 0.000 -0.000 -0.000
455.935 0.000 -0.000 0.000 0.000 -0.000 -0.000
456.034 0.000 -0.000 0.000 0.000 -0.000 -0.000
456.135 0.000 -0.000 0.000 0.000 -0.000 -0.000
456.234 0.000 -0.000 0.000 0.000 -0.000 -0.000
456.335 0.000 -0.000 0.000 0.000 -0.000 -0.000
456.435 0.000 -0.000 0.000 0.000 -0.000 -0.000
456.535 0.000 -0.000 0.000 0.000 -0.000 -0.000
456.635 0.000 -0.000 0.000 0.000 -0.000 -0.000
456.735 0.000 -0.000 0.000 0.000 -0.000 -0.000
456.835 0.000 -0.000 0.000 0.000 -0.000 -0.000
456.938 0.000 -0.000 0.000 0.000 -0.000 -0.000
457.035 0.000 -0.000 0.000 0.000 -0.000 -0.000
457.135 0.000 -0.000 0.000 0.000 -0.000 -0.000
457.235 0.000 -0.000 0.000 0.000 -0.000 -0.000
457.335 0.000 -0.000 0.000 0.000 -0.000 -0.000
457.435 0.000 -0.000 0.000 0.000 -0.000 -0.000
457.535 0.000 -0.000 0.000 0.000 -0.000 -0.000
457.635 0.000 -0.000 0.000 0.000 -0.000 -0.000
457.735 0.000 -0.000 0.000 0.000 -0.000 -0.000
457.835 0.000 -0.000 0.000 0.000 -0.000 -0.000
457.935 0.000 -0.000 0.000 0.000 -0.000 -0.000
458.035 0.000 -0.000 0.000 0.000 -0.000 -0.000
458.135 0.000 -0.000 0.000 0.000 -0.000 -0.000
458.235 0.000 -0.000 0.000 0.000 -0.000 -0.000
458.335 0.000 -0.000 0.000 0.000 -0.000 -0.000
458.435 0.000 -0.000 0.000 0.000 -0.000 -0.000
458.535 0.000 -0.000 0.000 0.000 -0.000 -0.000
458.635 0.000 -0.000 0.000 0.000 -0.000 -0.000
458.735 0.000 -0.000 0.000 0.000 -0.000 -0.000
458.835 0.000 -0.000 0.000 0.000 -0.000 -0.000
458.935 0.000 -0.000 0.000 0.000 -0.000 -0.000
459.035 0.000 -0.000 0.000 0.000 -0.000 -0.000
459.135 0.000 -0.000 0.000 0.000 -0.000 -0.000
459.235 0.000 -0.000 0.000 0.000 -0.000 -0.000
459.335 0.000 -0.000 0.000 0.000 -0.000 -0.000
459.435 0.000 -0.000 0.000 0.000 -0.000 -0.000
459.535 0.000 -0.000 0.000 0.000 -0.000 -0.000
459.635 0.000 -0.000 0.000 0.000 -0.000 -0.000
459.735 0.000 -0.000 0.000 0.000 -0.000 -0.000
459.835 0.000 -0.000 0.000 0.000 -0.000 -0.000
459.935 0.000 -0.000 0.000 0.000 -0.000 -0.000
460.035 0.000 -0.000 0.000 0.000 -0.000 -0.000
460.135 0.000 -0.000 0.000 0.000 -0.000 -0.000
460.235 0.000 -0.000 0.000 0.000 -0.000 -0.000
460.335 0.000 -0.000 0.000 0.000 -0.000 -0.000
460.435 0.000 -0.000 0.000 0.000 -0.000 -0.000
460.535 0.000 -0.000 0.000 0.000 -0.000 -0.000
460.635 0.000 -0.000 0.000 0.000 -0.000 -0.000
460.735 0.000 -0.000 0.000 0.000 -0.000 -0.000
460.835 0.000 -0.000 0.000 0.000 -0.000 -0.000
460.937 0.000 -0.000 0.000 0.000 -0.000 -0.000
461.034 0.000 -0.000 0.000 0.000 -0.000 -0.000
461.134 0.000 -0.000 0.000 0.000 -0.000 -0.000
461.236 0.000 -0.000 0.000 0.000 -0.000 -0.000
461.335 0.000 -0.000 0.000 0.000 -0.000 -0.000
461.435 0.000 -0.000 0.000 0.000 -0.000 -0.000
461.535 0.000 -0.000 0.000 0.000 -0.000 -0.000
461.637 0.000 -0.000 0.000 0.000 -0.000 -0.000
461.735 0.000 -0.000 0.000 0.000 -0.000 -0.000
461.835 0.000 -0.000 0.000 0.000 -0.000 -0.000
461.935 0.000 -0.000 0.000 0.000 -0.000 -0.000
462.035 0.000 -0.000 0.000 0.000 -0.000 -0.000
462.135 0.000 -0.000 0.000 0.000 -0.000 -0.000
462.235 0.000 -0.000 0.000 0.000 -0.000 -0.000
462.335 0.000 -0.000 0.000 0.000 -0.000 -0.000
462.434 0.000 -0.000 0.000 0.000 -0.000 -0.000
462.535 0.000 -0.000 0.000 0.000 -0.000 -0.000
462.635 0.000 -0.000 0.000 0.000 -0.000 -0.000
462.735 0.000 -0.000 0.000 0.000 -0.000 -0.000
462.835 0.000 -0.000 0.000 0.000 -0.000 -0.000
462.935 0.000 -0.000 0.000 0.000 -0.000 -0.000
463.035 0.000 -0.000 0.000 0.000 -0.000 -0.000
463.135 0.000 -0.000 0.000 0.000 -0.000 -0.000
463.235 0.000 -0.000 0.000 0.000 -0.000 -0.000
463.334 0.000 -0.000 0.000 0.000 -0.000 -0.000
463.435 0.000 -0.000 0.000 0.000 -0.000 -0.000
463.535 0.000 -0.000 0.000 0.000 -0.000 -0.000
463.635 0.000 -0.000 0.000 0.000 -0.000 -0.000
463.735 0.000 -0.000 0.000 0.000 -0.000 -0.000
463.835 0.000 -0.000 0.000 0.000 -0.000 -0.000
463.934 0.000 -0.000 0.000 0.000 -0.000 -0.000
464.035 0.000 -0.000 0.000 0.000 -0.000 -0.000
464.135 0.000 -0.000 0.000 0.000 -0.000 -0.000
464.235 0.000 -0.000 0.000 0.000 -0.000 -0.000
464.335 0.000 -0.000 0.000 0.000 -0.000 -0.000
464.435 0.000 -0.000 0.000 0.000 -0.000 -0.000
464.534 0.000 -0.000 0.000 0.000 -0.000 -0.000
464.635 0.000 -0.000 0.000 0.000 -0.000 -0.000
464.735 0.000 -0.000 0.000 0.000 -0.000 -0.000
464.835 0.000 -0.000 0.000 0.000 -0.000 -0.000
464.934 0.000 -0.000 0.000 0.000 -0.000 -0.000
465.035 0.000 -0.000 0.000 0.000 -0.000 -0.000
465.135 0.000 -0.000 0.000 0.000 -0.000 -0.000
465.235 0.000 -0.000 0.000 0.000 -0.000 -0.000
465.335 0.000 -0.000 0.000 0.000 -0.000 -0.000
465.435 0.000 -0.000 0.000 0.000 -0.000 -0.000
465.535 0.000 -0.000 0.000 0.000 -0.000 -0.000
465.635 0.000 -0.000 0.000 0.000 -0.000 -0.000
465.735 0.000 -0.000 0.000 0.000 -0.000 -0.000
465.835 0.000 -0.000 0.000 0.000 -0.000 -0.000
465.935 0.000 -0.000 0.000 0.000 -0.000 -0.000
466.036 0.000 -0.000 0.000 0.000 -0.000 -0.000
466.136 0.000 -0.000 0.000 0.000 -0.000 -0.000
466.235 0.000 -0.000 0.000 0.000 -0.000 -0.000
466.334 0.000 -0.000 0.000 0.000 -0.000 -0.000
466.435 0.000 -0.000 0.000 0.000 -0.000 -0.000
466.535 0.000 -0.000 0.000 0.000 -0.000 -0.000
466.636 0.000 -0.000 0.000 0.000 -0.000 -0.000
466.735 0.000 -0.000 0.000 0.000 -0.000 -0.000
466.838 0.000 -0.000 0.000 0.000 -0.000 -0.000
466.935 0.000 -0.000 0.000 0.000 -0.000 -0.000
467.035 0.000 -0.000 0.000 0.000 -0.000 -0.000
467.135 0.000 -0.000 0.000 0.000 -0.000 -0.000
467.235 0.000 -0.000 0.000 0.000 -0.000 -0.000
467.335 0.000 -0.000 0.000 0.000 -0.000 -0.000
467.435 0.000 -0.000 0.000 0.000 -0.000 -0.000
467.535 0.000 -0.000 0.000 0.000 -0.000 -0.000
467.635 0.000 -0.000 0.000 0.000 -0.000 -0.000
467.736 0.000 -0.000 0.000 0.000 -0.000 -0.000
467.835 0.000 -0.000 0.000 0.000 -0.000 -0.000
467.934 0.000 -0.000 0.000 0.000 -0.000 -0.000
468.035 0.000 -0.000 0.000 0.000 -0.000 -0.000
468.134 0.000 -0.000 0.000 0.000 -0.000 -0.000
468.235 0.000 -0.000 0.000 0.000 -0.000 -0.000
468.335 0.000 -0.000 0.000 0.000 -0.000 -0.000
468.435 0.000 -0.000 0.000 0.000 -0.000 -0.000
468.535 0.000 -0.000 0.000 0.000 -0.000 -0.000
468.635 0.000 -0.000 0.000 0.000 -0.000 -0.000
468.735 0.000 -0.000 0.000 0.000 -0.000 -0.000
468.835 0.000 -0.000 0.000 0.000 -0.000 -0.000
468.936 0.000 -0.000 0.000 0.000 -0.000 -0.000
469.035 0.000 -0.000 0.000 0.000 -0.000 -0.000
469.135 0.000 -0.000 0.000 0.000 -0.000 -0.000
469.235 0.000 -0.000 0.000 0.000 -0.000 -0.000
469.335 0.000 -0.000 0.000 0.000 -0.000 -0.000
469.435 0.000 -0.000 0.000 0.000 -0.000 -0.000
469.535 0.000 -0.000 0.000 0.000 -0.000 -0.000
469.635 0.000 -0.000 0.000 0.000 -0.000 -0.000
469.735 0.000 -0.000 0.000 0.000 -0.000 -0.000
469.835 0.000 -0.000 0.000 0.000 -0.000 -0.000
469.936 0.000 -0.000 0.000 0.000 -0.000 -0.000
470.035 0.000 -0.000 0.000 0.000 -0.000 -0.000
470.135 0.000 -0.000 0.000 0.000 -0.000 -0.000
470.235 0.000 -0.000 0.000 0.000 -0.000 -0.000
470.335 0.000 -0.000 0.000 0.000 -0.000 -0.000
470.435 0.000 -0.000 0.000 0.000 -0.000 -0.000
470.535 0.000 -0.000 0.000 0.000 -0.000 -0.000
470.635 0.000 -0.000 0.000 0.000 -0.000 -0.000
470.735 0.000 -0.000 0.000 0.000 -0.000 -0.000
470.835 0.000 -0.000 0.000 0.000 -0.000 -0.000
470.935 0.000 -0.000 0.000 0.000 -0.000 -0.000
471.035 0.000 -0.000 0.000 0.000 -0.000 -0.000
471.135 0.000 -0.000 0.000 0.000 -0.000 -0.000
471.235 0.000 -0.000 0.000 0.000 -0.000 -0.000
471.335 0.000 -0.000 0.000 0.000 -0.000 -0.000
471.435 0.000 -0.000 0.000 0.000 -0.000 -0.000
471.535 0.000 -0.000 0.000 0.000 -0.000 -0.000
471.635 0.000 -0.000 0.000 0.000 -0.000 -0.000
471.735 0.000 -0.000 0.000 0.000 -0.000 -0.000
471.835 0.000 -0.000 0.000 0.000 -0.000 -0.000
471.935 0.000 -0.000 0.000 0.000 -0.000 -0.000
472.035 0.000 -0.000 0.000 0.000 -0.000 -0.000
472.135 0.000 -0.000 0.000 0.000 -0.000 -0.000
472.235 0.000 -0.000 0.000 0.000 -0.000 -0.000
472.335 0.000 -0.000 0.000 0.000 -0.000 -0.000
472.435 0.000 -0.000 0.000 0.000 -0.000 -0.000
472.535 0.000 -0.000 0.000 0.000 -0.000 -0.000
472.636 0.000 -0.000 0.000 0.000 -0.000 -0.000
472.735 0.000 -0.000 0.000 0.000 -0.000 -0.000
472.837 0.000 -0.000 0.000 0.000 -0.000 -0.000
472.935 0.000 -0.000 0.000 0.000 -0.000 -0.000
473.035 0.000 -0.000 0.000 0.000 -0.000 -0.000
473.135 0.000 -0.000 0.000 0.000 -0.000 -0.000
473.235 0.000 -0.000 0.000 0.000 -0.000 -0.000
473.335 0.000 -0.000 0.000 0.000 -0.000 -0.000
473.435 0.000 -0.000 0.000 0.000 -0.000 -0.000
473.535 0.000 -0.000 0.000 0.000 -0.000 -0.000
473.637 0.000 -0.000 0.000 0.000 -0.000 -0.000
473.735 0.000 -0.000 0.000 0.000 -0.000 -0.000
473.834 0.000 -0.000 0.000 0.000 -0.000 -0.000
473.934 0.000 -0.000 0.000 0.000 -0.000 -0.000
474.034 0.000 -0.000 0.000 0.000 -0.000 -0.000
474.134 0.000 -0.000 0.000 0.000 -0.000 -0.000
474.234 0.000 -0.000 0.000 0.000 -0.000 -0.000
474.334 0.000 -0.000 0.000 0.000 -0.000 -0.000
474.435 0.000 -0.000 0.000 0.000 -0.000 -0.000
474.534 0.000 -0.000 0.000 0.000 -0.000 -0.000
474.634 0.000 -0.000 0.000 0.000 -0.000 -0.000
474.735 0.000 -0.000 0.000 0.000 -0.000 -0.000
474.834 0.000 -0.000 0.000 0.000 -0.000 -0.000
474.935 0.000 -0.000 0.000 0.000 -0.000 -0.000
475.034 0.000 -0.000 0.000 0.000 -0.000 -0.000
475.134 0.000 -0.000 0.000 0.000 -0.000 -0.000
475.234 0.000 -0.000 0.000 0.000 -0.000 -0.000
475.334 0.000 -0.000 0.000 0.000 -0.000 -0.000
475.434 0.000 -0.000 0.000 0.000 -0.000 -0.000
475.534 0.000 -0.000 0.000 0.000 -0.000 -0.000
475.634 0.000 -0.000 0.000 0.000 -0.000 -0.000
475.734 0.000 -0.000 0.000 0.000 -0.000 -0.000
475.835 0.000 -0.000 0.000 0.000 -0.000 -0.000
475.934 0.000 -0.000 0.000 0.000 -0.000 -0.000
476.034 0.000 -0.000 0.000 0.000 -0.000 -0.000
476.135 0.000 -0.000 0.000 0.000 -0.000 -0.000
476.234 0.000 -0.000 0.000 0.000 -0.000 -0.000
476.335 0.000 -0.000 0.000 0.000 -0.000 -0.000
476.435 0.000 -0.000 0.000 0.000 -0.000 -0.000
476.534 0.000 -0.000 0.000 0.000 -0.000 -0.000
476.640 0.000 -0.000 0.000 0.000 -0.000 -0.000
476.735 0.000 -0.000 0.000 0.000 -0.000 -0.000
476.834 0.000 -0.000 0.000 0.000 -0.000 -0.000
476.934 0.000 -0.000 0.000 0.000 -0.000 -0.000
477.035 0.000 -0.000 0.000 0.000 -0.000 -0.000
477.135 0.000 -0.000 0.000 0.000 -0.000 -0.000
477.235 0.000 -0.000 0.000 0.000 -0.000 -0.000
477.335 0.000 -0.000 0.000 0.000 -0.000 -0.000
477.435 0.000 -0.000 0.000 0.000 -0.000 -0.000
477.536 0.000 -0.000 0.000 0.000 -0.000 -0.000
477.635 0.000 -0.000 0.000 0.000 -0.000 -0.000
477.734 0.000 -0.000 0.000 0.000 -0.000 -0.000
477.834 0.000 -0.000 0.000 0.000 -0.000 -0.000
477.935 0.000 -0.000 0.000 0.000 -0.000 -0.000
478.035 0.000 -0.000 0.000 0.000 -0.000 -0.000
478.134 0.000 -0.000 0.000 0.000 -0.000 -0.000
478.238 0.000 -0.000 0.000 0.000 -0.000 -0.000
478.335 0.000 -0.000 0.000 0.000 -0.000 -0.000
478.434 0.000 -0.000 0.000 0.000 -0.000 -0.000
478.535 0.000 -0.000 0.000 0.000 -0.000 -0.000
478.635 0.000 -0.000 0.000 0.000 -0.000 -0.000
478.735 0.000 -0.000 0.000 0.000 -0.000 -0.000
478.835 0.000 -0.000 0.000 0.000 -0.000 -0.000
478.935 0.000 -0.000 0.000 0.000 -0.000 -0.000
479.035 0.000 -0.000 0.000 0.000 -0.000 -0.000
479.135 0.000 -0.000 0.000 0.000 -0.000 -0.000
479.235 0.000 -0.000 0.000 0.000 -0.000 -0.000
479.335 0.000 -0.000 0.000 0.000 -0.000 -0.000
479.435 0.000 -0.000 0.000 0.000 -0.000 -0.000
479.535 0.000 -0.000 0.000 0.000 -0.000 -0.000
479.635 0.000 -0.000 0.000 0.000 -0.000 -0.000
479.735 0.000 -0.000 0.000 0.000 -0.000 -0.000
479.835 0.000 -0.000 0.000 0.000 -0.000 -0.000
479.935 0.000 -0.000 0.000 0.000 -0.000 -0.000
480.035 0.000 -0.000 0.000 0.000 -0.000 -0.000
480.135 0.000 -0.000 0.000 0.000 -0.000 -0.000
480.235 0.000 -0.000 0.000 0.000 -0.000 -0.000
480.335 0.000 -0.000 0.000 0.000 -0.000 -0.000
480.435 0.000 -0.000 0.000 0.000 -0.000 -0.000
480.535 0.000 -0.000 0.000 0.000 -0.000 -0.000
480.636 0.000 -0.000 0.000 0.000 -0.000 -0.000
480.735 0.000 -0.000 0.000 0.000 -0.000 -0.000
480.837 0.000 -0.000 0.000 0.000 -0.000 -0.000
480.935 0.000 -0.000 0.000 0.000 -0.000 -0.000
481.034 0.000 -0.000 0.000 0.000 -0.000 -0.000
481.135 0.000 -0.000 0.000 0.000 -0.000 -0.000
481.235 0.000 -0.000 0.000 0.000 -0.000 -0.000
481.335 0.000 -0.000 0.000 0.000 -0.000 -0.000
481.435 0.000 -0.000 0.000 0.000 -0.000 -0.000
481.536 0.000 -0.000 0.000 0.000 -0.000 -0.000
481.636 0.000 -0.000 0.000 0.000 -0.000 -0.000
481.735 0.000 -0.000 0.000 0.000 -0.000 -0.000
481.835 0.000 -0.000 0.000 0.000 -0.000 -0.000
481.935 0.000 -0.000 0.000 0.000 -0.000 -0.000
482.037 0.000 -0.000 0.000 0.000 -0.000 -0.000
482.135 0.000 -0.000 0.000 0.000 -0.000 -0.000
482.235 0.000 -0.000 0.000 0.000 -0.000 -0.000
482.335 0.000 -0.000 0.000 0.000 -0.000 -0.000
482.434 0.000 -0.000 0.000 0.000 -0.000 -0.000
482.535 0.000 -0.000 0.000 0.000 -0.000 -0.000
482.635 0.000 -0.000 0.000 0.000 -0.000 -0.000
482.739 0.000 -0.000 0.000 0.000 -0.000 -0.000
482.836 0.000 -0.000 0.000 0.000 -0.000 -0.000
482.935 0.000 -0.000 0.000 0.000 -0.000 -0.000
483.035 0.000 -0.000 0.000 0.000 -0.000 -0.000
483.135 0.000 -0.000 0.000 0.000 -0.000 -0.000
483.235 0.000 -0.000 0.000 0.000 -0.000 -0.000
483.335 0.000 -0.000 0.000 0.000 -0.000 -0.000
483.435 0.000 -0.000 0.000 0.000 -0.000 -0.000
483.535 0.000 -0.000 0.000 0.000 -0.000 -0.000
483.635 0.000 -0.000 0.000 0.000 -0.000 -0.000
483.735 0.000 -0.000 0.000 0.000 -0.000 -0.000
483.834 0.000 -0.000 0.000 0.000 -0.000 -0.000
483.934 0.000 -0.000 0.000 0.000 -0.000 -0.000
484.035 0.000 -0.000 0.000 0.000 -0.000 -0.000
484.135 0.000 -0.000 0.000 0.000 -0.000 -0.000
484.235 0.000 -0.000 0.000 0.000 -0.000 -0.000
484.335 0.000 -0.000 0.000 0.000 -0.000 -0.000
484.435 0.000 -0.000 0.000 0.000 -0.000 -0.000
484.535 0.000 -0.000 0.000 0.000 -0.000 -0.000
484.635 0.000 -0.000 0.000 0.000 -0.000 -0.000
484.735 0.000 -0.000 0.000 0.000 -0.000 -0.000
484.838 0.000 -0.000 0.000 0.000 -0.000 -0.000
484.935 0.000 -0.000 0.000 0.000 -0.000 -0.000
485.035 0.000 -0.000 0.000 0.000 -0.000 -0.000
485.135 0.000 -0.000 0.000 0.000 -0.000 -0.000
485.235 0.000 -0.000 0.000 0.000 -0.000 -0.000
485.335 0.000 -0.000 0.000 0.000 -0.000 -0.000
485.435 0.000 -0.000 0.000 0.000 -0.000 -0.000
485.535 0.000 -0.000 0.000 0.000 -0.000 -0.000
485.635 0.000 -0.000 0.000 0.000 -0.000 -0.000
485.735 0.000 -0.000 0.000 0.000 -0.000 -0.000
485.835 0.000 -0.000 0.000 0.000 -0.000 -0.000
485.935 0.000 -0.000 0.000 0.000 -0.000 -0.000
486.035 0.000 -0.000 0.000 0.000 -0.000 -0.000
486.135 0.000 -0.000 0.000 0.000 -0.000 -0.000
486.235 0.000 -0.000 0.000 0.000 -0.000 -0.000
486.339 0.000 -0.000 0.000 0.000 -0.000 -0.000
486.436 0.000 -0.000 0.000 0.000 -0.000 -0.000
486.535 0.000 -0.000 0.000 0.000 -0.000 -0.000
486.635 0.000 -0.000 0.000 0.000 -0.000 -0.000
486.734 0.000 -0.000 0.000 0.000 -0.000 -0.000
486.835 0.000 -0.000 0.000 0.000 -0.000 -0.000
486.935 0.000 -0.000 0.000 0.000 -0.000 -0.000
487.035 0.000 -0.000 0.000 0.000 -0.000 -0.000
487.135 0.000 -0.000 0.000 0.000 -0.000 -0.000
487.235 0.000 -0.000 0.000 0.000 -0.000 -0.000
487.335 0.000 -0.000 0.000 0.000 -0.000 -0.000
487.435 0.000 -0.000 0.000 0.000 -0.000 -0.000
487.535 0.000 -0.000 0.000 0.000 -0.000 -0.000
487.635 0.000 -0.000 0.000 0.000 -0.000 -0.000
487.735 0.000 -0.000 0.000 0.000 -0.000 -0.000
487.835 0.000 -0.000 0.000 0.000 -0.000 -0.000
487.935 0.000 -0.000 0.000 0.000 -0.000 -0.000
488.036 0.000 -0.000 0.000 0.000 -0.000 -0.000
488.136 0.000 -0.000 0.000 0.000 -0.000 -0.000
488.235 0.000 -0.000 0.000 0.000 -0.000 -0.000
488.335 0.000 -0.000 0.000 0.000 -0.000 -0.000
488.435 0.000 -0.000 0.000 0.000 -0.000 -0.000
488.535 0.000 -0.000 0.000 0.000 -0.000 -0.000
488.635 0.000 -0.000 0.000 0.000 -0.000 -0.000
488.735 0.000 -0.000 0.000 0.000 -0.000 -0.000
488.835 0.000 -0.000 0.000 0.000 -0.000 -0.000
488.935 0.000 -0.000 0.000 0.000 -0.000 -0.000
489.035 0.000 -0.000 0.000 0.000 -0.000 -0.000
489.142 0.000 -0.000 0.000 0.000 -0.000 -0.000
489.235 0.000 -0.000 0.000 0.000 -0.000 -0.000
489.335 0.000 -0.000 0.000 0.000 -0.000 -0.000
489.435 0.000 -0.000 0.000 0.000 -0.000 -0.000
489.536 0.000 -0.000 0.000 0.000 -0.000 -0.000
489.635 0.000 -0.000 0.000 0.000 -0.000 -0.000
489.734 0.000 -0.000 0.000 0.000 -0.000 -0.000
489.836 0.000 -0.000 0.000 0.000 -0.000 -0.000
489.935 0.000 -0.000 0.000 0.000 -0.000 -0.000
490.037 0.000 -0.000 0.000 0.000 -0.000 -0.000
490.137 0.000 -0.000 0.000 0.000 -0.000 -0.000
490.235 0.000 -0.000 0.000 0.000 -0.000 -0.000
490.336 0.000 -0.000 0.000 0.000 -0.000 -0.000
490.435 0.000 -0.000 0.000 0.000 -0.000 -0.000
490.536 0.000 -0.000 0.000 0.000 -0.000 -0.000
490.635 0.000 -0.000 0.000 0.000 -0.000 -0.000
490.735 0.000 -0.000 0.000 0.000 -0.000 -0.000
490.837 0.000 -0.000 0.000 0.000 -0.000 -0.000
490.935 0.000 -0.000 0.000 0.000 -0.000 -0.000
491.035 0.000 -0.000 0.000 0.000 -0.000 -0.000
491.135 0.000 -0.000 0.000 0.000 -0.000 -0.000
491.235 0.000 -0.000 0.000 0.000 -0.000 -0.000
491.335 0.000 -0.000 0.000 0.000 -0.000 -0.000
491.435 0.000 -0.000 0.000 0.000 -0.000 -0.000
491.535 0.000 -0.000 0.000 0.000 -0.000 -0.000
491.638 0.000 -0.000 0.000 0.000 -0.000 -0.000
491.735 0.000 -0.000 0.000 0.000 -0.000 -0.000
491.834 0.000 -0.000 0.000 0.000 -0.000 -0.000
491.934 0.000 -0.000 0.000 0.000 -0.000 -0.000
492.035 0.000 -0.000 0.000 0.000 -0.000 -0.000
492.135 0.000 -0.000 0.000 0.000 -0.000 -0.000
492.235 0.000 -0.000 0.000 0.000 -0.000 -0.000
492.335 0.000 -0.000 0.000 0.000 -0.000 -0.000
492.435 0.000 -0.000 0.000 0.000 -0.000 -0.000
492.535 0.000 -0.000 0.000 0.000 -0.000 -0.000
492.635 0.000 -0.000 0.000 0.000 -0.000 -0.000
492.735 0.000 -0.000 0.000 0.000 -0.000 -0.000
492.835 0.000 -0.000 0.000 0.000 -0.000 -0.000
492.935 0.000 -0.000 0.000 0.000 -0.000 -0.000
493.035 0.000 -0.000 0.000 0.000 -0.000 -0.000
493.135 0.000 -0.000 0.000 0.000 -0.000 -0.000
493.235 0.000 -0.000 0.000 0.000 -0.000 -0.000
493.335 0.000 -0.000 0.000 0.000 -0.000 -0.000
493.435 0.000 -0.000 0.000 0.000 -0.000 -0.000
493.535 0.000 -0.000 0.000 0.000 -0.000 -0.000
493.635 0.000 -0.000 0.000 0.000 -0.000 -0.000
493.735 0.000 -0.000 0.000 0.000 -0.000 -0.000
493.835 0.000 -0.000 0.000 0.000 -0.000 -0.000
493.935 0.000 -0.000 0.000 0.000 -0.000 -0.000
494.035 0.000 -0.000 0.000 0.000 -0.000 -0.000
494.135 0.000 -0.000 0.000 0.000 -0.000 -0.000
494.235 0.000 -0.000 0.000 0.000 -0.000 -0.000
494.335 0.000 -0.000 0.000 0.000 -0.000 -0.000
494.434 0.000 -0.000 0.000 0.000 -0.000 -0.000
494.534 0.000 -0.000 0.000 0.000 -0.000 -0.000
494.636 0.000 -0.000 0.000 0.000 -0.000 -0.000
494.735 0.000 -0.000 0.000 0.000 -0.000 -0.000
494.835 0.000 -0.000 0.000 0.000 -0.000 -0.000
494.935 0.000 -0.000 0.000 0.000 -0.000 -0.000
495.035 0.000 -0.000 0.000 0.000 -0.000 -0.000
495.136 0.000 -0.000 0.000 0.000 -0.000 -0.000
495.235 0.000 -0.000 0.000 0.000 -0.000 -0.000
495.335 0.000 -0.000 0.000 0.000 -0.000 -0.000
495.435 0.000 -0.000 0.000 0.000 -0.000 -0.000
495.536 0.000 -0.000 0.000 0.000 -0.000 -0.000
495.638 0.000 -0.000 0.000 0.000 -0.000 -0.000
495.735 0.000 -0.000 0.000 0.000 -0.000 -0.000
495.838 0.000 -0.000 0.000 0.000 -0.000 -0.000
495.935 0.000 -0.000 0.000 0.000 -0.000 -0.000
496.034 0.000 -0.000 0.000 0.000 -0.000 -0.000
496.139 0.000 -0.000 0.000 0.000 -0.000 -0.000
496.235 0.000 -0.000 0.000 0.000 -0.000 -0.000
496.343 0.000 -0.000 0.000 0.000 -0.000 -0.000
496.435 0.000 -0.000 0.000 0.000 -0.000 -0.000
496.536 0.000 -0.000 0.000 0.000 -0.000 -0.000
496.635 0.000 -0.000 0.000 0.000 -0.000 -0.000
496.735 0.000 -0.000 0.000 0.000 -0.000 -0.000
496.835 0.000 -0.000 0.000 0.000 -0.000 -0.000
496.935 0.000 -0.000 0.000 0.000 -0.000 -0.000
497.035 0.000 -0.000 0.000 0.000 -0.000 -0.000
497.135 0.000 -0.000 0.000 0.000 -0.000 -0.000
497.235 0.000 -0.000 0.000 0.000 -0.000 -0.000
497.335 0.000 -0.000 0.000 0.000 -0.000 -0.000
497.435 0.000 -0.000 0.000 0.000 -0.000 -0.000
497.535 0.000 -0.000 0.000 0.000 -0.000 -0.000
497.635 0.000 -0.000 0.000 0.000 -0.000 -0.000
497.735 0.000 -0.000 0.000 0.000 -0.000 -0.000
497.835 0.000 -0.000 0.000 0.000 -0.000 -0.000
497.935 0.000 -0.000 0.000 0.000 -0.000 -0.000
498.035 0.000 -0.000 0.000 0.000 -0.000 -0.000
498.135 0.000 -0.000 0.000 0.000 -0.000 -0.000
498.235 0.000 -0.000 0.000 0.000 -0.000 -0.000
498.335 0.000 -0.000 0.000 0.000 -0.000 -0.000
498.435 0.000 -0.000 0.000 0.000 -0.000 -0.000
498.535 0.000 -0.000 0.000 0.000 -0.000 -0.000
498.635 0.000 -0.000 0.000 0.000 -0.000 -0.000
498.736 0.000 -0.000 0.000 0.000 -0.000 -0.000
498.835 0.000 -0.000 0.000 0.000 -0.000 -0.000
498.935 0.000 -0.000 0.000 0.000 -0.000 -0.000
499.035 0.000 -0.000 0.000 0.000 -0.000 -0.000
499.135 0.000 -0.000 0.000 0.000 -0.000 -0.000
499.235 0.000 -0.000 0.000 0.000 -0.000 -0.000
499.335 0.000 -0.000 0.000 0.000 -0.000 -0.000
499.440 0.000 -0.000 0.000 0.000 -0.000 -0.000
499.536 0.000 -0.000 0.000 0.000 -0.000 -0.000
499.634 0.000 -0.000 0.000 0.000 -0.000 -0.000
499.735 0.000 -0.000 0.000 0.000 -0.000 -0.000
499.835 0.000 -0.000 0.000 0.000 -0.000 -0.000
499.934 0.000 -0.000 0.000 0.000 -0.000 -0.000
500.036 0.000 -0.000 0.000 0.000 -0.000 -0.000
500.135 0.000 -0.000 0.000 0.000 -0.000 -0.000
500.235 0.000 -0.000 0.000 0.000 -0.000 -0.000
500.335 0.000 -0.000 0.000 0.000 -0.000 -0.000
500.435 0.000 -0.000 0.000 0.000 -0.000 -0.000
500.535 0.000 -0.000 0.000 0.000 -0.000 -0.000
500.635 0.000 -0.000 0.000 0.000 -0.000 -0.000
500.735 0.000 -0.000 0.000 0.000 -0.000 -0.000
500.835 0.000 -0.000 0.000 0.000 -0.000 -0.000
500.935 0.000 -0.000 0.000 0.000 -0.000 -0.000
501.035 0.000 -0.000 0.000 0.000 -0.000 -0.000
501.135 0.000 -0.000 0.000 0.000 -0.000 -0.000
501.235 0.000 -0.000 0.000 0.000 -0.000 -0.000
501.335 0.000 -0.000 0.000 0.000 -0.000 -0.000
501.435 0.000 -0.000 0.000 0.000 -0.000 -0.000
501.535 0.000 -0.000 0.000 0.000 -0.000 -0.000
501.635 0.000 -0.000 0.000 0.000 -0.000 -0.000
501.735 0.000 -0.000 0.000 0.000 -0.000 -0.000
501.835 0.000 -0.000 0.000 0.000 -0.000 -0.000
501.936 0.000 -0.000 0.000 0.000 -0.000 -0.000
502.035 0.000 -0.000 0.000 0.000 -0.000 -0.000
502.135 0.000 -0.000 0.000 0.000 -0.000 -0.000
502.236 0.000 -0.000 0.000 0.000 -0.000 -0.000
502.335 0.000 -0.000 0.000 0.000 -0.000 -0.000
502.435 0.000 -0.000 0.000 0.000 -0.000 -0.000
502.535 0.000 -0.000 0.000 0.000 -0.000 -0.000
502.635 0.000 -0.000 0.000 0.000 -0.000 -0.000
502.735 0.000 -0.000 0.000 0.000 -0.000 -0.000
502.835 0.000 -0.000 0.000 0.000 -0.000 -0.000
502.935 0.000 -0.000 0.000 0.000 -0.000 -0.000
503.035 0.000 -0.000 0.000 0.000 -0.000 -0.000
503.139 0.000 -0.000 0.000 0.000 -0.000 -0.000
503.235 0.000 -0.000 0.000 0.000 -0.000 -0.000
503.335 0.000 -0.000 0.000 0.000 -0.000 -0.000
503.435 0.000 -0.000 0.000 0.000 -0.000 -0.000
503.534 0.000 -0.000 0.000 0.000 -0.000 -0.000
503.635 0.000 -0.000 0.000 0.000 -0.000 -0.000
503.735 0.000 -0.000 0.000 0.000 -0.000 -0.000
503.835 0.000 -0.000 0.000 0.000 -0.000 -0.000
503.935 0.000 -0.000 0.000 0.000 -0.000 -0.000
504.035 0.000 -0.000 0.000 0.000 -0.000 -0.000
504.135 0.000 -0.000 0.000 0.000 -0.000 -0.000
504.235 0.000 -0.000 0.000 0.000 -0.000 -0.000
504.335 0.000 -0.000 0.000 0.000 -0.000 -0.000
504.435 0.000 -0.000 0.000 0.000 -0.000 -0.000
504.535 0.000 -0.000 0.000 0.000 -0.000 -0.000
504.635 0.000 -0.000 0.000 0.000 -0.000 -0.000
504.735 0.000 -0.000 0.000 0.000 -0.000 -0.000
504.835 0.000 -0.000 0.000 0.000 -0.000 -0.000
504.935 0.000 -0.000 0.000 0.000 -0.000 -0.000
505.035 0.000 -0.000 0.000 0.000 -0.000 -0.000
505.152 0.000 -0.000 0.000 0.000 -0.000 -0.000
505.235 0.000 -0.000 0.000 0.000 -0.000 -0.000
505.335 0.000 -0.000 0.000 0.000 -0.000 -0.000
505.435 0.000 -0.000 0.000 0.000 -0.000 -0.000
505.535 0.000 -0.000 0.000 0.000 -0.000 -0.000
505.635 0.000 -0.000 0.000 0.000 -0.000 -0.000
505.735 0.000 -0.000 0.000 0.000 -0.000 -0.000
505.835 0.000 -0.000 0.000 0.000 -0.000 -0.000
505.935 0.000 -0.000 0.000 0.000 -0.000 -0.000
506.035 0.000 -0.000 0.000 0.000 -0.000 -0.000
506.135 0.000 -0.000 0.000 0.000 -0.000 -0.000
506.235 0.000 -0.000 0.000 0.000 -0.000 -0.000
506.335 0.000 -0.000 0.000 0.000 -0.000 -0.000
506.435 0.000 -0.000 0.000 0.000 -0.000 -0.000
506.535 0.000 -0.000 0.000 0.000 -0.000 -0.000
506.635 0.000 -0.000 0.000 0.000 -0.000 -0.000
506.735 0.000 -0.000 0.000 0.000 -0.000 -0.000
506.835 0.000 -0.000 0.000 0.000 -0.000 -0.000
506.935 0.000 -0.000 0.000 0.000 -0.000 -0.000
507.035 0.000 -0.000 0.000 0.000 -0.000 -0.000
507.135 0.000 -0.000 0.000 0.000 -0.000 -0.000
507.235 0.000 -0.000 0.000 0.000 -0.000 -0.000
507.335 0.000 -0.000 0.000 0.000 -0.000 -0.000
507.435 0.000 -0.000 0.000 0.000 -0.000 -0.000
507.535 0.000 -0.000 0.000 0.000 -0.000 -0.000
507.635 0.000 -0.000 0.000 0.000 -0.000 -0.000
507.735 0.000 -0.000 0.000 0.000 -0.000 -0.000
507.835 0.000 -0.000 0.000 0.000 -0.000 -0.000
507.935 0.000 -0.000 0.000 0.000 -0.000 -0.000
508.035 0.000 -0.000 0.000 0.000 -0.000 -0.000
508.135 0.000 -0.000 0.000 0.000 -0.000 -0.000
508.235 0.000 -0.000 0.000 0.000 -0.000 -0.000
508.335 0.000 -0.000 0.000 0.000 -0.000 -0.000
508.435 0.000 -0.000 0.000 0.000 -0.000 -0.000
508.535 0.000 -0.000 0.000 0.000 -0.000 -0.000
508.635 0.000 -0.000 0.000 0.000 -0.000 -0.000
508.735 0.000 -0.000 0.000 0.000 -0.000 -0.000
508.835 0.000 -0.000 0.000 0.000 -0.000 -0.000
508.935 0.000 -0.000 0.000 0.000 -0.000 -0.000
509.035 0.000 -0.000 0.000 0.000 -0.000 -0.000
509.135 0.000 -0.000 0.000 0.000 -0.000 -0.000
509.235 0.000 -0.000 0.000 0.000 -0.000 -0.000
509.335 0.000 -0.000 0.000 0.000 -0.000 -0.000
509.435 0.000 -0.000 0.000 0.000 -0.000 -0.000
509.535 0.000 -0.000 0.000 0.000 -0.000 -0.000
509.635 0.000 -0.000 0.000 0.000 -0.000 -0.000
509.735 0.000 -0.000 0.000 0.000 -0.000 -0.000
509.837 0.000 -0.000 0.000 0.000 -0.000 -0.000
509.935 0.000 -0.000 0.000 0.000 -0.000 -0.000
510.035 0.000 -0.000 0.000 0.000 -0.000 -0.000
510.135 0.000 -0.000 0.000 0.000 -0.000 -0.000
510.235 0.000 -0.000 0.000 0.000 -0.000 -0.000
510.335 0.000 -0.000 0.000 0.000 -0.000 -0.000
510.435 0.000 -0.000 0.000 0.000 -0.000 -0.000
510.535 0.000 -0.000 0.000 0.000 -0.000 -0.000
510.635 0.000 -0.000 0.000 0.000 -0.000 -0.000
510.736 0.000 -0.000 0.000 0.000 -0.000 -0.000
510.836 0.000 -0.000 0.000 0.000 -0.000 -0.000
510.935 0.000 -0.000 0.000 0.000 -0.000 -0.000
511.035 0.000 -0.000 0.000 0.000 -0.000 -0.000
511.136 0.000 -0.000 0.000 0.000 -0.000 -0.000
511.237 0.000 -0.000 0.000 0.000 -0.000 -0.000
511.336 0.000 -0.000 0.000 0.000 -0.000 -0.000
511.437 0.000 -0.000 0.000 0.000 -0.000 -0.000
511.535 0.000 -0.000 0.000 0.000 -0.000 -0.000
511.635 0.000 -0.000 0.000 0.000 -0.000 -0.000
511.735 0.000 -0.000 0.000 0.000 -0.000 -0.000
511.835 0.000 -0.000 0.000 0.000 -0.000 -0.000
511.936 0.000 -0.000 0.000 0.000 -0.000 -0.000
512.035 0.000 -0.000 0.000 0.000 -0.000 -0.000
512.135 0.000 -0.000 0.000 0.000 -0.000 -0.000
512.235 0.000 -0.000 0.000 0.000 -0.000 -0.000
512.335 0.000 -0.000 0.000 0.000 -0.000 -0.000
512.435 0.000 -0.000 0.000 0.000 -0.000 -0.000
512.535 0.000 -0.000 0.000 0.000 -0.000 -0.000
512.635 0.000 -0.000 0.000 0.000 -0.000 -0.000
512.735 0.000 -0.000 0.000 0.000 -0.000 -0.000
512.835 0.000 -0.000 0.000 0.000 -0.000 -0.000
512.935 0.000 -0.000 0.000 0.000 -0.000 -0.000
513.035 0.000 -0.000 0.000 0.000 -0.000 -0.000
513.136 0.000 -0.000 0.000 0.000 -0.000 -0.000
513.238 0.000 -0.000 0.000 0.000 -0.000 -0.000
513.335 0.000 -0.000 0.000 0.000 -0.000 -0.000
513.435 0.000 -0.000 0.000 0.000 -0.000 -0.000
513.535 0.000 -0.000 0.000 0.000 -0.000 -0.000
513.635 0.000 -0.000 0.000 0.000 -0.000 -0.000
513.735 0.000 -0.000 0.000 0.000 -0.000 -0.000
513.835 0.000 -0.000 0.000 0.000 -0.000 -0.000
513.935 0.000 -0.000 0.000 0.000 -0.000 -0.000
514.035 0.000 -0.000 0.000 0.000 -0.000 -0.000
514.135 0.000 -0.000 0.000 0.000 -0.000 -0.000
514.235 0.000 -0.000 0.000 0.000 -0.000 -0.000
514.334 0.000 -0.000 0.000 0.000 -0.000 -0.000
514.434 0.000 -0.000 0.000 0.000 -0.000 -0.000
514.535 0.000 -0.000 0.000 0.000 -0.000 -0.000
514.635 0.000 -0.000 0.000 0.000 -0.000 -0.000
514.735 0.000 -0.000 0.000 0.000 -0.000 -0.000
514.837 0.000 -0.000 0.000 0.000 -0.000 -0.000
514.935 0.000 -0.000 0.000 0.000 -0.000 -0.000
515.035 0.000 -0.000 0.000 0.000 -0.000 -0.000
515.135 0.000 -0.000 0.000 0.000 -0.000 -0.000
515.235 0.000 -0.000 0.000 0.000 -0.000 -0.000
515.335 0.000 -0.000 0.000 0.000 -0.000 -0.000
515.439 0.000 -0.000 0.000 0.000 -0.000 -0.000
515.535 0.000 -0.000 0.000 0.000 -0.000 -0.000
515.635 0.000 -0.000 0.000 0.000 -0.000 -0.000
515.736 0.000 -0.000 0.000 0.000 -0.000 -0.000
515.835 0.000 -0.000 0.000 0.000 -0.000 -0.000
515.935 0.000 -0.000 0.000 0.000 -0.000 -0.000
516.035 0.000 -0.000 0.000 0.000 -0.000 -0.000
516.135 0.000 -0.000 0.000 0.000 -0.000 -0.000
516.235 0.000 -0.000 0.000 0.000 -0.000 -0.000
516.336 0.000 -0.000 0.000 0.000 -0.000 -0.000
516.435 0.000 -0.000 0.000 0.000 -0.000 -0.000
516.535 0.000 -0.000 0.000 0.000 -0.000 -0.000
516.635 0.000 -0.000 0.000 0.000 -0.000 -0.000
516.735 0.000 -0.000 0.000 0.000 -0.000 -0.000
516.835 0.000 -0.000 0.000 0.000 -0.000 -0.000
516.935 0.000 -0.000 0.000 0.000 -0.000 -0.000
517.035 0.000 -0.000 0.000 0.000 -0.000 -0.000
517.135 0.000 -0.000 0.000 0.000 -0.000 -0.000
517.235 0.000 -0.000 0.000 0.000 -0.000 -0.000
517.335 0.000 -0.000 0.000 0.000 -0.000 -0.000
517.435 0.000 -0.000 0.000 0.000 -0.000 -0.000
517.535 0.000 -0.000 0.000 0.000 -0.000 -0.000
517.637 0.000 -0.000 0.000 0.000 -0.000 -0.000
517.735 0.000 -0.000 0.000 0.000 -0.000 -0.000
517.835 0.000 -0.000 0.000 0.000 -0.000 -0.000
517.935 0.000 -0.000 0.000 0.000 -0.000 -0.000
518.034 0.000 -0.000 0.000 0.000 -0.000 -0.000
518.135 0.000 -0.000 0.000 0.000 -0.000 -0.000
518.235 0.000 -0.000 0.000 0.000 -0.000 -0.000
518.335 0.000 -0.000 0.000 0.000 -0.000 -0.000
518.436 0.000 -0.000 0.000 0.000 -0.000 -0.000
518.535 0.000 -0.000 0.000 0.000 -0.000 -0.000
518.635 0.000 -0.000 0.000 0.000 -0.000 -0.000
518.735 0.000 -0.000 0.000 0.000 -0.000 -0.000
518.835 0.000 -0.000 0.000 0.000 -0.000 -0.000
518.935 0.000 -0.000 0.000 0.000 -0.000 -0.000
519.035 0.000 -0.000 0.000 0.000 -0.000 -0.000
519.135 0.000 -0.000 0.000 0.000 -0.000 -0.000
519.235 0.000 -0.000 0.000 0.000 -0.000 -0.000
519.335 0.000 -0.000 0.000 0.000 -0.000 -0.000
519.449 0.000 -0.000 0.000 0.000 -0.000 -0.000
519.535 0.000 -0.000 0.000 0.000 -0.000 -0.000
519.635 0.000 -0.000 0.000 0.000 -0.000 -0.000
519.735 0.000 -0.000 0.000 0.000 -0.000 -0.000
519.835 0.000 -0.000 0.000 0.000 -0.000 -0.000
519.936 0.000 -0.000 0.000 0.000 -0.000 -0.000
520.035 0.000 -0.000 0.000 0.000 -0.000 -0.000
520.135 0.000 -0.000 0.000 0.000 -0.000 -0.000
520.235 0.000 -0.000 0.000 0.000 -0.000 -0.000
520.335 0.000 -0.000 0.000 0.000 -0.000 -0.000
520.435 0.000 -0.000 0.000 0.000 -0.000 -0.000
520.535 0.000 -0.000 0.000 0.000 -0.000 -0.000
520.635 0.000 -0.000 0.000 0.000 -0.000 -0.000
520.735 0.000 -0.000 0.000 0.000 -0.000 -0.000
520.835 0.000 -0.000 0.000 0.000 -0.000 -0.000
520.935 0.000 -0.000 0.000 0.000 -0.000 -0.000
521.036 0.000 -0.000 0.000 0.000 -0.000 -0.000
521.135 0.000 -0.000 0.000 0.000 -0.000 -0.000
521.235 0.000 -0.000 0.000 0.000 -0.000 -0.000
521.335 0.000 -0.000 0.000 0.000 -0.000 -0.000
521.435 0.000 -0.000 0.000 0.000 -0.000 -0.000
521.537 0.000 -0.000 0.000 0.000 -0.000 -0.000
521.635 0.000 -0.000 0.000 0.000 -0.000 -0.000
521.735 0.000 -0.000 0.000 0.000 -0.000 -0.000
521.835 0.000 -0.000 0.000 0.000 -0.000 -0.000
521.935 0.000 -0.000 0.000 0.000 -0.000 -0.000
522.035 0.000 -0.000 0.000 0.000 -0.000 -0.000
522.135 0.000 -0.000 0.000 0.000 -0.000 -0.000
522.235 0.000 -0.000 0.000 0.000 -0.000 -0.000
522.335 0.000 -0.000 0.000 0.000 -0.000 -0.000
522.435 0.000 -0.000 0.000 0.000 -0.000 -0.000
522.535 0.000 -0.000 0.000 0.000 -0.000 -0.000
522.637 0.000 -0.000 0.000 0.000 -0.000 -0.000
522.739 0.000 -0.000 0.000 0.000 -0.000 -0.000
522.836 0.000 -0.000 0.000 0.000 -0.000 -0.000
522.937 0.000 -0.000 0.000 0.000 -0.000 -0.000
523.035 0.000 -0.000 0.000 0.000 -0.000 -0.000
523.135 0.000 -0.000 0.000 0.000 -0.000 -0.000
523.235 0.000 -0.000 0.000 0.000 -0.000 -0.000
523.335 0.000 -0.000 0.000 0.000 -0.000 -0.000
523.434 0.000 -0.000 0.000 0.000 -0.000 -0.000
523.535 0.000 -0.000 0.000 0.000 -0.000 -0.000
523.635 0.000 -0.000 0.000 0.000 -0.000 -0.000
523.735 0.000 -0.000 0.000 0.000 -0.000 -0.000
523.835 0.000 -0.000 0.000 0.000 -0.000 -0.000
523.934 0.000 -0.000 0.000 0.000 -0.000 -0.000
524.035 0.000 -0.000 0.000 0.000 -0.000 -0.000
524.135 0.000 -0.000 0.000 0.000 -0.000 -0.000
524.235 0.000 -0.000 0.000 0.000 -0.000 -0.000
524.335 0.000 -0.000 0.000 0.000 -0.000 -0.000
524.435 0.000 -0.000 0.000 0.000 -0.000 -0.000
524.535 0.000 -0.000 0.000 0.000 -0.000 -0.000
524.635 0.000 -0.000 0.000 0.000 -0.000 -0.000
524.735 0.000 -0.000 0.000 0.000 -0.000 -0.000
524.836 0.000 -0.000 0.000 0.000 -0.000 -0.000
524.935 0.000 -0.000 0.000 0.000 -0.000 -0.000
525.036 0.000 -0.000 0.000 0.000 -0.000 -0.000
525.135 0.000 -0.000 0.000 0.000 -0.000 -0.000
525.235 0.000 -0.000 0.000 0.000 -0.000 -0.000
525.335 0.000 -0.000 0.000 0.000 -0.000 -0.000
525.435 0.000 -0.000 0.000 0.000 -0.000 -0.000
525.535 0.000 -0.000 0.000 0.000 -0.000 -0.000
525.634 0.000 -0.000 0.000 0.000 -0.000 -0.000
525.735 0.000 -0.000 0.000 0.000 -0.000 -0.000
525.835 0.000 -0.000 0.000 0.000 -0.000 -0.000
525.935 0.000 -0.000 0.000 0.000 -0.000 -0.000
526.035 0.000 -0.000 0.000 0.000 -0.000 -0.000
526.136 0.000 -0.000 0.000 0.000 -0.000 -0.000
526.235 0.000 -0.000 0.000 0.000 -0.000 -0.000
526.334 0.000 -0.000 0.000 0.000 -0.000 -0.000
526.434 0.000 -0.000 0.000 0.000 -0.000 -0.000
526.535 0.000 -0.000 0.000 0.000 -0.000 -0.000
526.635 0.000 -0.000 0.000 0.000 -0.000 -0.000
526.735 0.000 -0.000 0.000 0.000 -0.000 -0.000
526.837 0.000 -0.000 0.000 0.000 -0.000 -0.000
526.935 0.000 -0.000 0.000 0.000 -0.000 -0.000
527.035 0.000 -0.000 0.000 0.000 -0.000 -0.000
527.135 0.000 -0.000 0.000 0.000 -0.000 -0.000
527.235 0.000 -0.000 0.000 0.000 -0.000 -0.000
527.335 0.000 -0.000 0.000 0.000 -0.000 -0.000
527.435 0.000 -0.000 0.000 0.000 -0.000 -0.000
527.535 0.000 -0.000 0.000 0.000 -0.000 -0.000
527.635 0.000 -0.000 0.000 0.000 -0.000 -0.000
527.735 0.000 -0.000 0.000 0.000 -0.000 -0.000
527.836 0.000 -0.000 0.000 0.000 -0.000 -0.000
527.935 0.000 -0.000 0.000 0.000 -0.000 -0.000
528.035 0.000 -0.000 0.000 0.000 -0.000 -0.000
528.135 0.000 -0.000 0.000 0.000 -0.000 -0.000
528.235 0.000 -0.000 0.000 0.000 -0.000 -0.000
528.335 0.000 -0.000 0.000 0.000 -0.000 -0.000
528.436 0.000 -0.000 0.000 0.000 -0.000 -0.000
528.535 0.000 -0.000 0.000 0.000 -0.000 -0.000
528.635 0.000 -0.000 0.000 0.000 -0.000 -0.000
528.735 0.000 -0.000 0.000 0.000 -0.000 -0.000
528.835 0.000 -0.000 0.000 0.000 -0.000 -0.000
528.935 0.000 -0.000 0.000 0.000 -0.000 -0.000
529.035 0.000 -0.000 0.000 0.000 -0.000 -0.000
529.135 0.000 -0.000 0.000 0.000 -0.000 -0.000
529.235 0.000 -0.000 0.000 0.000 -0.000 -0.000
529.335 0.000 -0.000 0.000 0.000 -0.000 -0.000
529.435 0.000 -0.000 0.000 0.000 -0.000 -0.000
529.535 0.000 -0.000 0.000 0.000 -0.000 -0.000
529.635 0.000 -0.000 0.000 0.000 -0.000 -0.000
529.735 0.000 -0.000 0.000 0.000 -0.000 -0.000
529.835 0.000 -0.000 0.000 0.000 -0.000 -0.000
529.935 0.000 -0.000 0.000 0.000 -0.000 -0.000
530.035 0.000 -0.000 0.000 0.000 -0.000 -0.000
530.135 0.000 -0.000 0.000 0.000 -0.000 -0.000
530.235 0.000 -0.000 0.000 0.000 -0.000 -0.000
530.335 0.000 -0.000 0.000 0.000 -0.000 -0.000
530.435 0.000 -0.000 0.000 0.000 -0.000 -0.000
530.535 0.000 -0.000 0.000 0.000 -0.000 -0.000
530.635 0.000 -0.000 0.000 0.000 -0.000 -0.000
530.735 0.000 -0.000 0.000 0.000 -0.000 -0.000
530.837 0.000 -0.000 0.000 0.000 -0.000 -0.000
530.935 0.000 -0.000 0.000 0.000 -0.000 -0.000
531.035 0.000 -0.000 0.000 0.000 -0.000 -0.000
531.135 0.000 -0.000 0.000 0.000 -0.000 -0.000
531.236 0.000 -0.000 0.000 0.000 -0.000 -0.000
531.335 0.000 -0.000 0.000 0.000 -0.000 -0.000
531.435 0.000 -0.000 0.000 0.000 -0.000 -0.000
531.536 0.000 -0.000 0.000 0.000 -0.000 -0.000
531.634 0.000 -0.000 0.000 0.000 -0.000 -0.000
531.735 0.000 -0.000 0.000 0.000 -0.000 -0.000
531.835 0.000 -0.000 0.000 0.000 -0.000 -0.000
531.935 0.000 -0.000 0.000 0.000 -0.000 -0.000
532.034 0.000 -0.000 0.000 0.000 -0.000 -0.000
532.136 0.000 -0.000 0.000 0.000 -0.000 -0.000
532.234 0.000 -0.000 0.000 0.000 -0.000 -0.000
532.335 0.000 -0.000 0.000 0.000 -0.000 -0.000
532.435 0.000 -0.000 0.000 0.000 -0.000 -0.000
532.535 0.000 -0.000 0.000 0.000 -0.000 -0.000
532.635 0.000 -0.000 0.000 0.000 -0.000 -0.000
532.735 0.000 -0.000 0.000 0.000 -0.000 -0.000
532.835 0.000 -0.000 0.000 0.000 -0.000 -0.000
532.935 0.000 -0.000 0.000 0.000 -0.000 -0.000
533.035 0.000 -0.000 0.000 0.000 -0.000 -0.000
533.135 0.000 -0.000 0.000 0.000 -0.000 -0.000
533.235 0.000 -0.000 0.000 0.000 -0.000 -0.000
533.337 0.000 -0.000 0.000 0.000 -0.000 -0.000
533.435 0.000 -0.000 0.000 0.000 -0.000 -0.000
533.535 0.000 -0.000 0.000 0.000 -0.000 -0.000
533.636 0.000 -0.000 0.000 0.000 -0.000 -0.000
533.735 0.000 -0.000 0.000 0.000 -0.000 -0.000
533.835 0.000 -0.000 0.000 0.000 -0.000 -0.000
533.935 0.000 -0.000 0.000 0.000 -0.000 -0.000
534.035 0.000 -0.000 0.000 0.000 -0.000 -0.000
534.135 0.000 -0.000 0.000 0.000 -0.000 -0.000
534.236 0.000 -0.000 0.000 0.000 -0.000 -0.000
534.335 0.000 -0.000 0.000 0.000 -0.000 -0.000
534.435 0.000 -0.000 0.000 0.000 -0.000 -0.000
534.535 0.000 -0.000 0.000 0.000 -0.000 -0.000
534.635 0.000 -0.000 0.000 0.000 -0.000 -0.000
534.735 0.000 -0.000 0.000 0.000 -0.000 -0.000
534.835 0.000 -0.000 0.000 0.000 -0.000 -0.000
534.935 0.000 -0.000 0.000 0.000 -0.000 -0.000
535.035 0.000 -0.000 0.000 0.000 -0.000 -0.000
535.135 0.000 -0.000 0.000 0.000 -0.000 -0.000
535.235 0.000 -0.000 0.000 0.000 -0.000 -0.000
535.335 0.000 -0.000 0.000 0.000 -0.000 -0.000
535.435 0.000 -0.000 0.000 0.000 -0.000 -0.000
535.535 0.000 -0.000 0.000 0.000 -0.000 -0.000
535.640 0.000 -0.000 0.000 0.000 -0.000 -0.000
535.735 0.000 -0.000 0.000 0.000 -0.000 -0.000
535.835 0.000 -0.000 0.000 0.000 -0.000 -0.000
535.935 0.000 -0.000 0.000 0.000 -0.000 -0.000
536.035 0.000 -0.000 0.000 0.000 -0.000 -0.000
536.135 0.000 -0.000 0.000 0.000 -0.000 -0.000
536.235 0.000 -0.000 0.000 0.000 -0.000 -0.000
536.335 0.000 -0.000 0.000 0.000 -0.000 -0.000
536.435 0.000 -0.000 0.000 0.000 -0.000 -0.000
536.535 0.000 -0.000 0.000 0.000 -0.000 -0.000
536.635 0.000 -0.000 0.000 0.000 -0.000 -0.000
536.735 0.000 -0.000 0.000 0.000 -0.000 -0.000
536.835 0.000 -0.000 0.000 0.000 -0.000 -0.000
536.935 0.000 -0.000 0.000 0.000 -0.000 -0.000
537.035 0.000 -0.000 0.000 0.000 -0.000 -0.000
537.135 0.000 -0.000 0.000 0.000 -0.000 -0.000
537.235 0.000 -0.000 0.000 0.000 -0.000 -0.000
537.335 0.000 -0.000 0.000 0.000 -0.000 -0.000
537.435 0.000 -0.000 0.000 0.000 -0.000 -0.000
537.535 0.000 -0.000 0.000 0.000 -0.000 -0.000
537.635 0.000 -0.000 0.000 0.000 -0.000 -0.000
537.735 0.000 -0.000 0.000 0.000 -0.000 -0.000
537.835 0.000 -0.000 0.000 0.000 -0.000 -0.000
537.936 0.000 -0.000 0.000 0.000 -0.000 -0.000
538.035 0.000 -0.000 0.000 0.000 -0.000 -0.000
538.135 0.000 -0.000 0.000 0.000 -0.000 -0.000
538.240 0.000 -0.000 0.000 0.000 -0.000 -0.000
538.334 0.000 -0.000 0.000 0.000 -0.000 -0.000
538.435 0.000 -0.000 0.000 0.000 -0.000 -0.000
538.534 0.000 -0.000 0.000 0.000 -0.000 -0.000
538.634 0.000 -0.000 0.000 0.000 -0.000 -0.000
538.737 0.000 -0.000 0.000 0.000 -0.000 -0.000
538.839 0.000 -0.000 0.000 0.000 -0.000 -0.000
538.935 0.000 -0.000 0.000 0.000 -0.000 -0.000
539.034 0.000 -0.000 0.000 0.000 -0.000 -0.000
539.134 0.000 -0.000 0.000 0.000 -0.000 -0.000
539.239 0.000 -0.000 0.000 0.000 -0.000 -0.000
539.335 0.000 -0.000 0.000 0.000 -0.000 -0.000
539.435 0.000 -0.000 0.000 0.000 -0.000 -0.000
539.535 0.000 -0.000 0.000 0.000 -0.000 -0.000
539.635 0.000 -0.000 0.000 0.000 -0.000 -0.000
539.735 0.000 -0.000 0.000 0.000 -0.000 -0.000
539.835 0.000 -0.000 0.000 0.000 -0.000 -0.000
539.937 0.000 -0.000 0.000 0.000 -0.000 -0.000
540.035 0.000 -0.000 0.000 0.000 -0.000 -0.000
540.135 0.000 -0.000 0.000 0.000 -0.000 -0.000
540.235 0.000 -0.000 0.000 0.000 -0.000 -0.000
540.336 0.000 -0.000 0.000 0.000 -0.000 -0.000
540.434 0.000 -0.000 0.000 0.000 -0.000 -0.000
540.534 0.000 -0.000 0.000 0.000 -0.000 -0.000
540.635 0.000 -0.000 0.000 0.000 -0.000 -0.000
540.735 0.000 -0.000 0.000 0.000 -0.000 -0.000
540.835 0.000 -0.000 0.000 0.000 -0.000 -0.000
540.935 0.000 -0.000 0.000 0.000 -0.000 -0.000
541.037 0.000 -0.000 0.000 0.000 -0.000 -0.000
541.136 0.000 -0.000 0.000 0.000 -0.000 -0.000
541.235 0.000 -0.000 0.000 0.000 -0.000 -0.000
541.335 0.000 -0.000 0.000 0.000 -0.000 -0.000
541.435 0.000 -0.000 0.000 0.000 -0.000 -0.000
541.535 0.000 -0.000 0.000 0.000 -0.000 -0.000
541.634 0.000 -0.000 0.000 0.000 -0.000 -0.000
541.735 0.000 -0.000 0.000 0.000 -0.000 -0.000
541.835 0.000 -0.000 0.000 0.000 -0.000 -0.000
541.935 0.000 -0.000 0.000 0.000 -0.000 -0.000
542.034 0.000 -0.000 0.000 0.000 -0.000 -0.000
542.134 0.000 -0.000 0.000 0.000 -0.000 -0.000
542.235 0.000 -0.000 0.000 0.000 -0.000 -0.000
542.335 0.000 -0.000 0.000 0.000 -0.000 -0.000
542.435 0.000 -0.000 0.000 0.000 -0.000 -0.000
542.535 0.000 -0.000 0.000 0.000 -0.000 -0.000
542.634 0.000 -0.000 0.000 0.000 -0.000 -0.000
542.735 0.000 -0.000 0.000 0.000 -0.000 -0.000
542.837 0.000 -0.000 0.000 0.000 -0.000 -0.000
542.935 0.000 -0.000 0.000 0.000 -0.000 -0.000
543.035 0.000 -0.000 0.000 0.000 -0.000 -0.000
543.135 0.000 -0.000 0.000 0.000 -0.000 -0.000
543.234 0.000 -0.000 0.000 0.000 -0.000 -0.000
543.335 0.000 -0.000 0.000 0.000 -0.000 -0.000
543.435 0.000 -0.000 0.000 0.000 -0.000 -0.000
543.535 0.000 -0.000 0.000 0.000 -0.000 -0.000
543.635 0.000 -0.000 0.000 0.000 -0.000 -0.000
543.735 0.000 -0.000 0.000 0.000 -0.000 -0.000
543.835 0.000 -0.000 0.000 0.000 -0.000 -0.000
543.935 0.000 -0.000 0.000 0.000 -0.000 -0.000
544.034 0.000 -0.000 0.000 0.000 -0.000 -0.000
544.134 0.000 -0.000 0.000 0.000 -0.000 -0.000
544.235 0.000 -0.000 0.000 0.000 -0.000 -0.000
544.335 0.000 -0.000 0.000 0.000 -0.000 -0.000
544.436 0.000 -0.000 0.000 0.000 -0.000 -0.000
544.535 0.000 -0.000 0.000 0.000 -0.000 -0.000
544.635 0.000 -0.000 0.000 0.000 -0.000 -0.000
544.735 0.000 -0.000 0.000 0.000 -0.000 -0.000
544.834 0.000 -0.000 0.000 0.000 -0.000 -0.000
544.935 0.000 -0.000 0.000 0.000 -0.000 -0.000
545.035 0.000 -0.000 0.000 0.000 -0.000 -0.000
545.135 0.000 -0.000 0.000 0.000 -0.000 -0.000
545.235 0.000 -0.000 0.000 0.000 -0.000 -0.000
545.335 0.000 -0.000 0.000 0.000 -0.000 -0.000
545.435 0.000 -0.000 0.000 0.000 -0.000 -0.000
545.534 0.000 -0.000 0.000 0.000 -0.000 -0.000
545.634 0.000 -0.000 0.000 0.000 -0.000 -0.000
545.735 0.000 -0.000 0.000 0.000 -0.000 -0.000
545.835 0.000 -0.000 0.000 0.000 -0.000 -0.000
545.955 0.000 -0.000 0.000 0.000 -0.000 -0.000
546.035 0.000 -0.000 0.000 0.000 -0.000 -0.000
546.135 0.000 -0.000 0.000 0.000 -0.000 -0.000
546.235 0.000 -0.000 0.000 0.000 -0.000 -0.000
546.334 0.000 -0.000 0.000 0.000 -0.000 -0.000
546.442 0.000 -0.000 0.000 0.000 -0.000 -0.000
546.536 0.000 -0.000 0.000 0.000 -0.000 -0.000
546.634 0.000 -0.000 0.000 0.000 -0.000 -0.000
546.735 0.000 -0.000 0.000 0.000 -0.000 -0.000
546.835 0.000 -0.000 0.000 0.000 -0.000 -0.000
546.935 0.000 -0.000 0.000 0.000 -0.000 -0.000
547.035 0.000 -0.000 0.000 0.000 -0.000 -0.000
547.134 0.000 -0.000 0.000 0.000 -0.000 -0.000
547.234 0.000 -0.000 0.000 0.000 -0.000 -0.000
547.337 0.000 -0.000 0.000 0.000 -0.000 -0.000
547.434 0.000 -0.000 0.000 0.000 -0.000 -0.000
547.535 0.000 -0.000 0.000 0.000 -0.000 -0.000
547.634 0.000 -0.000 0.000 0.000 -0.000 -0.000
547.735 0.000 -0.000 0.000 0.000 -0.000 -0.000
547.835 0.000 -0.000 0.000 0.000 -0.000 -0.000
547.935 0.000 -0.000 0.000 0.000 -0.000 -0.000
548.037 0.000 -0.000 0.000 0.000 -0.000 -0.000
548.135 0.000 -0.000 0.000 0.000 -0.000 -0.000
548.235 0.000 -0.000 0.000 0.000 -0.000 -0.000
548.335 0.000 -0.000 0.000 0.000 -0.000 -0.000
548.435 0.000 -0.000 0.000 0.000 -0.000 -0.000
548.535 0.000 -0.000 0.000 0.000 -0.000 -0.000
548.634 0.000 -0.000 0.000 0.000 -0.000 -0.000
548.735 0.000 -0.000 0.000 0.000 -0.000 -0.000
548.835 0.000 -0.000 0.000 0.000 -0.000 -0.000
548.935 0.000 -0.000 0.000 0.000 -0.000 -0.000
549.035 0.000 -0.000 0.000 0.000 -0.000 -0.000
549.135 0.000 -0.000 0.000 0.000 -0.000 -0.000
549.235 0.000 -0.000 0.000 0.000 -0.000 -0.000
549.335 0.000 -0.000 0.000 0.000 -0.000 -0.000
549.435 0.000 -0.000 0.000 0.000 -0.000 -0.000
549.535 0.000 -0.000 0.000 0.000 -0.000 -0.000
549.635 0.000 -0.000 0.000 0.000 -0.000 -0.000
549.735 0.000 -0.000 0.000 0.000 -0.000 -0.000
549.835 0.000 -0.000 0.000 0.000 -0.000 -0.000
549.935 0.000 -0.000 0.000 0.000 -0.000 -0.000
550.035 0.000 -0.000 0.000 0.000 -0.000 -0.000
550.135 0.000 -0.000 0.000 0.000 -0.000 -0.000
550.235 0.000 -0.000 0.000 0.000 -0.000 -0.000
550.335 0.000 -0.000 0.000 0.000 -0.000 -0.000
550.435 0.000 -0.000 0.000 0.000 -0.000 -0.000
550.536 0.000 -0.000 0.000 0.000 -0.000 -0.000
550.635 0.000 -0.000 0.000 0.000 -0.000 -0.000
550.735 0.000 -0.000 0.000 0.000 -0.000 -0.000
550.841 0.000 -0.000 0.000 0.000 -0.000 -0.000
550.935 0.000 -0.000 0.000 0.000 -0.000 -0.000
551.035 0.000 -0.000 0.000 0.000 -0.000 -0.000
551.135 0.000 -0.000 0.000 0.000 -0.000 -0.000
551.235 0.000 -0.000 0.000 0.000 -0.000 -0.000
551.335 0.000 -0.000 0.000 0.000 -0.000 -0.000
551.435 0.000 -0.000 0.000 0.000 -0.000 -0.000
551.535 0.000 -0.000 0.000 0.000 -0.000 -0.000
551.635 0.000 -0.000 0.000 0.000 -0.000 -0.000
551.735 0.000 -0.000 0.000 0.000 -0.000 -0.000
551.834 0.000 -0.000 0.000 0.000 -0.000 -0.000
551.935 0.000 -0.000 0.000 0.000 -0.000 -0.000
552.034 0.000 -0.000 0.000 0.000 -0.000 -0.000
552.134 0.000 -0.000 0.000 0.000 -0.000 -0.000
552.235 0.000 -0.000 0.000 0.000 -0.000 -0.000
552.335 0.000 -0.000 0.000 0.000 -0.000 -0.000
552.435 0.000 -0.000 0.000 0.000 -0.000 -0.000
552.535 0.000 -0.000 0.000 0.000 -0.000 -0.000
552.635 0.000 -0.000 0.000 0.000 -0.000 -0.000
552.735 0.000 -0.000 0.000 0.000 -0.000 -0.000
552.834 0.000 -0.000 0.000 0.000 -0.000 -0.000
552.934 0.000 -0.000 0.000 0.000 -0.000 -0.000
553.049 0.000 -0.000 0.000 0.000 -0.000 -0.000
553.135 0.000 -0.000 0.000 0.000 -0.000 -0.000
553.235 0.000 -0.000 0.000 0.000 -0.000 -0.000
553.334 0.000 -0.000 0.000 0.000 -0.000 -0.000
553.435 0.000 -0.000 0.000 0.000 -0.000 -0.000
553.535 0.000 -0.000 0.000 0.000 -0.000 -0.000
553.635 0.000 -0.000 0.000 0.000 -0.000 -0.000
553.735 0.000 -0.000 0.000 0.000 -0.000 -0.000
553.835 0.000 -0.000 0.000 0.000 -0.000 -0.000
553.935 0.000 -0.000 0.000 0.000 -0.000 -0.000
554.035 0.000 -0.000 0.000 0.000 -0.000 -0.000
554.135 0.000 -0.000 0.000 0.000 -0.000 -0.000
554.236 0.000 -0.000 0.000 0.000 -0.000 -0.000
554.335 0.000 -0.000 0.000 0.000 -0.000 -0.000
554.443 0.000 -0.000 0.000 0.000 -0.000 -0.000
554.535 0.000 -0.000 0.000 0.000 -0.000 -0.000
554.635 0.000 -0.000 0.000 0.000 -0.000 -0.000
554.735 0.000 -0.000 0.000 0.000 -0.000 -0.000
554.835 0.000 -0.000 0.000 0.000 -0.000 -0.000
554.935 0.000 -0.000 0.000 0.000 -0.000 -0.000
555.035 0.000 -0.000 0.000 0.000 -0.000 -0.000
555.135 0.000 -0.000 0.000 0.000 -0.000 -0.000
555.235 0.000 -0.000 0.000 0.000 -0.000 -0.000
555.335 0.000 -0.000 0.000 0.000 -0.000 -0.000
555.435 0.000 -0.000 0.000 0.000 -0.000 -0.000
555.535 0.000 -0.000 0.000 0.000 -0.000 -0.000
555.636 0.000 -0.000 0.000 0.000 -0.000 -0.000
555.735 0.000 -0.000 0.000 0.000 -0.000 -0.000
555.834 0.000 -0.000 0.000 0.000 -0.000 -0.000
555.935 0.000 -0.000 0.000 0.000 -0.000 -0.000
556.035 0.000 -0.000 0.000 0.000 -0.000 -0.000
556.135 0.000 -0.000 0.000 0.000 -0.000 -0.000
556.235 0.000 -0.000 0.000 0.000 -0.000 -0.000
556.335 0.000 -0.000 0.000 0.000 -0.000 -0.000
556.435 0.000 -0.000 0.000 0.000 -0.000 -0.000
556.535 0.000 -0.000 0.000 0.000 -0.000 -0.000
556.635 0.000 -0.000 0.000 0.000 -0.000 -0.000
556.735 0.000 -0.000 0.000 0.000 -0.000 -0.000
556.835 0.000 -0.000 0.000 0.000 -0.000 -0.000
556.935 0.000 -0.000 0.000 0.000 -0.000 -0.000
557.038 0.000 -0.000 0.000 0.000 -0.000 -0.000
557.135 0.000 -0.000 0.000 0.000 -0.000 -0.000
557.234 0.000 -0.000 0.000 0.000 -0.000 -0.000
557.335 0.000 -0.000 0.000 0.000 -0.000 -0.000
557.435 0.000 -0.000 0.000 0.000 -0.000 -0.000
557.535 0.000 -0.000 0.000 0.000 -0.000 -0.000
557.635 0.000 -0.000 0.000 0.000 -0.000 -0.000
557.735 0.000 -0.000 0.000 0.000 -0.000 -0.000
557.840 0.000 -0.000 0.000 0.000 -0.000 -0.000
557.935 0.000 -0.000 0.000 0.000 -0.000 -0.000
558.035 0.000 -0.000 0.000 0.000 -0.000 -0.000
558.138 0.000 -0.000 0.000 0.000 -0.000 -0.000
558.234 0.000 -0.000 0.000 0.000 -0.000 -0.000
558.334 0.000 -0.000 0.000 0.000 -0.000 -0.000
558.436 0.000 -0.000 0.000 0.000 -0.000 -0.000
558.535 0.000 -0.000 0.000 0.000 -0.000 -0.000
558.634 0.000 -0.000 0.000 0.000 -0.000 -0.000
558.735 0.000 -0.000 0.000 0.000 -0.000 -0.000
558.835 0.000 -0.000 0.000 0.000 -0.000 -0.000
558.935 0.000 -0.000 0.000 0.000 -0.000 -0.000
559.034 0.000 -0.000 0.000 0.000 -0.000 -0.000
559.135 0.000 -0.000 0.000 0.000 -0.000 -0.000
559.235 0.000 -0.000 0.000 0.000 -0.000 -0.000
559.334 0.000 -0.000 0.000 0.000 -0.000 -0.000
559.435 0.000 -0.000 0.000 0.000 -0.000 -0.000
559.535 0.000 -0.000 0.000 0.000 -0.000 -0.000
559.635 0.000 -0.000 0.000 0.000 -0.000 -0.000
559.736 0.000 -0.000 0.000 0.000 -0.000 -0.000
559.835 0.000 -0.000 0.000 0.000 -0.000 -0.000
559.935 0.000 -0.000 0.000 0.000 -0.000 -0.000
560.035 0.000 -0.000 0.000 0.000 -0.000 -0.000
560.135 0.000 -0.000 0.000 0.000 -0.000 -0.000
560.235 0.000 -0.000 0.000 0.000 -0.000 -0.000
560.336 0.000 -0.000 0.000 0.000 -0.000 -0.000
560.435 0.000 -0.000 0.000 0.000 -0.000 -0.000
560.535 0.000 -0.000 0.000 0.000 -0.000 -0.000
560.635 0.000 -0.000 0.000 0.000 -0.000 -0.000
560.735 0.000 -0.000 0.000 0.000 -0.000 -0.000
560.835 0.000 -0.000 0.000 0.000 -0.000 -0.000
560.935 0.000 -0.000 0.000 0.000 -0.000 -0.000
561.036 0.000 -0.000 0.000 0.000 -0.000 -0.000
561.135 0.000 -0.000 0.000 0.000 -0.000 -0.000
561.235 0.000 -0.000 0.000 0.000 -0.000 -0.000
561.335 0.000 -0.000 0.000 0.000 -0.000 -0.000
561.436 0.000 -0.000 0.000 0.000 -0.000 -0.000
561.535 0.000 -0.000 0.000 0.000 -0.000 -0.000
561.635 0.000 -0.000 0.000 0.000 -0.000 -0.000
561.735 0.000 -0.000 0.000 0.000 -0.000 -0.000
561.835 0.000 -0.000 0.000 0.000 -0.000 -0.000
561.935 0.000 -0.000 0.000 0.000 -0.000 -0.000
562.035 0.000 -0.000 0.000 0.000 -0.000 -0.000
562.135 0.000 -0.000 0.000 0.000 -0.000 -0.000
562.236 0.000 -0.000 0.000 0.000 -0.000 -0.000
562.335 0.000 -0.000 0.000 0.000 -0.000 -0.000
562.434 0.000 -0.000 0.000 0.000 -0.000 -0.000
562.535 0.000 -0.000 0.000 0.000 -0.000 -0.000
562.635 0.000 -0.000 0.000 0.000 -0.000 -0.000
562.735 0.000 -0.000 0.000 0.000 -0.000 -0.000
562.835 0.000 -0.000 0.000 0.000 -0.000 -0.000
562.935 0.000 -0.000 0.000 0.000 -0.000 -0.000
563.035 0.000 -0.000 0.000 0.000 -0.000 -0.000
563.135 0.000 -0.000 0.000 0.000 -0.000 -0.000
563.235 0.000 -0.000 0.000 0.000 -0.000 -0.000
563.335 0.000 -0.000 0.000 0.000 -0.000 -0.000
563.435 0.000 -0.000 0.000 0.000 -0.000 -0.000
563.535 0.000 -0.000 0.000 0.000 -0.000 -0.000
563.635 0.000 -0.000 0.000 0.000 -0.000 -0.000
563.735 0.000 -0.000 0.000 0.000 -0.000 -0.000
563.835 0.000 -0.000 0.000 0.000 -0.000 -0.000
563.935 0.000 -0.000 0.000 0.000 -0.000 -0.000
564.035 0.000 -0.000 0.000 0.000 -0.000 -0.000
564.135 0.000 -0.000 0.000 0.000 -0.000 -0.000
564.235 0.000 -0.000 0.000 0.000 -0.000 -0.000
564.335 0.000 -0.000 0.000 0.000 -0.000 -0.000
564.435 0.000 -0.000 0.000 0.000 -0.000 -0.000
564.535 0.000 -0.000 0.000 0.000 -0.000 -0.000
564.635 0.000 -0.000 0.000 0.000 -0.000 -0.000
564.735 0.000 -0.000 0.000 0.000 -0.000 -0.000
564.835 0.000 -0.000 0.000 0.000 -0.000 -0.000
564.935 0.000 -0.000 0.000 0.000 -0.000 -0.000
565.035 0.000 -0.000 0.000 0.000 -0.000 -0.000
565.135 0.000 -0.000 0.000 0.000 -0.000 -0.000
565.235 0.000 -0.000 0.000 0.000 -0.000 -0.000
565.335 0.000 -0.000 0.000 0.000 -0.000 -0.000
565.434 0.000 -0.000 0.000 0.000 -0.000 -0.000
565.535 0.000 -0.000 0.000 0.000 -0.000 -0.000
565.635 0.000 -0.000 0.000 0.000 -0.000 -0.000
565.735 0.000 -0.000 0.000 0.000 -0.000 -0.000
565.835 0.000 -0.000 0.000 0.000 -0.000 -0.000
565.935 0.000 -0.000 0.000 0.000 -0.000 -0.000
566.035 0.000 -0.000 0.000 0.000 -0.000 -0.000
566.137 0.000 -0.000 0.000 0.000 -0.000 -0.000
566.235 0.000 -0.000 0.000 0.000 -0.000 -0.000
566.334 0.000 -0.000 0.000 0.000 -0.000 -0.000
566.435 0.000 -0.000 0.000 0.000 -0.000 -0.000
566.535 0.000 -0.000 0.000 0.000 -0.000 -0.000
566.635 0.000 -0.000 0.000 0.000 -0.000 -0.000
566.735 0.000 -0.000 0.000 0.000 -0.000 -0.000
566.837 0.000 -0.000 0.000 0.000 -0.000 -0.000
566.936 0.000 -0.000 0.000 0.000 -0.000 -0.000
567.035 0.000 -0.000 0.000 0.000 -0.000 -0.000
567.135 0.000 -0.000 0.000 0.000 -0.000 -0.000
567.234 0.000 -0.000 0.000 0.000 -0.000 -0.000
567.334 0.000 -0.000 0.000 0.000 -0.000 -0.000
567.435 0.000 -0.000 0.000 0.000 -0.000 -0.000
567.535 0.000 -0.000 0.000 0.000 -0.000 -0.000
567.638 0.000 -0.000 0.000 0.000 -0.000 -0.000
567.734 0.000 -0.000 0.000 0.000 -0.000 -0.000
567.834 0.000 -0.000 0.000 0.000 -0.000 -0.000
567.934 0.000 -0.000 0.000 0.000 -0.000 -0.000
568.035 0.000 -0.000 0.000 0.000 -0.000 -0.000
568.135 0.000 -0.000 0.000 0.000 -0.000 -0.000
568.235 0.000 -0.000 0.000 0.000 -0.000 -0.000
568.335 0.000 -0.000 0.000 0.000 -0.000 -0.000
568.435 0.000 -0.000 0.000 0.000 -0.000 -0.000
568.535 0.000 -0.000 0.000 0.000 -0.000 -0.000
568.635 0.000 -0.000 0.000 0.000 -0.000 -0.000
568.735 0.000 -0.000 0.000 0.000 -0.000 -0.000
568.835 0.000 -0.000 0.000 0.000 -0.000 -0.000
568.935 0.000 -0.000 0.000 0.000 -0.000 -0.000
569.034 0.000 -0.000 0.000 0.000 -0.000 -0.000
569.135 0.000 -0.000 0.000 0.000 -0.000 -0.000
569.235 0.000 -0.000 0.000 0.000 -0.000 -0.000
569.335 0.000 -0.000 0.000 0.000 -0.000 -0.000
569.435 0.000 -0.000 0.000 0.000 -0.000 -0.000
569.534 0.000 -0.000 0.000 0.000 -0.000 -0.000
569.634 0.000 -0.000 0.000 0.000 -0.000 -0.000
569.734 0.000 -0.000 0.000 0.000 -0.000 -0.000
569.834 0.000 -0.000 0.000 0.000 -0.000 -0.000
569.935 0.000 -0.000 0.000 0.000 -0.000 -0.000
570.034 0.000 -0.000 0.000 0.000 -0.000 -0.000
570.135 0.000 -0.000 0.000 0.000 -0.000 -0.000
570.236 0.000 -0.000 0.000 0.000 -0.000 -0.000
570.334 0.000 -0.000 0.000 0.000 -0.000 -0.000
570.436 0.000 -0.000 0.000 0.000 -0.000 -0.000
570.535 0.000 -0.000 0.000 0.000 -0.000 -0.000
570.634 0.000 -0.000 0.000 0.000 -0.000 -0.000
570.735 0.000 -0.000 0.000 0.000 -0.000 -0.000
570.835 0.000 -0.000 0.000 0.000 -0.000 -0.000
570.935 0.000 -0.000 0.000 0.000 -0.000 -0.000
571.036 0.000 -0.000 0.000 0.000 -0.000 -0.000
571.134 0.000 -0.000 0.000 0.000 -0.000 -0.000
571.234 0.000 -0.000 0.000 0.000 -0.000 -0.000
571.335 0.000 -0.000 0.000 0.000 -0.000 -0.000
571.434 0.000 -0.000 0.000 0.000 -0.000 -0.000
571.535 0.000 -0.000 0.000 0.000 -0.000 -0.000
571.635 0.000 -0.000 0.000 0.000 -0.000 -0.000
571.734 0.000 -0.000 0.000 0.000 -0.000 -0.000
571.835 0.000 -0.000 0.000 0.000 -0.000 -0.000
571.935 0.000 -0.000 0.000 0.000 -0.000 -0.000
572.035 0.000 -0.000 0.000 0.000 -0.000 -0.000
572.135 0.000 -0.000 0.000 0.000 -0.000 -0.000
572.235 0.000 -0.000 0.000 0.000 -0.000 -0.000
572.335 0.000 -0.000 0.000 0.000 -0.000 -0.000
572.436 0.000 -0.000 0.000 0.000 -0.000 -0.000
572.535 0.000 -0.000 0.000 0.000 -0.000 -0.000
572.635 0.000 -0.000 0.000 0.000 -0.000 -0.000
572.735 0.000 -0.000 0.000 0.000 -0.000 -0.000
572.835 0.000 -0.000 0.000 0.000 -0.000 -0.000
572.935 0.000 -0.000 0.000 0.000 -0.000 -0.000
573.035 0.000 -0.000 0.000 0.000 -0.000 -0.000
573.135 0.000 -0.000 0.000 0.000 -0.000 -0.000
573.235 0.000 -0.000 0.000 0.000 -0.000 -0.000
573.335 0.000 -0.000 0.000 0.000 -0.000 -0.000
573.436 0.000 -0.000 0.000 0.000 -0.000 -0.000
573.535 0.000 -0.000 0.000 0.000 -0.000 -0.000
573.635 0.000 -0.000 0.000 0.000 -0.000 -0.000
573.735 0.000 -0.000 0.000 0.000 -0.000 -0.000
573.835 0.000 -0.000 0.000 0.000 -0.000 -0.000
573.935 0.000 -0.000 0.000 0.000 -0.000 -0.000
574.035 0.000 -0.000 0.000 0.000 -0.000 -0.000
574.135 0.000 -0.000 0.000 0.000 -0.000 -0.000
574.235 0.000 -0.000 0.000 0.000 -0.000 -0.000
574.335 0.000 -0.000 0.000 0.000 -0.000 -0.000
574.435 0.000 -0.000 0.000 0.000 -0.000 -0.000
574.535 0.000 -0.000 0.000 0.000 -0.000 -0.000
574.635 0.000 -0.000 0.000 0.000 -0.000 -0.000
574.735 0.000 -0.000 0.000 0.000 -0.000 -0.000
574.834 0.000 -0.000 0.000 0.000 -0.000 -0.000
574.935 0.000 -0.000 0.000 0.000 -0.000 -0.000
575.035 0.000 -0.000 0.000 0.000 -0.000 -0.000
575.135 0.000 -0.000 0.000 0.000 -0.000 -0.000
575.235 0.000 -0.000 0.000 0.000 -0.000 -0.000
575.335 0.000 -0.000 0.000 0.000 -0.000 -0.000
575.435 0.000 -0.000 0.000 0.000 -0.000 -0.000
575.535 0.000 -0.000 0.000 0.000 -0.000 -0.000
575.635 0.000 -0.000 0.000 0.000 -0.000 -0.000
575.735 0.000 -0.000 0.000 0.000 -0.000 -0.000
575.835 0.000 -0.000 0.000 0.000 -0.000 -0.000
575.935 0.000 -0.000 0.000 0.000 -0.000 -0.000
576.035 0.000 -0.000 0.000 0.000 -0.000 -0.000
576.135 0.000 -0.000 0.000 0.000 -0.000 -0.000
576.235 0.000 -0.000 0.000 0.000 -0.000 -0.000
576.335 0.000 -0.000 0.000 0.000 -0.000 -0.000
576.435 0.000 -0.000 0.000 0.000 -0.000 -0.000
576.535 0.000 -0.000 0.000 0.000 -0.000 -0.000
576.635 0.000 -0.000 0.000 0.000 -0.000 -0.000
576.735 0.000 -0.000 0.000 0.000 -0.000 -0.000
576.835 0.000 -0.000 0.000 0.000 -0.000 -0.000
576.935 0.000 -0.000 0.000 0.000 -0.000 -0.000
577.035 0.000 -0.000 0.000 0.000 -0.000 -0.000
577.136 0.000 -0.000 0.000 0.000 -0.000 -0.000
577.235 0.000 -0.000 0.000 0.000 -0.000 -0.000
577.335 0.000 -0.000 0.000 0.000 -0.000 -0.000
577.435 0.000 -0.000 0.000 0.000 -0.000 -0.000
577.535 0.000 -0.000 0.000 0.000 -0.000 -0.000
577.635 0.000 -0.000 0.000 0.000 -0.000 -0.000
577.735 0.000 -0.000 0.000 0.000 -0.000 -0.000
577.835 0.000 -0.000 0.000 0.000 -0.000 -0.000
577.935 0.000 -0.000 0.000 0.000 -0.000 -0.000
578.035 0.000 -0.000 0.000 0.000 -0.000 -0.000
578.135 0.000 -0.000 0.000 0.000 -0.000 -0.000
578.235 0.000 -0.000 0.000 0.000 -0.000 -0.000
578.335 0.000 -0.000 0.000 0.000 -0.000 -0.000
578.435 0.000 -0.000 0.000 0.000 -0.000 -0.000
578.535 0.000 -0.000 0.000 0.000 -0.000 -0.000
578.635 0.000 -0.000 0.000 0.000 -0.000 -0.000
578.735 0.000 -0.000 0.000 0.000 -0.000 -0.000
578.835 0.000 -0.000 0.000 0.000 -0.000 -0.000
578.935 0.000 -0.000 0.000 0.000 -0.000 -0.000
579.035 0.000 -0.000 0.000 0.000 -0.000 -0.000
579.135 0.000 -0.000 0.000 0.000 -0.000 -0.000
579.235 0.000 -0.000 0.000 0.000 -0.000 -0.000
579.335 0.000 -0.000 0.000 0.000 -0.000 -0.000
579.435 0.000 -0.000 0.000 0.000 -0.000 -0.000
579.535 0.000 -0.000 0.000 0.000 -0.000 -0.000
579.635 0.000 -0.000 0.000 0.000 -0.000 -0.000
579.734 0.000 -0.000 0.000 0.000 -0.000 -0.000
579.835 0.000 -0.000 0.000 0.000 -0.000 -0.000
579.935 0.000 -0.000 0.000 0.000 -0.000 -0.000
580.035 0.000 -0.000 0.000 0.000 -0.000 -0.000
580.135 0.000 -0.000 0.000 0.000 -0.000 -0.000
580.235 0.000 -0.000 0.000 0.000 -0.000 -0.000
580.335 0.000 -0.000 0.000 0.000 -0.000 -0.000
580.435 0.000 -0.000 0.000 0.000 -0.000 -0.000
580.535 0.000 -0.000 0.000 0.000 -0.000 -0.000
580.635 0.000 -0.000 0.000 0.000 -0.000 -0.000
580.735 0.000 -0.000 0.000 0.000 -0.000 -0.000
580.835 0.000 -0.000 0.000 0.000 -0.000 -0.000
580.935 0.000 -0.000 0.000 0.000 -0.000 -0.000
581.035 0.000 -0.000 0.000 0.000 -0.000 -0.000
581.135 0.000 -0.000 0.000 0.000 -0.000 -0.000
581.235 0.000 -0.000 0.000 0.000 -0.000 -0.000
581.338 0.000 -0.000 0.000 0.000 -0.000 -0.000
581.435 0.000 -0.000 0.000 0.000 -0.000 -0.000
581.535 0.000 -0.000 0.000 0.000 -0.000 -0.000
581.635 0.000 -0.000 0.000 0.000 -0.000 -0.000
581.735 0.000 -0.000 0.000 0.000 -0.000 -0.000
581.835 0.000 -0.000 0.000 0.000 -0.000 -0.000
581.936 0.000 -0.000 0.000 0.000 -0.000 -0.000
582.034 0.000 -0.000 0.000 0.000 -0.000 -0.000
582.135 0.000 -0.000 0.000 0.000 -0.000 -0.000
582.235 0.000 -0.000 0.000 0.000 -0.000 -0.000
582.335 0.000 -0.000 0.000 0.000 -0.000 -0.000
582.435 0.000 -0.000 0.000 0.000 -0.000 -0.000
582.535 0.000 -0.000 0.000 0.000 -0.000 -0.000
582.634 0.000 -0.000 0.000 0.000 -0.000 -0.000
582.735 0.000 -0.000 0.000 0.000 -0.000 -0.000
582.835 0.000 -0.000 0.000 0.000 -0.000 -0.000
582.935 0.000 -0.000 0.000 0.000 -0.000 -0.000
583.034 0.000 -0.000 0.000 0.000 -0.000 -0.000
583.134 0.000 -0.000 0.000 0.000 -0.000 -0.000
583.234 0.000 -0.000 0.000 0.000 -0.000 -0.000
583.334 0.000 -0.000 0.000 0.000 -0.000 -0.000
583.434 0.000 -0.000 0.000 0.000 -0.000 -0.000
583.535 0.000 -0.000 0.000 0.000 -0.000 -0.000
583.634 0.000 -0.000 0.000 0.000 -0.000 -0.000
583.735 0.000 -0.000 0.000 0.000 -0.000 -0.000
583.835 0.000 -0.000 0.000 0.000 -0.000 -0.000
583.934 0.000 -0.000 0.000 0.000 -0.000 -0.000
584.035 0.000 -0.000 0.000 0.000 -0.000 -0.000
584.135 0.000 -0.000 0.000 0.000 -0.000 -0.000
584.234 0.000 -0.000 0.000 0.000 -0.000 -0.000
584.335 0.000 -0.000 0.000 0.000 -0.000 -0.000
584.435 0.000 -0.000 0.000 0.000 -0.000 -0.000
584.535 0.000 -0.000 0.000 0.000 -0.000 -0.000
584.635 0.000 -0.000 0.000 0.000 -0.000 -0.000
584.735 0.000 -0.000 0.000 0.000 -0.000 -0.000
584.835 0.000 -0.000 0.000 0.000 -0.000 -0.000
584.935 0.000 -0.000 0.000 0.000 -0.000 -0.000
585.034 0.000 -0.000 0.000 0.000 -0.000 -0.000
585.135 0.000 -0.000 0.000 0.000 -0.000 -0.000
585.234 0.000 -0.000 0.000 0.000 -0.000 -0.000
585.335 0.000 -0.000 0.000 0.000 -0.000 -0.000
585.435 0.000 -0.000 0.000 0.000 -0.000 -0.000
585.535 0.000 -0.000 0.000 0.000 -0.000 -0.000
585.635 0.000 -0.000 0.000 0.000 -0.000 -0.000
585.734 0.000 -0.000 0.000 0.000 -0.000 -0.000
585.834 0.000 -0.000 0.000 0.000 -0.000 -0.000
585.935 0.000 -0.000 0.000 0.000 -0.000 -0.000
586.035 0.000 -0.000 0.000 0.000 -0.000 -0.000
586.135 0.000 -0.000 0.000 0.000 -0.000 -0.000
586.235 0.000 -0.000 0.000 0.000 -0.000 -0.000
586.335 0.000 -0.000 0.000 0.000 -0.000 -0.000
586.434 0.000 -0.000 0.000 0.000 -0.000 -0.000
586.536 0.000 -0.000 0.000 0.000 -0.000 -0.000
586.635 0.000 -0.000 0.000 0.000 -0.000 -0.000
586.735 0.000 -0.000 0.000 0.000 -0.000 -0.000
586.835 0.000 -0.000 0.000 0.000 -0.000 -0.000
586.936 0.000 -0.000 0.000 0.000 -0.000 -0.000
587.035 0.000 -0.000 0.000 0.000 -0.000 -0.000
587.135 0.000 -0.000 0.000 0.000 -0.000 -0.000
587.235 0.000 -0.000 0.000 0.000 -0.000 -0.000
587.335 0.000 -0.000 0.000 0.000 -0.000 -0.000
587.435 0.000 -0.000 0.000 0.000 -0.000 -0.000
587.535 0.000 -0.000 0.000 0.000 -0.000 -0.000
587.635 0.000 -0.000 0.000 0.000 -0.000 -0.000
587.735 0.000 -0.000 0.000 0.000 -0.000 -0.000
587.836 0.000 -0.000 0.000 0.000 -0.000 -0.000
587.935 0.000 -0.000 0.000 0.000 -0.000 -0.000
588.035 0.000 -0.000 0.000 0.000 -0.000 -0.000
588.135 0.000 -0.000 0.000 0.000 -0.000 -0.000
588.235 0.000 -0.000 0.000 0.000 -0.000 -0.000
588.335 0.000 -0.000 0.000 0.000 -0.000 -0.000
588.435 0.000 -0.000 0.000 0.000 -0.000 -0.000
588.535 0.000 -0.000 0.000 0.000 -0.000 -0.000
588.635 0.000 -0.000 0.000 0.000 -0.000 -0.000
588.735 0.000 -0.000 0.000 0.000 -0.000 -0.000
588.835 0.000 -0.000 0.000 0.000 -0.000 -0.000
588.935 0.000 -0.000 0.000 0.000 -0.000 -0.000
589.034 0.000 -0.000 0.000 0.000 -0.000 -0.000
589.135 0.000 -0.000 0.000 0.000 -0.000 -0.000
589.235 0.000 -0.000 0.000 0.000 -0.000 -0.000
589.335 0.000 -0.000 0.000 0.000 -0.000 -0.000
589.435 0.000 -0.000 0.000 0.000 -0.000 -0.000
589.535 0.000 -0.000 0.000 0.000 -0.000 -0.000
589.635 0.000 -0.000 0.000 0.000 -0.000 -0.000
589.735 0.000 -0.000 0.000 0.000 -0.000 -0.000
589.835 0.000 -0.000 0.000 0.000 -0.000 -0.000
589.935 0.000 -0.000 0.000 0.000 -0.000 -0.000
590.036 0.000 -0.000 0.000 0.000 -0.000 -0.000
590.135 0.000 -0.000 0.000 0.000 -0.000 -0.000
590.234 0.000 -0.000 0.000 0.000 -0.000 -0.000
590.334 0.000 -0.000 0.000 0.000 -0.000 -0.000
590.435 0.000 -0.000 0.000 0.000 -0.000 -0.000
590.535 0.000 -0.000 0.000 0.000 -0.000 -0.000
590.635 0.000 -0.000 0.000 0.000 -0.000 -0.000
590.735 0.000 -0.000 0.000 0.000 -0.000 -0.000
590.835 0.000 -0.000 0.000 0.000 -0.000 -0.000
590.940 0.000 -0.000 0.000 0.000 -0.000 -0.000
591.035 0.000 -0.000 0.000 0.000 -0.000 -0.000
591.137 0.000 -0.000 0.000 0.000 -0.000 -0.000
591.236 0.000 -0.000 0.000 0.000 -0.000 -0.000
591.335 0.000 -0.000 0.000 0.000 -0.000 -0.000
591.434 0.000 -0.000 0.000 0.000 -0.000 -0.000
591.535 0.000 -0.000 0.000 0.000 -0.000 -0.000
591.634 0.000 -0.000 0.000 0.000 -0.000 -0.000
591.735 0.000 -0.000 0.000 0.000 -0.000 -0.000
591.836 0.000 -0.000 0.000 0.000 -0.000 -0.000
591.934 0.000 -0.000 0.000 0.000 -0.000 -0.000
592.034 0.000 -0.000 0.000 0.000 -0.000 -0.000
592.136 0.000 -0.000 0.000 0.000 -0.000 -0.000
592.235 0.000 -0.000 0.000 0.000 -0.000 -0.000
592.335 0.000 -0.000 0.000 0.000 -0.000 -0.000
592.435 0.000 -0.000 0.000 0.000 -0.000 -0.000
592.535 0.000 -0.000 0.000 0.000 -0.000 -0.000
592.635 0.000 -0.000 0.000 0.000 -0.000 -0.000
592.735 0.000 -0.000 0.000 0.000 -0.000 -0.000
592.835 0.000 -0.000 0.000 0.000 -0.000 -0.000
592.935 0.000 -0.000 0.000 0.000 -0.000 -0.000
593.035 0.000 -0.000 0.000 0.000 -0.000 -0.000
593.135 0.000 -0.000 0.000 0.000 -0.000 -0.000
593.235 0.000 -0.000 0.000 0.000 -0.000 -0.000
593.335 0.000 -0.000 0.000 0.000 -0.000 -0.000
593.435 0.000 -0.000 0.000 0.000 -0.000 -0.000
593.534 0.000 -0.000 0.000 0.000 -0.000 -0.000
593.634 0.000 -0.000 0.000 0.000 -0.000 -0.000
593.734 0.000 -0.000 0.000 0.000 -0.000 -0.000
593.835 0.000 -0.000 0.000 0.000 -0.000 -0.000
593.935 0.000 -0.000 0.000 0.000 -0.000 -0.000
594.034 0.000 -0.000 0.000 0.000 -0.000 -0.000
594.135 0.000 -0.000 0.000 0.000 -0.000 -0.000
594.235 0.000 -0.000 0.000 0.000 -0.000 -0.000
594.335 0.000 -0.000 0.000 0.000 -0.000 -0.000
594.436 0.000 -0.000 0.000 0.000 -0.000 -0.000
594.535 0.000 -0.000 0.000 0.000 -0.000 -0.000
594.635 0.000 -0.000 0.000 0.000 -0.000 -0.000
594.736 0.000 -0.000 0.000 0.000 -0.000 -0.000
594.835 0.000 -0.000 0.000 0.000 -0.000 -0.000
594.935 0.000 -0.000 0.000 0.000 -0.000 -0.000
595.034 0.000 -0.000 0.000 0.000 -0.000 -0.000
595.134 0.000 -0.000 0.000 0.000 -0.000 -0.000
595.241 0.000 -0.000 0.000 0.000 -0.000 -0.000
595.334 0.000 -0.000 0.000 0.000 -0.000 -0.000
595.434 0.000 -0.000 0.000 0.000 -0.000 -0.000
595.534 0.000 -0.000 0.000 0.000 -0.000 -0.000
595.634 0.000 -0.000 0.000 0.000 -0.000 -0.000
595.734 0.000 -0.000 0.000 0.000 -0.000 -0.000
595.834 0.000 -0.000 0.000 0.000 -0.000 -0.000
595.934 0.000 -0.000 0.000 0.000 -0.000 -0.000
596.034 0.000 -0.000 0.000 0.000 -0.000 -0.000
596.134 0.000 -0.000 0.000 0.000 -0.000 -0.000
596.234 0.000 -0.000 0.000 0.000 -0.000 -0.000
596.336 0.000 -0.000 0.000 0.000 -0.000 -0.000
596.435 0.000 -0.000 0.000 0.000 -0.000 -0.000
596.534 0.000 -0.000 0.000 0.000 -0.000 -0.000
596.635 0.000 -0.000 0.000 0.000 -0.000 -0.000
596.735 0.000 -0.000 0.000 0.000 -0.000 -0.000
596.835 0.000 -0.000 0.000 0.000 -0.000 -0.000
596.935 0.000 -0.000 0.000 0.000 -0.000 -0.000
597.035 0.000 -0.000 0.000 0.000 -0.000 -0.000
597.135 0.000 -0.000 0.000 0.000 -0.000 -0.000
597.235 0.000 -0.000 0.000 0.000 -0.000 -0.000
597.335 0.000 -0.000 0.000 0.000 -0.000 -0.000
597.435 0.000 -0.000 0.000 0.000 -0.000 -0.000
597.537 0.000 -0.000 0.000 0.000 -0.000 -0.000
597.635 0.000 -0.000 0.000 0.000 -0.000 -0.000
597.735 0.000 -0.000 0.000 0.000 -0.000 -0.000
597.835 0.000 -0.000 0.000 0.000 -0.000 -0.000
597.935 0.000 -0.000 0.000 0.000 -0.000 -0.000
598.035 0.000 -0.000 0.000 0.000 -0.000 -0.000
598.135 0.000 -0.000 0.000 0.000 -0.000 -0.000
598.235 0.000 -0.000 0.000 0.000 -0.000 -0.000
598.335 0.000 -0.000 0.000 0.000 -0.000 -0.000
598.435 0.000 -0.000 0.000 0.000 -0.000 -0.000
598.535 0.000 -0.000 0.000 0.000 -0.000 -0.000
598.635 0.000 -0.000 0.000 0.000 -0.000 -0.000
598.735 0.000 -0.000 0.000 0.000 -0.000 -0.000
598.835 0.000 -0.000 0.000 0.000 -0.000 -0.000
598.935 0.000 -0.000 0.000 0.000 -0.000 -0.000
599.035 0.000 -0.000 0.000 0.000 -0.000 -0.000
599.135 0.000 -0.000 0.000 0.000 -0.000 -0.000
599.235 0.000 -0.000 0.000 0.000 -0.000 -0.000
599.335 0.000 -0.000 0.000 0.000 -0.000 -0.000
599.435 0.000 -0.000 0.000 0.000 -0.000 -0.000
599.535 0.000 -0.000 0.000 0.000 -0.000 -0.000
599.635 0.000 -0.000 0.000 0.000 -0.000 -0.000
599.735 0.000 -0.000 0.000 0.000 -0.000 -0.000
599.835 0.000 -0.000 0.000 0.000 -0.000 -0.000
599.935 0.000 -0.000 0.000 0.000 -0.000 -0.000
600.035 0.000 -0.000 0.000 0.000 -0.000 -0.000
600.135 0.000 -0.000 0.000 0.000 -0.000 -0.000
600.235 0.000 -0.000 0.000 0.000 -0.000 -0.000
600.335 0.000 -0.000 0.000 0.000 -0.000 -0.000
600.435 0.000 -0.000 0.000 0.000 -0.000 -0.000
600.535 0.000 -0.000 0.000 0.000 -0.000 -0.000
600.636 0.000 -0.000 0.000 0.000 -0.000 -0.000
600.735 0.000 -0.000 0.000 0.000 -0.000 -0.000
600.835 0.000 -0.000 0.000 0.000 -0.000 -0.000
600.935 0.000 -0.000 0.000 0.000 -0.000 -0.000
601.035 0.000 -0.000 0.000 0.000 -0.000 -0.000
601.135 0.000 -0.000 0.000 0.000 -0.000 -0.000
601.235 0.000 -0.000 0.000 0.000 -0.000 -0.000
601.335 0.000 -0.000 0.000 0.000 -0.000 -0.000
601.435 0.000 -0.000 0.000 0.000 -0.000 -0.000
601.536 0.000 -0.000 0.000 0.000 -0.000 -0.000
601.636 0.000 -0.000 0.000 0.000 -0.000 -0.000
601.735 0.000 -0.000 0.000 0.000 -0.000 -0.000
601.835 0.000 -0.000 0.000 0.000 -0.000 -0.000
601.935 0.000 -0.000 0.000 0.000 -0.000 -0.000
602.036 0.000 -0.000 0.000 0.000 -0.000 -0.000
602.135 0.000 -0.000 0.000 0.000 -0.000 -0.000
602.235 0.000 -0.000 0.000 0.000 -0.000 -0.000
602.335 0.000 -0.000 0.000 0.000 -0.000 -0.000
602.435 0.000 -0.000 0.000 0.000 -0.000 -0.000
602.535 0.000 -0.000 0.000 0.000 -0.000 -0.000
602.635 0.000 -0.000 0.000 0.000 -0.000 -0.000
602.735 0.000 -0.000 0.000 0.000 -0.000 -0.000
602.835 0.000 -0.000 0.000 0.000 -0.000 -0.000
602.935 0.000 -0.000 0.000 0.000 -0.000 -0.000
603.035 0.000 -0.000 0.000 0.000 -0.000 -0.000
603.135 0.000 -0.000 0.000 0.000 -0.000 -0.000
603.236 0.000 -0.000 0.000 0.000 -0.000 -0.000
603.335 0.000 -0.000 0.000 0.000 -0.000 -0.000
603.435 0.000 -0.000 0.000 0.000 -0.000 -0.000
603.535 0.000 -0.000 0.000 0.000 -0.000 -0.000
603.636 0.000 -0.000 0.000 0.000 -0.000 -0.000
603.735 0.000 -0.000 0.000 0.000 -0.000 -0.000
603.835 0.000 -0.000 0.000 0.000 -0.000 -0.000
603.935 0.000 -0.000 0.000 0.000 -0.000 -0.000
604.035 0.000 -0.000 0.000 0.000 -0.000 -0.000
604.134 0.000 -0.000 0.000 0.000 -0.000 -0.000
604.235 0.000 -0.000 0.000 0.000 -0.000 -0.000
604.335 0.000 -0.000 0.000 0.000 -0.000 -0.000
604.436 0.000 -0.000 0.000 0.000 -0.000 -0.000
604.535 0.000 -0.000 0.000 0.000 -0.000 -0.000
604.635 0.000 -0.000 0.000 0.000 -0.000 -0.000
604.735 0.000 -0.000 0.000 0.000 -0.000 -0.000
604.835 0.000 -0.000 0.000 0.000 -0.000 -0.000
604.935 0.000 -0.000 0.000 0.000 -0.000 -0.000
605.035 0.000 -0.000 0.000 0.000 -0.000 -0.000
605.135 0.000 -0.000 0.000 0.000 -0.000 -0.000
605.235 0.000 -0.000 0.000 0.000 -0.000 -0.000
605.335 0.000 -0.000 0.000 0.000 -0.000 -0.000
605.435 0.000 -0.000 0.000 0.000 -0.000 -0.000
605.550 0.000 -0.000 0.000 0.000 -0.000 -0.000
605.635 0.000 -0.000 0.000 0.000 -0.000 -0.000
605.734 0.000 -0.000 0.000 0.000 -0.000 -0.000
605.835 0.000 -0.000 0.000 0.000 -0.000 -0.000
605.935 0.000 -0.000 0.000 0.000 -0.000 -0.000
606.036 0.000 -0.000 0.000 0.000 -0.000 -0.000
606.135 0.000 -0.000 0.000 0.000 -0.000 -0.000
606.235 0.000 -0.000 0.000 0.000 -0.000 -0.000
606.335 0.000 -0.000 0.000 0.000 -0.000 -0.000
606.435 0.000 -0.000 0.000 0.000 -0.000 -0.000
606.535 0.000 -0.000 0.000 0.000 -0.000 -0.000
606.635 0.000 -0.000 0.000 0.000 -0.000 -0.000
606.738 0.000 -0.000 0.000 0.000 -0.000 -0.000
606.835 0.000 -0.000 0.000 0.000 -0.000 -0.000
606.935 0.000 -0.000 0.000 0.000 -0.000 -0.000
607.035 0.000 -0.000 0.000 0.000 -0.000 -0.000
607.135 0.000 -0.000 0.000 0.000 -0.000 -0.000
607.235 0.000 -0.000 0.000 0.000 -0.000 -0.000
607.335 0.000 -0.000 0.000 0.000 -0.000 -0.000
607.435 0.000 -0.000 0.000 0.000 -0.000 -0.000
607.535 0.000 -0.000 0.000 0.000 -0.000 -0.000
607.635 0.000 -0.000 0.000 0.000 -0.000 -0.000
607.735 0.000 -0.000 0.000 0.000 -0.000 -0.000
607.835 0.000 -0.000 0.000 0.000 -0.000 -0.000
607.935 0.000 -0.000 0.000 0.000 -0.000 -0.000
608.035 0.000 -0.000 0.000 0.000 -0.000 -0.000
608.135 0.000 -0.000 0.000 0.000 -0.000 -0.000
608.235 0.000 -0.000 0.000 0.000 -0.000 -0.000
608.336 0.000 -0.000 0.000 0.000 -0.000 -0.000
608.435 0.000 -0.000 0.000 0.000 -0.000 -0.000
608.535 0.000 -0.000 0.000 0.000 -0.000 -0.000
608.638 0.000 -0.000 0.000 0.000 -0.000 -0.000
608.735 0.000 -0.000 0.000 0.000 -0.000 -0.000
608.835 0.000 -0.000 0.000 0.000 -0.000 -0.000
608.936 0.000 -0.000 0.000 0.000 -0.000 -0.000
609.034 0.000 -0.000 0.000 0.000 -0.000 -0.000
609.135 0.000 -0.000 0.000 0.000 -0.000 -0.000
609.235 0.000 -0.000 0.000 0.000 -0.000 -0.000
609.335 0.000 -0.000 0.000 0.000 -0.000 -0.000
609.435 0.000 -0.000 0.000 0.000 -0.000 -0.000
609.534 0.000 -0.000 0.000 0.000 -0.000 -0.000
609.635 0.000 -0.000 0.000 0.000 -0.000 -0.000
609.735 0.000 -0.000 0.000 0.000 -0.000 -0.000
609.835 0.000 -0.000 0.000 0.000 -0.000 -0.000
609.935 0.000 -0.000 0.000 0.000 -0.000 -0.000
610.038 0.000 -0.000 0.000 0.000 -0.000 -0.000
610.134 0.000 -0.000 0.000 0.000 -0.000 -0.000
610.235 0.000 -0.000 0.000 0.000 -0.000 -0.000
610.337 0.000 -0.000 0.000 0.000 -0.000 -0.000
610.435 0.000 -0.000 0.000 0.000 -0.000 -0.000
610.538 0.000 -0.000 0.000 0.000 -0.000 -0.000
610.637 0.000 -0.000 0.000 0.000 -0.000 -0.000
610.735 0.000 -0.000 0.000 0.000 -0.000 -0.000
610.835 0.000 -0.000 0.000 0.000 -0.000 -0.000
610.939 0.000 -0.000 0.000 0.000 -0.000 -0.000
611.035 0.000 -0.000 0.000 0.000 -0.000 -0.000
611.135 0.000 -0.000 0.000 0.000 -0.000 -0.000
611.235 0.000 -0.000 0.000 0.000 -0.000 -0.000
611.335 0.000 -0.000 0.000 0.000 -0.000 -0.000
611.435 0.000 -0.000 0.000 0.000 -0.000 -0.000
611.535 0.000 -0.000 0.000 0.000 -0.000 -0.000
611.635 0.000 -0.000 0.000 0.000 -0.000 -0.000
611.735 0.000 -0.000 0.000 0.000 -0.000 -0.000
611.835 0.000 -0.000 0.000 0.000 -0.000 -0.000
611.935 0.000 -0.000 0.000 0.000 -0.000 -0.000
612.035 0.000 -0.000 0.000 0.000 -0.000 -0.000
612.135 0.000 -0.000 0.000 0.000 -0.000 -0.000
612.235 0.000 -0.000 0.000 0.000 -0.000 -0.000
612.335 0.000 -0.000 0.000 0.000 -0.000 -0.000
612.435 0.000 -0.000 0.000 0.000 -0.000 -0.000
612.535 0.000 -0.000 0.000 0.000 -0.000 -0.000
612.636 0.000 -0.000 0.000 0.000 -0.000 -0.000
612.735 0.000 -0.000 0.000 0.000 -0.000 -0.000
612.835 0.000 -0.000 0.000 0.000 -0.000 -0.000
612.935 0.000 -0.000 0.000 0.000 -0.000 -0.000
613.035 0.000 -0.000 0.000 0.000 -0.000 -0.000
613.136 0.000 -0.000 0.000 0.000 -0.000 -0.000
613.235 0.000 -0.000 0.000 0.000 -0.000 -0.000
613.335 0.000 -0.000 0.000 0.000 -0.000 -0.000
613.435 0.000 -0.000 0.000 0.000 -0.000 -0.000
613.536 0.000 -0.000 0.000 0.000 -0.000 -0.000
613.635 0.000 -0.000 0.000 0.000 -0.000 -0.000
613.735 0.000 -0.000 0.000 0.000 -0.000 -0.000
613.835 0.000 -0.000 0.000 0.000 -0.000 -0.000
613.935 0.000 -0.000 0.000 0.000 -0.000 -0.000
614.035 0.000 -0.000 0.000 0.000 -0.000 -0.000
614.136 0.000 -0.000 0.000 0.000 -0.000 -0.000
614.236 0.000 -0.000 0.000 0.000 -0.000 -0.000
614.336 0.000 -0.000 0.000 0.000 -0.000 -0.000
614.435 0.000 -0.000 0.000 0.000 -0.000 -0.000
614.535 0.000 -0.000 0.000 0.000 -0.000 -0.000
614.635 0.000 -0.000 0.000 0.000 -0.000 -0.000
614.735 0.000 -0.000 0.000 0.000 -0.000 -0.000
614.835 0.000 -0.000 0.000 0.000 -0.000 -0.000
614.935 0.000 -0.000 0.000 0.000 -0.000 -0.000
615.035 0.000 -0.000 0.000 0.000 -0.000 -0.000
615.135 0.000 -0.000 0.000 0.000 -0.000 -0.000
615.235 0.000 -0.000 0.000 0.000 -0.000 -0.000
615.335 0.000 -0.000 0.000 0.000 -0.000 -0.000
615.435 0.000 -0.000 0.000 0.000 -0.000 -0.000
615.536 0.000 -0.000 0.000 0.000 -0.000 -0.000
615.635 0.000 -0.000 0.000 0.000 -0.000 -0.000
615.735 0.000 -0.000 0.000 0.000 -0.000 -0.000
615.835 0.000 -0.000 0.000 0.000 -0.000 -0.000
615.935 0.000 -0.000 0.000 0.000 -0.000 -0.000
616.035 0.000 -0.000 0.000 0.000 -0.000 -0.000
616.135 0.000 -0.000 0.000 0.000 -0.000 -0.000
616.235 0.000 -0.000 0.000 0.000 -0.000 -0.000
616.334 0.000 -0.000 0.000 0.000 -0.000 -0.000
616.436 0.000 -0.000 0.000 0.000 -0.000 -0.000
616.535 0.000 -0.000 0.000 0.000 -0.000 -0.000
616.635 0.000 -0.000 0.000 0.000 -0.000 -0.000
616.735 0.000 -0.000 0.000 0.000 -0.000 -0.000
616.835 0.000 -0.000 0.000 0.000 -0.000 -0.000
616.935 0.000 -0.000 0.000 0.000 -0.000 -0.000
617.035 0.000 -0.000 0.000 0.000 -0.000 -0.000
617.135 0.000 -0.000 0.000 0.000 -0.000 -0.000
617.235 0.000 -0.000 0.000 0.000 -0.000 -0.000
617.335 0.000 -0.000 0.000 0.000 -0.000 -0.000
617.436 0.000 -0.000 0.000 0.000 -0.000 -0.000
617.536 0.000 -0.000 0.000 0.000 -0.000 -0.000
617.635 0.000 -0.000 0.000 0.000 -0.000 -0.000
617.735 0.000 -0.000 0.000 0.000 -0.000 -0.000
617.835 0.000 -0.000 0.000 0.000 -0.000 -0.000
617.935 0.000 -0.000 0.000 0.000 -0.000 -0.000
618.035 0.000 -0.000 0.000 0.000 -0.000 -0.000
618.135 0.000 -0.000 0.000 0.000 -0.000 -0.000
618.235 0.000 -0.000 0.000 0.000 -0.000 -0.000
618.336 0.000 -0.000 0.000 0.000 -0.000 -0.000
618.435 0.000 -0.000 0.000 0.000 -0.000 -0.000
618.535 0.000 -0.000 0.000 0.000 -0.000 -0.000
618.635 0.000 -0.000 0.000 0.000 -0.000 -0.000
618.735 0.000 -0.000 0.000 0.000 -0.000 -0.000
618.835 0.000 -0.000 0.000 0.000 -0.000 -0.000
618.935 0.000 -0.000 0.000 0.000 -0.000 -0.000
619.036 0.000 -0.000 0.000 0.000 -0.000 -0.000
619.135 0.000 -0.000 0.000 0.000 -0.000 -0.000
619.235 0.000 -0.000 0.000 0.000 -0.000 -0.000
619.335 0.000 -0.000 0.000 0.000 -0.000 -0.000
619.435 0.000 -0.000 0.000 0.000 -0.000 -0.000
619.534 0.000 -0.000 0.000 0.000 -0.000 -0.000
619.635 0.000 -0.000 0.000 0.000 -0.000 -0.000
619.735 0.000 -0.000 0.000 0.000 -0.000 -0.000
619.835 0.000 -0.000 0.000 0.000 -0.000 -0.000
619.935 0.000 -0.000 0.000 0.000 -0.000 -0.000
620.035 0.000 -0.000 0.000 0.000 -0.000 -0.000
620.135 0.000 -0.000 0.000 0.000 -0.000 -0.000
620.235 0.000 -0.000 0.000 0.000 -0.000 -0.000
620.335 0.000 -0.000 0.000 0.000 -0.000 -0.000
620.436 0.000 -0.000 0.000 0.000 -0.000 -0.000
620.535 0.000 -0.000 0.000 0.000 -0.000 -0.000
620.635 0.000 -0.000 0.000 0.000 -0.000 -0.000
620.735 0.000 -0.000 0.000 0.000 -0.000 -0.000
620.835 0.000 -0.000 0.000 0.000 -0.000 -0.000
620.935 0.000 -0.000 0.000 0.000 -0.000 -0.000
621.035 0.000 -0.000 0.000 0.000 -0.000 -0.000
621.136 0.000 -0.000 0.000 0.000 -0.000 -0.000
621.235 0.000 -0.000 0.000 0.000 -0.000 -0.000
621.335 0.000 -0.000 0.000 0.000 -0.000 -0.000
621.435 0.000 -0.000 0.000 0.000 -0.000 -0.000
621.535 0.000 -0.000 0.000 0.000 -0.000 -0.000
621.635 0.000 -0.000 0.000 0.000 -0.000 -0.000
621.735 0.000 -0.000 0.000 0.000 -0.000 -0.000
621.836 0.000 -0.000 0.000 0.000 -0.000 -0.000
621.935 0.000 -0.000 0.000 0.000 -0.000 -0.000
622.035 0.000 -0.000 0.000 0.000 -0.000 -0.000
622.136 0.000 -0.000 0.000 0.000 -0.000 -0.000
622.235 0.000 -0.000 0.000 0.000 -0.000 -0.000
622.335 0.000 -0.000 0.000 0.000 -0.000 -0.000
622.435 0.000 -0.000 0.000 0.000 -0.000 -0.000
622.535 0.000 -0.000 0.000 0.000 -0.000 -0.000
622.635 0.000 -0.000 0.000 0.000 -0.000 -0.000
622.735 0.000 -0.000 0.000 0.000 -0.000 -0.000
622.835 0.000 -0.000 0.000 0.000 -0.000 -0.000
622.935 0.000 -0.000 0.000 0.000 -0.000 -0.000
623.035 0.000 -0.000 0.000 0.000 -0.000 -0.000
623.136 0.000 -0.000 0.000 0.000 -0.000 -0.000
623.236 0.000 -0.000 0.000 0.000 -0.000 -0.000
623.336 0.000 -0.000 0.000 0.000 -0.000 -0.000
623.435 0.000 -0.000 0.000 0.000 -0.000 -0.000
623.535 0.000 -0.000 0.000 0.000 -0.000 -0.000
623.635 0.000 -0.000 0.000 0.000 -0.000 -0.000
623.735 0.000 -0.000 0.000 0.000 -0.000 -0.000
623.835 0.000 -0.000 0.000 0.000 -0.000 -0.000
623.935 0.000 -0.000 0.000 0.000 -0.000 -0.000
624.035 0.000 -0.000 0.000 0.000 -0.000 -0.000
624.135 0.000 -0.000 0.000 0.000 -0.000 -0.000
624.235 0.000 -0.000 0.000 0.000 -0.000 -0.000
624.336 0.000 -0.000 0.000 0.000 -0.000 -0.000
624.435 0.000 -0.000 0.000 0.000 -0.000 -0.000
624.536 0.000 -0.000 0.000 0.000 -0.000 -0.000
624.635 0.000 -0.000 0.000 0.000 -0.000 -0.000
624.735 0.000 -0.000 0.000 0.000 -0.000 -0.000
624.835 0.000 -0.000 0.000 0.000 -0.000 -0.000
624.935 0.000 -0.000 0.000 0.000 -0.000 -0.000
625.035 0.000 -0.000 0.000 0.000 -0.000 -0.000
625.135 0.000 -0.000 0.000 0.000 -0.000 -0.000
625.235 0.000 -0.000 0.000 0.000 -0.000 -0.000
625.335 0.000 -0.000 0.000 0.000 -0.000 -0.000
625.435 0.000 -0.000 0.000 0.000 -0.000 -0.000
625.535 0.000 -0.000 0.000 0.000 -0.000 -0.000
625.635 0.000 -0.000 0.000 0.000 -0.000 -0.000
625.735 0.000 -0.000 0.000 0.000 -0.000 -0.000
625.835 0.000 -0.000 0.000 0.000 -0.000 -0.000
625.935 0.000 -0.000 0.000 0.000 -0.000 -0.000
626.035 0.000 -0.000 0.000 0.000 -0.000 -0.000
626.135 0.000 -0.000 0.000 0.000 -0.000 -0.000
626.235 0.000 -0.000 0.000 0.000 -0.000 -0.000
626.335 0.000 -0.000 0.000 0.000 -0.000 -0.000
626.435 0.000 -0.000 0.000 0.000 -0.000 -0.000
626.535 0.000 -0.000 0.000 0.000 -0.000 -0.000
626.635 0.000 -0.000 0.000 0.000 -0.000 -0.000
626.736 0.000 -0.000 0.000 0.000 -0.000 -0.000
626.835 0.000 -0.000 0.000 0.000 -0.000 -0.000
626.935 0.000 -0.000 0.000 0.000 -0.000 -0.000
627.035 0.000 -0.000 0.000 0.000 -0.000 -0.000
627.136 0.000 -0.000 0.000 0.000 -0.000 -0.000
627.235 0.000 -0.000 0.000 0.000 -0.000 -0.000
627.335 0.000 -0.000 0.000 0.000 -0.000 -0.000
627.435 0.000 -0.000 0.000 0.000 -0.000 -0.000
627.535 0.000 -0.000 0.000 0.000 -0.000 -0.000
627.635 0.000 -0.000 0.000 0.000 -0.000 -0.000
627.735 0.000 -0.000 0.000 0.000 -0.000 -0.000
627.835 0.000 -0.000 0.000 0.000 -0.000 -0.000
627.935 0.000 -0.000 0.000 0.000 -0.000 -0.000
628.035 0.000 -0.000 0.000 0.000 -0.000 -0.000
628.135 0.000 -0.000 0.000 0.000 -0.000 -0.000
628.235 0.000 -0.000 0.000 0.000 -0.000 -0.000
628.337 0.000 -0.000 0.000 0.000 -0.000 -0.000
628.435 0.000 -0.000 0.000 0.000 -0.000 -0.000
628.535 0.000 -0.000 0.000 0.000 -0.000 -0.000
628.635 0.000 -0.000 0.000 0.000 -0.000 -0.000
628.735 0.000 -0.000 0.000 0.000 -0.000 -0.000
628.835 0.000 -0.000 0.000 0.000 -0.000 -0.000
628.935 0.000 -0.000 0.000 0.000 -0.000 -0.000
629.035 0.000 -0.000 0.000 0.000 -0.000 -0.000
629.135 0.000 -0.000 0.000 0.000 -0.000 -0.000
629.235 0.000 -0.000 0.000 0.000 -0.000 -0.000
629.335 0.000 -0.000 0.000 0.000 -0.000 -0.000
629.436 0.000 -0.000 0.000 0.000 -0.000 -0.000
629.536 0.000 -0.000 0.000 0.000 -0.000 -0.000
629.635 0.000 -0.000 0.000 0.000 -0.000 -0.000
629.735 0.000 -0.000 0.000 0.000 -0.000 -0.000
629.835 0.000 -0.000 0.000 0.000 -0.000 -0.000
629.935 0.000 -0.000 0.000 0.000 -0.000 -0.000
630.035 0.000 -0.000 0.000 0.000 -0.000 -0.000
630.136 0.000 -0.000 0.000 0.000 -0.000 -0.000
630.235 0.000 -0.000 0.000 0.000 -0.000 -0.000
630.335 0.000 -0.000 0.000 0.000 -0.000 -0.000
630.435 0.000 -0.000 0.000 0.000 -0.000 -0.000
630.535 0.000 -0.000 0.000 0.000 -0.000 -0.000
630.634 0.000 -0.000 0.000 0.000 -0.000 -0.000
630.735 0.000 -0.000 0.000 0.000 -0.000 -0.000
630.835 0.000 -0.000 0.000 0.000 -0.000 -0.000
630.935 0.000 -0.000 0.000 0.000 -0.000 -0.000
631.035 0.000 -0.000 0.000 0.000 -0.000 -0.000
631.135 0.000 -0.000 0.000 0.000 -0.000 -0.000
631.235 0.000 -0.000 0.000 0.000 -0.000 -0.000
631.335 0.000 -0.000 0.000 0.000 -0.000 -0.000
631.435 0.000 -0.000 0.000 0.000 -0.000 -0.000
631.535 0.000 -0.000 0.000 0.000 -0.000 -0.000
631.635 0.000 -0.000 0.000 0.000 -0.000 -0.000
631.735 0.000 -0.000 0.000 0.000 -0.000 -0.000
631.835 0.000 -0.000 0.000 0.000 -0.000 -0.000
631.935 0.000 -0.000 0.000 0.000 -0.000 -0.000
632.035 0.000 -0.000 0.000 0.000 -0.000 -0.000
632.135 0.000 -0.000 0.000 0.000 -0.000 -0.000
632.235 0.000 -0.000 0.000 0.000 -0.000 -0.000
632.335 0.000 -0.000 0.000 0.000 -0.000 -0.000
632.435 0.000 -0.000 0.000 0.000 -0.000 -0.000
632.534 0.000 -0.000 0.000 0.000 -0.000 -0.000
632.634 0.000 -0.000 0.000 0.000 -0.000 -0.000
632.734 0.000 -0.000 0.000 0.000 -0.000 -0.000
632.834 0.000 -0.000 0.000 0.000 -0.000 -0.000
632.939 0.000 -0.000 0.000 0.000 -0.000 -0.000
633.035 0.000 -0.000 0.000 0.000 -0.000 -0.000
633.135 0.000 -0.000 0.000 0.000 -0.000 -0.000
633.235 0.000 -0.000 0.000 0.000 -0.000 -0.000
633.336 0.000 -0.000 0.000 0.000 -0.000 -0.000
633.436 0.000 -0.000 0.000 0.000 -0.000 -0.000
633.535 0.000 -0.000 0.000 0.000 -0.000 -0.000
633.634 0.000 -0.000 0.000 0.000 -0.000 -0.000
633.737 0.000 -0.000 0.000 0.000 -0.000 -0.000
633.835 0.000 -0.000 0.000 0.000 -0.000 -0.000
633.935 0.000 -0.000 0.000 0.000 -0.000 -0.000
634.035 0.000 -0.000 0.000 0.000 -0.000 -0.000
634.135 0.000 -0.000 0.000 0.000 -0.000 -0.000
634.235 0.000 -0.000 0.000 0.000 -0.000 -0.000
634.335 0.000 -0.000 0.000 0.000 -0.000 -0.000
634.435 0.000 -0.000 0.000 0.000 -0.000 -0.000
634.535 0.000 -0.000 0.000 0.000 -0.000 -0.000
634.635 0.000 -0.000 0.000 0.000 -0.000 -0.000
634.735 0.000 -0.000 0.000 0.000 -0.000 -0.000
634.836 0.000 -0.000 0.000 0.000 -0.000 -0.000
634.937 0.000 -0.000 0.000 0.000 -0.000 -0.000
635.035 0.000 -0.000 0.000 0.000 -0.000 -0.000
635.138 0.000 -0.000 0.000 0.000 -0.000 -0.000
635.234 0.000 -0.000 0.000 0.000 -0.000 -0.000
635.335 0.000 -0.000 0.000 0.000 -0.000 -0.000
635.435 0.000 -0.000 0.000 0.000 -0.000 -0.000
635.535 0.000 -0.000 0.000 0.000 -0.000 -0.000
635.635 0.000 -0.000 0.000 0.000 -0.000 -0.000
635.737 0.000 -0.000 0.000 0.000 -0.000 -0.000
635.835 0.000 -0.000 0.000 0.000 -0.000 -0.000
635.935 0.000 -0.000 0.000 0.000 -0.000 -0.000
636.035 0.000 -0.000 0.000 0.000 -0.000 -0.000
636.136 0.000 -0.000 0.000 0.000 -0.000 -0.000
636.235 0.000 -0.000 0.000 0.000 -0.000 -0.000
636.335 0.000 -0.000 0.000 0.000 -0.000 -0.000
636.435 0.000 -0.000 0.000 0.000 -0.000 -0.000
636.535 0.000 -0.000 0.000 0.000 -0.000 -0.000
636.635 0.000 -0.000 0.000 0.000 -0.000 -0.000
636.735 0.000 -0.000 0.000 0.000 -0.000 -0.000
636.834 0.000 -0.000 0.000 0.000 -0.000 -0.000
636.935 0.000 -0.000 0.000 0.000 -0.000 -0.000
637.035 0.000 -0.000 0.000 0.000 -0.000 -0.000
637.135 0.000 -0.000 0.000 0.000 -0.000 -0.000
637.235 0.000 -0.000 0.000 0.000 -0.000 -0.000
637.335 0.000 -0.000 0.000 0.000 -0.000 -0.000
637.435 0.000 -0.000 0.000 0.000 -0.000 -0.000
637.535 0.000 -0.000 0.000 0.000 -0.000 -0.000
637.635 0.000 -0.000 0.000 0.000 -0.000 -0.000
637.735 0.000 -0.000 0.000 0.000 -0.000 -0.000
637.835 0.000 -0.000 0.000 0.000 -0.000 -0.000
637.935 0.000 -0.000 0.000 0.000 -0.000 -0.000
638.035 0.000 -0.000 0.000 0.000 -0.000 -0.000
638.135 0.000 -0.000 0.000 0.000 -0.000 -0.000
638.236 0.000 -0.000 0.000 0.000 -0.000 -0.000
638.335 0.000 -0.000 0.000 0.000 -0.000 -0.000
638.435 0.000 -0.000 0.000 0.000 -0.000 -0.000
638.535 0.000 -0.000 0.000 0.000 -0.000 -0.000
638.635 0.000 -0.000 0.000 0.000 -0.000 -0.000
638.735 0.000 -0.000 0.000 0.000 -0.000 -0.000
638.835 0.000 -0.000 0.000 0.000 -0.000 -0.000
638.935 0.000 -0.000 0.000 0.000 -0.000 -0.000
639.035 0.000 -0.000 0.000 0.000 -0.000 -0.000
639.135 0.000 -0.000 0.000 0.000 -0.000 -0.000
639.235 0.000 -0.000 0.000 0.000 -0.000 -0.000
639.334 0.000 -0.000 0.000 0.000 -0.000 -0.000
639.434 0.000 -0.000 0.000 0.000 -0.000 -0.000
639.534 0.000 -0.000 0.000 0.000 -0.000 -0.000
639.635 0.000 -0.000 0.000 0.000 -0.000 -0.000
639.734 0.000 -0.000 0.000 0.000 -0.000 -0.000
639.836 0.000 -0.000 0.000 0.000 -0.000 -0.000
639.935 0.000 -0.000 0.000 0.000 -0.000 -0.000
640.034 0.000 -0.000 0.000 0.000 -0.000 -0.000
640.134 0.000 -0.000 0.000 0.000 -0.000 -0.000
640.234 0.000 -0.000 0.000 0.000 -0.000 -0.000
640.334 0.000 -0.000 0.000 0.000 -0.000 -0.000
640.434 0.000 -0.000 0.000 0.000 -0.000 -0.000
640.536 0.000 -0.000 0.000 0.000 -0.000 -0.000
640.635 0.000 -0.000 0.000 0.000 -0.000 -0.000
640.735 0.000 -0.000 0.000 0.000 -0.000 -0.000
640.834 0.000 -0.000 0.000 0.000 -0.000 -0.000
640.934 0.000 -0.000 0.000 0.000 -0.000 -0.000
641.034 0.000 -0.000 0.000 0.000 -0.000 -0.000
641.135 0.000 -0.000 0.000 0.000 -0.000 -0.000
641.234 0.000 -0.000 0.000 0.000 -0.000 -0.000
641.335 0.000 -0.000 0.000 0.000 -0.000 -0.000
641.434 0.000 -0.000 0.000 0.000 -0.000 -0.000
641.535 0.000 -0.000 0.000 0.000 -0.000 -0.000
641.635 0.000 -0.000 0.000 0.000 -0.000 -0.000
641.735 0.000 -0.000 0.000 0.000 -0.000 -0.000
641.835 0.000 -0.000 0.000 0.000 -0.000 -0.000
641.935 0.000 -0.000 0.000 0.000 -0.000 -0.000
642.035 0.000 -0.000 0.000 0.000 -0.000 -0.000
642.135 0.000 -0.000 0.000 0.000 -0.000 -0.000
642.235 0.000 -0.000 0.000 0.000 -0.000 -0.000
642.334 0.000 -0.000 0.000 0.000 -0.000 -0.000
642.435 0.000 -0.000 0.000 0.000 -0.000 -0.000
642.535 0.000 -0.000 0.000 0.000 -0.000 -0.000
642.635 0.000 -0.000 0.000 0.000 -0.000 -0.000
642.738 0.000 -0.000 0.000 0.000 -0.000 -0.000
642.836 0.000 -0.000 0.000 0.000 -0.000 -0.000
642.935 0.000 -0.000 0.000 0.000 -0.000 -0.000
643.034 0.000 -0.000 0.000 0.000 -0.000 -0.000
643.139 0.000 -0.000 0.000 0.000 -0.000 -0.000
643.235 0.000 -0.000 0.000 0.000 -0.000 -0.000
643.335 0.000 -0.000 0.000 0.000 -0.000 -0.000
643.435 0.000 -0.000 0.000 0.000 -0.000 -0.000
643.535 0.000 -0.000 0.000 0.000 -0.000 -0.000
643.635 0.000 -0.000 0.000 0.000 -0.000 -0.000
643.734 0.000 -0.000 0.000 0.000 -0.000 -0.000
643.835 0.000 -0.000 0.000 0.000 -0.000 -0.000
643.934 0.000 -0.000 0.000 0.000 -0.000 -0.000
644.035 0.000 -0.000 0.000 0.000 -0.000 -0.000
644.135 0.000 -0.000 0.000 0.000 -0.000 -0.000
644.235 0.000 -0.000 0.000 0.000 -0.000 -0.000
644.335 0.000 -0.000 0.000 0.000 -0.000 -0.000
644.436 0.000 -0.000 0.000 0.000 -0.000 -0.000
644.534 0.000 -0.000 0.000 0.000 -0.000 -0.000
644.634 0.000 -0.000 0.000 0.000 -0.000 -0.000
644.735 0.000 -0.000 0.000 0.000 -0.000 -0.000
644.835 0.000 -0.000 0.000 0.000 -0.000 -0.000
644.935 0.000 -0.000 0.000 0.000 -0.000 -0.000
645.035 0.000 -0.000 0.000 0.000 -0.000 -0.000
645.135 0.000 -0.000 0.000 0.000 -0.000 -0.000
645.235 0.000 -0.000 0.000 0.000 -0.000 -0.000
645.337 0.000 -0.000 0.000 0.000 -0.000 -0.000
645.435 0.000 -0.000 0.000 0.000 -0.000 -0.000
645.535 0.000 -0.000 0.000 0.000 -0.000 -0.000
645.635 0.000 -0.000 0.000 0.000 -0.000 -0.000
645.735 0.000 -0.000 0.000 0.000 -0.000 -0.000
645.835 0.000 -0.000 0.000 0.000 -0.000 -0.000
645.935 0.000 -0.000 0.000 0.000 -0.000 -0.000
646.035 0.000 -0.000 0.000 0.000 -0.000 -0.000
646.135 0.000 -0.000 0.000 0.000 -0.000 -0.000
646.235 0.000 -0.000 0.000 0.000 -0.000 -0.000
646.335 0.000 -0.000 0.000 0.000 -0.000 -0.000
646.435 0.000 -0.000 0.000 0.000 -0.000 -0.000
646.535 0.000 -0.000 0.000 0.000 -0.000 -0.000
646.635 0.000 -0.000 0.000 0.000 -0.000 -0.000
646.735 0.000 -0.000 0.000 0.000 -0.000 -0.000
646.835 0.000 -0.000 0.000 0.000 -0.000 -0.000
646.935 0.000 -0.000 0.000 0.000 -0.000 -0.000
647.035 0.000 -0.000 0.000 0.000 -0.000 -0.000
647.135 0.000 -0.000 0.000 0.000 -0.000 -0.000
647.235 0.000 -0.000 0.000 0.000 -0.000 -0.000
647.335 0.000 -0.000 0.000 0.000 -0.000 -0.000
647.435 0.000 -0.000 0.000 0.000 -0.000 -0.000
647.535 0.000 -0.000 0.000 0.000 -0.000 -0.000
647.635 0.000 -0.000 0.000 0.000 -0.000 -0.000
647.735 0.000 -0.000 0.000 0.000 -0.000 -0.000
647.835 0.000 -0.000 0.000 0.000 -0.000 -0.000
647.935 0.000 -0.000 0.000 0.000 -0.000 -0.000
648.038 0.000 -0.000 0.000 0.000 -0.000 -0.000
648.135 0.000 -0.000 0.000 0.000 -0.000 -0.000
648.234 0.000 -0.000 0.000 0.000 -0.000 -0.000
648.335 0.000 -0.000 0.000 0.000 -0.000 -0.000
648.435 0.000 -0.000 0.000 0.000 -0.000 -0.000
648.535 0.000 -0.000 0.000 0.000 -0.000 -0.000
648.635 0.000 -0.000 0.000 0.000 -0.000 -0.000
648.734 0.000 -0.000 0.000 0.000 -0.000 -0.000
648.835 0.000 -0.000 0.000 0.000 -0.000 -0.000
648.935 0.000 -0.000 0.000 0.000 -0.000 -0.000
649.036 0.000 -0.000 0.000 0.000 -0.000 -0.000
649.135 0.000 -0.000 0.000 0.000 -0.000 -0.000
649.234 0.000 -0.000 0.000 0.000 -0.000 -0.000
649.335 0.000 -0.000 0.000 0.000 -0.000 -0.000
649.435 0.000 -0.000 0.000 0.000 -0.000 -0.000
649.535 0.000 -0.000 0.000 0.000 -0.000 -0.000
649.635 0.000 -0.000 0.000 0.000 -0.000 -0.000
649.735 0.000 -0.000 0.000 0.000 -0.000 -0.000
649.835 0.000 -0.000 0.000 0.000 -0.000 -0.000
649.935 0.000 -0.000 0.000 0.000 -0.000 -0.000
650.035 0.000 -0.000 0.000 0.000 -0.000 -0.000
650.135 0.000 -0.000 0.000 0.000 -0.000 -0.000
650.235 0.000 -0.000 0.000 0.000 -0.000 -0.000
650.335 0.000 -0.000 0.000 0.000 -0.000 -0.000
650.435 0.000 -0.000 0.000 0.000 -0.000 -0.000
650.535 0.000 -0.000 0.000 0.000 -0.000 -0.000
650.635 0.000 -0.000 0.000 0.000 -0.000 -0.000
650.735 0.000 -0.000 0.000 0.000 -0.000 -0.000
650.835 0.000 -0.000 0.000 0.000 -0.000 -0.000
650.935 0.000 -0.000 0.000 0.000 -0.000 -0.000
651.039 0.000 -0.000 0.000 0.000 -0.000 -0.000
651.135 0.000 -0.000 0.000 0.000 -0.000 -0.000
651.235 0.000 -0.000 0.000 0.000 -0.000 -0.000
651.335 0.000 -0.000 0.000 0.000 -0.000 -0.000
651.435 0.000 -0.000 0.000 0.000 -0.000 -0.000
651.539 0.000 -0.000 0.000 0.000 -0.000 -0.000
651.635 0.000 -0.000 0.000 0.000 -0.000 -0.000
651.735 0.000 -0.000 0.000 0.000 -0.000 -0.000
651.834 0.000 -0.000 0.000 0.000 -0.000 -0.000
651.934 0.000 -0.000 0.000 0.000 -0.000 -0.000
652.034 0.000 -0.000 0.000 0.000 -0.000 -0.000
652.135 0.000 -0.000 0.000 0.000 -0.000 -0.000
652.235 0.000 -0.000 0.000 0.000 -0.000 -0.000
652.335 0.000 -0.000 0.000 0.000 -0.000 -0.000
652.435 0.000 -0.000 0.000 0.000 -0.000 -0.000
652.535 0.000 -0.000 0.000 0.000 -0.000 -0.000
652.635 0.000 -0.000 0.000 0.000 -0.000 -0.000
652.735 0.000 -0.000 0.000 0.000 -0.000 -0.000
652.835 0.000 -0.000 0.000 0.000 -0.000 -0.000
652.935 0.000 -0.000 0.000 0.000 -0.000 -0.000
653.035 0.000 -0.000 0.000 0.000 -0.000 -0.000
653.135 0.000 -0.000 0.000 0.000 -0.000 -0.000
653.235 0.000 -0.000 0.000 0.000 -0.000 -0.000
653.335 0.000 -0.000 0.000 0.000 -0.000 -0.000
653.438 0.000 -0.000 0.000 0.000 -0.000 -0.000
653.534 0.000 -0.000 0.000 0.000 -0.000 -0.000
653.634 0.000 -0.000 0.000 0.000 -0.000 -0.000
653.738 0.000 -0.000 0.000 0.000 -0.000 -0.000
653.835 0.000 -0.000 0.000 0.000 -0.000 -0.000
653.935 0.000 -0.000 0.000 0.000 -0.000 -0.000
654.035 0.000 -0.000 0.000 0.000 -0.000 -0.000
654.135 0.000 -0.000 0.000 0.000 -0.000 -0.000
654.235 0.000 -0.000 0.000 0.000 -0.000 -0.000
654.335 0.000 -0.000 0.000 0.000 -0.000 -0.000
654.435 0.000 -0.000 0.000 0.000 -0.000 -0.000
654.534 0.000 -0.000 0.000 0.000 -0.000 -0.000
654.635 0.000 -0.000 0.000 0.000 -0.000 -0.000
654.735 0.000 -0.000 0.000 0.000 -0.000 -0.000
654.838 0.000 -0.000 0.000 0.000 -0.000 -0.000
654.935 0.000 -0.000 0.000 0.000 -0.000 -0.000
655.035 0.000 -0.000 0.000 0.000 -0.000 -0.000
655.134 0.000 -0.000 0.000 0.000 -0.000 -0.000
655.235 0.000 -0.000 0.000 0.000 -0.000 -0.000
655.336 0.000 -0.000 0.000 0.000 -0.000 -0.000
655.435 0.000 -0.000 0.000 0.000 -0.000 -0.000
655.536 0.000 -0.000 0.000 0.000 -0.000 -0.000
655.635 0.000 -0.000 0.000 0.000 -0.000 -0.000
655.736 0.000 -0.000 0.000 0.000 -0.000 -0.000
655.835 0.000 -0.000 0.000 0.000 -0.000 -0.000
655.935 0.000 -0.000 0.000 0.000 -0.000 -0.000
656.034 0.000 -0.000 0.000 0.000 -0.000 -0.000
656.135 0.000 -0.000 0.000 0.000 -0.000 -0.000
656.237 0.000 -0.000 0.000 0.000 -0.000 -0.000
656.335 0.000 -0.000 0.000 0.000 -0.000 -0.000
656.435 0.000 -0.000 0.000 0.000 -0.000 -0.000
656.535 0.000 -0.000 0.000 0.000 -0.000 -0.000
656.634 0.000 -0.000 0.000 0.000 -0.000 -0.000
656.735 0.000 -0.000 0.000 0.000 -0.000 -0.000
656.835 0.000 -0.000 0.000 0.000 -0.000 -0.000
656.936 0.000 -0.000 0.000 0.000 -0.000 -0.000
657.035 0.000 -0.000 0.000 0.000 -0.000 -0.000
657.135 0.000 -0.000 0.000 0.000 -0.000 -0.000
657.235 0.000 -0.000 0.000 0.000 -0.000 -0.000
657.335 0.000 -0.000 0.000 0.000 -0.000 -0.000
657.435 0.000 -0.000 0.000 0.000 -0.000 -0.000
657.535 0.000 -0.000 0.000 0.000 -0.000 -0.000
657.635 0.000 -0.000 0.000 0.000 -0.000 -0.000
657.735 0.000 -0.000 0.000 0.000 -0.000 -0.000
657.835 0.000 -0.000 0.000 0.000 -0.000 -0.000
657.935 0.000 -0.000 0.000 0.000 -0.000 -0.000
658.035 0.000 -0.000 0.000 0.000 -0.000 -0.000
658.135 0.000 -0.000 0.000 0.000 -0.000 -0.000
658.235 0.000 -0.000 0.000 0.000 -0.000 -0.000
658.335 0.000 -0.000 0.000 0.000 -0.000 -0.000
658.434 0.000 -0.000 0.000 0.000 -0.000 -0.000
658.535 0.000 -0.000 0.000 0.000 -0.000 -0.000
658.635 0.000 -0.000 0.000 0.000 -0.000 -0.000
658.735 0.000 -0.000 0.000 0.000 -0.000 -0.000
658.836 0.000 -0.000 0.000 0.000 -0.000 -0.000
658.935 0.000 -0.000 0.000 0.000 -0.000 -0.000
659.035 0.000 -0.000 0.000 0.000 -0.000 -0.000
659.135 0.000 -0.000 0.000 0.000 -0.000 -0.000
659.235 0.000 -0.000 0.000 0.000 -0.000 -0.000
659.335 0.000 -0.000 0.000 0.000 -0.000 -0.000
659.435 0.000 -0.000 0.000 0.000 -0.000 -0.000
659.535 0.000 -0.000 0.000 0.000 -0.000 -0.000
659.635 0.000 -0.000 0.000 0.000 -0.000 -0.000
659.734 0.000 -0.000 0.000 0.000 -0.000 -0.000
659.835 0.000 -0.000 0.000 0.000 -0.000 -0.000
659.935 0.000 -0.000 0.000 0.000 -0.000 -0.000
660.035 0.000 -0.000 0.000 0.000 -0.000 -0.000
660.134 0.000 -0.000 0.000 0.000 -0.000 -0.000
660.235 0.000 -0.000 0.000 0.000 -0.000 -0.000
660.335 0.000 -0.000 0.000 0.000 -0.000 -0.000
660.434 0.000 -0.000 0.000 0.000 -0.000 -0.000
660.534 0.000 -0.000 0.000 0.000 -0.000 -0.000
660.634 0.000 -0.000 0.000 0.000 -0.000 -0.000
660.737 0.000 -0.000 0.000 0.000 -0.000 -0.000
660.834 0.000 -0.000 0.000 0.000 -0.000 -0.000
660.935 0.000 -0.000 0.000 0.000 -0.000 -0.000
661.034 0.000 -0.000 0.000 0.000 -0.000 -0.000
661.135 0.000 -0.000 0.000 0.000 -0.000 -0.000
661.235 0.000 -0.000 0.000 0.000 -0.000 -0.000
661.338 0.000 -0.000 0.000 0.000 -0.000 -0.000
661.447 0.000 -0.000 0.000 0.000 -0.000 -0.000
661.535 0.000 -0.000 0.000 0.000 -0.000 -0.000
661.635 0.000 -0.000 0.000 0.000 -0.000 -0.000
661.735 0.000 -0.000 0.000 0.000 -0.000 -0.000
661.835 0.000 -0.000 0.000 0.000 -0.000 -0.000
661.935 0.000 -0.000 0.000 0.000 -0.000 -0.000
662.036 0.000 -0.000 0.000 0.000 -0.000 -0.000
662.135 0.000 -0.000 0.000 0.000 -0.000 -0.000
662.235 0.000 -0.000 0.000 0.000 -0.000 -0.000
662.335 0.000 -0.000 0.000 0.000 -0.000 -0.000
662.435 0.000 -0.000 0.000 0.000 -0.000 -0.000
662.535 0.000 -0.000 0.000 0.000 -0.000 -0.000
662.635 0.000 -0.000 0.000 0.000 -0.000 -0.000
662.735 0.000 -0.000 0.000 0.000 -0.000 -0.000
662.835 0.000 -0.000 0.000 0.000 -0.000 -0.000
662.935 0.000 -0.000 0.000 0.000 -0.000 -0.000
663.035 0.000 -0.000 0.000 0.000 -0.000 -0.000
663.135 0.000 -0.000 0.000 0.000 -0.000 -0.000
663.235 0.000 -0.000 0.000 0.000 -0.000 -0.000
663.335 0.000 -0.000 0.000 0.000 -0.000 -0.000
663.435 0.000 -0.000 0.000 0.000 -0.000 -0.000
663.535 0.000 -0.000 0.000 0.000 -0.000 -0.000
663.635 0.000 -0.000 0.000 0.000 -0.000 -0.000
663.735 0.000 -0.000 0.000 0.000 -0.000 -0.000
663.836 0.000 -0.000 0.000 0.000 -0.000 -0.000
663.935 0.000 -0.000 0.000 0.000 -0.000 -0.000
664.035 0.000 -0.000 0.000 0.000 -0.000 -0.000
664.135 0.000 -0.000 0.000 0.000 -0.000 -0.000
664.235 0.000 -0.000 0.000 0.000 -0.000 -0.000
664.335 0.000 -0.000 0.000 0.000 -0.000 -0.000
664.435 0.000 -0.000 0.000 0.000 -0.000 -0.000
664.535 0.000 -0.000 0.000 0.000 -0.000 -0.000
664.635 0.000 -0.000 0.000 0.000 -0.000 -0.000
664.735 0.000 -0.000 0.000 0.000 -0.000 -0.000
664.835 0.000 -0.000 0.000 0.000 -0.000 -0.000
664.935 0.000 -0.000 0.000 0.000 -0.000 -0.000
665.035 0.000 -0.000 0.000 0.000 -0.000 -0.000
665.135 0.000 -0.000 0.000 0.000 -0.000 -0.000
665.235 0.000 -0.000 0.000 0.000 -0.000 -0.000
665.335 0.000 -0.000 0.000 0.000 -0.000 -0.000
665.436 0.000 -0.000 0.000 0.000 -0.000 -0.000
665.535 0.000 -0.000 0.000 0.000 -0.000 -0.000
665.635 0.000 -0.000 0.000 0.000 -0.000 -0.000
665.739 0.000 -0.000 0.000 0.000 -0.000 -0.000
665.835 0.000 -0.000 0.000 0.000 -0.000 -0.000
665.935 0.000 -0.000 0.000 0.000 -0.000 -0.000
666.036 0.000 -0.000 0.000 0.000 -0.000 -0.000
666.135 0.000 -0.000 0.000 0.000 -0.000 -0.000
666.235 0.000 -0.000 0.000 0.000 -0.000 -0.000
666.335 0.000 -0.000 0.000 0.000 -0.000 -0.000
666.435 0.000 -0.000 0.000 0.000 -0.000 -0.000
666.535 0.000 -0.000 0.000 0.000 -0.000 -0.000
666.635 0.000 -0.000 0.000 0.000 -0.000 -0.000
666.735 0.000 -0.000 0.000 0.000 -0.000 -0.000
666.836 0.000 -0.000 0.000 0.000 -0.000 -0.000
666.935 0.000 -0.000 0.000 0.000 -0.000 -0.000
667.034 0.000 -0.000 0.000 0.000 -0.000 -0.000
667.135 0.000 -0.000 0.000 0.000 -0.000 -0.000
667.235 0.000 -0.000 0.000 0.000 -0.000 -0.000
667.334 0.000 -0.000 0.000 0.000 -0.000 -0.000
667.435 0.000 -0.000 0.000 0.000 -0.000 -0.000
667.535 0.000 -0.000 0.000 0.000 -0.000 -0.000
667.635 0.000 -0.000 0.000 0.000 -0.000 -0.000
667.736 0.000 -0.000 0.000 0.000 -0.000 -0.000
667.835 0.000 -0.000 0.000 0.000 -0.000 -0.000
667.935 0.000 -0.000 0.000 0.000 -0.000 -0.000
668.035 0.000 -0.000 0.000 0.000 -0.000 -0.000
668.135 0.000 -0.000 0.000 0.000 -0.000 -0.000
668.235 0.000 -0.000 0.000 0.000 -0.000 -0.000
668.335 0.000 -0.000 0.000 0.000 -0.000 -0.000
668.435 0.000 -0.000 0.000 0.000 -0.000 -0.000
668.534 0.000 -0.000 0.000 0.000 -0.000 -0.000
668.634 0.000 -0.000 0.000 0.000 -0.000 -0.000
668.735 0.000 -0.000 0.000 0.000 -0.000 -0.000
668.835 0.000 -0.000 0.000 0.000 -0.000 -0.000
668.936 0.000 -0.000 0.000 0.000 -0.000 -0.000
669.035 0.000 -0.000 0.000 0.000 -0.000 -0.000
669.134 0.000 -0.000 0.000 0.000 -0.000 -0.000
669.243 0.000 -0.000 0.000 0.000 -0.000 -0.000
669.335 0.000 -0.000 0.000 0.000 -0.000 -0.000
669.434 0.000 -0.000 0.000 0.000 -0.000 -0.000
669.535 0.000 -0.000 0.000 0.000 -0.000 -0.000
669.635 0.000 -0.000 0.000 0.000 -0.000 -0.000
669.735 0.000 -0.000 0.000 0.000 -0.000 -0.000
669.835 0.000 -0.000 0.000 0.000 -0.000 -0.000
669.935 0.000 -0.000 0.000 0.000 -0.000 -0.000
670.035 0.000 -0.000 0.000 0.000 -0.000 -0.000
670.135 0.000 -0.000 0.000 0.000 -0.000 -0.000
670.235 0.000 -0.000 0.000 0.000 -0.000 -0.000
670.335 0.000 -0.000 0.000 0.000 -0.000 -0.000
670.435 0.000 -0.000 0.000 0.000 -0.000 -0.000
670.535 0.000 -0.000 0.000 0.000 -0.000 -0.000
670.635 0.000 -0.000 0.000 0.000 -0.000 -0.000
670.735 0.000 -0.000 0.000 0.000 -0.000 -0.000
670.835 0.000 -0.000 0.000 0.000 -0.000 -0.000
670.935 0.000 -0.000 0.000 0.000 -0.000 -0.000
671.035 0.000 -0.000 0.000 0.000 -0.000 -0.000
671.135 0.000 -0.000 0.000 0.000 -0.000 -0.000
671.234 0.000 -0.000 0.000 0.000 -0.000 -0.000
671.334 0.000 -0.000 0.000 0.000 -0.000 -0.000
671.435 0.000 -0.000 0.000 0.000 -0.000 -0.000
671.536 0.000 -0.000 0.000 0.000 -0.000 -0.000
671.635 0.000 -0.000 0.000 0.000 -0.000 -0.000
671.737 0.000 -0.000 0.000 0.000 -0.000 -0.000
671.835 0.000 -0.000 0.000 0.000 -0.000 -0.000
671.935 0.000 -0.000 0.000 0.000 -0.000 -0.000
672.035 0.000 -0.000 0.000 0.000 -0.000 -0.000
672.135 0.000 -0.000 0.000 0.000 -0.000 -0.000
672.235 0.000 -0.000 0.000 0.000 -0.000 -0.000
672.335 0.000 -0.000 0.000 0.000 -0.000 -0.000
672.435 0.000 -0.000 0.000 0.000 -0.000 -0.000
672.542 0.000 -0.000 0.000 0.000 -0.000 -0.000
672.635 0.000 -0.000 0.000 0.000 -0.000 -0.000
672.735 0.000 -0.000 0.000 0.000 -0.000 -0.000
672.835 0.000 -0.000 0.000 0.000 -0.000 -0.000
672.935 0.000 -0.000 0.000 0.000 -0.000 -0.000
673.035 0.000 -0.000 0.000 0.000 -0.000 -0.000
673.135 0.000 -0.000 0.000 0.000 -0.000 -0.000
673.235 0.000 -0.000 0.000 0.000 -0.000 -0.000
673.335 0.000 -0.000 0.000 0.000 -0.000 -0.000
673.435 0.000 -0.000 0.000 0.000 -0.000 -0.000
673.535 0.000 -0.000 0.000 0.000 -0.000 -0.000
673.635 0.000 -0.000 0.000 0.000 -0.000 -0.000
673.735 0.000 -0.000 0.000 0.000 -0.000 -0.000
673.835 0.000 -0.000 0.000 0.000 -0.000 -0.000
673.935 0.000 -0.000 0.000 0.000 -0.000 -0.000
674.037 0.000 -0.000 0.000 0.000 -0.000 -0.000
674.136 0.000 -0.000 0.000 0.000 -0.000 -0.000
674.235 0.000 -0.000 0.000 0.000 -0.000 -0.000
674.335 0.000 -0.000 0.000 0.000 -0.000 -0.000
674.435 0.000 -0.000 0.000 0.000 -0.000 -0.000
674.535 0.000 -0.000 0.000 0.000 -0.000 -0.000
674.635 0.000 -0.000 0.000 0.000 -0.000 -0.000
674.735 0.000 -0.000 0.000 0.000 -0.000 -0.000
674.835 0.000 -0.000 0.000 0.000 -0.000 -0.000
674.935 0.000 -0.000 0.000 0.000 -0.000 -0.000
675.035 0.000 -0.000 0.000 0.000 -0.000 -0.000
675.135 0.000 -0.000 0.000 0.000 -0.000 -0.000
675.235 0.000 -0.000 0.000 0.000 -0.000 -0.000
675.335 0.000 -0.000 0.000 0.000 -0.000 -0.000
675.435 0.000 -0.000 0.000 0.000 -0.000 -0.000
675.535 0.000 -0.000 0.000 0.000 -0.000 -0.000
675.635 0.000 -0.000 0.000 0.000 -0.000 -0.000
675.735 0.000 -0.000 0.000 0.000 -0.000 -0.000
675.835 0.000 -0.000 0.000 0.000 -0.000 -0.000
675.935 0.000 -0.000 0.000 0.000 -0.000 -0.000
676.035 0.000 -0.000 0.000 0.000 -0.000 -0.000
676.135 0.000 -0.000 0.000 0.000 -0.000 -0.000
676.235 0.000 -0.000 0.000 0.000 -0.000 -0.000
676.335 0.000 -0.000 0.000 0.000 -0.000 -0.000
676.438 0.000 -0.000 0.000 0.000 -0.000 -0.000
676.535 0.000 -0.000 0.000 0.000 -0.000 -0.000
676.635 0.000 -0.000 0.000 0.000 -0.000 -0.000
676.735 0.000 -0.000 0.000 0.000 -0.000 -0.000
676.835 0.000 -0.000 0.000 0.000 -0.000 -0.000
676.935 0.000 -0.000 0.000 0.000 -0.000 -0.000
677.035 0.000 -0.000 0.000 0.000 -0.000 -0.000
677.138 0.000 -0.000 0.000 0.000 -0.000 -0.000
677.235 0.000 -0.000 0.000 0.000 -0.000 -0.000
677.335 0.000 -0.000 0.000 0.000 -0.000 -0.000
677.434 0.000 -0.000 0.000 0.000 -0.000 -0.000
677.534 0.000 -0.000 0.000 0.000 -0.000 -0.000
677.634 0.000 -0.000 0.000 0.000 -0.000 -0.000
677.734 0.000 -0.000 0.000 0.000 -0.000 -0.000
677.834 0.000 -0.000 0.000 0.000 -0.000 -0.000
677.935 0.000 -0.000 0.000 0.000 -0.000 -0.000
678.034 0.000 -0.000 0.000 0.000 -0.000 -0.000
678.135 0.000 -0.000 0.000 0.000 -0.000 -0.000
678.235 0.000 -0.000 0.000 0.000 -0.000 -0.000
678.334 0.000 -0.000 0.000 0.000 -0.000 -0.000
678.435 0.000 -0.000 0.000 0.000 -0.000 -0.000
678.536 0.000 -0.000 0.000 0.000 -0.000 -0.000
678.635 0.000 -0.000 0.000 0.000 -0.000 -0.000
678.735 0.000 -0.000 0.000 0.000 -0.000 -0.000
678.836 0.000 -0.000 0.000 0.000 -0.000 -0.000
678.936 0.000 -0.000 0.000 0.000 -0.000 -0.000
679.035 0.000 -0.000 0.000 0.000 -0.000 -0.000
679.135 0.000 -0.000 0.000 0.000 -0.000 -0.000
679.235 0.000 -0.000 0.000 0.000 -0.000 -0.000
679.335 0.000 -0.000 0.000 0.000 -0.000 -0.000
679.435 0.000 -0.000 0.000 0.000 -0.000 -0.000
679.535 0.000 -0.000 0.000 0.000 -0.000 -0.000
679.635 0.000 -0.000 0.000 0.000 -0.000 -0.000
679.736 0.000 -0.000 0.000 0.000 -0.000 -0.000
679.835 0.000 -0.000 0.000 0.000 -0.000 -0.000
679.937 0.000 -0.000 0.000 0.000 -0.000 -0.000
680.035 0.000 -0.000 0.000 0.000 -0.000 -0.000
680.135 0.000 -0.000 0.000 0.000 -0.000 -0.000
680.235 0.000 -0.000 0.000 0.000 -0.000 -0.000
680.335 0.000 -0.000 0.000 0.000 -0.000 -0.000
680.435 0.000 -0.000 0.000 0.000 -0.000 -0.000
680.536 0.000 -0.000 0.000 0.000 -0.000 -0.000
680.635 0.000 -0.000 0.000 0.000 -0.000 -0.000
680.735 0.000 -0.000 0.000 0.000 -0.000 -0.000
680.835 0.000 -0.000 0.000 0.000 -0.000 -0.000
680.935 0.000 -0.000 0.000 0.000 -0.000 -0.000
681.035 0.000 -0.000 0.000 0.000 -0.000 -0.000
681.135 0.000 -0.000 0.000 0.000 -0.000 -0.000
681.238 0.000 -0.000 0.000 0.000 -0.000 -0.000
