%x y z
nan nan nan
-0.582 -0.483 0.394
-0.576 -0.481 0.380
-0.568 -0.478 0.365
-0.562 -0.477 0.350
-0.556 -0.476 0.335
-0.551 -0.474 0.319
-0.546 -0.473 0.303
-0.542 -0.473 0.287
-0.537 -0.472 0.270
-0.536 -0.475 0.252
-0.532 -0.472 0.235
-0.528 -0.473 0.217
-0.526 -0.473 0.200
-0.523 -0.473 0.182
-0.521 -0.470 0.165
-0.519 -0.470 0.149
-0.517 -0.470 0.135
-0.514 -0.471 0.121
-0.511 -0.472 0.109
-0.509 -0.472 0.099
-0.507 -0.470 0.089
-0.505 -0.471 0.080
-0.498 -0.467 0.071
-0.499 -0.466 0.062
-0.495 -0.467 0.054
-0.492 -0.469 0.046
-0.492 -0.468 0.038
nan nan nan
-0.487 -0.465 0.028
-0.484 -0.467 0.021
-0.480 -0.466 0.014
-0.481 -0.466 0.008
-0.476 -0.463 0.002
-0.475 -0.462 -0.006
-0.475 -0.463 -0.014
-0.475 -0.462 -0.023
-0.474 -0.459 -0.033
-0.475 -0.459 -0.045
nan nan nan
nan nan nan
-0.471 -0.458 -0.064
-0.476 -0.459 -0.075
-0.477 -0.460 -0.086
-0.478 -0.462 -0.096
-0.478 -0.462 -0.106
-0.477 -0.462 -0.115
-0.477 -0.463 -0.123
-0.478 -0.465 -0.133
-0.477 -0.467 -0.143
-0.476 -0.465 -0.155
-0.478 -0.466 -0.168
-0.480 -0.468 -0.182
-0.480 -0.468 -0.196
-0.482 -0.469 -0.211
-0.483 -0.470 -0.224
-0.485 -0.470 -0.236
nan nan nan
-0.486 -0.471 -0.252
-0.487 -0.472 -0.261
-0.487 -0.472 -0.270
-0.489 -0.473 -0.279
nan nan nan
-0.489 -0.471 -0.299
-0.491 -0.474 -0.307
-0.493 -0.475 -0.313
-0.494 -0.476 -0.319
-0.493 -0.475 -0.324
-0.495 -0.478 -0.332
-0.495 -0.479 -0.339
-0.497 -0.480 -0.349
-0.499 -0.481 -0.361
-0.502 -0.483 -0.373
-0.499 -0.479 -0.385
-0.502 -0.482 -0.397
-0.503 -0.483 -0.408
-0.505 -0.484 -0.417
-0.507 -0.486 -0.426
-0.509 -0.488 -0.435
-0.511 -0.489 -0.443
-0.513 -0.491 -0.451
-0.513 -0.490 -0.458
-0.515 -0.491 -0.464
-0.516 -0.491 -0.470
-0.532 -0.500 -0.477
-0.536 -0.498 -0.482
-0.534 -0.499 -0.488
-0.539 -0.500 -0.493
-0.540 -0.499 -0.499
nan nan nan
-0.545 -0.503 -0.509
nan nan nan
nan nan nan
-0.520 -0.489 -0.543
-0.539 -0.504 -0.552
-0.541 -0.504 -0.556
-0.541 -0.505 -0.558
-0.543 -0.507 -0.560
-0.545 -0.508 -0.562
-0.544 -0.507 -0.564
-0.547 -0.505 -0.568
-0.548 -0.506 -0.570
-0.550 -0.506 -0.572
-0.552 -0.507 -0.573
-0.554 -0.508 -0.575
-0.554 -0.508 -0.576
-0.555 -0.508 -0.577
-0.558 -0.509 -0.578
-0.553 -0.508 -0.577
-0.564 -0.512 -0.581
-0.566 -0.512 -0.582
-0.560 -0.510 -0.580
-0.570 -0.513 -0.584
-0.569 -0.513 -0.583
-0.570 -0.514 -0.583
nan nan nan
-0.641 -0.513 -0.437
-0.635 -0.514 -0.426
-0.621 -0.493 -0.405
-0.619 -0.491 -0.395
-0.618 -0.490 -0.386
-0.618 -0.489 -0.378
-0.617 -0.489 -0.370
-0.615 -0.487 -0.361
-0.614 -0.486 -0.354
-0.613 -0.487 -0.348
-0.610 -0.484 -0.341
-0.609 -0.484 -0.336
-0.608 -0.484 -0.329
-0.606 -0.483 -0.322
-0.606 -0.482 -0.316
-0.605 -0.481 -0.310
-0.604 -0.481 -0.304
-0.603 -0.481 -0.298
-0.602 -0.480 -0.292
-0.601 -0.480 -0.286
-0.601 -0.482 -0.281
-0.599 -0.479 -0.274
-0.598 -0.479 -0.268
-0.598 -0.479 -0.262
-0.598 -0.481 -0.258
-0.596 -0.478 -0.251
-0.597 -0.481 -0.246
-0.598 -0.482 -0.239
-0.602 -0.485 -0.234
-0.608 -0.490 -0.228
-0.612 -0.493 -0.223
-0.617 -0.499 -0.219
-0.621 -0.503 -0.215
-0.622 -0.504 -0.209
-0.626 -0.508 -0.206
-0.627 -0.510 -0.201
-0.628 -0.511 -0.197
-0.629 -0.511 -0.192
-0.633 -0.518 -0.190
-0.638 -0.525 -0.188
-0.638 -0.524 -0.184
-0.641 -0.528 -0.180
-0.642 -0.530 -0.176
-0.645 -0.533 -0.171
-0.650 -0.538 -0.167
-0.653 -0.541 -0.163
-0.656 -0.544 -0.159
-0.658 -0.546 -0.156
-0.670 -0.555 -0.158
-0.662 -0.551 -0.148
-0.663 -0.552 -0.144
-0.665 -0.554 -0.140
-0.665 -0.554 -0.136
-0.666 -0.555 -0.132
-0.669 -0.558 -0.128
-0.671 -0.561 -0.124
-0.673 -0.563 -0.120
-0.674 -0.566 -0.116
-0.676 -0.568 -0.112
-0.678 -0.571 -0.107
-0.678 -0.570 -0.104
-0.680 -0.572 -0.100
-0.682 -0.575 -0.096
-0.685 -0.577 -0.092
-0.688 -0.580 -0.088
-0.692 -0.583 -0.084
-0.695 -0.585 -0.080
-0.698 -0.588 -0.077
-0.701 -0.591 -0.075
-0.701 -0.589 -0.072
-0.703 -0.591 -0.074
-0.705 -0.592 -0.080
nan nan nan
nan nan nan
-0.719 -0.609 -0.091
-0.721 -0.611 -0.095
-0.722 -0.614 -0.100
-0.723 -0.617 -0.107
-0.724 -0.619 -0.116
-0.725 -0.621 -0.125
-0.728 -0.625 -0.132
-0.729 -0.627 -0.139
-0.729 -0.628 -0.145
-0.729 -0.629 -0.150
-0.729 -0.630 -0.154
-0.729 -0.632 -0.158
-0.728 -0.633 -0.162
-0.727 -0.633 -0.165
-0.727 -0.633 -0.168
-0.726 -0.634 -0.172
-0.724 -0.636 -0.175
-0.722 -0.634 -0.177
-0.721 -0.633 -0.179
-0.719 -0.633 -0.181
-0.719 -0.634 -0.183
nan nan nan
nan nan nan
-0.692 -0.666 -0.066
nan nan nan
nan nan nan
nan nan nan
nan nan nan
-0.694 -0.668 -0.055
-0.694 -0.668 -0.052
-0.695 -0.669 -0.048
-0.695 -0.670 -0.045
-0.696 -0.669 -0.041
-0.696 -0.671 -0.038
-0.696 -0.671 -0.034
-0.697 -0.672 -0.030
-0.697 -0.672 -0.027
-0.698 -0.672 -0.023
-0.698 -0.674 -0.020
-0.699 -0.674 -0.016
-0.699 -0.675 -0.012
-0.700 -0.675 -0.009
-0.700 -0.676 -0.005
-0.701 -0.675 -0.002
-0.700 -0.676 0.002
-0.701 -0.677 0.006
-0.701 -0.677 0.009
-0.701 -0.678 0.013
-0.702 -0.678 0.017
-0.703 -0.678 0.021
-0.702 -0.679 0.025
-0.702 -0.679 0.029
-0.702 -0.679 0.033
-0.703 -0.680 0.036
-0.703 -0.680 0.040
-0.704 -0.681 0.044
-0.703 -0.681 0.048
-0.704 -0.680 0.052
-0.705 -0.681 0.056
-0.704 -0.682 0.060
-0.704 -0.682 0.064
-0.705 -0.682 0.067
-0.705 -0.682 0.070
-0.705 -0.683 0.071
-0.705 -0.684 0.069
-0.705 -0.685 0.066
-0.705 -0.686 0.061
-0.706 -0.688 0.055
-0.707 -0.690 0.048
-0.708 -0.692 0.040
-0.710 -0.694 0.032
-0.711 -0.697 0.021
-0.715 -0.702 0.011
nan nan nan
-0.902 -0.620 -0.163
-0.900 -0.616 -0.161
-0.896 -0.611 -0.161
-0.895 -0.608 -0.157
-0.892 -0.604 -0.156
-0.890 -0.601 -0.153
-0.887 -0.597 -0.152
-0.886 -0.594 -0.149
-0.885 -0.591 -0.146
-0.883 -0.588 -0.144
-0.881 -0.585 -0.141
-0.880 -0.582 -0.138
-0.877 -0.579 -0.136
-0.875 -0.576 -0.134
-0.873 -0.573 -0.131
-0.871 -0.570 -0.129
-0.869 -0.567 -0.126
-0.867 -0.565 -0.124
-0.865 -0.562 -0.121
-0.863 -0.560 -0.119
-0.861 -0.557 -0.117
-0.858 -0.554 -0.114
-0.856 -0.552 -0.111
-0.854 -0.549 -0.108
-0.852 -0.547 -0.106
-0.850 -0.545 -0.103
-0.848 -0.542 -0.100
-0.846 -0.540 -0.097
-0.843 -0.538 -0.097
-0.842 -0.536 -0.092
-0.840 -0.534 -0.089
nan nan nan
-0.838 -0.531 -0.085
nan nan nan
nan nan nan
-0.835 -0.528 -0.081
-0.833 -0.525 -0.078
-0.831 -0.523 -0.075
-0.830 -0.521 -0.074
-0.828 -0.519 -0.070
-0.826 -0.517 -0.067
-0.825 -0.515 -0.064
-0.823 -0.512 -0.061
nan nan nan
-0.821 -0.510 -0.058
-0.820 -0.507 -0.054
-0.818 -0.505 -0.051
-0.817 -0.503 -0.048
-0.815 -0.500 -0.044
-0.814 -0.499 -0.042
-0.812 -0.497 -0.038
-0.811 -0.495 -0.035
-0.810 -0.493 -0.032
-0.808 -0.492 -0.029
nan nan nan
-0.806 -0.488 -0.025
-0.804 -0.486 -0.023
-0.803 -0.484 -0.019
nan nan nan
-0.801 -0.482 -0.015
-0.800 -0.479 -0.012
nan nan nan
-0.798 -0.477 -0.009
-0.797 -0.475 -0.005
nan nan nan
-0.795 -0.473 -0.001
-0.794 -0.471 0.002
nan nan nan
-0.792 -0.468 0.006
-0.791 -0.466 0.009
nan nan nan
nan nan nan
-0.789 -0.464 0.014
nan nan nan
-0.788 -0.461 0.018
-0.786 -0.459 0.022
nan nan nan
nan nan nan
nan nan nan
-0.784 -0.456 0.028
nan nan nan
nan nan nan
nan nan nan
nan nan nan
-0.781 -0.452 0.035
nan nan nan
nan nan nan
nan nan nan
-0.758 -0.419 0.114
-0.757 -0.417 0.118
-0.757 -0.417 0.122
-0.756 -0.416 0.126
-0.754 -0.413 0.130
-0.753 -0.411 0.134
-0.753 -0.411 0.137
-0.752 -0.409 0.142
-0.750 -0.407 0.146
-0.750 -0.406 0.150
-0.749 -0.405 0.155
-0.748 -0.404 0.159
-0.748 -0.403 0.163
-0.747 -0.401 0.168
-0.745 -0.399 0.172
-0.746 -0.400 0.176
-0.745 -0.398 0.181
-0.744 -0.397 0.185
-0.743 -0.396 0.190
-0.743 -0.395 0.194
-0.742 -0.394 0.198
-0.742 -0.393 0.203
-0.741 -0.392 0.207
-0.740 -0.391 0.212
-0.739 -0.390 0.216
-0.739 -0.389 0.221
-0.738 -0.387 0.226
-0.737 -0.386 0.230
-0.736 -0.385 0.235
-0.736 -0.384 0.239
-0.735 -0.383 0.244
-0.734 -0.382 0.248
-0.734 -0.381 0.253
-0.733 -0.380 0.258
-0.733 -0.379 0.262
-0.732 -0.378 0.267
-0.731 -0.377 0.272
-0.730 -0.376 0.276
-0.730 -0.375 0.281
-0.729 -0.374 0.286
-0.729 -0.373 0.291
-0.728 -0.373 0.295
-0.728 -0.371 0.300
-0.726 -0.371 0.305
-0.726 -0.370 0.310
-0.725 -0.369 0.315
-0.724 -0.368 0.320
-0.724 -0.367 0.325
-0.723 -0.366 0.330
-0.723 -0.366 0.334
-0.722 -0.365 0.339
-0.722 -0.364 0.344
-0.721 -0.363 0.349
-0.720 -0.362 0.354
-0.720 -0.361 0.359
-0.719 -0.360 0.364
-0.719 -0.360 0.369
-0.718 -0.359 0.374
-0.718 -0.358 0.380
-0.720 -0.358 0.383
-0.720 -0.358 0.388
-0.720 -0.357 0.393
-0.719 -0.357 0.398
-0.717 -0.353 0.404
-0.716 -0.352 0.409
-0.716 -0.351 0.414
-0.715 -0.350 0.419
-0.715 -0.349 0.425
-0.714 -0.349 0.430
-0.714 -0.348 0.435
-0.714 -0.348 0.440
-0.713 -0.347 0.445
-0.713 -0.347 0.450
-0.713 -0.346 0.455
-0.713 -0.346 0.460
-0.712 -0.345 0.466
-0.714 -0.346 0.471
-0.711 -0.344 0.476
-0.712 -0.344 0.481
nan nan nan
-0.713 -0.344 0.488
nan nan nan
nan nan nan
-0.712 -0.342 0.497
-0.710 -0.341 0.501
-0.710 -0.341 0.507
-0.709 -0.340 0.512
-0.710 -0.340 0.518
-0.710 -0.340 0.523
-0.709 -0.339 0.528
-0.709 -0.339 0.533
-0.709 -0.338 0.539
-0.708 -0.337 0.544
-0.707 -0.337 0.549
nan nan nan
nan nan nan
-0.709 -0.337 0.559
-0.707 -0.336 0.564
-0.707 -0.336 0.570
-0.706 -0.335 0.575
-0.707 -0.335 0.580
-0.706 -0.334 0.586
nan nan nan
nan nan nan
-0.703 -0.332 0.601
-0.704 -0.333 0.606
-0.704 -0.332 0.612
-0.704 -0.332 0.617
-0.703 -0.332 0.623
nan nan nan
-0.703 -0.332 0.647
-0.702 -0.331 0.652
-0.701 -0.331 0.658
nan nan nan
-0.701 -0.330 0.667
nan nan nan
nan nan nan
-0.701 -0.330 0.686
-0.700 -0.329 0.691
-0.700 -0.329 0.696
-0.699 -0.329 0.702
-0.699 -0.329 0.708
-0.699 -0.329 0.713
-0.700 -0.331 0.718
-0.700 -0.330 0.724
nan nan nan
-0.747 -0.345 0.540
-0.747 -0.344 0.535
-0.747 -0.344 0.528
-0.747 -0.343 0.521
-0.746 -0.342 0.512
-0.746 -0.341 0.503
-0.746 -0.340 0.492
-0.746 -0.339 0.481
-0.746 -0.339 0.473
-0.746 -0.338 0.465
-0.746 -0.338 0.457
-0.746 -0.339 0.451
-0.748 -0.339 0.444
-0.749 -0.338 0.436
-0.750 -0.336 0.427
-0.751 -0.334 0.418
-0.752 -0.332 0.408
-0.752 -0.331 0.397
-0.753 -0.330 0.384
-0.754 -0.329 0.373
-0.755 -0.328 0.364
-0.755 -0.329 0.355
-0.754 -0.329 0.347
-0.753 -0.326 0.339
-0.754 -0.327 0.333
-0.753 -0.326 0.325
-0.752 -0.324 0.317
-0.751 -0.322 0.308
-0.750 -0.321 0.300
-0.751 -0.321 0.293
-0.752 -0.320 0.286
-0.751 -0.320 0.279
-0.748 -0.320 0.272
-0.747 -0.320 0.267
-0.747 -0.320 0.261
-0.745 -0.319 0.256
-0.742 -0.319 0.251
-0.742 -0.320 0.245
-0.740 -0.321 0.241
-0.738 -0.322 0.236
-0.737 -0.324 0.231
-0.736 -0.324 0.226
-0.734 -0.325 0.221
-0.732 -0.326 0.216
-0.731 -0.326 0.212
-0.729 -0.325 0.208
-0.727 -0.325 0.205
-0.725 -0.324 0.201
-0.723 -0.323 0.197
-0.722 -0.323 0.192
-0.720 -0.322 0.187
-0.718 -0.321 0.183
-0.717 -0.321 0.178
-0.715 -0.319 0.176
-0.713 -0.319 0.173
-0.712 -0.320 0.170
-0.712 -0.320 0.165
-0.710 -0.320 0.160
-0.709 -0.320 0.155
-0.708 -0.319 0.151
-0.707 -0.319 0.147
-0.707 -0.318 0.143
-0.706 -0.317 0.139
-0.705 -0.316 0.136
-0.704 -0.315 0.132
-0.703 -0.314 0.129
-0.702 -0.313 0.126
-0.702 -0.311 0.123
-0.701 -0.310 0.120
-0.700 -0.308 0.117
-0.699 -0.307 0.114
-0.699 -0.305 0.112
-0.698 -0.304 0.109
-0.697 -0.302 0.107
-0.695 -0.299 0.106
-0.695 -0.298 0.104
-0.694 -0.297 0.102
-0.694 -0.296 0.100
-0.694 -0.294 0.099
-0.693 -0.293 0.097
-0.692 -0.291 0.096
-0.692 -0.290 0.095
-0.691 -0.289 0.094
-0.691 -0.288 0.093
-0.690 -0.287 0.092
-0.689 -0.286 0.091
-0.689 -0.285 0.091
-0.688 -0.284 0.090
-0.688 -0.284 0.090
-0.687 -0.283 0.090
-0.686 -0.282 0.089
-0.686 -0.282 0.089
-0.685 -0.281 0.089
-0.684 -0.281 0.088
-0.684 -0.281 0.088
-0.683 -0.280 0.089
-0.683 -0.280 0.089
-0.682 -0.280 0.089
-0.682 -0.280 0.089
-0.681 -0.280 0.089
-0.681 -0.280 0.089
-0.681 -0.280 0.089
-0.680 -0.281 0.089
-0.679 -0.281 0.090
-0.679 -0.281 0.090
-0.678 -0.280 0.091
-0.678 -0.280 0.091
-0.678 -0.281 0.092
-0.677 -0.280 0.092
-0.677 -0.280 0.093
-0.676 -0.280 0.094
-0.676 -0.280 0.095
-0.676 -0.279 0.095
-0.675 -0.279 0.096
-0.675 -0.279 0.097
-0.675 -0.279 0.098
-0.675 -0.278 0.099
-0.674 -0.278 0.100
-0.674 -0.278 0.101
-0.674 -0.277 0.102
-0.674 -0.277 0.103
-0.674 -0.277 0.104
-0.674 -0.276 0.105
-0.674 -0.276 0.106
-0.674 -0.275 0.108
-0.674 -0.275 0.109
-0.674 -0.274 0.110
-0.674 -0.274 0.112
-0.673 -0.273 0.113
-0.674 -0.272 0.114
-0.674 -0.272 0.116
-0.674 -0.271 0.117
-0.674 -0.270 0.119
-0.674 -0.270 0.120
-0.674 -0.270 0.122
-0.674 -0.269 0.124
-0.674 -0.268 0.125
-0.674 -0.268 0.127
-0.674 -0.267 0.129
-0.674 -0.267 0.130
-0.675 -0.267 0.132
-0.675 -0.266 0.134
-0.675 -0.266 0.136
-0.675 -0.265 0.138
-0.675 -0.265 0.140
-0.675 -0.265 0.141
-0.675 -0.265 0.144
-0.675 -0.264 0.146
-0.675 -0.263 0.148
-0.675 -0.263 0.150
-0.675 -0.263 0.152
-0.675 -0.263 0.154
-0.675 -0.263 0.156
-0.675 -0.262 0.158
-0.675 -0.261 0.161
-0.675 -0.261 0.163
nan nan nan
nan nan nan
-0.921 0.075 0.406
-0.913 0.075 0.394
-0.905 0.075 0.382
-0.898 0.075 0.369
-0.892 0.074 0.356
-0.886 0.074 0.341
-0.881 0.074 0.327
-0.876 0.073 0.312
-0.872 0.073 0.297
-0.869 0.072 0.282
-0.866 0.071 0.266
-0.864 0.070 0.250
-0.862 0.069 0.233
-0.861 0.068 0.217
-0.861 0.066 0.199
-0.861 0.066 0.184
-0.860 0.065 0.171
-0.860 0.064 0.159
-0.860 0.064 0.148
-0.859 0.063 0.137
-0.859 0.062 0.128
-0.858 0.062 0.119
-0.857 0.062 0.111
nan nan nan
-0.856 0.062 0.102
-0.856 0.061 0.094
-0.855 0.061 0.088
-0.854 0.061 0.081
-0.852 0.061 0.075
-0.851 0.061 0.070
-0.850 0.061 0.064
-0.849 0.062 0.058
nan nan nan
-0.848 0.062 0.049
-0.848 0.061 0.040
-0.848 0.060 0.029
-0.849 0.058 0.018
-0.849 0.059 0.006
-0.850 0.059 -0.005
-0.850 0.058 -0.015
-0.851 0.058 -0.024
-0.851 0.060 -0.031
-0.851 0.059 -0.038
-0.853 0.055 -0.046
-0.855 0.053 -0.055
-0.856 0.053 -0.064
-0.857 0.056 -0.070
-0.858 0.057 -0.081
-0.858 0.059 -0.093
-0.862 0.052 -0.107
-0.864 0.052 -0.116
-0.865 0.054 -0.124
-0.866 0.052 -0.133
-0.867 0.052 -0.141
-0.869 0.051 -0.148
-0.870 0.050 -0.155
-0.871 0.049 -0.161
-0.873 0.049 -0.165
-0.873 0.050 -0.171
-0.874 0.047 -0.177
-0.876 0.048 -0.179
-0.876 0.049 -0.183
-0.878 0.045 -0.190
-0.879 0.045 -0.195
-0.880 0.043 -0.205
-0.881 0.045 -0.209
-0.882 0.043 -0.216
-0.884 0.041 -0.221
-0.886 0.039 -0.228
-0.888 0.034 -0.237
-0.887 0.037 -0.241
-0.888 0.037 -0.244
-0.889 0.038 -0.246
-0.891 0.034 -0.254
-0.892 0.033 -0.259
-0.893 0.032 -0.262
-0.893 0.036 -0.261
-0.895 0.032 -0.268
-0.896 0.033 -0.269
-0.896 0.033 -0.272
-0.897 0.035 -0.272
-0.898 0.032 -0.278
-0.900 0.030 -0.281
-0.900 0.035 -0.279
-0.902 0.031 -0.284
-0.902 0.031 -0.287
-0.904 0.030 -0.291
-0.905 0.029 -0.292
nan nan nan
-0.906 0.028 -0.295
-0.907 0.028 -0.296
-0.909 0.027 -0.299
-0.909 0.029 -0.299
-0.910 0.028 -0.301
-0.911 0.029 -0.302
-0.912 0.029 -0.304
-0.913 0.029 -0.305
-0.915 0.030 -0.305
-0.916 0.029 -0.307
-0.917 0.029 -0.307
-0.918 0.030 -0.308
-0.919 0.030 -0.310
-0.921 0.029 -0.314
-0.922 0.028 -0.321
-0.924 0.027 -0.326
-0.925 0.026 -0.330
-0.927 0.025 -0.333
-0.928 0.026 -0.332
-0.929 0.026 -0.331
-0.930 0.025 -0.329
-0.929 0.027 -0.323
-0.927 0.024 -0.319
-0.918 0.026 -0.313
-0.907 0.022 -0.309
-0.895 0.022 -0.303
-0.880 0.021 -0.297
-0.865 0.020 -0.291
-0.849 0.019 -0.285
-0.832 0.017 -0.278
-0.814 0.016 -0.270
-0.795 0.014 -0.263
-0.776 0.012 -0.255
-0.757 0.010 -0.246
-0.737 0.007 -0.237
-0.717 0.006 -0.226
-0.688 -0.003 -0.223
-0.676 -0.003 -0.207
-0.654 -0.006 -0.197
-0.633 -0.010 -0.186
-0.611 -0.014 -0.177
-0.588 -0.018 -0.168
-0.566 -0.022 -0.159
-0.542 -0.026 -0.149
-0.519 -0.031 -0.140
-0.495 -0.036 -0.131
-0.471 -0.041 -0.122
-0.446 -0.048 -0.115
-0.421 -0.054 -0.107
-0.396 -0.060 -0.101
-0.370 -0.065 -0.095
-0.344 -0.071 -0.090
-0.319 -0.077 -0.086
-0.295 -0.082 -0.082
-0.271 -0.088 -0.078
-0.249 -0.092 -0.075
-0.226 -0.098 -0.071
-0.205 -0.103 -0.068
-0.183 -0.107 -0.065
-0.162 -0.110 -0.062
-0.141 -0.111 -0.058
-0.121 -0.111 -0.056
-0.101 -0.110 -0.052
-0.081 -0.107 -0.050
nan nan nan
nan nan nan
-0.054 -0.103 -0.047
-0.034 -0.098 -0.046
-0.015 -0.092 -0.044
0.005 -0.085 -0.043
0.025 -0.077 -0.042
0.045 -0.068 -0.041
0.065 -0.058 -0.040
nan nan nan
-0.029 0.194 0.314
nan nan nan
nan nan nan
0.203 0.047 -0.053
0.203 0.048 -0.058
0.204 0.048 -0.063
nan nan nan
0.205 0.047 -0.067
nan nan nan
0.204 0.048 -0.074
0.204 0.048 -0.077
nan nan nan
0.204 0.047 -0.079
nan nan nan
nan nan nan
nan nan nan
0.201 0.047 -0.085
0.201 0.046 -0.087
0.200 0.046 -0.089
0.200 0.046 -0.090
0.199 0.046 -0.092
0.198 0.045 -0.092
0.198 0.044 -0.093
0.197 0.044 -0.093
0.196 0.044 -0.094
0.196 0.043 -0.094
0.195 0.043 -0.094
0.194 0.042 -0.094
0.194 0.041 -0.094
0.193 0.041 -0.094
0.192 0.040 -0.094
0.192 0.039 -0.093
0.191 0.038 -0.092
0.191 0.038 -0.092
0.190 0.037 -0.091
0.190 0.037 -0.090
0.190 0.037 -0.089
0.189 0.036 -0.088
0.189 0.035 -0.087
0.189 0.035 -0.086
0.188 0.035 -0.085
0.188 0.035 -0.083
0.188 0.035 -0.082
0.188 0.034 -0.081
0.189 0.034 -0.078
nan nan nan
0.187 0.034 -0.077
nan nan nan
0.187 0.034 -0.075
0.187 0.034 -0.073
0.186 0.034 -0.071
0.186 0.034 -0.069
0.186 0.035 -0.066
0.186 0.035 -0.064
0.185 0.035 -0.062
0.185 0.035 -0.059
0.185 0.035 -0.057
0.185 0.035 -0.054
0.184 0.036 -0.052
0.185 0.037 -0.048
0.182 0.037 -0.048
0.182 0.037 -0.045
0.182 0.037 -0.041
0.181 0.037 -0.039
0.181 0.039 -0.037
0.180 0.038 -0.035
0.179 0.039 -0.034
0.179 0.039 -0.032
0.178 0.040 -0.030
0.177 0.040 -0.028
0.176 0.040 -0.026
0.175 0.040 -0.024
0.175 0.041 -0.022
0.174 0.041 -0.020
0.174 0.041 -0.017
0.173 0.041 -0.015
0.172 0.042 -0.013
0.172 0.041 -0.010
0.171 0.042 -0.008
0.171 0.042 -0.005
0.171 0.042 -0.003
nan nan nan
0.170 0.042 0.000
0.171 0.043 0.003
0.170 0.043 0.004
0.170 0.043 0.006
0.170 0.043 0.008
0.170 0.043 0.009
0.170 0.042 0.010
nan nan nan
0.081 0.019 0.051
nan nan nan
0.287 -0.137 0.042
0.287 -0.137 0.041
0.284 -0.139 0.038
nan nan nan
nan nan nan
0.573 -0.078 -0.281
0.555 -0.079 -0.276
0.538 -0.080 -0.270
0.514 -0.081 -0.264
0.492 -0.081 -0.259
0.470 -0.080 -0.254
0.449 -0.078 -0.249
0.426 -0.075 -0.244
0.405 -0.072 -0.240
0.383 -0.068 -0.236
0.361 -0.063 -0.232
nan nan nan
0.330 -0.054 -0.227
0.311 -0.049 -0.224
nan nan nan
nan nan nan
nan nan nan
0.286 -0.042 -0.219
0.271 -0.038 -0.215
0.257 -0.034 -0.211
0.245 -0.029 -0.207
0.234 -0.025 -0.206
0.223 -0.022 -0.200
0.213 -0.018 -0.198
0.203 -0.015 -0.195
nan nan nan
0.192 -0.011 -0.190
0.183 -0.008 -0.188
nan nan nan
0.171 -0.009 -0.177
0.157 -0.000 -0.176
0.150 0.003 -0.172
nan nan nan
nan nan nan
nan nan nan
0.061 0.032 -0.129
0.053 0.036 -0.125
nan nan nan
0.046 0.037 -0.122
0.039 0.041 -0.115
0.033 0.041 -0.114
0.027 0.044 -0.110
nan nan nan
-0.009 0.051 -0.088
-0.014 0.052 -0.085
nan nan nan
-0.020 0.055 -0.081
nan nan nan
-0.028 0.056 -0.076
-0.032 0.059 -0.073
-0.038 0.062 -0.069
nan nan nan
-0.053 0.062 -0.059
-0.058 0.063 -0.055
-0.063 0.065 -0.051
nan nan nan
-0.069 0.067 -0.046
-0.074 0.068 -0.042
-0.079 0.069 -0.038
-0.083 0.070 -0.035
-0.090 0.072 -0.030
-0.095 0.073 -0.026
-0.099 0.074 -0.022
-0.103 0.074 -0.018
-0.107 0.076 -0.014
-0.112 0.076 -0.011
-0.115 0.077 -0.006
-0.120 0.077 -0.003
-0.124 0.078 0.001
-0.128 0.078 0.005
-0.132 0.079 0.009
-0.136 0.080 0.013
-0.140 0.081 0.018
-0.144 0.082 0.021
-0.147 0.083 0.025
-0.151 0.084 0.029
-0.155 0.084 0.034
-0.159 0.084 0.038
-0.162 0.085 0.043
-0.166 0.086 0.046
-0.170 0.086 0.051
-0.174 0.087 0.055
-0.177 0.087 0.060
-0.181 0.088 0.064
-0.184 0.088 0.069
-0.188 0.089 0.073
-0.192 0.089 0.078
-0.195 0.090 0.082
-0.198 0.090 0.087
-0.200 0.091 0.091
-0.204 0.092 0.095
-0.207 0.092 0.100
-0.211 0.093 0.105
-0.215 0.093 0.110
nan nan nan
nan nan nan
-0.222 0.091 0.118
-0.218 0.096 0.121
-0.224 0.093 0.127
-0.228 0.094 0.131
nan nan nan
-0.230 0.094 0.138
-0.237 0.093 0.144
-0.237 0.097 0.147
-0.242 0.096 0.153
-0.242 0.096 0.158
-0.238 0.102 0.160
-0.246 0.096 0.167
nan nan nan
-0.252 0.098 0.174
-0.253 0.098 0.178
-0.255 0.097 0.184
-0.258 0.099 0.188
-0.253 0.101 0.193
nan nan nan
-0.262 0.100 0.199
-0.266 0.099 0.205
nan nan nan
-0.268 0.100 0.211
-0.270 0.102 0.216
-0.273 0.101 0.221
-0.276 0.101 0.226
-0.277 0.101 0.231
-0.278 0.101 0.236
-0.281 0.101 0.242
-0.282 0.101 0.246
-0.283 0.102 0.252
-0.285 0.102 0.257
-0.287 0.102 0.262
-0.289 0.102 0.268
-0.290 0.102 0.272
-0.292 0.102 0.278
-0.293 0.103 0.283
-0.293 0.103 0.288
-0.294 0.103 0.293
-0.295 0.104 0.298
-0.299 0.103 0.304
-0.300 0.103 0.309
-0.299 0.102 0.315
-0.300 0.102 0.320
-0.301 0.102 0.326
-0.302 0.102 0.330
-0.304 0.103 0.334
-0.303 0.102 0.337
-0.296 0.100 0.337
-0.287 0.097 0.335
-0.279 0.093 0.332
-0.266 0.088 0.327
-0.249 0.082 0.323
-0.236 0.077 0.318
-0.221 0.072 0.313
-0.205 0.068 0.308
-0.188 0.065 0.304
-0.170 0.062 0.299
-0.151 0.061 0.295
-0.131 0.062 0.291
-0.112 0.061 0.286
-0.094 0.061 0.282
-0.076 0.061 0.278
-0.060 0.062 0.272
-0.045 0.062 0.266
-0.031 0.062 0.259
-0.017 0.061 0.250
-0.006 0.060 0.242
nan nan nan
0.009 0.057 0.230
nan nan nan
0.019 0.055 0.219
0.028 0.052 0.208
0.037 0.048 0.198
0.043 0.044 0.185
0.051 0.042 0.173
0.058 0.038 0.160
0.065 0.034 0.147
0.071 0.031 0.133
0.077 0.029 0.120
0.082 0.026 0.106
0.088 0.024 0.091
0.094 0.022 0.077
nan nan nan
0.100 0.019 0.056
0.104 0.018 0.042
0.108 0.017 0.027
0.111 0.016 0.013
0.114 0.015 -0.001
0.117 0.015 -0.013
0.121 0.015 -0.025
nan nan nan
0.124 0.013 -0.039
0.124 0.014 -0.048
0.126 0.015 -0.055
nan nan nan
nan nan nan
nan nan nan
0.131 0.014 -0.070
nan nan nan
0.134 0.014 -0.078
nan nan nan
nan nan nan
0.138 0.015 -0.091
0.141 0.015 -0.096
0.143 0.017 -0.103
0.144 0.017 -0.107
nan nan nan
0.146 0.019 -0.114
0.147 0.020 -0.118
0.148 0.022 -0.122
0.149 0.022 -0.126
0.152 0.024 -0.128
nan nan nan
0.156 0.026 -0.129
0.151 0.027 -0.134
0.153 0.028 -0.136
0.154 0.029 -0.137
0.155 0.031 -0.138
0.157 0.031 -0.138
nan nan nan
0.159 0.034 -0.138
nan nan nan
nan nan nan
0.168 0.037 -0.133
nan nan nan
nan nan nan
0.169 0.038 -0.131
0.171 0.039 -0.130
0.172 0.040 -0.128
0.173 0.040 -0.126
0.174 0.040 -0.124
0.176 0.041 -0.122
0.176 0.041 -0.120
nan nan nan
nan nan nan
0.181 0.040 -0.109
nan nan nan
0.182 0.040 -0.106
0.183 0.039 -0.104
0.183 0.039 -0.103
0.184 0.039 -0.101
0.184 0.038 -0.100
0.185 0.038 -0.098
0.186 0.037 -0.097
0.186 0.037 -0.095
0.187 0.037 -0.094
0.188 0.037 -0.092
0.188 0.036 -0.091
0.189 0.036 -0.090
0.190 0.035 -0.088
0.191 0.035 -0.087
0.191 0.035 -0.086
0.193 0.034 -0.084
0.194 0.034 -0.083
0.197 0.034 -0.082
0.197 0.034 -0.081
0.197 0.033 -0.082
0.196 0.033 -0.082
nan nan nan
0.194 0.032 -0.084
0.193 0.032 -0.086
0.192 0.031 -0.087
0.191 0.029 -0.087
0.189 0.028 -0.090
0.190 0.027 -0.088
0.191 0.026 -0.087
0.193 0.023 -0.087
nan nan nan
0.193 0.021 -0.087
0.194 0.020 -0.086
0.195 0.018 -0.085
0.196 0.016 -0.084
0.198 0.015 -0.084
0.199 0.013 -0.083
0.200 0.012 -0.082
0.201 0.011 -0.081
0.203 0.009 -0.080
0.204 0.010 -0.079
0.205 0.013 -0.079
0.208 0.013 -0.079
nan nan nan
0.210 0.013 -0.080
0.212 0.012 -0.081
0.214 0.012 -0.082
0.217 0.011 -0.084
nan nan nan
0.220 0.010 -0.085
0.223 0.010 -0.086
nan nan nan
0.224 0.009 -0.087
nan nan nan
nan nan nan
0.248 0.000 -0.077
0.250 -0.001 -0.076
0.251 -0.001 -0.074
0.252 -0.001 -0.073
0.252 -0.001 -0.072
0.250 -0.001 -0.070
0.248 0.000 -0.069
0.247 0.001 -0.067
0.246 0.001 -0.066
0.246 0.002 -0.065
0.247 0.003 -0.064
nan nan nan
nan nan nan
0.247 0.005 -0.064
0.247 0.008 -0.062
0.245 0.011 -0.061
0.242 0.013 -0.060
0.235 0.014 -0.059
0.226 0.013 -0.057
0.217 0.013 -0.056
0.210 0.012 -0.054
0.204 0.011 -0.053
0.198 0.010 -0.052
0.194 0.010 -0.050
0.189 0.009 -0.048
0.185 0.009 -0.047
0.181 0.008 -0.045
0.178 0.007 -0.043
0.175 0.006 -0.041
nan nan nan
0.171 0.005 -0.039
0.169 0.005 -0.037
0.167 0.004 -0.035
0.166 0.004 -0.034
0.164 0.003 -0.032
0.163 0.002 -0.030
0.161 0.002 -0.028
0.160 0.002 -0.027
nan nan nan
0.159 0.001 -0.025
nan nan nan
0.158 0.002 -0.022
0.148 -0.002 -0.022
0.157 0.002 -0.018
nan nan nan
0.157 0.003 -0.017
0.145 -0.006 -0.017
nan nan nan
0.150 0.001 -0.011
0.150 0.002 -0.009
0.152 0.004 -0.006
0.146 0.000 -0.005
nan nan nan
0.145 0.001 -0.002
0.141 -0.004 -0.001
0.143 0.000 0.002
0.142 -0.000 0.005
0.142 0.001 0.009
0.140 0.000 0.012
0.138 0.000 0.013
0.134 -0.004 0.014
0.136 0.001 0.019
0.136 0.002 0.022
0.133 0.001 0.025
0.127 -0.005 0.025
nan nan nan
0.131 0.000 0.030
0.129 0.000 0.032
0.128 0.000 0.036
nan nan nan
0.126 0.000 0.039
0.125 0.001 0.041
0.124 0.002 0.043
0.123 0.003 0.043
0.124 0.005 0.043
0.124 0.007 0.042
0.125 0.009 0.041
0.125 0.012 0.039
0.124 0.014 0.037
0.126 0.017 0.035
0.126 0.020 0.033
0.127 0.022 0.030
0.126 0.023 0.027
0.129 0.028 0.024
nan nan nan
0.129 0.030 0.021
0.129 0.032 0.018
0.130 0.034 0.016
0.131 0.036 0.013
nan nan nan
0.133 0.039 0.009
0.131 0.037 0.006
0.134 0.041 0.004
0.135 0.042 0.002
0.136 0.043 -0.000
0.136 0.044 -0.002
0.137 0.044 -0.004
0.138 0.045 -0.006
nan nan nan
0.138 0.044 -0.007
0.139 0.045 -0.009
0.140 0.045 -0.009
0.140 0.045 -0.011
0.141 0.046 -0.012
nan nan nan
0.142 0.046 -0.012
nan nan nan
0.142 0.045 -0.014
0.143 0.045 -0.014
0.138 0.039 -0.017
nan nan nan
0.145 0.046 -0.015
0.145 0.045 -0.015
nan nan nan
0.146 0.045 -0.016
nan nan nan
0.147 0.046 -0.015
nan nan nan
nan nan nan
0.145 0.042 -0.016
nan nan nan
0.148 0.047 -0.014
0.146 0.043 -0.015
0.150 0.047 -0.013
0.150 0.047 -0.013
0.150 0.047 -0.012
nan nan nan
0.151 0.048 -0.012
nan nan nan
0.152 0.049 -0.012
0.152 0.048 -0.010
nan nan nan
0.153 0.048 -0.013
nan nan nan
0.153 0.050 -0.010
nan nan nan
0.154 0.051 -0.009
nan nan nan
0.155 0.052 -0.008
0.156 0.052 -0.010
0.156 0.053 -0.009
0.156 0.053 -0.008
0.157 0.054 -0.008
nan nan nan
nan nan nan
0.159 0.059 -0.009
nan nan nan
0.158 0.059 -0.008
0.161 0.062 -0.008
0.160 0.061 -0.008
0.159 0.061 -0.009
0.160 0.062 -0.010
0.160 0.062 -0.009
0.160 0.063 -0.010
0.158 0.061 -0.010
0.160 0.063 -0.010
0.160 0.064 -0.011
0.161 0.065 -0.010
0.162 0.066 -0.009
0.161 0.066 -0.010
0.160 0.066 -0.010
nan nan nan
0.161 0.066 -0.010
nan nan nan
0.159 0.065 -0.009
0.157 0.060 -0.012
0.160 0.065 -0.010
0.161 0.067 -0.008
0.161 0.067 -0.009
0.161 0.067 -0.009
0.161 0.066 -0.009
0.159 0.064 -0.011
0.161 0.067 -0.009
0.151 0.055 -0.012
0.158 0.064 -0.010
0.159 0.066 -0.009
0.158 0.065 -0.008
nan nan nan
0.159 0.066 -0.008
nan nan nan
nan nan nan
0.159 0.066 -0.008
nan nan nan
0.157 0.066 -0.008
0.156 0.065 -0.007
0.156 0.065 -0.008
0.155 0.064 -0.007
0.155 0.065 -0.006
0.154 0.066 -0.006
0.155 0.065 -0.006
nan nan nan
0.153 0.065 -0.005
0.154 0.065 -0.005
0.153 0.066 -0.004
nan nan nan
0.152 0.066 -0.004
0.151 0.065 -0.004
0.152 0.066 -0.003
nan nan nan
nan nan nan
0.150 0.065 -0.003
0.152 0.067 -0.002
0.150 0.068 -0.002
0.150 0.067 -0.002
0.149 0.067 -0.001
0.149 0.066 -0.001
0.149 0.067 -0.000
nan nan nan
0.149 0.067 -0.000
0.148 0.067 0.000
0.147 0.066 0.000
0.149 0.068 0.001
0.148 0.067 0.001
0.147 0.065 -0.000
nan nan nan
0.147 0.066 -0.001
nan nan nan
0.148 0.067 0.001
0.147 0.067 0.001
nan nan nan
0.147 0.066 0.001
nan nan nan
0.146 0.066 0.001
0.147 0.066 0.001
0.147 0.065 -0.001
0.147 0.066 0.000
0.146 0.064 -0.001
nan nan nan
0.146 0.065 -0.001
nan nan nan
0.144 0.064 -0.001
0.144 0.064 -0.001
0.144 0.063 -0.000
0.144 0.064 -0.001
nan nan nan
0.144 0.062 -0.001
0.145 0.063 0.000
nan nan nan
nan nan nan
0.144 0.062 -0.001
nan nan nan
0.144 0.062 -0.001
0.145 0.062 -0.002
0.147 0.063 -0.003
0.144 0.062 -0.003
0.146 0.063 -0.003
0.146 0.061 -0.004
nan nan nan
0.146 0.062 -0.004
0.145 0.061 -0.004
0.145 0.059 -0.004
0.146 0.061 -0.004
0.146 0.062 -0.002
0.146 0.061 -0.005
0.146 0.061 -0.005
0.146 0.060 -0.005
nan nan nan
0.144 0.060 -0.005
0.146 0.060 -0.005
0.147 0.059 -0.005
0.146 0.060 -0.005
nan nan nan
0.147 0.059 -0.005
0.147 0.058 -0.005
0.147 0.059 -0.004
0.148 0.058 -0.005
0.147 0.057 -0.004
0.147 0.057 -0.004
0.147 0.058 -0.003
0.148 0.058 -0.003
0.148 0.057 -0.003
0.149 0.057 -0.003
0.148 0.056 -0.003
0.149 0.056 -0.002
0.149 0.055 -0.002
nan nan nan
0.148 0.055 -0.002
0.148 0.054 -0.002
0.148 0.054 -0.001
0.149 0.053 -0.001
0.148 0.054 -0.000
0.148 0.053 -0.000
0.149 0.052 -0.001
nan nan nan
0.149 0.052 -0.001
0.149 0.050 -0.002
0.149 0.051 -0.001
0.150 0.051 -0.001
0.150 0.051 -0.000
0.150 0.051 -0.000
0.150 0.049 -0.001
0.150 0.050 -0.000
nan nan nan
0.150 0.049 -0.000
0.150 0.049 -0.001
0.150 0.047 -0.002
0.150 0.048 0.001
0.149 0.048 0.000
0.150 0.048 0.000
0.150 0.047 0.000
0.150 0.047 -0.001
0.149 0.046 -0.001
0.151 0.048 -0.002
nan nan nan
0.154 0.048 -0.001
nan nan nan
0.151 0.047 -0.003
0.151 0.048 -0.004
0.152 0.047 -0.005
0.154 0.046 -0.006
0.152 0.046 -0.007
0.152 0.046 -0.008
0.152 0.047 -0.008
0.152 0.046 -0.009
0.152 0.047 -0.009
0.152 0.046 -0.010
0.152 0.046 -0.010
0.152 0.045 -0.010
0.152 0.046 -0.010
0.151 0.044 -0.010
nan nan nan
0.151 0.044 -0.010
nan nan nan
0.150 0.042 -0.012
0.152 0.044 -0.010
0.152 0.045 -0.009
0.152 0.044 -0.009
0.151 0.044 -0.007
0.151 0.043 -0.006
0.151 0.043 -0.006
0.150 0.042 -0.006
nan nan nan
0.150 0.042 -0.006
0.149 0.040 -0.004
0.150 0.043 -0.002
0.149 0.042 -0.001
0.145 0.036 -0.001
0.148 0.041 0.002
0.149 0.042 0.004
0.148 0.041 0.005
0.147 0.040 0.006
0.148 0.041 0.007
0.148 0.041 0.010
0.147 0.040 0.011
0.147 0.040 0.014
0.146 0.038 0.015
0.146 0.038 0.017
0.147 0.040 0.019
0.147 0.039 0.022
0.147 0.040 0.024
0.147 0.039 0.026
0.147 0.039 0.028
0.147 0.039 0.031
0.146 0.039 0.034
0.147 0.039 0.036
0.147 0.039 0.039
0.147 0.039 0.041
nan nan nan
nan nan nan
nan nan nan
nan nan nan
-0.019 0.112 0.999
nan nan nan
-0.024 0.111 0.977
nan nan nan
-0.032 0.107 0.956
-0.037 0.106 0.937
nan nan nan
-0.043 0.104 0.915
-0.048 0.103 0.896
-0.054 0.101 0.878
-0.059 0.099 0.860
-0.063 0.098 0.845
-0.068 0.095 0.832
-0.072 0.094 0.819
-0.073 0.093 0.807
-0.075 0.091 0.796
nan nan nan
-0.078 0.089 0.784
-0.080 0.086 0.774
-0.083 0.085 0.766
nan nan nan
-0.084 0.083 0.755
-0.085 0.081 0.747
-0.087 0.079 0.740
-0.089 0.078 0.733
nan nan nan
nan nan nan
-0.092 0.076 0.722
-0.093 0.074 0.715
nan nan nan
-0.093 0.072 0.707
-0.093 0.070 0.699
nan nan nan
-0.092 0.069 0.687
nan nan nan
-0.080 0.071 0.657
nan nan nan
-0.071 0.074 0.639
-0.064 0.077 0.624
-0.056 0.080 0.608
-0.048 0.082 0.593
-0.039 0.085 0.578
-0.029 0.086 0.563
-0.019 0.088 0.548
-0.008 0.088 0.534
nan nan nan
0.011 0.087 0.507
0.024 0.087 0.495
0.036 0.084 0.481
0.048 0.082 0.467
0.061 0.080 0.453
0.073 0.077 0.440
0.082 0.072 0.423
0.095 0.072 0.412
0.105 0.070 0.398
0.113 0.066 0.383
0.121 0.063 0.369
0.129 0.061 0.354
0.138 0.059 0.343
0.145 0.058 0.329
nan nan nan
nan nan nan
nan nan nan
0.158 0.055 0.303
nan nan nan
0.168 0.054 0.286
0.170 0.049 0.266
0.180 0.050 0.258
0.182 0.043 0.236
0.195 0.049 0.233
0.199 0.044 0.210
0.203 0.041 0.195
0.210 0.040 0.178
nan nan nan
0.216 0.039 0.159
0.220 0.036 0.142
0.225 0.036 0.125
0.231 0.036 0.108
0.234 0.034 0.091
0.238 0.034 0.073
0.241 0.033 0.056
0.243 0.033 0.039
0.246 0.033 0.021
0.248 0.033 0.004
0.250 0.033 -0.012
0.252 0.034 -0.027
0.252 0.034 -0.041
0.253 0.035 -0.054
0.254 0.036 -0.065
0.254 0.037 -0.077
0.253 0.038 -0.086
0.253 0.039 -0.096
0.252 0.040 -0.104
0.250 0.041 -0.111
0.249 0.042 -0.118
0.247 0.043 -0.125
nan nan nan
0.244 0.044 -0.132
0.241 0.045 -0.139
0.238 0.046 -0.143
0.237 0.046 -0.148
nan nan nan
0.203 0.047 -0.159
0.200 0.047 -0.161
0.198 0.047 -0.163
nan nan nan
0.196 0.048 -0.165
0.194 0.048 -0.168
nan nan nan
0.210 0.054 -0.187
nan nan nan
nan nan nan
0.213 0.055 -0.190
nan nan nan
nan nan nan
0.212 0.054 -0.191
0.213 0.053 -0.193
0.213 0.055 -0.194
0.213 0.054 -0.196
nan nan nan
0.212 0.059 -0.194
0.211 0.062 -0.194
nan nan nan
0.211 0.067 -0.190
0.209 0.065 -0.188
0.208 0.066 -0.183
0.206 0.067 -0.178
0.204 0.068 -0.173
0.202 0.066 -0.167
0.201 0.068 -0.162
0.197 0.067 -0.155
0.195 0.067 -0.149
0.193 0.067 -0.143
0.191 0.066 -0.136
0.189 0.065 -0.130
0.186 0.065 -0.124
0.184 0.066 -0.120
nan nan nan
0.181 0.064 -0.112
nan nan nan
0.178 0.065 -0.107
0.175 0.063 -0.102
0.172 0.062 -0.097
0.169 0.063 -0.094
0.166 0.062 -0.091
0.163 0.061 -0.087
0.160 0.061 -0.085
nan nan nan
0.156 0.061 -0.081
0.149 0.057 -0.079
0.148 0.061 -0.076
0.144 0.060 -0.074
0.141 0.060 -0.072
0.137 0.060 -0.071
0.134 0.061 -0.068
0.130 0.060 -0.068
0.127 0.061 -0.065
0.122 0.061 -0.065
nan nan nan
0.113 0.059 -0.061
0.111 0.060 -0.060
0.107 0.059 -0.059
0.103 0.059 -0.058
0.101 0.058 -0.057
0.099 0.058 -0.056
0.098 0.058 -0.055
0.097 0.058 -0.054
nan nan nan
0.096 0.056 -0.054
0.095 0.055 -0.054
0.097 0.058 -0.054
0.096 0.056 -0.054
0.096 0.056 -0.054
0.098 0.057 -0.054
0.098 0.055 -0.053
0.099 0.056 -0.053
nan nan nan
nan nan nan
0.103 0.057 -0.051
nan nan nan
nan nan nan
nan nan nan
0.106 0.044 -0.059
0.113 0.049 -0.055
0.117 0.048 -0.058
0.122 0.048 -0.060
0.125 0.048 -0.063
nan nan nan
nan nan nan
nan nan nan
nan nan nan
0.129 0.043 -0.072
nan nan nan
0.134 0.043 -0.087
0.136 0.045 -0.094
0.134 0.042 -0.105
0.136 0.043 -0.112
0.132 0.040 -0.126
0.130 0.039 -0.140
0.130 0.038 -0.152
0.129 0.038 -0.165
0.126 0.036 -0.180
0.123 0.035 -0.196
nan nan nan
nan nan nan
0.121 0.034 -0.219
nan nan nan
0.117 0.032 -0.237
nan nan nan
nan nan nan
0.118 0.029 -0.261
nan nan nan
nan nan nan
0.126 0.022 -0.284
0.130 0.016 -0.293
nan nan nan
nan nan nan
0.140 0.002 -0.302
0.149 -0.010 -0.303
nan nan nan
nan nan nan
0.164 -0.028 -0.302
0.173 -0.040 -0.301
nan nan nan
0.187 -0.052 -0.298
nan nan nan
0.201 -0.060 -0.296
0.211 -0.066 -0.293
0.218 -0.070 -0.290
nan nan nan
0.223 -0.070 -0.284
nan nan nan
0.228 -0.067 -0.277
0.228 -0.063 -0.273
nan nan nan
0.231 -0.056 -0.266
0.229 -0.053 -0.262
0.226 -0.049 -0.256
0.225 -0.043 -0.251
0.224 -0.038 -0.243
0.219 -0.034 -0.238
0.219 -0.026 -0.229
0.214 -0.021 -0.224
0.211 -0.015 -0.216
0.208 -0.009 -0.209
0.203 -0.003 -0.202
0.197 0.003 -0.193
0.191 0.008 -0.184
0.187 0.013 -0.174
0.181 0.018 -0.166
nan nan nan
0.171 0.021 -0.155
0.171 0.029 -0.146
0.167 0.034 -0.137
0.166 0.040 -0.127
0.153 0.039 -0.122
nan nan nan
0.147 0.043 -0.112
nan nan nan
0.140 0.047 -0.102
nan nan nan
nan nan nan
0.132 0.051 -0.091
0.127 0.054 -0.083
nan nan nan
nan nan nan
nan nan nan
0.120 0.058 -0.073
nan nan nan
nan nan nan
0.112 0.060 -0.066
0.117 0.066 -0.060
0.104 0.064 -0.056
nan nan nan
0.099 0.066 -0.049
0.100 0.068 -0.045
0.099 0.071 -0.040
0.095 0.071 -0.037
0.091 0.072 -0.034
0.088 0.072 -0.031
nan nan nan
nan nan nan
nan nan nan
nan nan nan
0.082 0.071 -0.027
0.080 0.070 -0.024
0.079 0.069 -0.022
0.079 0.068 -0.020
nan nan nan
0.080 0.067 -0.021
nan nan nan
nan nan nan
nan nan nan
0.087 0.065 -0.022
nan nan nan
0.094 0.064 -0.025
0.099 0.062 -0.027
0.103 0.062 -0.030
0.105 0.063 -0.032
0.107 0.064 -0.034
0.107 0.065 -0.035
nan nan nan
0.109 0.066 -0.035
nan nan nan
0.107 0.068 -0.036
0.108 0.069 -0.035
0.109 0.069 -0.035
nan nan nan
0.109 0.070 -0.033
0.105 0.068 -0.033
0.110 0.070 -0.032
0.113 0.070 -0.031
0.114 0.070 -0.030
0.114 0.069 -0.028
nan nan nan
0.108 0.066 -0.028
0.109 0.066 -0.027
0.109 0.065 -0.026
0.109 0.065 -0.023
nan nan nan
0.111 0.065 -0.022
0.112 0.064 -0.020
0.113 0.064 -0.018
0.114 0.063 -0.017
0.114 0.063 -0.015
0.115 0.063 -0.013
0.116 0.063 -0.012
0.117 0.064 -0.010
0.118 0.063 -0.008
0.118 0.063 -0.005
nan nan nan
0.119 0.063 -0.003
0.120 0.063 -0.002
0.122 0.064 -0.001
0.123 0.063 0.002
0.124 0.064 0.002
0.126 0.064 0.003
0.127 0.065 0.004
0.128 0.063 0.006
0.130 0.064 0.007
0.131 0.065 0.006
nan nan nan
0.133 0.065 0.007
nan nan nan
0.135 0.068 0.007
nan nan nan
0.138 0.066 0.008
nan nan nan
0.138 0.067 0.007
0.140 0.065 0.008
0.141 0.067 0.009
0.142 0.067 0.008
0.142 0.066 0.009
0.143 0.067 0.008
0.143 0.066 0.008
0.144 0.067 0.006
0.144 0.066 0.004
nan nan nan
-0.052 0.010 0.378
-0.053 0.003 0.378
nan nan nan
0.123 0.086 -0.005
0.124 0.084 -0.005
0.125 0.083 -0.005
0.126 0.081 -0.005
0.127 0.080 -0.006
0.127 0.078 -0.006
0.129 0.076 -0.006
0.130 0.074 -0.006
0.132 0.072 -0.006
0.132 0.069 -0.006
0.128 0.062 -0.009
0.134 0.065 -0.004
0.135 0.063 -0.004
0.136 0.061 -0.003
0.131 0.053 -0.007
0.138 0.058 -0.002
0.138 0.056 -0.001
0.134 0.050 -0.004
0.139 0.054 -0.000
nan nan nan
0.135 0.046 -0.002
nan nan nan
nan nan nan
0.140 0.050 0.001
0.135 0.044 -0.001
0.140 0.049 0.001
0.135 0.043 -0.002
0.138 0.047 -0.001
0.140 0.049 -0.000
0.139 0.051 -0.003
0.140 0.050 -0.002
0.141 0.051 -0.002
nan nan nan
0.140 0.052 -0.003
nan nan nan
nan nan nan
0.141 0.054 -0.004
0.141 0.055 -0.006
0.145 0.060 -0.006
0.141 0.057 -0.008
nan nan nan
0.143 0.062 -0.008
nan nan nan
0.143 0.062 -0.008
0.142 0.063 -0.010
0.142 0.063 -0.010
0.141 0.063 -0.010
0.142 0.061 -0.011
0.144 0.062 -0.011
0.146 0.064 -0.010
0.149 0.064 -0.010
0.151 0.062 -0.011
0.155 0.061 -0.011
0.160 0.060 -0.012
0.163 0.058 -0.012
nan nan nan
nan nan nan
0.172 0.057 -0.012
nan nan nan
0.181 0.057 -0.012
0.188 0.056 -0.012
0.196 0.054 -0.013
0.206 0.053 -0.013
0.216 0.053 -0.013
0.227 0.052 -0.013
0.238 0.051 -0.013
0.249 0.051 -0.014
0.261 0.051 -0.013
0.273 0.050 -0.013
0.286 0.050 -0.013
0.300 0.050 -0.013
0.314 0.050 -0.012
0.327 0.050 -0.011
0.341 0.051 -0.011
0.355 0.051 -0.010
0.370 0.051 -0.010
0.385 0.050 -0.009
0.401 0.051 -0.009
nan nan nan
0.428 0.056 -0.007
nan nan nan
0.446 0.057 -0.007
nan nan nan
nan nan nan
nan nan nan
0.477 0.058 -0.007
0.491 0.059 -0.007
0.504 0.059 -0.007
nan nan nan
nan nan nan
0.322 0.125 -0.576
nan nan nan
nan nan nan
0.005 0.206 -0.553
nan nan nan
0.000 0.205 -0.553
-0.008 0.213 -0.546
nan nan nan
-0.008 0.199 -0.556
nan nan nan
-0.017 0.208 -0.549
-0.021 0.205 -0.550
nan nan nan
-0.026 0.204 -0.549
nan nan nan
-0.035 0.210 -0.544
nan nan nan
-0.041 0.210 -0.543
nan nan nan
-0.046 0.208 -0.543
nan nan nan
nan nan nan
-0.042 0.192 -0.555
-0.060 0.209 -0.538
-0.063 0.207 -0.535
-0.067 0.205 -0.530
-0.070 0.202 -0.526
-0.075 0.202 -0.525
-0.079 0.202 -0.528
-0.082 0.201 -0.533
-0.087 0.201 -0.533
-0.090 0.199 -0.531
nan nan nan
nan nan nan
-0.076 0.148 -0.509
-0.074 0.145 -0.491
-0.060 0.115 -0.497
-0.059 0.114 -0.478
nan nan nan
-0.051 0.098 -0.459
nan nan nan
-0.042 0.115 -0.421
nan nan nan
-0.012 -0.035 -0.422
nan nan nan
-0.008 -0.019 -0.396
-0.001 -0.035 -0.386
nan nan nan
0.000 -0.057 -0.372
0.005 -0.061 -0.357
0.009 -0.071 -0.344
0.013 -0.085 -0.336
nan nan nan
0.022 -0.097 -0.325
0.026 -0.103 -0.313
nan nan nan
nan nan nan
0.038 -0.109 -0.293
0.044 -0.112 -0.282
0.051 -0.113 -0.270
0.057 -0.114 -0.259
0.067 -0.112 -0.246
nan nan nan
0.074 -0.112 -0.230
0.082 -0.110 -0.217
0.090 -0.106 -0.204
0.098 -0.102 -0.190
nan nan nan
0.109 -0.097 -0.174
0.114 -0.093 -0.160
nan nan nan
0.147 -0.061 -0.096
0.154 -0.054 -0.084
0.159 -0.046 -0.074
nan nan nan
nan nan nan
0.168 -0.032 -0.057
nan nan nan
0.174 -0.025 -0.046
nan nan nan
nan nan nan
0.180 -0.014 -0.034
nan nan nan
nan nan nan
0.187 -0.004 -0.025
0.187 -0.001 -0.020
nan nan nan
nan nan nan
0.191 0.005 -0.010
0.193 0.012 -0.005
0.194 0.016 0.000
nan nan nan
0.194 0.020 0.005
0.195 0.024 0.009
nan nan nan
0.195 0.029 0.013
0.193 0.031 0.015
0.192 0.034 0.015
0.192 0.038 0.019
0.190 0.040 0.020
0.189 0.042 0.021
0.188 0.045 0.022
0.186 0.046 0.022
0.186 0.049 0.023
0.184 0.048 0.023
0.185 0.052 0.024
0.183 0.053 0.024
0.183 0.054 0.024
0.182 0.055 0.024
0.179 0.055 0.024
0.180 0.057 0.024
0.180 0.058 0.023
0.179 0.058 0.022
0.178 0.058 0.021
0.177 0.058 0.020
0.177 0.058 0.018
0.175 0.058 0.017
0.175 0.058 0.014
0.175 0.057 0.012
0.175 0.057 0.011
nan nan nan
0.176 0.057 0.009
0.176 0.057 0.007
0.176 0.056 0.005
nan nan nan
nan nan nan
0.176 0.055 0.004
0.172 0.050 0.001
0.175 0.053 0.001
0.176 0.052 0.000
0.176 0.051 -0.000
0.176 0.050 -0.001
0.176 0.048 -0.002
0.176 0.046 -0.004
0.176 0.045 -0.005
0.171 0.039 -0.010
0.176 0.042 -0.006
0.173 0.037 -0.011
0.176 0.040 -0.008
0.172 0.034 -0.010
0.176 0.037 -0.008
0.172 0.032 -0.010
0.175 0.033 -0.010
0.175 0.032 -0.009
0.175 0.032 -0.009
0.170 0.025 -0.013
0.168 0.023 -0.013
0.169 0.023 -0.012
0.165 0.019 -0.013
0.170 0.023 -0.008
0.164 0.016 -0.012
0.168 0.021 -0.007
0.162 0.013 -0.010
0.162 0.013 -0.009
0.160 0.011 -0.010
0.167 0.017 -0.004
nan nan nan
0.164 0.015 -0.004
nan nan nan
nan nan nan
0.188 0.019 -0.175
0.185 0.013 -0.185
0.187 0.012 -0.192
0.189 0.011 -0.197
nan nan nan
0.191 0.008 -0.205
0.193 0.006 -0.209
0.194 0.004 -0.214
0.195 0.001 -0.219
0.197 -0.001 -0.223
0.194 -0.007 -0.227
0.195 -0.010 -0.231
0.197 -0.013 -0.235
0.199 -0.015 -0.239
nan nan nan
0.200 -0.019 -0.242
nan nan nan
nan nan nan
0.201 -0.023 -0.247
nan nan nan
nan nan nan
nan nan nan
0.213 -0.045 -0.270
0.214 -0.047 -0.271
0.214 -0.050 -0.273
nan nan nan
0.215 -0.056 -0.275
0.217 -0.057 -0.272
0.218 -0.058 -0.269
0.219 -0.059 -0.263
0.220 -0.061 -0.258
nan nan nan
0.221 -0.061 -0.249
0.222 -0.061 -0.242
0.223 -0.062 -0.234
0.225 -0.062 -0.225
0.226 -0.062 -0.216
nan nan nan
0.227 -0.062 -0.204
0.229 -0.062 -0.194
0.229 -0.062 -0.183
0.230 -0.061 -0.171
0.232 -0.061 -0.160
0.232 -0.059 -0.148
nan nan nan
0.233 -0.058 -0.129
nan nan nan
nan nan nan
0.232 -0.056 -0.108
nan nan nan
0.232 -0.054 -0.087
0.230 -0.053 -0.073
0.229 -0.051 -0.059
nan nan nan
0.229 -0.048 -0.041
0.227 -0.047 -0.028
nan nan nan
0.226 -0.045 -0.012
0.225 -0.044 -0.002
nan nan nan
0.224 -0.042 0.010
0.223 -0.041 0.018
0.221 -0.040 0.027
nan nan nan
nan nan nan
0.207 -0.028 0.108
nan nan nan
nan nan nan
nan nan nan
nan nan nan
0.204 -0.023 0.137
nan nan nan
nan nan nan
0.194 -0.012 0.276
0.192 -0.012 0.281
0.189 -0.013 0.288
0.188 -0.013 0.294
0.192 -0.012 0.301
0.191 -0.012 0.307
0.192 -0.011 0.314
0.192 -0.011 0.320
0.191 -0.011 0.327
0.191 -0.011 0.334
0.191 -0.011 0.340
0.191 -0.011 0.346
0.191 -0.011 0.353
0.191 -0.011 0.359
0.190 -0.010 0.365
0.191 -0.010 0.372
nan nan nan
0.190 -0.010 0.380
0.190 -0.010 0.386
0.189 -0.010 0.393
0.189 -0.009 0.400
0.188 -0.010 0.406
0.188 -0.009 0.413
0.188 -0.009 0.419
0.188 -0.009 0.425
0.187 -0.009 0.433
0.188 -0.009 0.439
0.187 -0.008 0.446
0.186 -0.009 0.452
nan nan nan
nan nan nan
0.187 -0.007 0.462
nan nan nan
nan nan nan
nan nan nan
0.187 -0.007 0.472
0.186 -0.007 0.479
nan nan nan
0.186 -0.007 0.487
0.186 -0.006 0.494
nan nan nan
0.185 -0.006 0.502
0.186 -0.005 0.508
nan nan nan
0.186 -0.005 0.517
nan nan nan
nan nan nan
0.186 -0.004 0.527
0.187 -0.003 0.533
0.186 -0.004 0.540
0.186 -0.003 0.547
0.187 -0.003 0.554
0.187 -0.003 0.560
nan nan nan
0.183 -0.003 0.569
0.192 0.006 0.583
0.189 0.004 0.588
nan nan nan
nan nan nan
0.169 0.214 0.281
0.165 0.213 0.263
nan nan nan
0.160 0.211 0.242
0.155 0.209 0.224
0.150 0.207 0.205
0.146 0.205 0.187
0.142 0.203 0.168
0.137 0.202 0.149
0.133 0.199 0.130
nan nan nan
0.080 0.132 -0.170
0.079 0.129 -0.177
0.079 0.127 -0.184
0.081 0.125 -0.189
0.082 0.123 -0.194
0.079 0.119 -0.200
0.083 0.119 -0.203
0.083 0.117 -0.207
0.083 0.115 -0.211
0.083 0.113 -0.215
0.083 0.111 -0.216
0.083 0.110 -0.216
0.083 0.108 -0.217
0.082 0.107 -0.219
0.082 0.105 -0.221
0.081 0.104 -0.223
0.080 0.103 -0.225
0.079 0.102 -0.228
0.078 0.100 -0.230
0.076 0.099 -0.233
0.075 0.099 -0.236
0.073 0.098 -0.239
0.071 0.097 -0.241
0.070 0.096 -0.244
0.068 0.096 -0.246
0.066 0.095 -0.249
0.066 0.096 -0.251
0.063 0.095 -0.254
0.062 0.095 -0.256
0.060 0.095 -0.258
0.058 0.094 -0.261
0.055 0.094 -0.263
0.053 0.094 -0.266
0.051 0.094 -0.268
0.049 0.096 -0.269
0.046 0.097 -0.269
0.044 0.097 -0.269
0.042 0.098 -0.270
0.040 0.098 -0.271
0.039 0.098 -0.272
0.037 0.098 -0.273
0.035 0.097 -0.274
0.034 0.097 -0.277
0.032 0.098 -0.279
0.030 0.097 -0.282
0.028 0.097 -0.284
0.027 0.096 -0.286
0.025 0.095 -0.288
0.026 0.094 -0.288
0.025 0.093 -0.290
0.024 0.091 -0.291
0.020 0.090 -0.294
0.019 0.089 -0.295
0.018 0.087 -0.296
0.017 0.086 -0.295
0.017 0.085 -0.293
0.018 0.085 -0.290
0.020 0.084 -0.287
0.023 0.082 -0.282
0.027 0.080 -0.277
0.032 0.079 -0.271
0.038 0.077 -0.264
0.042 0.075 -0.258
0.049 0.075 -0.250
0.054 0.073 -0.242
0.056 0.073 -0.236
nan nan nan
0.063 0.070 -0.225
0.067 0.069 -0.217
0.072 0.068 -0.207
0.077 0.067 -0.197
0.080 0.066 -0.188
0.085 0.067 -0.177
0.088 0.066 -0.167
0.088 0.065 -0.161
0.094 0.065 -0.147
0.096 0.064 -0.138
0.099 0.064 -0.129
0.096 0.058 -0.125
0.104 0.063 -0.112
0.107 0.063 -0.104
0.109 0.063 -0.097
0.110 0.063 -0.091
0.112 0.063 -0.084
0.113 0.063 -0.079
0.113 0.064 -0.073
0.108 0.064 -0.069
0.101 0.063 -0.064
0.090 0.062 -0.062
0.078 0.061 -0.058
0.066 0.059 -0.054
0.053 0.058 -0.050
0.039 0.058 -0.046
0.024 0.057 -0.042
nan nan nan
0.006 0.056 -0.037
-0.007 0.056 -0.032
-0.019 0.056 -0.029
-0.030 0.055 -0.025
-0.040 0.056 -0.021
-0.049 0.056 -0.018
-0.058 0.056 -0.015
-0.066 0.055 -0.012
-0.073 0.056 -0.009
-0.080 0.054 -0.007
-0.086 0.054 -0.005
-0.092 0.054 -0.003
-0.097 0.053 -0.001
nan nan nan
-0.104 0.053 0.002
-0.109 0.053 0.004
-0.113 0.053 0.005
-0.118 0.053 0.007
-0.122 0.052 0.009
-0.126 0.053 0.010
-0.128 0.053 0.011
-0.132 0.053 0.012
-0.135 0.053 0.013
-0.138 0.054 0.014
-0.140 0.054 0.014
-0.142 0.055 0.014
-0.144 0.055 0.015
-0.146 0.056 0.014
-0.146 0.057 0.014
-0.148 0.057 0.014
-0.149 0.058 0.013
-0.150 0.059 0.012
-0.150 0.060 0.011
-0.151 0.061 0.010
-0.151 0.062 0.009
-0.152 0.063 0.007
-0.151 0.064 0.006
-0.152 0.065 0.005
-0.152 0.065 0.004
-0.152 0.066 0.002
-0.152 0.066 0.002
-0.151 0.067 0.001
-0.151 0.067 -0.001
-0.150 0.067 -0.002
-0.149 0.068 -0.002
nan nan nan
nan nan nan
-0.148 0.068 -0.003
-0.147 0.068 -0.003
-0.146 0.067 -0.003
-0.145 0.068 -0.003
-0.143 0.068 -0.004
-0.142 0.068 -0.004
-0.140 0.068 -0.004
-0.138 0.068 -0.004
-0.137 0.068 -0.004
-0.135 0.068 -0.004
-0.133 0.067 -0.003
-0.131 0.067 -0.003
-0.128 0.067 -0.003
-0.127 0.067 -0.003
-0.125 0.067 -0.003
-0.123 0.067 -0.003
-0.122 0.067 -0.003
-0.120 0.067 -0.003
-0.121 0.066 -0.003
-0.117 0.066 -0.003
nan nan nan
-0.115 0.066 -0.003
nan nan nan
nan nan nan
-0.112 0.066 -0.002
-0.112 0.066 -0.002
-0.110 0.066 -0.002
-0.109 0.065 -0.002
-0.109 0.065 -0.002
-0.108 0.064 -0.001
-0.108 0.064 -0.002
-0.107 0.064 -0.001
-0.107 0.064 -0.001
-0.107 0.063 -0.001
-0.107 0.063 -0.001
-0.106 0.062 -0.001
-0.106 0.062 -0.001
-0.106 0.062 -0.001
-0.106 0.061 -0.001
-0.105 0.061 -0.000
-0.105 0.061 -0.000
-0.105 0.060 -0.000
-0.105 0.060 -0.000
-0.105 0.060 -0.000
-0.106 0.060 -0.001
-0.105 0.059 -0.001
-0.105 0.059 -0.000
-0.105 0.059 -0.001
-0.105 0.057 0.000
-0.105 0.059 -0.001
-0.106 0.058 -0.001
-0.106 0.057 -0.001
-0.107 0.057 -0.001
-0.107 0.057 -0.001
-0.108 0.057 -0.001
-0.108 0.057 -0.002
-0.109 0.057 -0.002
-0.109 0.057 -0.002
-0.110 0.056 -0.002
-0.109 0.057 -0.002
-0.110 0.056 -0.002
nan nan nan
nan nan nan
nan nan nan
-0.109 0.055 -0.002
-0.111 0.055 -0.003
-0.111 0.056 -0.003
nan nan nan
-0.111 0.054 -0.003
-0.111 0.055 -0.003
-0.112 0.055 -0.003
-0.112 0.055 -0.003
-0.113 0.054 -0.003
-0.112 0.053 -0.003
-0.113 0.053 -0.003
-0.113 0.054 -0.003
-0.114 0.054 -0.003
-0.116 0.053 -0.003
-0.113 0.054 -0.003
-0.113 0.054 -0.003
-0.113 0.054 -0.003
-0.113 0.054 -0.003
-0.113 0.053 -0.002
-0.114 0.053 -0.002
-0.113 0.053 -0.002
-0.113 0.053 -0.002
-0.113 0.053 -0.002
-0.112 0.052 -0.002
-0.113 0.052 -0.002
-0.112 0.053 -0.002
-0.112 0.053 -0.002
-0.112 0.053 -0.002
-0.113 0.053 -0.002
-0.112 0.053 -0.002
-0.112 0.053 -0.002
-0.112 0.052 -0.002
-0.111 0.052 -0.002
-0.112 0.052 -0.002
-0.112 0.052 -0.001
nan nan nan
-0.111 0.052 -0.001
-0.110 0.052 -0.001
-0.112 0.051 -0.003
-0.111 0.052 -0.002
-0.110 0.052 -0.002
-0.110 0.052 -0.002
-0.109 0.052 -0.002
-0.110 0.051 -0.002
-0.110 0.051 -0.001
-0.109 0.051 -0.001
-0.110 0.051 -0.001
-0.110 0.051 -0.001
-0.110 0.051 -0.001
-0.110 0.051 -0.002
-0.110 0.051 -0.001
-0.109 0.051 -0.001
-0.109 0.050 -0.002
nan nan nan
-0.109 0.050 -0.002
nan nan nan
-0.108 0.048 -0.003
-0.109 0.050 -0.008
-0.109 0.050 -0.012
-0.109 0.050 -0.016
-0.110 0.050 -0.021
-0.111 0.049 -0.024
-0.111 0.050 -0.027
-0.112 0.049 -0.031
-0.112 0.050 -0.033
-0.112 0.050 -0.035
-0.112 0.050 -0.037
-0.113 0.049 -0.039
-0.113 0.049 -0.040
-0.113 0.049 -0.041
-0.114 0.050 -0.043
nan nan nan
-0.115 0.049 -0.044
-0.115 0.049 -0.045
-0.116 0.049 -0.046
-0.116 0.049 -0.047
-0.117 0.049 -0.048
-0.118 0.048 -0.049
-0.118 0.048 -0.049
-0.118 0.049 -0.050
-0.117 0.049 -0.050
-0.117 0.050 -0.050
-0.116 0.049 -0.051
-0.115 0.050 -0.052
-0.113 0.051 -0.052
-0.111 0.051 -0.052
-0.106 0.051 -0.052
-0.105 0.052 -0.054
-0.100 0.053 -0.054
-0.095 0.054 -0.055
nan nan nan
-0.088 0.054 -0.055
nan nan nan
-0.080 0.056 -0.055
-0.072 0.056 -0.055
-0.065 0.057 -0.056
-0.055 0.058 -0.056
-0.045 0.058 -0.056
-0.036 0.059 -0.057
-0.025 0.060 -0.057
nan nan nan
-0.010 0.060 -0.057
nan nan nan
0.003 0.061 -0.058
0.017 0.061 -0.057
0.030 0.061 -0.057
0.043 0.061 -0.057
0.057 0.061 -0.057
nan nan nan
0.075 0.060 -0.057
0.088 0.061 -0.057
0.102 0.061 -0.057
nan nan nan
0.119 0.060 -0.057
nan nan nan
0.134 0.059 -0.058
0.149 0.059 -0.058
0.163 0.059 -0.057
0.178 0.059 -0.057
0.192 0.059 -0.057
0.206 0.059 -0.057
0.220 0.059 -0.057
0.234 0.058 -0.057
0.247 0.059 -0.057
nan nan nan
0.263 0.059 -0.056
nan nan nan
nan nan nan
nan nan nan
nan nan nan
nan nan nan
0.406 0.062 -0.092
nan nan nan
0.142 -0.036 -0.275
0.118 -0.032 -0.275
0.095 -0.028 -0.274
0.073 -0.023 -0.273
0.047 -0.018 -0.270
0.026 -0.014 -0.264
0.003 -0.009 -0.257
-0.018 -0.003 -0.248
-0.037 0.002 -0.239
-0.055 0.008 -0.229
-0.072 0.013 -0.216
-0.088 0.018 -0.204
-0.104 0.024 -0.192
-0.118 0.029 -0.180
-0.127 0.033 -0.168
nan nan nan
-0.143 0.040 -0.152
-0.154 0.043 -0.141
-0.158 0.047 -0.130
-0.166 0.049 -0.120
-0.172 0.052 -0.111
-0.170 0.054 -0.101
nan nan nan
-0.179 0.057 -0.091
-0.181 0.058 -0.083
nan nan nan
nan nan nan
-0.184 0.060 -0.072
-0.185 0.061 -0.065
-0.185 0.061 -0.059
-0.185 0.061 -0.054
-0.186 0.059 -0.048
-0.180 0.061 -0.047
-0.177 0.059 -0.043
nan nan nan
-0.172 0.057 -0.040
-0.168 0.055 -0.037
-0.162 0.053 -0.035
nan nan nan
-0.157 0.050 -0.032
nan nan nan
-0.149 0.047 -0.030
nan nan nan
-0.141 0.045 -0.028
-0.136 0.043 -0.027
-0.130 0.042 -0.025
nan nan nan
-0.125 0.039 -0.024
-0.118 0.038 -0.021
nan nan nan
nan nan nan
-0.113 0.039 -0.018
-0.108 0.039 -0.015
-0.104 0.039 -0.014
-0.101 0.039 -0.011
-0.098 0.039 -0.010
-0.096 0.039 -0.007
-0.094 0.039 -0.006
-0.091 0.040 -0.004
nan nan nan
-0.088 0.041 -0.002
-0.087 0.042 0.000
-0.085 0.043 0.001
-0.084 0.044 0.003
-0.083 0.044 0.004
-0.082 0.046 0.005
nan nan nan
-0.080 0.047 0.006
-0.081 0.049 0.006
nan nan nan
-0.079 0.049 0.006
nan nan nan
nan nan nan
-0.079 0.052 0.006
-0.078 0.053 0.006
nan nan nan
-0.078 0.055 0.005
-0.079 0.056 0.004
-0.078 0.057 0.003
-0.078 0.059 0.002
-0.077 0.060 0.001
-0.082 0.059 -0.001
-0.083 0.061 -0.004
-0.084 0.061 -0.005
-0.082 0.062 -0.006
nan nan nan
-0.083 0.063 -0.009
-0.083 0.064 -0.010
nan nan nan
-0.086 0.065 -0.015
nan nan nan
-0.087 0.066 -0.017
-0.087 0.066 -0.017
-0.088 0.066 -0.019
-0.090 0.066 -0.023
-0.089 0.067 -0.024
-0.090 0.068 -0.026
-0.093 0.067 -0.027
nan nan nan
-0.094 0.068 -0.030
-0.096 0.067 -0.030
-0.098 0.066 -0.031
-0.100 0.066 -0.033
-0.099 0.067 -0.032
-0.099 0.069 -0.031
-0.103 0.067 -0.032
-0.103 0.068 -0.031
-0.104 0.068 -0.030
-0.104 0.069 -0.031
-0.106 0.069 -0.029
nan nan nan
-0.103 0.072 -0.028
-0.109 0.071 -0.029
-0.109 0.071 -0.028
-0.110 0.071 -0.027
-0.111 0.072 -0.026
-0.112 0.073 -0.026
-0.112 0.074 -0.025
-0.115 0.073 -0.025
-0.112 0.077 -0.024
nan nan nan
-0.115 0.075 -0.022
-0.116 0.076 -0.021
-0.117 0.076 -0.020
-0.117 0.077 -0.018
-0.117 0.077 -0.017
-0.117 0.078 -0.016
-0.118 0.078 -0.015
-0.118 0.079 -0.013
nan nan nan
-0.119 0.080 -0.011
-0.119 0.079 -0.010
-0.119 0.080 -0.009
-0.118 0.080 -0.008
nan nan nan
-0.118 0.080 -0.006
-0.117 0.080 -0.005
-0.117 0.080 -0.004
-0.117 0.080 -0.003
-0.116 0.080 -0.002
-0.116 0.080 -0.001
-0.115 0.080 0.000
-0.114 0.080 0.001
-0.114 0.080 0.001
-0.114 0.079 0.002
-0.113 0.079 0.003
-0.112 0.079 0.004
-0.111 0.078 0.004
-0.111 0.078 0.004
-0.112 0.077 0.004
-0.111 0.077 0.005
-0.111 0.076 0.005
-0.110 0.076 0.005
-0.109 0.075 0.005
-0.110 0.075 0.005
-0.109 0.075 0.005
-0.110 0.074 0.004
-0.110 0.074 0.004
-0.111 0.073 0.004
-0.110 0.073 0.004
-0.111 0.072 0.003
-0.111 0.072 0.003
-0.110 0.070 0.003
-0.111 0.070 0.002
-0.111 0.070 0.001
nan nan nan
-0.112 0.069 0.000
-0.112 0.069 0.000
-0.113 0.068 -0.000
-0.113 0.067 -0.001
-0.113 0.067 -0.001
-0.113 0.066 -0.001
-0.114 0.066 -0.002
-0.115 0.065 -0.003
-0.115 0.064 -0.002
-0.117 0.064 -0.003
-0.116 0.064 -0.003
-0.116 0.063 -0.003
-0.118 0.063 -0.003
-0.118 0.062 -0.004
-0.119 0.061 -0.004
-0.119 0.061 -0.004
-0.120 0.061 -0.004
-0.120 0.061 -0.004
-0.120 0.060 -0.004
-0.119 0.060 -0.004
-0.117 0.062 -0.004
-0.120 0.060 -0.005
nan nan nan
-0.118 0.060 -0.004
-0.116 0.059 -0.004
-0.114 0.059 -0.004
-0.111 0.059 -0.004
-0.107 0.059 -0.004
-0.104 0.058 -0.004
-0.099 0.058 -0.004
nan nan nan
-0.092 0.058 -0.003
-0.085 0.057 -0.003
-0.077 0.058 -0.003
-0.068 0.058 -0.003
-0.061 0.058 -0.003
-0.052 0.059 -0.003
-0.047 0.057 -0.003
nan nan nan
nan nan nan
-0.027 0.058 -0.003
-0.015 0.060 -0.003
-0.003 0.060 -0.003
nan nan nan
0.011 0.060 -0.003
0.025 0.061 -0.002
nan nan nan
0.040 0.062 -0.004
nan nan nan
0.051 0.060 -0.005
nan nan nan
0.072 0.063 -0.005
nan nan nan
0.084 0.061 -0.007
nan nan nan
0.115 0.067 -0.005
nan nan nan
nan nan nan
nan nan nan
0.411 0.036 -0.296
0.415 0.038 -0.292
nan nan nan
0.150 0.225 -0.539
0.126 0.225 -0.532
nan nan nan
0.096 0.223 -0.522
0.077 0.221 -0.513
nan nan nan
0.053 0.215 -0.499
nan nan nan
nan nan nan
0.035 0.207 -0.485
0.023 0.202 -0.475
0.012 0.195 -0.462
-0.002 0.189 -0.448
-0.015 0.181 -0.436
-0.027 0.174 -0.422
-0.040 0.167 -0.407
-0.053 0.158 -0.393
-0.066 0.151 -0.378
-0.077 0.144 -0.362
-0.089 0.137 -0.346
nan nan nan
-0.105 0.127 -0.327
-0.114 0.121 -0.311
-0.119 0.117 -0.295
nan nan nan
-0.133 0.107 -0.272
nan nan nan
-0.115 0.050 -0.037
nan nan nan
-0.107 0.049 -0.024
-0.105 0.050 -0.017
-0.100 0.048 -0.008
nan nan nan
-0.096 0.049 0.002
nan nan nan
-0.089 0.048 0.012
-0.085 0.046 0.019
-0.081 0.047 0.027
nan nan nan
-0.079 0.047 0.037
nan nan nan
nan nan nan
-0.073 0.049 0.046
-0.073 0.049 0.051
-0.072 0.049 0.056
-0.073 0.049 0.060
nan nan nan
-0.072 0.050 0.064
-0.071 0.052 0.066
-0.070 0.052 0.066
nan nan nan
-0.070 0.052 0.065
-0.070 0.053 0.064
-0.070 0.052 0.063
-0.070 0.052 0.060
-0.071 0.053 0.057
-0.071 0.052 0.053
nan nan nan
-0.072 0.053 0.048
-0.073 0.052 0.044
nan nan nan
-0.075 0.051 0.036
nan nan nan
-0.076 0.050 0.031
-0.077 0.049 0.026
-0.078 0.049 0.021
-0.079 0.048 0.016
-0.080 0.047 0.011
-0.082 0.046 0.007
-0.083 0.045 0.003
-0.084 0.044 -0.000
-0.086 0.042 -0.004
-0.086 0.041 -0.007
-0.088 0.039 -0.010
-0.088 0.038 -0.013
-0.089 0.036 -0.015
-0.090 0.035 -0.016
-0.090 0.034 -0.019
-0.092 0.032 -0.020
-0.092 0.031 -0.021
-0.093 0.029 -0.022
-0.094 0.027 -0.022
-0.095 0.026 -0.023
-0.095 0.024 -0.023
-0.096 0.023 -0.023
-0.097 0.021 -0.023
-0.098 0.021 -0.024
nan nan nan
-0.100 0.018 -0.023
-0.101 0.017 -0.022
-0.102 0.016 -0.022
-0.102 0.015 -0.021
-0.103 0.013 -0.021
-0.103 0.013 -0.020
-0.104 0.012 -0.019
-0.105 0.011 -0.019
-0.105 0.011 -0.018
-0.106 0.010 -0.017
-0.106 0.009 -0.016
-0.106 0.009 -0.015
-0.106 0.009 -0.014
-0.106 0.009 -0.013
-0.108 0.008 -0.013
-0.106 0.010 -0.011
-0.106 0.011 -0.010
-0.105 0.011 -0.009
-0.106 0.012 -0.009
-0.106 0.012 -0.008
-0.106 0.013 -0.006
-0.106 0.013 -0.006
-0.106 0.013 -0.004
-0.107 0.013 -0.003
-0.108 0.013 -0.002
-0.108 0.014 -0.001
-0.109 0.013 0.001
-0.110 0.013 0.003
-0.109 0.012 0.005
-0.111 0.012 0.007
-0.111 0.011 0.009
-0.113 0.011 0.011
-0.114 0.010 0.014
-0.114 0.010 0.017
-0.115 0.009 0.021
-0.115 0.008 0.027
-0.115 0.008 0.035
-0.114 0.008 0.043
-0.115 0.007 0.052
-0.112 0.008 0.063
-0.110 0.008 0.074
-0.111 0.008 0.086
-0.108 0.009 0.099
-0.109 0.006 0.110
nan nan nan
-0.102 0.012 0.127
nan nan nan
-0.100 0.014 0.144
-0.098 0.015 0.159
-0.094 0.016 0.173
-0.092 0.019 0.189
-0.089 0.021 0.205
-0.087 0.022 0.220
nan nan nan
-0.084 0.023 0.240
-0.081 0.026 0.256
nan nan nan
nan nan nan
-0.078 0.029 0.279
-0.075 0.032 0.296
-0.073 0.034 0.314
-0.071 0.037 0.331
-0.069 0.039 0.349
-0.067 0.042 0.367
-0.065 0.044 0.385
-0.063 0.047 0.403
-0.061 0.050 0.422
-0.059 0.053 0.441
-0.057 0.056 0.459
-0.055 0.058 0.478
-0.054 0.061 0.497
-0.051 0.064 0.516
-0.050 0.067 0.536
-0.049 0.070 0.554
-0.047 0.073 0.574
-0.046 0.077 0.594
-0.044 0.080 0.613
-0.043 0.084 0.633
-0.042 0.088 0.653
-0.041 0.091 0.673
-0.039 0.095 0.693
-0.039 0.099 0.713
-0.038 0.102 0.733
-0.037 0.106 0.753
-0.036 0.110 0.774
-0.036 0.114 0.794
-0.035 0.117 0.815
nan nan nan
-0.035 0.122 0.837
-0.033 0.126 0.855
-0.035 0.128 0.871
-0.033 0.132 0.886
nan nan nan
-0.034 0.136 0.904
-0.033 0.139 0.917
-0.032 0.142 0.930
-0.032 0.146 0.943
-0.037 0.147 0.957
nan nan nan
nan nan nan
-0.043 0.152 0.972
nan nan nan
-0.213 0.145 0.980
-0.215 0.146 0.969
-0.220 0.145 0.958
-0.223 0.143 0.947
-0.226 0.142 0.933
-0.230 0.142 0.923
-0.234 0.137 0.909
-0.237 0.137 0.895
-0.238 0.134 0.882
-0.243 0.133 0.868
-0.248 0.129 0.854
-0.250 0.129 0.839
-0.251 0.128 0.824
-0.253 0.126 0.809
-0.255 0.125 0.793
-0.257 0.123 0.778
-0.258 0.122 0.762
-0.261 0.121 0.746
-0.263 0.119 0.729
-0.265 0.118 0.712
-0.267 0.116 0.696
-0.269 0.115 0.679
-0.271 0.113 0.661
-0.273 0.112 0.644
-0.275 0.111 0.626
-0.277 0.109 0.608
-0.279 0.108 0.590
-0.281 0.107 0.572
-0.283 0.106 0.554
-0.285 0.105 0.535
-0.287 0.103 0.516
-0.290 0.102 0.498
-0.292 0.102 0.479
-0.294 0.100 0.460
-0.297 0.099 0.440
-0.299 0.098 0.421
-0.301 0.097 0.402
nan nan nan
-0.305 0.095 0.375
-0.307 0.094 0.356
-0.309 0.093 0.336
nan nan nan
nan nan nan
nan nan nan
-0.320 0.089 0.256
-0.321 0.089 0.237
-0.323 0.089 0.220
-0.324 0.088 0.206
-0.324 0.088 0.192
-0.325 0.087 0.178
-0.325 0.087 0.166
-0.326 0.086 0.154
-0.325 0.085 0.143
-0.325 0.084 0.132
-0.325 0.080 0.122
-0.324 0.077 0.112
-0.323 0.074 0.103
-0.323 0.071 0.093
-0.322 0.068 0.084
-0.321 0.066 0.075
-0.321 0.064 0.067
-0.320 0.062 0.060
-0.320 0.060 0.052
-0.322 0.059 0.045
-0.324 0.058 0.038
-0.326 0.057 0.031
-0.327 0.055 0.024
-0.329 0.054 0.018
-0.330 0.053 0.012
-0.332 0.052 0.006
-0.333 0.051 0.000
-0.335 0.049 -0.006
-0.336 0.048 -0.011
-0.338 0.047 -0.017
-0.339 0.046 -0.022
-0.340 0.045 -0.027
-0.342 0.044 -0.033
-0.343 0.044 -0.037
-0.352 0.039 -0.044
-0.349 0.041 -0.048
-0.349 0.041 -0.051
-0.345 0.043 -0.055
-0.349 0.041 -0.060
-0.350 0.040 -0.065
-0.351 0.040 -0.069
-0.352 0.039 -0.073
-0.353 0.038 -0.078
-0.355 0.037 -0.082
-0.356 0.036 -0.086
-0.357 0.035 -0.090
-0.359 0.035 -0.094
-0.359 0.034 -0.098
-0.361 0.033 -0.102
-0.362 0.031 -0.106
-0.363 0.029 -0.109
-0.364 0.026 -0.114
-0.366 0.023 -0.118
-0.367 0.021 -0.122
-0.368 0.019 -0.126
-0.369 0.016 -0.130
-0.370 0.015 -0.135
-0.372 0.012 -0.138
-0.372 0.011 -0.142
-0.374 0.008 -0.146
-0.375 0.006 -0.150
-0.376 0.005 -0.154
-0.377 0.003 -0.158
-0.378 0.001 -0.162
-0.379 -0.000 -0.166
-0.380 -0.002 -0.171
-0.381 -0.004 -0.175
-0.382 -0.006 -0.178
-0.383 -0.008 -0.182
-0.385 -0.010 -0.186
-0.388 -0.014 -0.189
-0.389 -0.017 -0.193
-0.390 -0.022 -0.196
-0.393 -0.026 -0.200
-0.394 -0.030 -0.204
-0.396 -0.034 -0.207
-0.398 -0.037 -0.211
-0.398 -0.039 -0.214
-0.400 -0.043 -0.218
-0.401 -0.045 -0.221
-0.402 -0.048 -0.224
-0.403 -0.050 -0.228
-0.404 -0.053 -0.231
-0.406 -0.055 -0.234
-0.408 -0.058 -0.237
-0.409 -0.060 -0.241
-0.409 -0.062 -0.243
-0.411 -0.065 -0.246
-0.412 -0.067 -0.249
-0.413 -0.069 -0.252
-0.414 -0.072 -0.254
-0.415 -0.074 -0.257
-0.417 -0.077 -0.259
-0.418 -0.079 -0.262
-0.419 -0.081 -0.265
-0.420 -0.083 -0.267
-0.421 -0.085 -0.269
-0.422 -0.087 -0.272
-0.424 -0.089 -0.273
-0.425 -0.091 -0.276
-0.426 -0.093 -0.278
-0.427 -0.095 -0.280
-0.428 -0.097 -0.282
-0.430 -0.099 -0.284
-0.430 -0.100 -0.286
-0.431 -0.102 -0.287
-0.433 -0.104 -0.289
-0.434 -0.105 -0.291
-0.435 -0.107 -0.293
-0.437 -0.109 -0.294
-0.438 -0.111 -0.295
-0.439 -0.112 -0.297
-0.440 -0.115 -0.298
-0.442 -0.117 -0.298
-0.442 -0.118 -0.300
-0.443 -0.120 -0.301
-0.445 -0.122 -0.302
-0.446 -0.123 -0.303
-0.448 -0.126 -0.304
-0.448 -0.127 -0.305
-0.450 -0.129 -0.306
-0.451 -0.131 -0.306
-0.452 -0.133 -0.307
-0.453 -0.135 -0.308
-0.454 -0.136 -0.309
-0.455 -0.138 -0.309
-0.456 -0.139 -0.310
-0.457 -0.141 -0.310
-0.458 -0.143 -0.311
-0.459 -0.144 -0.311
-0.460 -0.145 -0.311
-0.461 -0.147 -0.312
-0.463 -0.149 -0.312
-0.464 -0.150 -0.312
-0.465 -0.152 -0.312
-0.466 -0.153 -0.312
-0.467 -0.154 -0.312
-0.468 -0.156 -0.312
-0.469 -0.157 -0.312
-0.470 -0.158 -0.312
-0.471 -0.159 -0.312
-0.473 -0.160 -0.312
-0.474 -0.162 -0.312
-0.475 -0.163 -0.312
-0.476 -0.164 -0.312
-0.477 -0.165 -0.312
-0.479 -0.166 -0.311
-0.480 -0.167 -0.311
-0.481 -0.168 -0.311
-0.482 -0.168 -0.311
-0.483 -0.169 -0.310
-0.485 -0.170 -0.310
-0.486 -0.171 -0.309
-0.487 -0.172 -0.309
-0.489 -0.172 -0.309
-0.490 -0.173 -0.308
-0.492 -0.174 -0.308
-0.493 -0.175 -0.308
-0.494 -0.175 -0.307
-0.495 -0.176 -0.306
-0.497 -0.177 -0.306
-0.498 -0.177 -0.305
-0.500 -0.178 -0.305
-0.501 -0.178 -0.304
-0.502 -0.179 -0.304
-0.503 -0.180 -0.303
-0.504 -0.180 -0.302
-0.506 -0.180 -0.302
-0.507 -0.181 -0.301
-0.508 -0.181 -0.300
-0.510 -0.182 -0.300
-0.511 -0.182 -0.299
-0.513 -0.182 -0.298
-0.514 -0.183 -0.298
-0.516 -0.183 -0.296
-0.517 -0.184 -0.296
-0.518 -0.184 -0.295
-0.520 -0.184 -0.294
-0.521 -0.184 -0.293
-0.522 -0.185 -0.291
-0.524 -0.185 -0.291
-0.525 -0.185 -0.290
-0.526 -0.185 -0.288
-0.528 -0.185 -0.288
-0.529 -0.186 -0.286
-0.531 -0.185 -0.285
-0.532 -0.186 -0.284
-0.534 -0.186 -0.283
-0.535 -0.186 -0.282
-0.536 -0.186 -0.281
-0.538 -0.186 -0.279
-0.539 -0.185 -0.278
-0.540 -0.186 -0.277
-0.541 -0.185 -0.275
-0.543 -0.185 -0.274
-0.544 -0.185 -0.273
-0.546 -0.185 -0.272
-0.547 -0.185 -0.270
-0.548 -0.185 -0.269
-0.549 -0.184 -0.267
-0.551 -0.184 -0.266
-0.552 -0.184 -0.264
-0.554 -0.184 -0.263
-0.555 -0.184 -0.261
-0.557 -0.183 -0.259
-0.558 -0.183 -0.258
-0.559 -0.183 -0.256
-0.560 -0.182 -0.255
-0.562 -0.182 -0.253
-0.563 -0.182 -0.251
-0.564 -0.182 -0.249
-0.565 -0.181 -0.248
-0.567 -0.181 -0.246
-0.568 -0.180 -0.244
-0.569 -0.180 -0.243
-0.571 -0.180 -0.241
-0.572 -0.179 -0.239
-0.573 -0.179 -0.237
-0.574 -0.178 -0.235
-0.574 -0.177 -0.231
-0.573 -0.174 -0.226
-0.568 -0.169 -0.220
-0.560 -0.162 -0.215
-0.552 -0.153 -0.209
-0.542 -0.142 -0.203
-0.532 -0.132 -0.197
-0.522 -0.120 -0.190
-0.511 -0.109 -0.183
-0.500 -0.099 -0.177
-0.489 -0.089 -0.168
-0.477 -0.078 -0.161
-0.465 -0.067 -0.153
-0.452 -0.056 -0.145
-0.441 -0.047 -0.137
-0.428 -0.037 -0.129
-0.415 -0.027 -0.122
-0.403 -0.017 -0.115
-0.389 -0.009 -0.109
-0.377 -0.002 -0.104
-0.364 0.006 -0.099
-0.351 0.013 -0.095
-0.338 0.019 -0.091
-0.325 0.026 -0.088
-0.310 0.033 -0.085
-0.298 0.038 -0.082
-0.282 0.044 -0.079
-0.270 0.047 -0.079
-0.254 0.052 -0.076
-0.242 0.054 -0.076
nan nan nan
-0.221 0.061 -0.074
-0.205 0.064 -0.074
-0.190 0.066 -0.072
nan nan nan
-0.163 0.070 -0.071
-0.149 0.072 -0.071
-0.135 0.074 -0.070
-0.123 0.075 -0.069
-0.112 0.076 -0.069
-0.101 0.077 -0.069
-0.091 0.079 -0.068
nan nan nan
nan nan nan
nan nan nan
-0.072 0.080 -0.067
-0.064 0.081 -0.067
-0.056 0.082 -0.066
-0.048 0.083 -0.065
-0.041 0.084 -0.065
-0.034 0.084 -0.065
-0.028 0.085 -0.064
-0.022 0.085 -0.063
-0.017 0.086 -0.063
-0.012 0.086 -0.062
-0.008 0.085 -0.061
-0.004 0.086 -0.060
-0.001 0.085 -0.059
0.001 0.084 -0.058
0.002 0.084 -0.058
0.002 0.083 -0.058
0.002 0.082 -0.057
0.002 0.081 -0.055
0.002 0.079 -0.054
-0.000 0.078 -0.054
-0.002 0.077 -0.053
-0.003 0.076 -0.052
-0.006 0.075 -0.051
-0.008 0.073 -0.050
-0.011 0.072 -0.049
-0.013 0.071 -0.048
-0.016 0.070 -0.047
-0.019 0.069 -0.046
-0.023 0.068 -0.046
-0.025 0.067 -0.044
nan nan nan
-0.030 0.066 -0.043
-0.032 0.065 -0.041
-0.035 0.065 -0.040
-0.037 0.064 -0.038
-0.040 0.064 -0.038
-0.042 0.063 -0.036
-0.043 0.063 -0.034
-0.046 0.062 -0.033
-0.048 0.062 -0.031
-0.050 0.062 -0.030
-0.052 0.061 -0.028
-0.054 0.061 -0.027
-0.055 0.061 -0.025
-0.057 0.061 -0.024
-0.059 0.061 -0.023
-0.060 0.061 -0.021
-0.061 0.062 -0.020
-0.063 0.061 -0.019
-0.064 0.062 -0.018
-0.065 0.062 -0.016
-0.067 0.061 -0.015
-0.068 0.062 -0.013
-0.070 0.062 -0.012
-0.071 0.061 -0.011
-0.071 0.062 -0.009
-0.071 0.062 -0.008
-0.073 0.063 -0.008
-0.068 0.062 -0.005
-0.059 0.063 -0.001
-0.060 0.062 -0.003
-0.055 0.063 -0.002
-0.048 0.063 -0.001
-0.041 0.064 -0.001
-0.032 0.064 0.000
-0.023 0.065 0.001
-0.012 0.066 0.002
-0.001 0.067 0.002
0.012 0.068 0.003
0.024 0.067 0.004
0.036 0.068 0.003
0.052 0.069 0.006
nan nan nan
0.070 0.070 0.007
0.082 0.071 0.006
0.096 0.070 0.007
0.113 0.072 0.007
0.127 0.072 0.008
0.142 0.072 0.008
0.157 0.072 0.007
0.172 0.072 0.007
0.186 0.072 0.007
0.201 0.072 0.006
0.216 0.072 0.005
0.230 0.072 0.004
0.244 0.072 0.004
0.258 0.071 0.004
0.272 0.071 0.003
0.285 0.070 0.002
0.298 0.070 0.001
0.310 0.069 -0.000
nan nan nan
0.325 0.068 -0.002
nan nan nan
nan nan nan
0.367 0.067 -0.007
nan nan nan
0.380 0.066 -0.008
0.390 0.066 -0.010
0.401 0.066 -0.011
nan nan nan
nan nan nan
nan nan nan
nan nan nan
nan nan nan
0.463 0.080 -0.070
nan nan nan
nan nan nan
nan nan nan
0.177 0.043 -0.051
0.152 0.043 -0.050
0.130 0.040 -0.044
nan nan nan
0.097 0.023 -0.045
0.082 0.017 -0.045
0.067 0.011 -0.046
0.052 0.006 -0.046
0.038 0.002 -0.047
0.023 -0.002 -0.046
0.010 -0.006 -0.048
-0.006 -0.007 -0.047
-0.020 -0.007 -0.044
-0.033 -0.008 -0.043
-0.044 -0.012 -0.045
-0.055 -0.013 -0.045
nan nan nan
-0.076 -0.016 -0.043
-0.087 -0.017 -0.042
-0.096 -0.016 -0.041
-0.105 -0.016 -0.039
-0.113 -0.014 -0.038
-0.120 -0.013 -0.036
-0.127 -0.012 -0.034
-0.133 -0.011 -0.032
-0.138 -0.011 -0.031
-0.143 -0.011 -0.029
-0.148 -0.010 -0.027
-0.151 -0.010 -0.026
-0.154 -0.009 -0.024
-0.156 -0.008 -0.022
-0.156 -0.008 -0.020
-0.157 -0.007 -0.018
-0.158 -0.009 -0.017
-0.158 -0.008 -0.016
-0.157 -0.008 -0.014
-0.157 -0.008 -0.013
-0.156 -0.007 -0.012
-0.155 -0.007 -0.011
-0.154 -0.007 -0.010
-0.153 -0.007 -0.010
-0.152 -0.007 -0.009
-0.151 -0.006 -0.009
-0.149 -0.007 -0.009
-0.149 -0.007 -0.008
-0.152 -0.011 -0.010
-0.150 -0.009 -0.010
-0.149 -0.009 -0.010
-0.142 -0.001 -0.008
-0.143 -0.001 -0.009
-0.141 -0.000 -0.010
-0.139 0.002 -0.010
-0.139 0.002 -0.011
-0.138 0.004 -0.010
-0.135 0.005 -0.011
-0.136 0.006 -0.011
nan nan nan
-0.133 0.007 -0.012
-0.131 0.008 -0.012
-0.131 0.011 -0.013
-0.129 0.012 -0.013
-0.127 0.013 -0.014
-0.126 0.014 -0.014
-0.124 0.015 -0.015
-0.122 0.016 -0.015
-0.120 0.018 -0.015
-0.118 0.018 -0.015
-0.116 0.019 -0.016
-0.115 0.020 -0.016
-0.113 0.020 -0.016
-0.112 0.021 -0.016
-0.110 0.021 -0.016
-0.108 0.022 -0.017
-0.107 0.021 -0.016
-0.106 0.022 -0.016
-0.103 0.022 -0.016
-0.102 0.023 -0.017
-0.101 0.022 -0.016
-0.099 0.022 -0.016
-0.098 0.022 -0.016
-0.097 0.021 -0.016
-0.096 0.021 -0.016
-0.095 0.021 -0.016
-0.095 0.020 -0.016
-0.094 0.020 -0.016
-0.093 0.020 -0.016
-0.093 0.020 -0.016
-0.092 0.020 -0.016
-0.092 0.019 -0.016
-0.091 0.019 -0.016
-0.090 0.018 -0.016
-0.089 0.018 -0.015
-0.088 0.017 -0.015
-0.087 0.017 -0.015
-0.087 0.017 -0.015
-0.086 0.017 -0.015
-0.085 0.016 -0.015
-0.085 0.015 -0.015
-0.085 0.015 -0.014
-0.085 0.015 -0.015
-0.084 0.015 -0.015
-0.084 0.015 -0.015
-0.083 0.014 -0.014
-0.083 0.014 -0.014
-0.083 0.013 -0.014
-0.082 0.013 -0.013
-0.083 0.013 -0.013
-0.082 0.014 -0.014
-0.082 0.013 -0.013
-0.082 0.013 -0.013
-0.082 0.013 -0.012
-0.082 0.012 -0.012
-0.082 0.013 -0.011
-0.082 0.012 -0.011
-0.082 0.012 -0.011
-0.082 0.012 -0.011
-0.082 0.012 -0.010
-0.082 0.012 -0.010
-0.082 0.012 -0.010
-0.082 0.012 -0.009
-0.083 0.012 -0.009
-0.083 0.012 -0.009
-0.083 0.012 -0.009
-0.084 0.012 -0.008
-0.084 0.012 -0.007
-0.084 0.012 -0.008
-0.084 0.012 -0.008
-0.084 0.013 -0.008
-0.084 0.012 -0.008
-0.085 0.013 -0.007
-0.085 0.013 -0.007
-0.085 0.012 -0.007
-0.085 0.013 -0.007
-0.086 0.012 -0.007
-0.086 0.013 -0.008
-0.086 0.013 -0.008
-0.086 0.012 -0.008
-0.086 0.012 -0.008
-0.086 0.013 -0.008
-0.086 0.013 -0.008
-0.086 0.013 -0.008
-0.086 0.012 -0.008
-0.086 0.012 -0.008
nan nan nan
-0.086 0.012 -0.008
-0.086 0.012 -0.008
-0.085 0.012 -0.008
-0.087 0.012 -0.008
-0.086 0.012 -0.008
-0.086 0.012 -0.008
-0.085 0.012 -0.008
-0.085 0.012 -0.008
-0.085 0.013 -0.008
-0.084 0.012 -0.008
-0.085 0.012 -0.008
-0.083 0.012 -0.008
-0.085 0.012 -0.008
-0.084 0.012 -0.007
-0.084 0.012 -0.008
-0.083 0.013 -0.007
-0.084 0.012 -0.007
-0.083 0.012 -0.007
-0.083 0.012 -0.008
-0.083 0.012 -0.007
-0.083 0.012 -0.007
-0.083 0.012 -0.007
-0.083 0.011 -0.007
-0.083 0.012 -0.007
-0.083 0.012 -0.007
-0.083 0.011 -0.007
-0.084 0.011 -0.006
-0.083 0.011 -0.006
-0.085 0.011 -0.006
-0.083 0.011 -0.006
-0.084 0.010 -0.006
-0.087 0.008 -0.008
-0.082 0.011 -0.006
-0.084 0.010 -0.007
-0.083 0.009 -0.006
-0.085 0.008 -0.006
-0.084 0.009 -0.006
-0.085 0.008 -0.006
-0.083 0.009 -0.006
-0.083 0.008 -0.005
-0.082 0.008 -0.005
-0.082 0.008 -0.006
-0.081 0.009 -0.006
-0.080 0.008 -0.004
-0.082 0.008 -0.005
nan nan nan
-0.080 0.009 -0.006
-0.082 0.007 -0.006
-0.080 0.009 -0.006
-0.079 0.009 -0.005
-0.079 0.009 -0.006
-0.081 0.008 -0.007
-0.078 0.010 -0.006
-0.078 0.009 -0.006
-0.078 0.011 -0.007
-0.079 0.010 -0.008
-0.078 0.010 -0.007
-0.078 0.010 -0.007
-0.080 0.010 -0.008
-0.077 0.010 -0.007
-0.077 0.011 -0.007
-0.077 0.010 -0.007
-0.077 0.009 -0.007
-0.077 0.010 -0.008
-0.077 0.010 -0.007
-0.077 0.010 -0.008
-0.075 0.009 -0.007
-0.076 0.009 -0.008
-0.076 0.010 -0.009
-0.078 0.010 -0.009
-0.075 0.011 -0.009
-0.076 0.010 -0.010
-0.075 0.012 -0.010
-0.076 0.011 -0.013
-0.075 0.012 -0.015
-0.075 0.013 -0.021
-0.075 0.013 -0.028
nan nan nan
-0.072 0.014 -0.040
-0.072 0.015 -0.049
-0.071 0.016 -0.060
nan nan nan
nan nan nan
-0.073 0.015 -0.077
nan nan nan
nan nan nan
nan nan nan
-0.073 0.016 -0.102
nan nan nan
-0.074 0.016 -0.118
-0.075 0.016 -0.132
-0.080 0.014 -0.148
-0.076 0.017 -0.161
-0.077 0.016 -0.175
-0.082 0.014 -0.187
-0.083 0.014 -0.197
-0.084 0.014 -0.205
-0.085 0.013 -0.210
-0.085 0.012 -0.214
-0.086 0.012 -0.217
-0.086 0.011 -0.217
-0.087 0.010 -0.217
-0.087 0.010 -0.216
-0.088 0.009 -0.213
-0.083 0.011 -0.208
-0.089 0.009 -0.205
-0.084 0.011 -0.199
nan nan nan
-0.084 0.011 -0.194
-0.087 0.012 -0.191
-0.088 0.012 -0.189
-0.089 0.012 -0.187
-0.090 0.011 -0.185
-0.091 0.011 -0.185
-0.092 0.011 -0.183
-0.091 0.012 -0.183
-0.094 0.010 -0.181
-0.094 0.010 -0.180
-0.096 0.010 -0.180
-0.096 0.010 -0.179
-0.101 0.008 -0.179
-0.098 0.009 -0.177
-0.100 0.010 -0.177
-0.101 0.010 -0.176
-0.104 0.009 -0.176
-0.104 0.009 -0.175
-0.106 0.009 -0.174
-0.107 0.009 -0.174
-0.109 0.009 -0.174
-0.110 0.009 -0.172
-0.110 0.009 -0.171
-0.112 0.009 -0.170
-0.113 0.009 -0.170
nan nan nan
-0.116 0.008 -0.170
-0.116 0.009 -0.169
-0.119 0.009 -0.169
-0.121 0.008 -0.167
-0.121 0.009 -0.166
-0.122 0.009 -0.166
nan nan nan
-0.122 0.010 -0.164
nan nan nan
-0.251 -0.621 1.339
-0.253 -0.617 1.322
-0.256 -0.615 1.305
-0.259 -0.612 1.288
-0.255 -0.618 1.271
-0.258 -0.616 1.254
-0.261 -0.613 1.237
-0.265 -0.610 1.220
-0.268 -0.607 1.203
-0.272 -0.604 1.185
-0.277 -0.600 1.167
-0.280 -0.597 1.149
-0.284 -0.593 1.131
-0.288 -0.588 1.112
-0.289 -0.582 1.095
-0.290 -0.575 1.077
-0.290 -0.567 1.059
-0.290 -0.558 1.041
-0.289 -0.549 1.022
-0.286 -0.540 1.004
-0.290 -0.528 0.983
-0.288 -0.519 0.965
-0.280 -0.516 0.950
-0.279 -0.509 0.932
-0.279 -0.503 0.915
-0.280 -0.497 0.897
-0.280 -0.491 0.879
-0.281 -0.486 0.861
-0.281 -0.480 0.843
-0.281 -0.474 0.825
-0.281 -0.468 0.807
-0.282 -0.462 0.789
-0.283 -0.456 0.770
-0.283 -0.450 0.752
-0.283 -0.444 0.733
-0.283 -0.438 0.714
-0.283 -0.432 0.695
-0.283 -0.426 0.676
-0.283 -0.420 0.657
-0.284 -0.414 0.638
-0.283 -0.408 0.618
-0.284 -0.402 0.599
-0.284 -0.398 0.582
-0.283 -0.394 0.567
-0.282 -0.390 0.552
-0.281 -0.388 0.539
-0.280 -0.385 0.527
-0.280 -0.383 0.515
-0.279 -0.380 0.504
-0.277 -0.378 0.494
-0.276 -0.376 0.485
-0.274 -0.374 0.476
-0.273 -0.373 0.467
-0.272 -0.371 0.459
-0.270 -0.370 0.451
-0.268 -0.369 0.443
-0.267 -0.367 0.435
-0.265 -0.366 0.425
-0.264 -0.365 0.413
-0.263 -0.363 0.400
-0.262 -0.362 0.388
-0.260 -0.361 0.376
-0.259 -0.360 0.366
-0.258 -0.359 0.357
-0.257 -0.359 0.349
-0.256 -0.360 0.339
-0.254 -0.360 0.329
-0.253 -0.359 0.320
-0.251 -0.359 0.311
-0.250 -0.359 0.302
-0.248 -0.358 0.294
-0.247 -0.358 0.286
-0.246 -0.358 0.279
-0.245 -0.357 0.272
-0.245 -0.357 0.264
-0.245 -0.356 0.255
-0.245 -0.354 0.244
-0.243 -0.352 0.233
-0.239 -0.350 0.219
-0.231 -0.348 0.204
-0.221 -0.344 0.188
-0.211 -0.341 0.172
-0.200 -0.338 0.155
-0.187 -0.334 0.139
-0.173 -0.330 0.124
-0.158 -0.326 0.109
-0.144 -0.323 0.094
-0.131 -0.320 0.080
-0.118 -0.316 0.066
-0.104 -0.312 0.052
-0.092 -0.308 0.038
-0.081 -0.303 0.026
-0.071 -0.298 0.014
-0.065 -0.290 0.004
-0.063 -0.280 -0.006
-0.062 -0.268 -0.014
-0.064 -0.255 -0.022
-0.066 -0.239 -0.029
-0.070 -0.225 -0.034
-0.077 -0.210 -0.039
-0.084 -0.195 -0.043
-0.093 -0.179 -0.046
-0.102 -0.164 -0.049
-0.114 -0.148 -0.050
-0.124 -0.133 -0.051
-0.137 -0.118 -0.051
-0.149 -0.103 -0.050
-0.165 -0.088 -0.049
-0.181 -0.075 -0.046
-0.196 -0.062 -0.044
-0.211 -0.049 -0.041
-0.225 -0.038 -0.037
-0.238 -0.028 -0.034
-0.251 -0.019 -0.030
-0.263 -0.010 -0.025
-0.275 -0.002 -0.021
-0.284 0.006 -0.017
-0.293 0.013 -0.013
-0.301 0.019 -0.009
-0.308 0.025 -0.005
-0.314 0.030 -0.001
-0.320 0.035 0.003
-0.325 0.040 0.007
-0.329 0.045 0.010
-0.333 0.050 0.014
-0.337 0.054 0.017
-0.340 0.057 0.020
-0.343 0.061 0.023
-0.346 0.064 0.027
-0.349 0.067 0.029
-0.351 0.070 0.031
-0.354 0.072 0.034
-0.356 0.074 0.036
-0.357 0.076 0.038
-0.360 0.078 0.040
-0.361 0.079 0.041
-0.362 0.080 0.042
-0.363 0.081 0.043
-0.364 0.081 0.044
-0.364 0.081 0.044
-0.365 0.082 0.045
-0.365 0.082 0.046
-0.365 0.082 0.046
-0.365 0.083 0.046
-0.364 0.083 0.047
-0.363 0.083 0.047
-0.361 0.083 0.047
-0.360 0.084 0.047
-0.358 0.084 0.048
-0.356 0.084 0.048
-0.354 0.084 0.049
-0.352 0.083 0.049
-0.350 0.085 0.049
-0.347 0.085 0.050
-0.345 0.085 0.050
-0.343 0.086 0.051
-0.341 0.086 0.051
-0.338 0.087 0.051
-0.336 0.087 0.052
-0.334 0.088 0.052
-0.333 0.088 0.052
-0.330 0.088 0.053
-0.329 0.088 0.053
nan nan nan
nan nan nan
-0.327 0.087 0.053
-0.325 0.087 0.053
-0.323 0.087 0.053
-0.322 0.087 0.054
-0.320 0.087 0.054
-0.320 0.087 0.055
-0.318 0.087 0.054
-0.317 0.086 0.055
-0.315 0.086 0.055
-0.314 0.085 0.055
-0.312 0.085 0.055
-0.310 0.084 0.055
-0.309 0.084 0.055
-0.308 0.083 0.055
-0.306 0.082 0.055
-0.306 0.081 0.055
-0.304 0.080 0.055
-0.302 0.080 0.056
-0.301 0.079 0.055
-0.299 0.078 0.056
-0.299 0.078 0.055
-0.297 0.078 0.056
-0.296 0.078 0.056
-0.295 0.077 0.056
-0.294 0.076 0.057
-0.292 0.076 0.057
-0.291 0.075 0.057
-0.291 0.074 0.057
-0.290 0.073 0.057
-0.289 0.072 0.057
-0.289 0.071 0.058
-0.288 0.071 0.058
-0.287 0.070 0.058
-0.286 0.070 0.057
-0.286 0.068 0.057
-0.285 0.067 0.058
-0.285 0.066 0.058
-0.284 0.065 0.058
-0.284 0.065 0.058
-0.284 0.064 0.057
-0.282 0.063 0.058
-0.282 0.062 0.058
-0.281 0.062 0.058
-0.281 0.061 0.058
-0.281 0.060 0.058
-0.280 0.060 0.058
-0.280 0.059 0.058
-0.280 0.059 0.058
-0.279 0.058 0.058
-0.280 0.057 0.058
-0.280 0.057 0.058
-0.279 0.056 0.058
-0.278 0.055 0.059
-0.279 0.055 0.059
-0.278 0.054 0.059
-0.279 0.053 0.059
-0.278 0.053 0.060
-0.278 0.052 0.060
-0.278 0.052 0.060
-0.278 0.051 0.060
-0.278 0.050 0.061
-0.277 0.050 0.061
-0.277 0.049 0.061
-0.277 0.049 0.062
-0.277 0.049 0.062
-0.278 0.048 0.063
-0.278 0.048 0.063
-0.278 0.048 0.064
-0.278 0.048 0.064
-0.278 0.047 0.065
-0.278 0.047 0.065
-0.279 0.047 0.066
-0.279 0.046 0.067
-0.280 0.046 0.067
-0.280 0.046 0.068
-0.280 0.046 0.069
-0.280 0.045 0.070
-0.281 0.045 0.070
-0.281 0.045 0.071
-0.282 0.045 0.072
-0.282 0.045 0.073
-0.283 0.045 0.074
-0.283 0.045 0.074
-0.283 0.045 0.075
-0.283 0.044 0.076
-0.283 0.045 0.077
-0.284 0.044 0.078
-0.284 0.044 0.080
-0.284 0.045 0.081
-0.285 0.045 0.082
-0.285 0.045 0.083
-0.286 0.045 0.085
-0.287 0.045 0.086
-0.287 0.045 0.087
-0.288 0.045 0.088
-0.288 0.045 0.090
-0.288 0.045 0.091
-0.288 0.045 0.092
-0.289 0.045 0.094
-0.289 0.046 0.095
-0.289 0.046 0.097
-0.289 0.046 0.098
-0.289 0.046 0.100
-0.289 0.046 0.101
-0.289 0.045 0.103
-0.288 0.045 0.104
-0.288 0.045 0.106
-0.287 0.044 0.107
-0.284 0.043 0.109
-0.284 0.042 0.110
-0.283 0.041 0.112
-0.281 0.040 0.113
-0.279 0.038 0.115
-0.275 0.036 0.116
-0.272 0.034 0.117
-0.267 0.033 0.118
-0.262 0.031 0.119
-0.257 0.029 0.120
-0.250 0.027 0.120
-0.242 0.026 0.120
-0.233 0.024 0.121
-0.224 0.022 0.120
-0.214 0.021 0.120
-0.203 0.020 0.120
-0.191 0.019 0.119
-0.179 0.017 0.119
-0.167 0.017 0.118
-0.154 0.016 0.117
-0.141 0.015 0.117
-0.127 0.014 0.116
-0.113 0.013 0.115
-0.099 0.012 0.114
-0.085 0.011 0.113
-0.070 0.010 0.112
-0.056 0.009 0.111
-0.041 0.008 0.110
-0.026 0.006 0.109
-0.009 0.006 0.108
0.006 0.005 0.107
0.022 0.004 0.106
0.038 0.002 0.105
0.054 0.002 0.104
0.071 0.001 0.104
0.087 0.000 0.103
0.099 -0.003 0.101
0.115 -0.005 0.100
0.133 -0.003 0.100
0.150 -0.002 0.101
0.166 -0.002 0.100
0.180 -0.003 0.100
nan nan nan
0.197 -0.002 0.100
0.210 -0.003 0.100
0.223 -0.003 0.100
0.236 -0.003 0.101
nan nan nan
0.246 -0.006 0.099
0.257 -0.007 0.100
0.267 -0.007 0.100
0.277 -0.008 0.101
0.286 -0.008 0.101
0.294 -0.009 0.102
0.303 -0.009 0.103
0.311 -0.010 0.103
0.318 -0.010 0.104
0.326 -0.011 0.105
0.333 -0.012 0.106
0.340 -0.013 0.106
0.347 -0.013 0.107
nan nan nan
0.260 -0.019 0.077
0.244 -0.024 0.070
0.227 -0.029 0.064
0.211 -0.033 0.060
0.193 -0.038 0.056
0.174 -0.042 0.052
0.155 -0.046 0.050
0.134 -0.051 0.047
0.115 -0.054 0.044
0.095 -0.057 0.043
0.074 -0.059 0.040
0.054 -0.061 0.038
0.033 -0.063 0.037
0.012 -0.065 0.036
-0.009 -0.066 0.035
-0.028 -0.066 0.035
-0.049 -0.066 0.035
-0.068 -0.065 0.036
-0.088 -0.064 0.037
-0.109 -0.063 0.039
-0.127 -0.060 0.041
-0.145 -0.058 0.044
-0.165 -0.055 0.047
-0.181 -0.051 0.050
-0.196 -0.048 0.054
-0.211 -0.045 0.058
-0.227 -0.040 0.060
-0.242 -0.036 0.062
-0.255 -0.033 0.065
-0.267 -0.029 0.067
-0.279 -0.025 0.070
-0.289 -0.021 0.072
-0.299 -0.018 0.074
-0.308 -0.015 0.077
-0.319 -0.012 0.078
-0.328 -0.010 0.080
-0.338 -0.007 0.082
-0.345 -0.004 0.083
-0.352 -0.002 0.085
-0.358 0.001 0.087
-0.365 0.002 0.087
-0.370 0.005 0.090
-0.373 0.007 0.091
-0.377 0.009 0.092
-0.381 0.011 0.093
-0.384 0.013 0.094
-0.384 0.015 0.097
-0.388 0.016 0.097
-0.387 0.018 0.099
-0.390 0.019 0.100
-0.390 0.020 0.102
-0.388 0.022 0.105
-0.389 0.022 0.106
-0.389 0.023 0.108
-0.389 0.025 0.109
-0.388 0.025 0.110
-0.387 0.026 0.112
-0.386 0.027 0.113
-0.385 0.028 0.115
-0.385 0.029 0.115
-0.383 0.031 0.117
-0.382 0.031 0.117
-0.381 0.032 0.118
-0.381 0.032 0.119
-0.381 0.032 0.118
-0.380 0.033 0.120
-0.380 0.033 0.120
-0.380 0.032 0.120
-0.378 0.033 0.121
-0.377 0.032 0.121
-0.376 0.032 0.122
-0.375 0.031 0.122
-0.375 0.030 0.122
-0.374 0.030 0.123
-0.373 0.028 0.122
-0.372 0.027 0.123
-0.370 0.026 0.124
-0.369 0.024 0.123
-0.367 0.023 0.124
-0.366 0.021 0.123
-0.364 0.020 0.124
-0.363 0.018 0.123
-0.359 0.017 0.125
-0.357 0.015 0.125
-0.356 0.013 0.125
-0.354 0.011 0.126
-0.352 0.010 0.126
-0.350 0.009 0.126
-0.349 0.007 0.127
-0.347 0.006 0.127
-0.346 0.005 0.127
-0.345 0.003 0.128
-0.343 0.002 0.128
-0.342 0.001 0.128
-0.341 -0.000 0.128
-0.340 -0.001 0.128
-0.339 -0.002 0.129
-0.338 -0.003 0.129
-0.337 -0.004 0.129
-0.336 -0.005 0.129
-0.337 -0.006 0.129
-0.335 -0.007 0.129
-0.335 -0.007 0.128
-0.334 -0.008 0.128
-0.334 -0.008 0.128
-0.334 -0.009 0.127
-0.333 -0.010 0.127
-0.333 -0.011 0.126
-0.332 -0.011 0.126
-0.333 -0.012 0.126
-0.333 -0.012 0.125
-0.333 -0.013 0.125
-0.333 -0.013 0.124
-0.334 -0.014 0.124
-0.334 -0.015 0.124
-0.333 -0.015 0.123
-0.334 -0.016 0.123
-0.335 -0.016 0.123
-0.335 -0.016 0.122
-0.336 -0.017 0.122
-0.336 -0.018 0.122
-0.337 -0.018 0.121
-0.337 -0.018 0.121
-0.338 -0.019 0.121
-0.339 -0.018 0.121
-0.339 -0.019 0.121
-0.340 -0.019 0.121
-0.340 -0.019 0.120
-0.340 -0.019 0.120
-0.340 -0.018 0.120
-0.340 -0.018 0.120
-0.342 -0.018 0.121
-0.342 -0.018 0.121
-0.343 -0.018 0.122
-0.343 -0.017 0.122
-0.343 -0.017 0.122
-0.343 -0.017 0.122
-0.343 -0.016 0.123
-0.343 -0.016 0.123
-0.344 -0.016 0.124
-0.344 -0.015 0.124
-0.344 -0.015 0.125
-0.344 -0.014 0.125
-0.343 -0.014 0.125
-0.344 -0.013 0.126
-0.343 -0.013 0.126
-0.343 -0.012 0.126
-0.344 -0.011 0.127
-0.343 -0.011 0.128
-0.342 -0.010 0.128
-0.342 -0.009 0.128
-0.342 -0.009 0.128
-0.342 -0.008 0.129
-0.342 -0.007 0.129
-0.342 -0.007 0.129
-0.342 -0.006 0.129
-0.342 -0.005 0.129
-0.342 -0.005 0.129
-0.342 -0.005 0.129
-0.342 -0.004 0.129
-0.342 -0.004 0.129
-0.342 -0.004 0.128
-0.342 -0.003 0.129
-0.341 -0.002 0.128
-0.341 -0.001 0.128
-0.342 -0.002 0.128
-0.343 -0.002 0.127
-0.343 -0.002 0.127
-0.343 -0.002 0.127
-0.343 -0.001 0.126
-0.343 -0.002 0.126
-0.343 -0.001 0.126
-0.343 -0.000 0.125
-0.344 -0.001 0.125
-0.344 -0.001 0.125
-0.344 -0.001 0.125
-0.345 -0.001 0.125
-0.345 -0.002 0.124
-0.345 -0.002 0.123
-0.344 -0.002 0.123
-0.345 -0.003 0.123
-0.345 -0.003 0.123
-0.346 -0.002 0.123
-0.347 -0.003 0.123
-0.346 -0.003 0.123
-0.346 -0.003 0.123
-0.346 -0.003 0.123
-0.346 -0.004 0.124
-0.346 -0.004 0.124
-0.347 -0.005 0.125
-0.347 -0.005 0.125
-0.348 -0.005 0.126
-0.347 -0.006 0.127
-0.348 -0.006 0.128
-0.349 -0.007 0.129
-0.349 -0.007 0.130
-0.350 -0.007 0.132
-0.351 -0.007 0.133
-0.352 -0.008 0.135
-0.351 -0.008 0.137
-0.352 -0.008 0.138
-0.352 -0.009 0.140
-0.353 -0.009 0.141
-0.354 -0.009 0.143
-0.354 -0.009 0.145
-0.355 -0.009 0.147
-0.355 -0.010 0.149
-0.355 -0.009 0.151
-0.356 -0.010 0.153
-0.357 -0.010 0.156
-0.357 -0.010 0.158
-0.358 -0.010 0.160
-0.359 -0.009 0.163
nan nan nan
-0.359 -0.009 0.166
-0.359 -0.009 0.168
-0.359 -0.009 0.170
-0.360 -0.009 0.173
-0.361 -0.009 0.176
nan nan nan
nan nan nan
nan nan nan
nan nan nan
-0.118 -0.055 1.110
-0.123 -0.055 1.092
-0.127 -0.054 1.074
-0.132 -0.053 1.055
-0.137 -0.052 1.036
-0.141 -0.051 1.017
-0.146 -0.050 0.999
-0.151 -0.049 0.980
-0.156 -0.048 0.961
-0.160 -0.048 0.943
-0.166 -0.047 0.923
-0.171 -0.046 0.904
-0.175 -0.045 0.886
-0.179 -0.045 0.871
-0.182 -0.044 0.857
-0.185 -0.044 0.845
-0.187 -0.044 0.833
-0.190 -0.044 0.823
-0.192 -0.044 0.811
-0.193 -0.044 0.801
-0.195 -0.044 0.789
-0.196 -0.044 0.779
-0.198 -0.044 0.769
-0.200 -0.044 0.761
-0.201 -0.045 0.753
-0.205 -0.047 0.741
-0.208 -0.048 0.730
-0.210 -0.048 0.716
-0.214 -0.049 0.702
nan nan nan
-0.224 -0.051 0.684
-0.229 -0.050 0.670
-0.239 -0.050 0.654
-0.250 -0.050 0.638
-0.262 -0.049 0.622
-0.273 -0.049 0.606
-0.284 -0.047 0.591
-0.297 -0.047 0.574
-0.308 -0.046 0.558
-0.319 -0.045 0.542
-0.329 -0.043 0.526
-0.339 -0.043 0.509
-0.348 -0.042 0.492
-0.354 -0.040 0.476
-0.364 -0.040 0.458
-0.371 -0.039 0.442
-0.378 -0.039 0.424
-0.385 -0.038 0.407
-0.392 -0.037 0.389
-0.399 -0.036 0.371
-0.405 -0.036 0.353
-0.412 -0.036 0.335
-0.418 -0.035 0.317
-0.425 -0.034 0.298
-0.431 -0.034 0.280
-0.438 -0.033 0.261
-0.444 -0.032 0.242
-0.451 -0.032 0.222
-0.458 -0.030 0.203
-0.464 -0.029 0.183
-0.471 -0.029 0.164
-0.477 -0.027 0.144
-0.483 -0.026 0.125
-0.488 -0.025 0.106
-0.494 -0.024 0.089
-0.499 -0.023 0.072
-0.505 -0.022 0.057
-0.509 -0.021 0.043
-0.514 -0.020 0.030
-0.519 -0.019 0.018
-0.523 -0.018 0.006
-0.527 -0.017 -0.004
-0.531 -0.016 -0.015
-0.535 -0.015 -0.024
-0.539 -0.014 -0.033
-0.542 -0.012 -0.041
-0.545 -0.011 -0.049
-0.548 -0.010 -0.055
-0.552 -0.009 -0.061
-0.555 -0.009 -0.065
-0.558 -0.008 -0.068
-0.559 -0.007 -0.070
-0.562 -0.007 -0.072
-0.564 -0.006 -0.073
-0.565 -0.005 -0.073
-0.568 -0.005 -0.072
-0.570 -0.004 -0.071
-0.572 -0.004 -0.068
-0.574 -0.003 -0.065
-0.576 -0.002 -0.062
-0.579 -0.000 -0.058
-0.581 0.001 -0.053
-0.584 0.002 -0.049
-0.587 0.003 -0.044
-0.590 0.005 -0.038
-0.593 0.006 -0.033
-0.597 0.008 -0.027
-0.601 0.009 -0.021
-0.604 0.011 -0.016
-0.607 0.013 -0.010
-0.610 0.014 -0.005
-0.614 0.016 0.001
-0.617 0.018 0.005
-0.621 0.020 0.010
-0.623 0.021 0.015
-0.626 0.022 0.019
-0.628 0.024 0.024
-0.630 0.025 0.028
-0.632 0.026 0.031
-0.634 0.027 0.035
-0.634 0.027 0.038
-0.635 0.028 0.041
-0.635 0.028 0.044
-0.636 0.029 0.046
-0.636 0.029 0.048
-0.635 0.028 0.051
-0.635 0.028 0.053
-0.634 0.028 0.055
-0.633 0.028 0.057
-0.631 0.027 0.059
-0.631 0.026 0.060
-0.630 0.025 0.061
-0.627 0.025 0.063
-0.627 0.024 0.064
-0.625 0.023 0.065
-0.624 0.022 0.067
-0.621 0.021 0.068
-0.619 0.020 0.069
-0.618 0.018 0.071
-0.615 0.017 0.072
-0.614 0.016 0.073
-0.611 0.014 0.075
-0.610 0.013 0.076
-0.608 0.012 0.077
-0.607 0.010 0.078
-0.605 0.009 0.079
-0.604 0.007 0.080
nan nan nan
nan nan nan
-0.601 0.004 0.082
nan nan nan
nan nan nan
nan nan nan
-0.590 -0.000 0.087
nan nan nan
-0.588 -0.002 0.089
nan nan nan
nan nan nan
-0.586 -0.004 0.090
-0.585 -0.005 0.091
-0.583 -0.006 0.092
-0.581 -0.007 0.093
-0.580 -0.008 0.094
-0.577 -0.010 0.096
-0.577 -0.012 0.096
-0.575 -0.013 0.098
-0.573 -0.014 0.099
nan nan nan
nan nan nan
nan nan nan
nan nan nan
nan nan nan
-0.570 -0.017 0.101
nan nan nan
nan nan nan
-0.552 -0.029 0.113
nan nan nan
nan nan nan
-0.551 -0.030 0.114
nan nan nan
-0.552 -0.033 0.116
-0.548 -0.034 0.118
-0.547 -0.034 0.118
-0.546 -0.035 0.119
-0.545 -0.036 0.120
-0.544 -0.037 0.121
-0.543 -0.038 0.121
-0.542 -0.038 0.122
-0.542 -0.039 0.122
-0.540 -0.039 0.123
-0.540 -0.040 0.123
-0.538 -0.040 0.124
-0.539 -0.041 0.124
-0.538 -0.041 0.124
nan nan nan
nan nan nan
-0.537 -0.042 0.124
nan nan nan
nan nan nan
-0.536 -0.042 0.124
nan nan nan
nan nan nan
-0.536 -0.043 0.124
nan nan nan
nan nan nan
nan nan nan
nan nan nan
-0.547 -0.047 0.117
nan nan nan
nan nan nan
nan nan nan
nan nan nan
nan nan nan
-0.548 -0.046 0.117
nan nan nan
-0.549 -0.046 0.117
-0.549 -0.046 0.118
-0.550 -0.046 0.118
-0.550 -0.046 0.118
-0.550 -0.046 0.118
-0.551 -0.045 0.119
-0.551 -0.045 0.119
-0.551 -0.045 0.120
-0.552 -0.045 0.120
-0.553 -0.045 0.120
-0.553 -0.044 0.121
-0.553 -0.044 0.121
-0.554 -0.044 0.121
-0.553 -0.044 0.122
-0.555 -0.044 0.122
-0.555 -0.044 0.122
-0.556 -0.044 0.122
-0.556 -0.044 0.123
-0.557 -0.044 0.123
-0.557 -0.044 0.123
-0.556 -0.043 0.124
-0.556 -0.043 0.124
-0.559 -0.044 0.123
-0.557 -0.043 0.124
-0.557 -0.043 0.124
-0.560 -0.044 0.124
-0.558 -0.043 0.125
-0.560 -0.043 0.125
-0.559 -0.043 0.125
-0.561 -0.043 0.125
-0.559 -0.043 0.125
-0.559 -0.042 0.125
-0.561 -0.043 0.125
-0.560 -0.043 0.126
-0.560 -0.043 0.126
-0.560 -0.043 0.126
-0.560 -0.043 0.126
-0.559 -0.043 0.126
-0.559 -0.043 0.126
-0.559 -0.043 0.126
-0.559 -0.042 0.126
-0.558 -0.042 0.126
-0.560 -0.042 0.126
-0.560 -0.042 0.126
-0.559 -0.041 0.126
-0.559 -0.041 0.126
-0.561 -0.041 0.126
-0.561 -0.041 0.126
-0.559 -0.041 0.126
-0.562 -0.041 0.126
-0.561 -0.041 0.125
-0.561 -0.041 0.126
-0.562 -0.041 0.125
-0.560 -0.041 0.125
-0.560 -0.040 0.125
-0.561 -0.041 0.125
-0.562 -0.041 0.125
-0.560 -0.040 0.125
-0.563 -0.041 0.124
-0.562 -0.041 0.124
-0.560 -0.041 0.124
-0.561 -0.040 0.124
-0.562 -0.041 0.123
-0.562 -0.041 0.123
-0.561 -0.040 0.123
-0.561 -0.040 0.123
-0.563 -0.040 0.122
-0.563 -0.041 0.122
-0.561 -0.040 0.122
-0.561 -0.040 0.122
-0.563 -0.041 0.122
-0.563 -0.041 0.121
-0.562 -0.040 0.122
-0.562 -0.040 0.122
-0.561 -0.040 0.122
-0.564 -0.041 0.121
-0.562 -0.040 0.121
-0.564 -0.040 0.121
-0.561 -0.040 0.122
-0.563 -0.040 0.121
-0.563 -0.040 0.121
-0.561 -0.040 0.122
-0.563 -0.040 0.121
-0.563 -0.041 0.122
-0.561 -0.040 0.122
-0.563 -0.041 0.122
-0.562 -0.041 0.122
-0.562 -0.040 0.122
-0.561 -0.040 0.122
-0.561 -0.040 0.122
-0.562 -0.041 0.122
-0.560 -0.040 0.122
-0.560 -0.040 0.122
-0.562 -0.040 0.122
-0.562 -0.040 0.122
-0.560 -0.040 0.123
-0.560 -0.040 0.123
-0.562 -0.040 0.122
-0.562 -0.040 0.123
-0.561 -0.041 0.123
-0.560 -0.040 0.123
-0.560 -0.040 0.123
-0.561 -0.041 0.123
-0.561 -0.041 0.123
-0.560 -0.041 0.124
-0.562 -0.041 0.124
-0.562 -0.042 0.124
-0.560 -0.041 0.124
-0.560 -0.041 0.124
-0.562 -0.042 0.124
-0.562 -0.042 0.124
-0.560 -0.042 0.124
-0.560 -0.042 0.124
-0.562 -0.042 0.124
-0.562 -0.043 0.124
-0.561 -0.043 0.123
-0.560 -0.042 0.123
-0.560 -0.042 0.123
-0.562 -0.043 0.122
-0.561 -0.043 0.122
-0.561 -0.043 0.122
-0.559 -0.043 0.122
-0.561 -0.043 0.121
-0.559 -0.043 0.121
-0.559 -0.043 0.121
-0.561 -0.044 0.120
-0.559 -0.043 0.120
-0.561 -0.044 0.120
-0.560 -0.044 0.119
-0.559 -0.043 0.119
-0.559 -0.043 0.118
-0.561 -0.044 0.117
-0.559 -0.043 0.117
-0.559 -0.043 0.116
-0.561 -0.043 0.115
-0.560 -0.043 0.114
-0.559 -0.043 0.113
-0.560 -0.043 0.113
-0.560 -0.043 0.112
-0.559 -0.043 0.111
-0.560 -0.043 0.111
-0.560 -0.043 0.111
-0.560 -0.043 0.110
-0.559 -0.042 0.110
-0.562 -0.043 0.110
-0.562 -0.043 0.110
-0.561 -0.043 0.110
-0.561 -0.042 0.110
-0.561 -0.042 0.111
-0.563 -0.043 0.111
-0.563 -0.043 0.111
-0.562 -0.042 0.112
-0.562 -0.043 0.112
-0.564 -0.043 0.112
-0.565 -0.043 0.113
-0.563 -0.043 0.113
-0.565 -0.043 0.113
-0.565 -0.043 0.114
-0.564 -0.042 0.114
-0.565 -0.042 0.114
-0.565 -0.042 0.115
-0.564 -0.041 0.115
-0.563 -0.040 0.115
-0.563 -0.040 0.115
-0.565 -0.040 0.115
-0.565 -0.040 0.115
-0.562 -0.039 0.116
-0.562 -0.039 0.116
-0.563 -0.039 0.115
-0.562 -0.038 0.116
-0.561 -0.037 0.116
-0.562 -0.038 0.116
-0.562 -0.037 0.117
-0.560 -0.037 0.117
-0.561 -0.037 0.117
-0.559 -0.037 0.118
-0.559 -0.037 0.118
-0.560 -0.037 0.117
-0.560 -0.037 0.118
-0.559 -0.037 0.118
-0.559 -0.037 0.118
-0.560 -0.038 0.118
-0.560 -0.038 0.118
-0.560 -0.038 0.118
-0.559 -0.038 0.118
-0.560 -0.038 0.119
-0.561 -0.038 0.119
-0.561 -0.038 0.119
-0.560 -0.038 0.120
-0.560 -0.038 0.120
-0.561 -0.038 0.120
-0.561 -0.038 0.120
-0.561 -0.039 0.120
-0.561 -0.039 0.121
-0.562 -0.039 0.121
-0.562 -0.040 0.121
-0.561 -0.040 0.121
-0.563 -0.040 0.121
-0.563 -0.041 0.122
-0.561 -0.041 0.122
-0.562 -0.041 0.122
-0.562 -0.041 0.122
-0.562 -0.042 0.122
-0.561 -0.042 0.122
-0.562 -0.042 0.122
-0.562 -0.043 0.122
-0.562 -0.043 0.123
-0.561 -0.042 0.123
-0.561 -0.043 0.123
-0.562 -0.043 0.123
-0.562 -0.043 0.124
-0.560 -0.043 0.123
-0.561 -0.043 0.124
-0.561 -0.043 0.124
-0.560 -0.042 0.124
-0.560 -0.042 0.125
-0.560 -0.042 0.125
-0.560 -0.042 0.124
-0.559 -0.042 0.125
-0.559 -0.041 0.125
-0.559 -0.042 0.125
-0.558 -0.042 0.125
-0.558 -0.042 0.125
-0.559 -0.042 0.125
-0.558 -0.042 0.125
-0.557 -0.042 0.125
-0.557 -0.041 0.125
-0.558 -0.041 0.125
-0.558 -0.042 0.124
-0.557 -0.041 0.124
-0.559 -0.042 0.124
-0.559 -0.042 0.124
-0.557 -0.041 0.124
-0.558 -0.041 0.124
-0.559 -0.041 0.124
-0.559 -0.041 0.124
-0.559 -0.041 0.124
-0.560 -0.041 0.123
-0.560 -0.042 0.123
-0.560 -0.041 0.123
-0.561 -0.042 0.123
-0.561 -0.042 0.122
-0.561 -0.042 0.122
-0.561 -0.042 0.122
-0.562 -0.042 0.122
-0.563 -0.042 0.122
-0.562 -0.041 0.122
-0.564 -0.042 0.122
-0.563 -0.041 0.122
-0.564 -0.041 0.121
-0.563 -0.041 0.121
-0.565 -0.041 0.121
-0.565 -0.041 0.121
-0.564 -0.041 0.121
-0.565 -0.041 0.121
-0.565 -0.041 0.121
-0.564 -0.041 0.121
-0.563 -0.040 0.121
-0.564 -0.041 0.121
-0.564 -0.041 0.121
-0.563 -0.041 0.121
-0.563 -0.041 0.121
-0.564 -0.041 0.121
-0.563 -0.041 0.121
-0.562 -0.041 0.121
-0.562 -0.041 0.121
-0.562 -0.041 0.121
-0.562 -0.041 0.121
-0.561 -0.041 0.121
-0.561 -0.041 0.122
-0.561 -0.041 0.121
-0.561 -0.041 0.122
-0.560 -0.041 0.122
-0.560 -0.041 0.122
-0.561 -0.041 0.122
-0.560 -0.042 0.122
-0.560 -0.042 0.123
-0.559 -0.041 0.123
-0.559 -0.041 0.123
-0.560 -0.042 0.123
-0.560 -0.042 0.123
-0.559 -0.042 0.124
-0.558 -0.042 0.124
-0.558 -0.042 0.124
-0.559 -0.043 0.124
-0.559 -0.043 0.125
-0.558 -0.043 0.125
-0.558 -0.043 0.125
-0.557 -0.043 0.125
-0.556 -0.043 0.125
-0.558 -0.044 0.125
-0.558 -0.044 0.125
-0.558 -0.044 0.125
-0.558 -0.044 0.125
-0.557 -0.044 0.125
-0.558 -0.044 0.125
-0.558 -0.044 0.125
-0.558 -0.044 0.125
-0.559 -0.045 0.125
-0.558 -0.044 0.124
-0.558 -0.045 0.124
-0.558 -0.045 0.124
-0.558 -0.045 0.124
-0.557 -0.045 0.124
-0.557 -0.045 0.124
-0.558 -0.045 0.124
-0.557 -0.045 0.124
-0.557 -0.044 0.123
-0.558 -0.045 0.123
-0.559 -0.045 0.123
-0.558 -0.045 0.122
-0.559 -0.045 0.122
-0.559 -0.045 0.122
-0.558 -0.044 0.122
-0.558 -0.044 0.122
-0.558 -0.044 0.121
-0.559 -0.045 0.121
-0.558 -0.044 0.121
-0.558 -0.044 0.121
-0.559 -0.044 0.121
-0.559 -0.044 0.121
-0.558 -0.044 0.121
-0.559 -0.044 0.121
-0.560 -0.044 0.121
-0.560 -0.044 0.121
-0.560 -0.044 0.121
-0.560 -0.043 0.121
-0.560 -0.043 0.121
-0.561 -0.044 0.121
-0.561 -0.044 0.121
-0.561 -0.044 0.121
-0.560 -0.044 0.121
-0.561 -0.044 0.121
-0.561 -0.044 0.121
-0.561 -0.044 0.121
-0.561 -0.044 0.121
-0.562 -0.044 0.121
-0.562 -0.044 0.122
-0.562 -0.044 0.122
-0.562 -0.043 0.122
-0.563 -0.044 0.122
-0.563 -0.043 0.123
-0.563 -0.043 0.123
-0.564 -0.043 0.123
-0.562 -0.042 0.123
-0.563 -0.043 0.123
-0.562 -0.042 0.123
-0.563 -0.042 0.123
-0.563 -0.042 0.124
-0.563 -0.042 0.124
-0.563 -0.042 0.124
-0.563 -0.041 0.124
-0.563 -0.042 0.124
-0.563 -0.041 0.124
-0.563 -0.041 0.125
-0.563 -0.041 0.125
-0.563 -0.041 0.125
-0.562 -0.040 0.125
-0.561 -0.040 0.125
-0.562 -0.040 0.125
-0.561 -0.040 0.125
-0.561 -0.040 0.125
-0.561 -0.039 0.125
-0.561 -0.040 0.125
-0.560 -0.039 0.125
-0.560 -0.039 0.125
-0.561 -0.039 0.125
-0.560 -0.039 0.124
-0.559 -0.039 0.124
-0.559 -0.039 0.124
-0.559 -0.039 0.124
-0.559 -0.039 0.124
-0.559 -0.039 0.124
-0.558 -0.039 0.124
-0.558 -0.039 0.123
-0.558 -0.039 0.124
-0.559 -0.039 0.123
-0.559 -0.040 0.123
-0.559 -0.040 0.123
-0.558 -0.040 0.123
-0.559 -0.041 0.123
-0.559 -0.041 0.123
-0.558 -0.041 0.123
-0.559 -0.042 0.123
-0.558 -0.042 0.123
-0.558 -0.041 0.123
-0.559 -0.042 0.123
-0.558 -0.042 0.123
-0.558 -0.042 0.123
-0.558 -0.042 0.122
-0.559 -0.042 0.122
-0.559 -0.043 0.123
-0.559 -0.043 0.123
-0.560 -0.043 0.123
-0.559 -0.043 0.123
-0.559 -0.043 0.122
-0.558 -0.043 0.122
-0.558 -0.043 0.122
-0.559 -0.043 0.122
-0.558 -0.043 0.122
-0.559 -0.043 0.122
-0.559 -0.043 0.122
-0.559 -0.044 0.122
-0.559 -0.044 0.122
-0.559 -0.043 0.122
-0.558 -0.043 0.122
-0.559 -0.043 0.122
-0.559 -0.043 0.122
-0.559 -0.042 0.122
-0.559 -0.042 0.122
-0.559 -0.042 0.122
-0.559 -0.042 0.122
-0.560 -0.041 0.122
-0.559 -0.041 0.122
-0.560 -0.041 0.122
-0.560 -0.041 0.122
-0.559 -0.041 0.122
-0.560 -0.041 0.122
-0.560 -0.041 0.122
-0.559 -0.040 0.122
-0.561 -0.041 0.122
-0.560 -0.040 0.122
-0.560 -0.040 0.122
-0.561 -0.040 0.122
-0.562 -0.040 0.121
-0.562 -0.040 0.122
-0.562 -0.039 0.122
-0.562 -0.039 0.122
-0.563 -0.039 0.122
-0.564 -0.039 0.121
-0.563 -0.039 0.121
-0.564 -0.039 0.122
-0.563 -0.039 0.122
-0.564 -0.039 0.121
-0.562 -0.039 0.121
-0.562 -0.039 0.122
-0.562 -0.039 0.122
-0.563 -0.039 0.122
-0.562 -0.039 0.122
-0.563 -0.039 0.122
-0.562 -0.040 0.122
-0.561 -0.039 0.122
-0.562 -0.039 0.122
-0.561 -0.040 0.122
-0.560 -0.040 0.122
-0.560 -0.040 0.122
-0.561 -0.040 0.122
-0.560 -0.041 0.122
-0.559 -0.040 0.122
-0.559 -0.040 0.122
-0.559 -0.041 0.123
-0.559 -0.041 0.123
-0.558 -0.041 0.123
-0.558 -0.042 0.123
-0.559 -0.042 0.123
-0.557 -0.042 0.123
-0.558 -0.043 0.123
-0.557 -0.042 0.123
-0.557 -0.043 0.123
-0.557 -0.043 0.123
-0.557 -0.043 0.123
-0.556 -0.043 0.123
-0.556 -0.043 0.123
-0.556 -0.044 0.123
-0.556 -0.043 0.123
-0.555 -0.043 0.124
-0.556 -0.043 0.124
-0.556 -0.043 0.124
-0.554 -0.043 0.124
-0.554 -0.043 0.124
-0.555 -0.043 0.124
-0.555 -0.044 0.125
-0.554 -0.043 0.124
-0.554 -0.043 0.124
-0.554 -0.044 0.124
-0.554 -0.044 0.125
-0.553 -0.044 0.124
-0.553 -0.044 0.124
-0.553 -0.044 0.124
-0.553 -0.044 0.124
-0.554 -0.044 0.124
-0.553 -0.044 0.124
-0.553 -0.045 0.124
-0.554 -0.045 0.123
-0.555 -0.045 0.124
-0.555 -0.045 0.123
-0.555 -0.045 0.123
-0.555 -0.046 0.123
-0.555 -0.045 0.123
-0.555 -0.045 0.122
-0.556 -0.046 0.122
-0.556 -0.046 0.122
-0.557 -0.047 0.122
-0.556 -0.047 0.122
-0.557 -0.047 0.122
-0.556 -0.047 0.122
-0.556 -0.047 0.121
-0.557 -0.047 0.121
-0.557 -0.047 0.121
-0.556 -0.047 0.121
-0.557 -0.047 0.121
-0.557 -0.047 0.120
-0.557 -0.047 0.121
-0.557 -0.046 0.121
-0.558 -0.047 0.120
-0.557 -0.046 0.121
-0.558 -0.046 0.120
-0.558 -0.046 0.121
-0.557 -0.046 0.121
-0.557 -0.046 0.120
-0.558 -0.046 0.121
-0.557 -0.046 0.121
-0.558 -0.046 0.121
-0.557 -0.045 0.121
-0.557 -0.045 0.121
-0.558 -0.045 0.121
-0.558 -0.045 0.121
-0.558 -0.044 0.121
-0.558 -0.044 0.121
-0.557 -0.044 0.121
-0.557 -0.044 0.121
-0.558 -0.044 0.121
-0.558 -0.043 0.122
-0.557 -0.043 0.122
-0.558 -0.043 0.122
-0.558 -0.043 0.122
-0.558 -0.043 0.122
-0.558 -0.042 0.122
-0.557 -0.042 0.122
-0.558 -0.042 0.122
-0.558 -0.041 0.122
-0.558 -0.041 0.122
-0.559 -0.041 0.123
-0.559 -0.041 0.123
-0.559 -0.041 0.122
-0.559 -0.041 0.123
-0.559 -0.041 0.123
-0.559 -0.041 0.123
-0.559 -0.041 0.123
-0.559 -0.040 0.123
-0.560 -0.040 0.123
-0.559 -0.040 0.123
-0.559 -0.040 0.123
-0.559 -0.040 0.123
-0.560 -0.040 0.123
-0.560 -0.041 0.123
-0.558 -0.040 0.123
-0.560 -0.040 0.124
-0.559 -0.041 0.123
-0.559 -0.041 0.123
-0.559 -0.041 0.124
-0.559 -0.041 0.124
-0.559 -0.041 0.124
-0.558 -0.041 0.124
-0.559 -0.041 0.124
-0.558 -0.041 0.124
-0.558 -0.041 0.124
-0.558 -0.041 0.124
-0.558 -0.041 0.124
-0.557 -0.041 0.124
-0.558 -0.041 0.124
-0.560 -0.041 0.124
-0.559 -0.041 0.124
-0.559 -0.041 0.124
-0.558 -0.041 0.124
-0.558 -0.041 0.124
-0.558 -0.041 0.124
-0.558 -0.042 0.124
-0.558 -0.041 0.124
-0.558 -0.042 0.124
-0.557 -0.041 0.124
-0.557 -0.041 0.124
-0.558 -0.042 0.123
-0.558 -0.042 0.123
-0.557 -0.041 0.123
-0.559 -0.042 0.123
-0.559 -0.042 0.123
-0.558 -0.041 0.123
-0.558 -0.041 0.123
-0.559 -0.041 0.123
-0.559 -0.041 0.123
-0.559 -0.041 0.123
-0.559 -0.041 0.122
-0.559 -0.042 0.123
-0.560 -0.042 0.122
-0.560 -0.041 0.123
-0.559 -0.041 0.122
-0.558 -0.041 0.122
-0.560 -0.041 0.122
-0.559 -0.042 0.122
-0.559 -0.041 0.122
-0.560 -0.041 0.122
-0.560 -0.041 0.122
-0.560 -0.041 0.122
-0.560 -0.042 0.122
-0.560 -0.041 0.122
-0.561 -0.041 0.122
-0.560 -0.041 0.122
-0.560 -0.042 0.122
-0.559 -0.041 0.122
-0.560 -0.041 0.122
-0.561 -0.042 0.122
-0.560 -0.042 0.122
-0.560 -0.042 0.122
-0.559 -0.042 0.122
-0.560 -0.041 0.122
-0.561 -0.042 0.122
-0.561 -0.042 0.122
-0.559 -0.041 0.122
-0.561 -0.042 0.122
-0.560 -0.042 0.122
-0.560 -0.042 0.122
-0.561 -0.042 0.122
-0.561 -0.042 0.122
-0.560 -0.042 0.122
-0.560 -0.042 0.122
-0.561 -0.042 0.122
-0.561 -0.042 0.122
-0.560 -0.042 0.123
-0.561 -0.042 0.123
-0.560 -0.042 0.123
-0.559 -0.041 0.123
-0.561 -0.042 0.123
-0.561 -0.042 0.123
-0.560 -0.041 0.123
-0.560 -0.041 0.123
-0.560 -0.042 0.123
-0.559 -0.041 0.123
-0.560 -0.041 0.123
-0.560 -0.041 0.123
-0.559 -0.042 0.123
-0.559 -0.042 0.123
-0.560 -0.042 0.123
-0.559 -0.042 0.123
-0.559 -0.041 0.123
-0.560 -0.042 0.123
-0.559 -0.042 0.123
-0.558 -0.041 0.123
-0.559 -0.042 0.123
-0.559 -0.042 0.123
-0.558 -0.042 0.123
-0.559 -0.042 0.123
-0.559 -0.042 0.122
-0.559 -0.042 0.123
-0.559 -0.042 0.122
-0.559 -0.043 0.123
-0.559 -0.043 0.123
-0.558 -0.043 0.123
-0.558 -0.043 0.122
-0.559 -0.043 0.123
-0.558 -0.044 0.122
-0.558 -0.044 0.122
-0.558 -0.043 0.123
-0.558 -0.043 0.122
-0.558 -0.043 0.122
-0.558 -0.044 0.122
-0.558 -0.043 0.122
-0.559 -0.044 0.122
-0.559 -0.043 0.122
-0.560 -0.044 0.122
-0.559 -0.043 0.122
-0.559 -0.043 0.122
-0.560 -0.044 0.122
-0.560 -0.044 0.122
-0.559 -0.044 0.121
-0.559 -0.044 0.121
-0.559 -0.043 0.122
-0.560 -0.043 0.121
-0.562 -0.042 0.121
-0.564 -0.041 0.120
-0.568 -0.039 0.119
-0.573 -0.037 0.118
-0.576 -0.035 0.117
-0.582 -0.033 0.115
-0.586 -0.030 0.114
-0.589 -0.027 0.112
-0.594 -0.024 0.110
-0.598 -0.022 0.109
-0.603 -0.019 0.107
-0.607 -0.016 0.106
-0.613 -0.014 0.105
-0.617 -0.012 0.104
-0.619 -0.010 0.104
-0.623 -0.008 0.103
-0.626 -0.007 0.103
-0.629 -0.005 0.102
-0.633 -0.004 0.102
-0.635 -0.002 0.102
-0.639 -0.002 0.102
-0.642 -0.001 0.102
-0.645 -0.001 0.102
-0.647 -0.000 0.103
-0.650 -0.000 0.103
-0.652 -0.000 0.104
-0.655 0.000 0.104
-0.658 0.000 0.105
-0.660 0.000 0.105
-0.662 0.000 0.106
-0.665 0.000 0.106
-0.666 0.001 0.107
-0.669 0.001 0.108
-0.672 0.000 0.109
-0.674 0.001 0.110
-0.677 0.000 0.111
-0.679 0.000 0.112
-0.682 0.000 0.113
-0.684 0.000 0.114
-0.686 -0.000 0.116
-0.688 0.000 0.117
-0.691 -0.000 0.118
-0.693 -0.000 0.119
-0.695 -0.000 0.120
-0.697 -0.000 0.121
-0.700 -0.001 0.122
-0.702 -0.001 0.122
-0.704 -0.001 0.123
-0.706 -0.001 0.124
-0.708 -0.001 0.125
-0.710 -0.001 0.125
-0.713 -0.002 0.126
-0.715 -0.002 0.126
-0.716 -0.002 0.127
-0.718 -0.002 0.128
-0.719 -0.002 0.128
-0.721 -0.002 0.129
-0.722 -0.003 0.129
-0.723 -0.003 0.130
-0.724 -0.002 0.130
-0.725 -0.003 0.130
-0.726 -0.003 0.131
-0.727 -0.002 0.131
-0.728 -0.002 0.131
-0.729 -0.003 0.131
-0.729 -0.002 0.131
-0.730 -0.002 0.131
-0.730 -0.003 0.131
-0.730 -0.003 0.131
-0.731 -0.003 0.132
-0.731 -0.003 0.131
-0.731 -0.003 0.131
-0.730 -0.002 0.132
-0.731 -0.003 0.131
-0.731 -0.003 0.131
-0.731 -0.003 0.131
-0.731 -0.004 0.130
-0.731 -0.004 0.130
-0.731 -0.005 0.130
-0.731 -0.006 0.129
-0.731 -0.006 0.129
-0.731 -0.007 0.128
-0.731 -0.007 0.128
-0.731 -0.007 0.128
-0.731 -0.008 0.127
-0.730 -0.008 0.127
-0.730 -0.009 0.127
-0.730 -0.009 0.126
-0.729 -0.010 0.126
-0.729 -0.011 0.126
-0.729 -0.011 0.125
-0.729 -0.011 0.125
-0.728 -0.011 0.125
-0.728 -0.011 0.125
-0.728 -0.011 0.125
-0.727 -0.011 0.125
-0.727 -0.011 0.124
-0.726 -0.011 0.124
-0.726 -0.011 0.124
-0.725 -0.011 0.124
-0.725 -0.011 0.124
-0.725 -0.010 0.124
-0.724 -0.011 0.124
-0.724 -0.010 0.124
-0.724 -0.010 0.123
-0.724 -0.010 0.124
-0.723 -0.010 0.123
-0.723 -0.010 0.123
-0.723 -0.010 0.123
-0.722 -0.010 0.124
-0.722 -0.010 0.124
-0.721 -0.009 0.124
-0.721 -0.009 0.124
-0.721 -0.009 0.124
-0.720 -0.009 0.124
-0.720 -0.009 0.124
-0.720 -0.009 0.124
-0.719 -0.009 0.124
-0.718 -0.009 0.124
-0.718 -0.009 0.125
-0.718 -0.009 0.125
-0.718 -0.009 0.125
-0.718 -0.008 0.125
-0.717 -0.009 0.125
-0.717 -0.009 0.125
-0.717 -0.009 0.126
-0.717 -0.009 0.126
-0.716 -0.009 0.126
-0.716 -0.009 0.126
-0.716 -0.009 0.126
-0.715 -0.009 0.126
-0.715 -0.009 0.126
-0.715 -0.009 0.126
-0.715 -0.010 0.126
-0.714 -0.010 0.126
-0.714 -0.010 0.126
-0.714 -0.010 0.126
-0.715 -0.011 0.126
-0.715 -0.012 0.127
-0.715 -0.012 0.127
-0.715 -0.013 0.127
-0.715 -0.013 0.127
-0.715 -0.013 0.126
-0.715 -0.013 0.127
-0.715 -0.014 0.126
-0.715 -0.014 0.126
-0.714 -0.014 0.126
-0.714 -0.013 0.127
-0.713 -0.013 0.127
-0.712 -0.012 0.127
-0.711 -0.012 0.127
-0.709 -0.011 0.127
-0.707 -0.010 0.127
-0.704 -0.010 0.127
-0.701 -0.009 0.127
-0.697 -0.008 0.127
-0.692 -0.007 0.127
-0.687 -0.006 0.127
-0.681 -0.006 0.127
-0.674 -0.005 0.127
-0.666 -0.004 0.127
-0.657 -0.003 0.127
-0.648 -0.002 0.127
-0.638 -0.002 0.127
-0.627 -0.001 0.127
-0.616 -0.001 0.127
-0.604 -0.001 0.127
-0.591 -0.001 0.127
-0.577 -0.001 0.127
-0.563 -0.001 0.127
-0.549 -0.001 0.128
-0.535 -0.001 0.128
-0.520 -0.001 0.128
-0.505 -0.000 0.129
-0.490 -0.001 0.129
-0.474 -0.000 0.129
-0.458 -0.001 0.130
-0.442 -0.000 0.130
-0.426 -0.000 0.130
-0.409 -0.000 0.131
-0.392 0.000 0.131
-0.376 -0.000 0.131
-0.359 0.000 0.131
-0.342 0.001 0.131
-0.324 0.001 0.131
-0.308 0.001 0.130
-0.292 0.002 0.130
-0.275 0.001 0.130
-0.259 0.001 0.129
-0.242 0.002 0.128
-0.227 0.002 0.127
-0.210 0.002 0.127
-0.195 0.002 0.126
-0.180 0.002 0.125
-0.165 0.002 0.125
-0.151 0.002 0.124
-0.137 0.002 0.124
-0.124 0.002 0.123
-0.111 0.002 0.122
-0.099 0.002 0.122
-0.088 0.002 0.121
-0.078 0.001 0.120
-0.067 0.001 0.120
-0.058 0.001 0.120
-0.049 0.001 0.119
-0.039 0.000 0.119
-0.032 -0.000 0.118
-0.022 -0.001 0.118
-0.016 -0.001 0.117
-0.007 -0.002 0.116
-0.000 -0.002 0.115
0.006 -0.003 0.115
0.014 -0.003 0.114
0.022 -0.004 0.114
0.028 -0.004 0.112
0.035 -0.005 0.111
0.040 -0.005 0.110
0.047 -0.005 0.109
0.053 -0.005 0.107
0.058 -0.006 0.106
0.062 -0.006 0.105
0.067 -0.006 0.103
0.070 -0.006 0.102
0.072 -0.006 0.101
0.075 -0.006 0.099
0.077 -0.006 0.098
0.078 -0.006 0.097
0.078 -0.006 0.095
0.078 -0.006 0.094
0.078 -0.005 0.092
0.077 -0.005 0.091
0.077 -0.004 0.090
0.078 -0.005 0.089
0.076 -0.002 0.087
0.074 -0.003 0.086
0.071 -0.002 0.085
0.070 -0.001 0.085
0.068 -0.000 0.084
0.066 -0.000 0.084
0.064 -0.000 0.084
0.060 -0.001 0.083
0.058 0.001 0.083
0.041 -0.014 0.075
0.052 0.001 0.084
0.050 0.002 0.084
0.047 0.002 0.085
0.044 0.002 0.085
0.041 0.003 0.086
0.039 0.002 0.087
nan nan nan
0.035 0.001 0.088
0.032 0.002 0.089
0.030 0.002 0.090
0.027 0.002 0.090
0.023 0.001 0.091
0.023 0.003 0.093
0.021 0.003 0.094
0.020 0.003 0.095
0.018 0.003 0.096
nan nan nan
0.018 0.003 0.098
0.015 0.003 0.099
0.015 0.004 0.100
0.013 0.004 0.102
0.012 0.004 0.103
0.012 0.004 0.105
0.011 0.004 0.106
0.010 0.004 0.108
0.009 0.004 0.109
0.008 0.004 0.110
nan nan nan
0.007 0.003 0.112
0.005 0.004 0.113
0.004 0.003 0.114
0.004 0.004 0.116
0.003 0.004 0.117
0.004 0.004 0.118
0.001 0.004 0.118
-0.000 0.004 0.120
-0.000 0.004 0.121
-0.002 0.004 0.121
-0.001 0.005 0.123
-0.002 0.004 0.124
-0.003 0.004 0.124
-0.005 0.005 0.122
-0.006 0.004 0.119
-0.007 0.004 0.115
-0.009 0.003 0.111
-0.013 0.002 0.105
-0.020 -0.000 0.100
-0.030 -0.002 0.093
-0.039 -0.005 0.087
-0.047 -0.007 0.081
-0.058 -0.010 0.074
-0.072 -0.012 0.067
-0.082 -0.014 0.062
-0.096 -0.016 0.056
-0.108 -0.017 0.051
-0.123 -0.019 0.045
-0.137 -0.021 0.040
-0.153 -0.022 0.036
-0.169 -0.025 0.031
-0.185 -0.025 0.026
-0.200 -0.027 0.023
-0.216 -0.029 0.019
-0.233 -0.030 0.016
-0.250 -0.032 0.013
-0.266 -0.033 0.010
-0.284 -0.035 0.008
-0.301 -0.036 0.006
-0.318 -0.037 0.005
-0.335 -0.038 0.004
-0.352 -0.039 0.004
-0.369 -0.040 0.004
-0.385 -0.041 0.006
-0.403 -0.040 0.008
-0.420 -0.040 0.010
-0.438 -0.040 0.013
-0.455 -0.040 0.016
-0.472 -0.039 0.020
-0.489 -0.038 0.024
-0.506 -0.037 0.029
-0.524 -0.035 0.033
-0.541 -0.034 0.038
-0.559 -0.032 0.043
-0.575 -0.030 0.047
-0.591 -0.027 0.052
-0.606 -0.025 0.056
-0.620 -0.023 0.061
-0.632 -0.021 0.065
-0.644 -0.019 0.068
-0.655 -0.018 0.072
-0.665 -0.016 0.075
-0.674 -0.014 0.078
-0.684 -0.013 0.081
-0.693 -0.012 0.083
-0.702 -0.011 0.086
-0.710 -0.010 0.089
-0.718 -0.008 0.092
-0.725 -0.007 0.094
-0.733 -0.006 0.097
-0.740 -0.006 0.100
-0.747 -0.005 0.102
-0.753 -0.004 0.104
-0.759 -0.003 0.107
-0.765 -0.001 0.109
-0.770 0.001 0.113
-0.775 0.002 0.115
-0.779 0.004 0.118
-0.782 0.005 0.121
-0.786 0.006 0.123
-0.789 0.008 0.125
-0.792 0.009 0.127
-0.794 0.011 0.128
-0.796 0.013 0.130
-0.797 0.013 0.131
-0.798 0.015 0.132
-0.798 0.017 0.133
-0.799 0.018 0.133
-0.799 0.019 0.133
-0.800 0.019 0.134
-0.799 0.020 0.134
-0.799 0.020 0.134
-0.799 0.020 0.135
-0.798 0.020 0.134
-0.798 0.020 0.135
-0.796 0.020 0.135
-0.795 0.019 0.134
-0.794 0.019 0.134
-0.792 0.018 0.133
-0.789 0.017 0.133
-0.787 0.015 0.132
-0.785 0.014 0.131
-0.782 0.013 0.131
-0.779 0.012 0.131
-0.777 0.011 0.130
-0.773 0.010 0.130
-0.770 0.009 0.130
-0.767 0.008 0.130
-0.765 0.006 0.130
-0.760 0.006 0.130
-0.757 0.005 0.130
-0.754 0.003 0.130
-0.751 0.002 0.130
-0.748 0.002 0.130
-0.744 0.001 0.130
-0.742 0.000 0.129
-0.739 -0.001 0.129
-0.735 -0.001 0.129
-0.733 -0.002 0.129
-0.730 -0.002 0.129
-0.728 -0.002 0.129
-0.724 -0.002 0.129
-0.723 -0.002 0.129
-0.721 -0.003 0.129
-0.719 -0.003 0.128
-0.717 -0.003 0.128
-0.716 -0.003 0.128
-0.714 -0.003 0.128
-0.713 -0.003 0.128
-0.712 -0.003 0.128
-0.711 -0.003 0.128
-0.710 -0.003 0.128
-0.709 -0.003 0.128
-0.708 -0.003 0.128
-0.707 -0.004 0.127
-0.706 -0.004 0.127
-0.706 -0.004 0.127
-0.705 -0.004 0.127
-0.705 -0.004 0.126
-0.704 -0.004 0.126
-0.704 -0.005 0.126
-0.703 -0.005 0.126
-0.703 -0.005 0.125
-0.703 -0.006 0.125
-0.703 -0.006 0.125
-0.702 -0.006 0.125
-0.702 -0.006 0.125
-0.702 -0.007 0.125
-0.702 -0.007 0.125
-0.702 -0.008 0.124
-0.702 -0.008 0.124
-0.702 -0.009 0.124
-0.702 -0.009 0.124
-0.702 -0.009 0.124
-0.701 -0.010 0.124
-0.700 -0.010 0.125
-0.699 -0.010 0.125
-0.697 -0.010 0.125
-0.694 -0.010 0.125
-0.691 -0.011 0.125
-0.686 -0.011 0.125
-0.682 -0.011 0.126
-0.676 -0.011 0.126
-0.668 -0.010 0.126
-0.662 -0.010 0.126
-0.652 -0.009 0.126
-0.643 -0.008 0.126
-0.634 -0.008 0.126
-0.622 -0.007 0.126
-0.610 -0.007 0.126
-0.600 -0.007 0.126
-0.587 -0.006 0.127
-0.574 -0.006 0.127
-0.558 -0.005 0.128
-0.544 -0.004 0.128
-0.531 -0.004 0.128
-0.516 -0.004 0.129
-0.501 -0.003 0.129
-0.485 -0.003 0.129
-0.469 -0.002 0.130
-0.453 -0.002 0.130
-0.437 -0.001 0.130
-0.421 -0.001 0.131
-0.405 -0.001 0.131
-0.387 -0.000 0.131
-0.371 0.000 0.131
-0.354 0.001 0.131
-0.336 0.001 0.131
-0.319 0.001 0.131
-0.302 0.002 0.130
-0.285 0.002 0.130
-0.269 0.002 0.129
-0.252 0.003 0.129
-0.236 0.003 0.128
-0.219 0.003 0.127
-0.203 0.003 0.127
-0.187 0.003 0.126
-0.173 0.003 0.125
-0.158 0.002 0.124
-0.144 0.002 0.123
-0.130 0.002 0.122
-0.118 0.000 0.121
-0.105 0.001 0.120
-0.093 0.000 0.119
-0.081 0.000 0.118
-0.070 -0.000 0.117
-0.060 -0.001 0.116
-0.050 -0.001 0.115
-0.041 -0.001 0.115
-0.031 -0.002 0.114
-0.023 -0.002 0.113
-0.015 -0.003 0.112
-0.006 -0.004 0.112
0.002 -0.004 0.111
0.010 -0.004 0.110
0.017 -0.005 0.109
0.025 -0.006 0.109
0.034 -0.007 0.108
0.038 -0.007 0.107
0.045 -0.007 0.106
nan nan nan
0.055 -0.009 0.106
0.057 -0.008 0.104
nan nan nan
0.064 -0.007 0.103
0.068 -0.007 0.103
0.072 -0.008 0.102
0.075 -0.007 0.101
0.077 -0.007 0.100
0.079 -0.007 0.099
0.080 -0.007 0.098
0.082 -0.007 0.097
0.082 -0.007 0.096
0.082 -0.006 0.095
0.082 -0.007 0.094
0.085 -0.002 0.096
0.085 -0.002 0.095
0.083 -0.002 0.093
nan nan nan
0.082 0.000 0.093
0.081 0.000 0.092
0.079 0.000 0.091
0.077 0.001 0.091
0.074 0.000 0.089
0.073 0.001 0.090
0.071 0.002 0.090
nan nan nan
0.071 0.006 0.092
0.065 0.003 0.090
0.064 0.005 0.092
0.061 0.005 0.092
0.053 0.001 0.088
nan nan nan
0.054 0.005 0.093
0.051 0.005 0.093
0.041 -0.001 0.088
0.042 0.002 0.091
nan nan nan
nan nan nan
0.043 0.007 0.096
0.035 0.002 0.092
0.035 0.005 0.095
0.023 -0.003 0.090
0.031 0.006 0.098
0.029 0.006 0.099
0.025 0.004 0.098
0.024 0.005 0.099
0.022 0.005 0.100
nan nan nan
0.021 0.006 0.102
nan nan nan
0.020 0.007 0.104
nan nan nan
-0.220 -0.005 -0.017
-0.211 -0.005 -0.008
nan nan nan
-0.200 -0.004 0.001
nan nan nan
nan nan nan
-0.188 -0.001 0.011
-0.180 0.000 0.017
-0.174 0.002 0.023
-0.167 0.002 0.028
-0.161 0.004 0.034
-0.156 0.005 0.039
-0.153 0.006 0.042
-0.148 0.007 0.046
-0.144 0.007 0.050
-0.140 0.008 0.053
-0.137 0.009 0.056
-0.134 0.011 0.059
-0.130 0.012 0.062
-0.127 0.013 0.065
-0.124 0.014 0.068
-0.122 0.015 0.070
-0.121 0.016 0.073
-0.119 0.017 0.075
-0.116 0.018 0.078
-0.113 0.019 0.081
-0.111 0.020 0.083
-0.109 0.020 0.086
-0.107 0.020 0.088
-0.103 0.021 0.091
-0.100 0.022 0.093
-0.098 0.022 0.096
-0.095 0.022 0.097
-0.093 0.023 0.100
-0.089 0.023 0.102
-0.086 0.023 0.104
-0.083 0.023 0.106
-0.080 0.024 0.108
-0.077 0.025 0.110
nan nan nan
-0.072 0.024 0.112
-0.069 0.024 0.114
-0.066 0.024 0.116
-0.062 0.024 0.117
-0.059 0.025 0.119
-0.055 0.025 0.120
nan nan nan
-0.052 0.025 0.122
-0.049 0.025 0.122
-0.046 0.025 0.124
-0.042 0.026 0.124
-0.039 0.026 0.125
-0.037 0.026 0.126
-0.034 0.026 0.126
-0.032 0.027 0.127
-0.029 0.027 0.127
-0.027 0.027 0.127
-0.026 0.026 0.127
-0.024 0.026 0.127
-0.023 0.026 0.127
-0.022 0.026 0.127
-0.020 0.026 0.127
-0.020 0.025 0.126
-0.019 0.025 0.125
-0.019 0.025 0.125
-0.020 0.024 0.124
-0.019 0.024 0.123
-0.021 0.023 0.122
nan nan nan
-0.021 0.022 0.121
-0.021 0.022 0.120
-0.022 0.021 0.119
-0.022 0.020 0.118
-0.024 0.020 0.117
-0.024 0.019 0.116
-0.026 0.018 0.115
-0.026 0.017 0.115
-0.028 0.017 0.114
-0.027 0.016 0.113
-0.028 0.016 0.112
-0.029 0.015 0.112
-0.030 0.016 0.111
-0.030 0.014 0.110
-0.030 0.013 0.110
-0.031 0.013 0.109
-0.031 0.013 0.109
-0.031 0.013 0.108
-0.031 0.012 0.108
-0.031 0.012 0.107
-0.032 0.012 0.107
-0.031 0.011 0.107
-0.032 0.011 0.107
-0.031 0.011 0.105
-0.032 0.012 0.102
nan nan nan
-0.036 0.010 0.095
-0.040 0.008 0.089
-0.048 0.004 0.081
-0.056 0.000 0.072
nan nan nan
-0.068 -0.006 0.062
-0.079 -0.010 0.054
-0.090 -0.014 0.047
-0.103 -0.018 0.041
-0.116 -0.022 0.036
-0.130 -0.026 0.031
-0.145 -0.029 0.027
-0.160 -0.033 0.023
-0.176 -0.037 0.021
-0.191 -0.040 0.018
-0.207 -0.043 0.015
-0.223 -0.047 0.014
-0.240 -0.050 0.012
-0.259 -0.052 0.009
-0.276 -0.057 0.009
-0.293 -0.059 0.007
-0.309 -0.062 0.006
-0.327 -0.064 0.005
-0.344 -0.067 0.004
-0.361 -0.069 0.003
-0.379 -0.070 0.002
-0.396 -0.072 0.002
-0.413 -0.072 0.002
-0.430 -0.073 0.002
-0.448 -0.074 0.003
-0.465 -0.074 0.004
-0.482 -0.074 0.005
-0.499 -0.073 0.007
-0.517 -0.072 0.009
-0.534 -0.070 0.011
-0.551 -0.069 0.014
-0.569 -0.066 0.017
-0.587 -0.063 0.021
-0.604 -0.060 0.024
-0.622 -0.057 0.028
-0.639 -0.053 0.032
-0.656 -0.049 0.036
-0.673 -0.045 0.039
-0.689 -0.041 0.043
-0.703 -0.037 0.047
-0.718 -0.034 0.050
-0.731 -0.030 0.053
-0.744 -0.027 0.056
-0.755 -0.023 0.059
-0.766 -0.020 0.062
-0.776 -0.018 0.065
-0.785 -0.015 0.068
-0.794 -0.012 0.071
-0.803 -0.010 0.074
-0.813 -0.009 0.076
-0.822 -0.008 0.079
-0.830 -0.006 0.081
-0.838 -0.004 0.084
-0.843 -0.003 0.087
-0.850 -0.002 0.090
-0.857 -0.001 0.093
-0.864 0.001 0.095
-0.870 0.002 0.098
-0.875 0.004 0.100
-0.880 0.005 0.103
-0.884 0.007 0.106
-0.888 0.008 0.108
-0.891 0.010 0.110
-0.894 0.011 0.113
-0.896 0.012 0.115
-0.898 0.014 0.117
-0.899 0.015 0.120
-0.900 0.017 0.122
-0.901 0.018 0.124
-0.901 0.019 0.125
-0.901 0.020 0.127
-0.901 0.022 0.129
-0.900 0.023 0.130
-0.899 0.024 0.132
-0.897 0.026 0.134
nan nan nan
-0.893 0.028 0.134
-0.892 0.029 0.135
-0.890 0.029 0.135
-0.888 0.029 0.134
-0.888 0.029 0.134
-0.886 0.029 0.133
-0.884 0.029 0.133
-0.877 0.032 0.136
-0.877 0.028 0.133
-0.876 0.027 0.132
-0.873 0.025 0.132
-0.879 0.021 0.129
-0.878 0.020 0.128
-0.877 0.018 0.127
-0.874 0.016 0.127
-0.873 0.015 0.126
-0.871 0.013 0.125
-0.869 0.010 0.125
-0.866 0.010 0.125
-0.864 0.008 0.125
-0.862 0.007 0.124
-0.859 0.005 0.124
-0.857 0.004 0.124
-0.854 0.003 0.124
-0.853 0.001 0.124
-0.849 0.000 0.124
-0.846 -0.000 0.124
-0.844 -0.001 0.125
-0.841 -0.002 0.124
-0.839 -0.003 0.125
-0.837 -0.003 0.125
-0.835 -0.003 0.125
-0.832 -0.003 0.125
-0.831 -0.004 0.126
-0.829 -0.004 0.126
-0.827 -0.004 0.126
-0.825 -0.004 0.126
-0.823 -0.004 0.127
-0.821 -0.004 0.127
-0.821 -0.003 0.127
-0.820 -0.004 0.127
-0.818 -0.003 0.127
-0.816 -0.003 0.127
-0.816 -0.004 0.127
-0.814 -0.003 0.127
-0.813 -0.004 0.126
-0.813 -0.004 0.126
-0.811 -0.004 0.127
-0.810 -0.004 0.126
-0.809 -0.005 0.126
-0.808 -0.005 0.127
-0.808 -0.007 0.126
-0.807 -0.007 0.126
-0.806 -0.007 0.127
-0.806 -0.008 0.126
-0.804 -0.008 0.126
-0.805 -0.009 0.126
-0.804 -0.010 0.126
-0.804 -0.011 0.126
-0.804 -0.012 0.126
-0.804 -0.012 0.126
-0.803 -0.013 0.126
-0.803 -0.013 0.126
-0.804 -0.015 0.126
-0.803 -0.015 0.126
-0.802 -0.016 0.127
-0.802 -0.016 0.127
-0.803 -0.018 0.126
-0.803 -0.018 0.126
-0.803 -0.020 0.126
-0.803 -0.020 0.126
-0.802 -0.021 0.127
-0.803 -0.022 0.126
-0.803 -0.023 0.126
-0.802 -0.023 0.126
-0.803 -0.024 0.126
-0.803 -0.025 0.126
-0.803 -0.026 0.126
-0.803 -0.027 0.126
-0.803 -0.027 0.126
-0.803 -0.028 0.126
-0.802 -0.028 0.126
-0.803 -0.029 0.126
-0.801 -0.029 0.126
-0.801 -0.030 0.126
-0.801 -0.031 0.126
-0.801 -0.031 0.126
-0.801 -0.031 0.126
-0.800 -0.032 0.126
-0.800 -0.032 0.126
-0.799 -0.033 0.126
-0.799 -0.033 0.126
-0.799 -0.034 0.126
-0.798 -0.034 0.126
-0.798 -0.034 0.125
-0.798 -0.034 0.126
-0.797 -0.035 0.125
-0.797 -0.035 0.125
-0.796 -0.035 0.125
-0.796 -0.036 0.125
-0.795 -0.036 0.125
-0.795 -0.036 0.125
-0.795 -0.036 0.125
-0.794 -0.036 0.125
-0.794 -0.036 0.125
-0.793 -0.037 0.125
-0.794 -0.037 0.124
-0.793 -0.038 0.124
-0.793 -0.038 0.124
-0.793 -0.038 0.124
-0.792 -0.038 0.124
-0.792 -0.039 0.124
-0.792 -0.039 0.124
-0.792 -0.039 0.123
-0.791 -0.040 0.123
-0.791 -0.040 0.123
-0.791 -0.040 0.123
-0.791 -0.041 0.123
-0.790 -0.041 0.123
-0.790 -0.042 0.123
-0.789 -0.042 0.123
-0.789 -0.042 0.123
-0.789 -0.043 0.122
-0.788 -0.043 0.122
-0.787 -0.043 0.122
-0.787 -0.043 0.122
-0.786 -0.044 0.122
-0.785 -0.044 0.122
-0.783 -0.044 0.122
-0.782 -0.044 0.122
-0.781 -0.043 0.122
-0.779 -0.043 0.122
-0.776 -0.041 0.122
-0.773 -0.041 0.122
-0.770 -0.039 0.122
-0.767 -0.038 0.122
-0.763 -0.036 0.123
-0.757 -0.033 0.123
-0.752 -0.031 0.123
-0.746 -0.028 0.123
-0.739 -0.025 0.123
-0.732 -0.022 0.123
-0.723 -0.019 0.123
-0.714 -0.017 0.123
-0.704 -0.014 0.123
-0.693 -0.012 0.123
-0.680 -0.009 0.124
-0.668 -0.007 0.124
-0.654 -0.005 0.124
-0.640 -0.003 0.124
-0.626 -0.002 0.124
-0.611 0.000 0.125
-0.596 0.000 0.125
-0.580 0.001 0.125
-0.564 0.002 0.126
-0.548 0.002 0.127
-0.532 0.003 0.127
-0.516 0.004 0.127
-0.498 0.004 0.128
-0.481 0.004 0.128
-0.465 0.004 0.127
-0.446 0.004 0.128
-0.429 0.004 0.128
-0.412 0.004 0.128
-0.394 0.003 0.128
-0.376 0.002 0.128
-0.358 0.002 0.128
-0.341 0.001 0.127
-0.324 0.000 0.127
-0.307 -0.001 0.126
-0.290 -0.001 0.126
-0.273 -0.002 0.125
-0.258 -0.002 0.125
-0.242 -0.003 0.124
-0.225 -0.003 0.124
-0.210 -0.003 0.123
-0.197 -0.003 0.122
-0.182 -0.004 0.121
-0.169 -0.003 0.120
-0.156 -0.003 0.119
-0.143 -0.003 0.118
-0.132 -0.003 0.117
-0.120 -0.003 0.115
-0.110 -0.004 0.111
-0.100 -0.004 0.106
-0.092 -0.004 0.098
-0.084 -0.005 0.090
-0.077 -0.006 0.080
-0.071 -0.006 0.070
-0.066 -0.007 0.059
-0.061 -0.008 0.047
-0.057 -0.008 0.035
-0.055 -0.009 0.021
-0.053 -0.009 0.008
-0.052 -0.009 -0.006
-0.054 -0.009 -0.021
-0.058 -0.009 -0.035
-0.064 -0.009 -0.050
-0.071 -0.009 -0.065
nan nan nan
-0.327 0.322 0.688
-0.328 0.310 0.674
-0.331 0.298 0.661
-0.339 0.284 0.648
-0.345 0.276 0.634
-0.355 0.265 0.620
-0.367 0.254 0.606
-0.380 0.243 0.593
-0.395 0.233 0.580
-0.412 0.222 0.566
-0.429 0.213 0.554
-0.447 0.204 0.543
-0.464 0.196 0.531
-0.479 0.189 0.520
-0.494 0.182 0.509
-0.507 0.176 0.497
-0.520 0.170 0.485
-0.530 0.164 0.473
-0.540 0.157 0.460
-0.548 0.150 0.447
-0.556 0.142 0.433
-0.563 0.134 0.419
-0.569 0.125 0.404
-0.576 0.116 0.389
-0.581 0.107 0.374
-0.586 0.098 0.359
-0.591 0.089 0.343
-0.596 0.081 0.327
-0.600 0.073 0.311
-0.604 0.066 0.296
-0.609 0.059 0.279
-0.613 0.053 0.263
-0.618 0.048 0.247
-0.622 0.044 0.231
-0.627 0.040 0.214
-0.631 0.036 0.197
-0.635 0.033 0.180
-0.640 0.030 0.163
-0.646 0.027 0.145
-0.650 0.025 0.128
-0.655 0.023 0.110
-0.659 0.021 0.093
-0.663 0.019 0.075
-0.668 0.017 0.056
-0.671 0.015 0.039
-0.676 0.014 0.021
-0.679 0.013 0.004
-0.683 0.011 -0.011
-0.686 0.010 -0.026
-0.689 0.009 -0.040
-0.691 0.008 -0.052
-0.693 0.007 -0.063
-0.695 0.006 -0.074
-0.696 0.005 -0.084
-0.698 0.004 -0.094
-0.699 0.003 -0.102
-0.699 0.003 -0.110
-0.699 0.001 -0.117
-0.699 0.001 -0.124
-0.699 0.000 -0.131
-0.699 -0.001 -0.137
-0.698 -0.002 -0.143
-0.697 -0.003 -0.148
-0.696 -0.003 -0.154
-0.693 -0.003 -0.156
-0.693 -0.004 -0.161
-0.692 -0.005 -0.165
-0.690 -0.005 -0.168
-0.689 -0.006 -0.172
-0.689 -0.007 -0.176
-0.688 -0.007 -0.179
-0.686 -0.008 -0.181
-0.685 -0.009 -0.183
-0.685 -0.009 -0.187
-0.683 -0.010 -0.189
-0.683 -0.011 -0.191
-0.682 -0.012 -0.194
-0.682 -0.013 -0.196
-0.681 -0.013 -0.197
-0.680 -0.014 -0.198
-0.679 -0.014 -0.200
-0.679 -0.015 -0.202
-0.679 -0.016 -0.204
-0.679 -0.017 -0.205
-0.679 -0.017 -0.205
-0.679 -0.017 -0.207
-0.679 -0.018 -0.207
-0.679 -0.019 -0.208
-0.679 -0.019 -0.209
-0.679 -0.020 -0.209
-0.679 -0.020 -0.210
-0.680 -0.021 -0.210
-0.680 -0.021 -0.210
-0.680 -0.022 -0.211
-0.681 -0.022 -0.211
-0.680 -0.023 -0.211
-0.681 -0.023 -0.211
-0.680 -0.024 -0.210
-0.681 -0.024 -0.211
-0.682 -0.025 -0.211
-0.682 -0.025 -0.211
-0.682 -0.026 -0.210
-0.682 -0.026 -0.210
-0.683 -0.027 -0.210
-0.683 -0.027 -0.209
-0.683 -0.027 -0.209
-0.684 -0.028 -0.209
-0.685 -0.029 -0.210
-0.683 -0.028 -0.207
-0.685 -0.029 -0.208
-0.685 -0.029 -0.207
-0.690 -0.032 -0.211
-0.687 -0.030 -0.205
-0.685 -0.029 -0.203
-0.686 -0.030 -0.203
-0.685 -0.029 -0.201
-0.686 -0.029 -0.200
-0.688 -0.030 -0.199
-0.686 -0.028 -0.197
-0.686 -0.029 -0.195
-0.688 -0.030 -0.195
-0.689 -0.031 -0.193
-0.689 -0.030 -0.192
-0.689 -0.029 -0.189
-0.690 -0.030 -0.188
-0.691 -0.031 -0.185
-0.689 -0.028 -0.181
-0.690 -0.028 -0.178
-0.690 -0.028 -0.176
-0.690 -0.027 -0.173
-0.691 -0.028 -0.170
-0.691 -0.027 -0.167
-0.692 -0.027 -0.164
-0.692 -0.027 -0.161
-0.692 -0.026 -0.159
-0.693 -0.027 -0.155
nan nan nan
-0.694 -0.025 -0.150
-0.695 -0.025 -0.145
nan nan nan
-0.697 -0.024 -0.137
nan nan nan
nan nan nan
-0.698 -0.022 -0.128
nan nan nan
nan nan nan
nan nan nan
nan nan nan
nan nan nan
-0.700 -0.022 -0.114
nan nan nan
nan nan nan
-0.701 -0.023 -0.108
-0.702 -0.023 -0.103
-0.702 -0.022 -0.099
nan nan nan
-0.705 -0.025 -0.094
nan nan nan
-0.336 -0.006 0.027
-0.317 -0.005 0.027
-0.299 -0.005 0.027
-0.283 -0.005 0.027
-0.266 -0.006 0.026
-0.249 -0.006 0.026
-0.233 -0.006 0.025
-0.218 -0.006 0.024
-0.202 -0.007 0.024
-0.187 -0.007 0.023
-0.173 -0.006 0.022
-0.158 -0.006 0.021
-0.145 -0.005 0.020
-0.132 -0.005 0.019
-0.122 -0.005 0.018
-0.110 -0.005 0.017
-0.100 -0.005 0.016
-0.090 -0.005 0.015
-0.081 -0.004 0.014
-0.073 -0.005 0.013
-0.064 -0.005 0.013
-0.061 -0.007 0.010
-0.050 -0.005 0.011
-0.049 -0.008 0.008
-0.036 -0.005 0.009
-0.031 -0.006 0.008
-0.023 -0.006 0.007
-0.019 -0.007 0.005
-0.011 -0.006 0.005
-0.008 -0.008 0.003
0.000 -0.006 0.004
0.006 -0.007 0.002
0.013 -0.007 0.002
0.017 -0.008 0.001
0.021 -0.007 -0.000
0.026 -0.008 -0.001
0.030 -0.008 -0.001
0.030 -0.009 -0.003
0.037 -0.008 -0.003
0.036 -0.010 -0.005
0.044 -0.008 -0.005
0.046 -0.007 -0.005
0.049 -0.008 -0.006
0.051 -0.007 -0.006
0.052 -0.007 -0.007
0.054 -0.006 -0.008
0.054 -0.005 -0.009
0.054 -0.004 -0.009
0.055 -0.004 -0.010
0.056 -0.003 -0.011
0.055 -0.001 -0.012
0.057 -0.001 -0.012
0.056 -0.000 -0.013
0.055 0.001 -0.014
0.056 0.002 -0.014
0.055 0.003 -0.015
0.055 0.004 -0.015
0.054 0.005 -0.015
0.052 0.006 -0.016
0.048 0.007 -0.019
0.042 0.009 -0.023
0.035 0.011 -0.028
0.022 0.010 -0.034
0.018 0.015 -0.039
0.009 0.016 -0.045
-0.001 0.019 -0.050
-0.010 0.020 -0.055
-0.022 0.022 -0.060
-0.038 0.022 -0.067
-0.051 0.023 -0.072
-0.064 0.024 -0.076
-0.077 0.025 -0.080
-0.090 0.025 -0.085
-0.104 0.026 -0.089
-0.118 0.027 -0.094
-0.133 0.028 -0.098
-0.147 0.028 -0.102
-0.162 0.030 -0.106
-0.176 0.031 -0.110
-0.192 0.032 -0.114
-0.206 0.033 -0.117
-0.221 0.034 -0.121
-0.237 0.035 -0.124
-0.252 0.036 -0.126
-0.267 0.036 -0.128
-0.282 0.037 -0.129
-0.298 0.038 -0.130
-0.314 0.038 -0.131
-0.330 0.039 -0.131
-0.347 0.039 -0.130
-0.363 0.039 -0.129
-0.380 0.039 -0.128
-0.396 0.039 -0.126
-0.414 0.038 -0.124
-0.431 0.037 -0.121
-0.448 0.037 -0.119
-0.466 0.036 -0.115
-0.484 0.037 -0.112
-0.502 0.035 -0.109
-0.518 0.033 -0.105
-0.537 0.031 -0.101
-0.555 0.030 -0.097
-0.574 0.029 -0.094
-0.592 0.027 -0.090
nan nan nan
nan nan nan
-0.624 0.023 -0.082
-0.642 0.021 -0.078
-0.657 0.019 -0.074
-0.672 0.017 -0.071
-0.687 0.015 -0.067
-0.700 0.013 -0.063
-0.712 0.011 -0.060
-0.723 0.010 -0.056
-0.733 0.009 -0.052
-0.744 0.007 -0.049
-0.755 0.004 -0.047
-0.766 0.003 -0.044
-0.773 0.002 -0.039
-0.780 0.002 -0.037
-0.788 0.001 -0.034
-0.796 0.000 -0.030
-0.803 -0.001 -0.026
-0.810 -0.002 -0.023
-0.817 -0.002 -0.019
-0.822 -0.003 -0.016
-0.830 -0.004 -0.012
-0.830 -0.004 -0.007
-0.838 -0.005 -0.004
-0.847 -0.006 -0.001
-0.851 -0.008 0.003
-0.855 -0.008 0.007
-0.859 -0.009 0.011
-0.861 -0.009 0.014
-0.859 -0.010 0.018
-0.861 -0.010 0.022
-0.862 -0.010 0.026
-0.863 -0.011 0.027
-0.864 -0.011 0.030
-0.865 -0.008 0.034
-0.864 -0.009 0.035
-0.864 -0.009 0.036
-0.863 -0.008 0.038
-0.863 -0.008 0.038
-0.863 -0.008 0.039
-0.863 -0.007 0.040
-0.861 -0.006 0.041
-0.861 -0.006 0.040
-0.859 -0.006 0.040
-0.859 -0.006 0.040
-0.858 -0.006 0.039
-0.856 -0.006 0.038
-0.856 -0.006 0.037
-0.854 -0.006 0.037
-0.853 -0.006 0.035
-0.852 -0.006 0.034
-0.851 -0.006 0.033
-0.852 -0.007 0.031
-0.848 -0.007 0.030
-0.845 -0.007 0.029
-0.841 -0.008 0.028
-0.837 -0.008 0.027
-0.833 -0.008 0.027
-0.828 -0.009 0.026
-0.822 -0.009 0.026
-0.814 -0.010 0.026
-0.809 -0.010 0.024
-0.801 -0.009 0.025
-0.792 -0.010 0.025
-0.783 -0.009 0.024
-0.773 -0.009 0.025
-0.762 -0.009 0.026
-0.751 -0.008 0.027
-0.739 -0.007 0.027
-0.727 -0.007 0.027
-0.714 -0.006 0.028
-0.702 -0.005 0.028
-0.689 -0.004 0.029
-0.675 -0.003 0.029
-0.662 -0.003 0.029
-0.648 -0.002 0.030
-0.634 -0.001 0.030
-0.619 0.000 0.030
-0.605 0.001 0.030
-0.591 0.001 0.031
-0.576 0.004 0.030
-0.561 0.003 0.031
-0.546 0.005 0.030
-0.530 0.006 0.030
-0.516 0.006 0.030
nan nan nan
-0.498 0.007 0.029
-0.481 0.007 0.029
nan nan nan
-0.463 0.008 0.028
-0.447 0.008 0.027
-0.432 0.008 0.026
-0.416 0.008 0.026
-0.400 0.008 0.025
-0.383 0.010 0.025
-0.368 0.009 0.024
-0.351 0.009 0.024
-0.335 0.009 0.023
-0.317 0.009 0.023
-0.301 0.009 0.022
-0.282 0.009 0.023
-0.263 0.009 0.023
-0.246 0.009 0.022
-0.230 0.008 0.022
-0.214 0.008 0.021
-0.198 0.007 0.020
-0.184 0.006 0.019
-0.167 0.006 0.019
-0.153 0.006 0.018
-0.139 0.006 0.017
-0.128 0.005 0.017
-0.115 0.005 0.016
-0.103 0.006 0.015
-0.092 0.005 0.015
-0.082 0.004 0.014
-0.074 0.003 0.012
-0.064 0.004 0.011
-0.058 0.002 0.009
-0.049 0.002 0.009
-0.040 0.003 0.008
-0.032 0.002 0.007
-0.024 0.002 0.006
-0.018 0.001 0.005
-0.011 0.001 0.004
-0.006 0.000 0.002
0.004 0.001 0.002
0.010 0.000 0.001
0.015 -0.000 -0.001
0.021 0.001 -0.002
0.023 -0.001 -0.004
0.031 0.000 -0.004
0.038 0.001 -0.004
0.041 0.000 -0.006
0.048 0.001 -0.006
nan nan nan
0.052 0.002 -0.007
0.055 0.002 -0.008
0.060 0.002 -0.008
nan nan nan
0.062 0.002 -0.009
0.064 0.003 -0.010
0.066 0.004 -0.010
nan nan nan
0.068 0.004 -0.012
0.069 0.005 -0.013
nan nan nan
0.069 0.005 -0.013
0.070 0.005 -0.014
0.073 0.005 -0.014
0.071 0.006 -0.016
0.071 0.006 -0.017
0.071 0.006 -0.017
nan nan nan
0.071 0.007 -0.018
0.069 0.008 -0.019
0.068 0.008 -0.020
0.067 0.009 -0.020
0.066 0.009 -0.020
0.064 0.009 -0.020
0.064 0.010 -0.020
0.063 0.011 -0.020
0.060 0.009 -0.020
0.058 0.010 -0.020
0.057 0.010 -0.019
0.054 0.009 -0.019
0.052 0.010 -0.018
nan nan nan
0.049 0.009 -0.017
0.047 0.009 -0.016
0.045 0.009 -0.015
0.042 0.008 -0.015
0.040 0.008 -0.014
0.037 0.008 -0.013
0.035 0.007 -0.011
0.033 0.007 -0.010
0.030 0.006 -0.009
0.029 0.006 -0.007
0.026 0.006 -0.006
0.025 0.005 -0.005
0.023 0.005 -0.003
0.021 0.005 -0.002
0.020 0.005 -0.001
0.018 0.004 0.000
0.017 0.004 0.002
0.015 0.004 0.003
0.013 0.004 0.004
0.012 0.004 0.006
0.012 0.004 0.007
nan nan nan
0.010 0.004 0.008
0.009 0.004 0.009
0.009 0.003 0.011
0.008 0.004 0.011
0.007 0.004 0.012
0.006 0.004 0.013
0.006 0.005 0.014
0.005 0.004 0.014
0.005 0.005 0.015
0.005 0.005 0.015
0.004 0.005 0.015
0.004 0.005 0.016
0.004 0.005 0.016
0.003 0.006 0.016
0.003 0.006 0.016
0.003 0.006 0.015
0.002 0.006 0.015
0.003 0.007 0.015
0.003 0.007 0.014
0.003 0.007 0.014
0.002 0.007 0.013
0.003 0.007 0.013
0.002 0.008 0.012
0.002 0.008 0.012
0.002 0.009 0.011
0.003 0.009 0.010
0.002 0.009 0.009
0.002 0.009 0.009
0.002 0.010 0.008
0.002 0.010 0.008
0.001 0.010 0.007
0.001 0.010 0.006
-0.000 0.011 0.005
0.000 0.011 0.005
-0.000 0.011 0.004
-0.000 0.012 0.004
-0.000 0.012 0.003
-0.001 0.013 0.003
-0.001 0.013 0.002
-0.002 0.014 0.002
-0.002 0.014 0.001
-0.002 0.014 0.001
-0.002 0.015 0.001
-0.003 0.015 0.001
-0.004 0.016 0.001
-0.004 0.016 0.001
-0.004 0.016 0.001
-0.004 0.017 0.001
-0.005 0.017 0.001
-0.005 0.017 -0.000
nan nan nan
-0.007 0.017 -0.003
-0.010 0.015 -0.006
-0.014 0.014 -0.011
-0.018 0.011 -0.016
-0.023 0.009 -0.021
-0.031 0.005 -0.027
-0.036 0.003 -0.031
-0.043 -0.000 -0.037
-0.054 -0.003 -0.043
-0.065 -0.005 -0.048
-0.076 -0.009 -0.053
-0.088 -0.010 -0.057
-0.103 -0.012 -0.062
-0.113 -0.012 -0.065
-0.127 -0.012 -0.070
-0.141 -0.012 -0.074
-0.161 -0.014 -0.078
-0.175 -0.012 -0.082
-0.189 -0.011 -0.087
-0.205 -0.010 -0.090
-0.220 -0.010 -0.094
-0.234 -0.009 -0.098
-0.251 -0.009 -0.101
-0.264 -0.007 -0.104
-0.279 -0.006 -0.107
-0.295 -0.005 -0.109
-0.310 -0.004 -0.112
-0.325 -0.003 -0.114
-0.341 -0.001 -0.115
-0.356 -0.000 -0.116
-0.373 0.001 -0.117
-0.388 0.001 -0.117
-0.404 0.003 -0.117
-0.421 0.004 -0.116
-0.436 0.005 -0.114
-0.454 0.006 -0.112
-0.471 0.007 -0.110
-0.487 0.007 -0.107
-0.505 0.007 -0.104
-0.522 0.008 -0.101
-0.541 0.009 -0.098
-0.559 0.010 -0.094
-0.577 0.011 -0.091
-0.596 0.012 -0.087
-0.613 0.013 -0.082
-0.630 0.013 -0.078
-0.645 0.014 -0.075
-0.662 0.014 -0.071
-0.676 0.015 -0.067
-0.689 0.015 -0.064
-0.702 0.016 -0.061
-0.713 0.016 -0.057
-0.724 0.016 -0.053
-0.734 0.016 -0.050
-0.743 0.017 -0.046
-0.752 0.017 -0.043
-0.760 0.018 -0.039
-0.769 0.018 -0.036
-0.776 0.018 -0.031
-0.785 0.018 -0.028
-0.792 0.018 -0.025
-0.799 0.018 -0.021
-0.801 0.019 -0.016
-0.808 0.019 -0.012
-0.813 0.019 -0.008
-0.818 0.019 -0.003
-0.824 0.018 0.001
-0.829 0.018 0.005
-0.834 0.017 0.009
-0.838 0.017 0.013
-0.842 0.016 0.017
-0.846 0.016 0.020
-0.849 0.015 0.023
-0.852 0.015 0.026
-0.854 0.014 0.029
-0.856 0.013 0.031
-0.858 0.013 0.034
-0.860 0.012 0.036
-0.861 0.011 0.037
-0.862 0.011 0.039
-0.864 0.011 0.040
-0.864 0.010 0.040
-0.865 0.009 0.041
-0.864 0.008 0.041
-0.864 0.008 0.041
-0.864 0.007 0.040
-0.863 0.007 0.040
-0.862 0.006 0.039
-0.863 0.005 0.038
-0.862 0.005 0.037
-0.861 0.005 0.036
-0.860 0.004 0.035
-0.859 0.004 0.033
-0.857 0.003 0.032
-0.855 0.003 0.031
-0.853 0.002 0.029
-0.852 0.002 0.028
-0.850 0.001 0.027
-0.848 0.001 0.026
-0.846 0.000 0.025
-0.844 -0.000 0.024
-0.843 -0.001 0.023
-0.841 -0.002 0.022
-0.839 -0.002 0.021
-0.838 -0.003 0.020
-0.835 -0.003 0.019
-0.834 -0.003 0.019
-0.832 -0.003 0.018
-0.830 -0.004 0.017
-0.829 -0.003 0.017
-0.827 -0.004 0.016
-0.825 -0.003 0.016
-0.824 -0.003 0.015
-0.823 -0.003 0.015
-0.822 -0.003 0.015
-0.820 -0.003 0.014
-0.819 -0.003 0.014
-0.818 -0.002 0.014
-0.817 -0.003 0.014
-0.817 -0.002 0.014
-0.815 -0.002 0.014
-0.815 -0.001 0.014
-0.813 -0.001 0.014
-0.813 -0.000 0.014
-0.812 -0.000 0.014
-0.811 0.000 0.014
-0.810 0.001 0.015
-0.809 0.001 0.015
-0.808 0.002 0.015
-0.806 0.002 0.015
-0.806 0.002 0.016
-0.805 0.002 0.016
-0.804 0.003 0.016
-0.802 0.003 0.017
-0.801 0.003 0.017
-0.799 0.003 0.017
-0.798 0.004 0.018
-0.798 0.004 0.018
-0.796 0.005 0.019
-0.795 0.005 0.019
-0.792 0.005 0.019
-0.791 0.006 0.019
-0.790 0.006 0.019
-0.788 0.006 0.019
-0.787 0.006 0.020
-0.785 0.006 0.020
-0.783 0.007 0.019
-0.781 0.007 0.020
-0.780 0.007 0.020
-0.778 0.007 0.020
-0.776 0.007 0.019
-0.774 0.008 0.019
-0.772 0.008 0.019
-0.770 0.008 0.019
-0.768 0.008 0.018
-0.767 0.008 0.018
-0.765 0.009 0.018
-0.763 0.009 0.017
-0.761 0.009 0.017
-0.760 0.010 0.017
-0.758 0.010 0.016
-0.756 0.010 0.016
-0.755 0.010 0.015
-0.753 0.010 0.015
-0.751 0.011 0.014
-0.749 0.011 0.014
-0.748 0.011 0.014
-0.745 0.011 0.014
-0.743 0.010 0.014
-0.740 0.010 0.014
-0.736 0.010 0.014
-0.732 0.009 0.014
-0.726 0.009 0.015
-0.721 0.007 0.015
-0.714 0.007 0.015
-0.706 0.006 0.015
-0.699 0.005 0.015
-0.690 0.004 0.015
-0.680 0.003 0.016
-0.670 0.002 0.017
-0.659 0.002 0.017
-0.647 0.001 0.017
-0.634 0.002 0.017
-0.622 0.001 0.018
-0.610 0.000 0.018
-0.595 0.001 0.019
-0.581 0.001 0.020
-0.567 0.001 0.021
-0.552 0.001 0.022
-0.538 -0.001 0.023
-0.522 -0.000 0.024
-0.508 -0.001 0.025
-0.492 -0.000 0.025
-0.477 -0.002 0.026
-0.461 -0.002 0.027
-0.446 -0.003 0.028
-0.430 -0.003 0.028
-0.414 -0.003 0.029
-0.399 -0.004 0.029
-0.383 -0.005 0.029
-0.367 -0.005 0.029
-0.351 -0.005 0.029
-0.335 -0.005 0.029
-0.316 -0.004 0.029
-0.301 -0.005 0.028
-0.282 -0.005 0.028
-0.267 -0.005 0.027
-0.251 -0.005 0.027
-0.234 -0.005 0.026
-0.220 -0.005 0.025
-0.206 -0.006 0.024
-0.190 -0.005 0.024
-0.176 -0.005 0.023
-0.163 -0.006 0.022
-0.149 -0.005 0.021
-0.137 -0.005 0.019
-0.124 -0.004 0.019
-0.114 -0.004 0.018
-0.102 -0.004 0.017
-0.093 -0.004 0.016
-0.085 -0.004 0.015
-0.077 -0.004 0.013
-0.067 -0.003 0.013
-0.058 -0.003 0.012
-0.052 -0.003 0.011
-0.044 -0.002 0.010
-0.036 -0.002 0.009
-0.029 -0.002 0.008
nan nan nan
-0.022 -0.001 0.007
-0.015 -0.001 0.006
-0.009 -0.001 0.005
-0.004 -0.001 0.004
0.003 -0.001 0.004
0.008 -0.001 0.003
0.014 -0.000 0.002
0.019 -0.000 0.001
0.023 0.000 0.000
0.023 -0.001 -0.002
0.032 0.002 -0.001
0.037 0.002 -0.002
0.040 0.003 -0.002
0.043 0.003 -0.003
0.047 0.003 -0.004
0.049 0.004 -0.004
0.052 0.004 -0.005
0.048 0.002 -0.007
0.049 0.002 -0.007
0.056 0.006 -0.007
nan nan nan
0.058 0.006 -0.008
nan nan nan
0.057 0.006 -0.009
nan nan nan
0.060 0.007 -0.009
0.054 0.005 -0.011
0.059 0.008 -0.010
nan nan nan
0.058 0.007 -0.011
0.055 0.008 -0.012
0.057 0.007 -0.013
0.055 0.007 -0.013
0.054 0.008 -0.014
0.055 0.008 -0.013
nan nan nan
0.054 0.007 -0.014
0.051 0.008 -0.014
0.052 0.007 -0.014
0.048 0.008 -0.014
0.048 0.009 -0.014
0.046 0.009 -0.014
0.045 0.009 -0.013
0.044 0.008 -0.013
0.043 0.009 -0.013
0.041 0.009 -0.013
0.040 0.008 -0.011
nan nan nan
0.039 0.008 -0.010
0.037 0.007 -0.010
0.035 0.006 -0.008
0.034 0.007 -0.009
0.033 0.005 -0.006
0.032 0.006 -0.006
0.030 0.006 -0.005
0.028 0.006 -0.004
0.027 0.005 -0.003
0.025 0.005 -0.002
0.025 0.004 -0.000
0.023 0.005 0.001
0.022 0.004 0.002
0.022 0.004 0.003
0.020 0.004 0.004
0.020 0.004 0.005
0.019 0.004 0.006
0.017 0.003 0.007
0.017 0.003 0.008
0.015 0.002 0.009
0.015 0.003 0.010
0.015 0.003 0.010
0.014 0.003 0.011
0.013 0.002 0.012
0.013 0.002 0.012
0.012 0.002 0.013
0.011 0.002 0.013
0.011 0.002 0.014
0.011 0.003 0.014
0.011 0.002 0.014
0.010 0.002 0.015
0.010 0.002 0.015
0.009 0.002 0.015
0.010 0.002 0.015
nan nan nan
0.010 0.002 0.014
0.010 0.002 0.014
0.011 0.002 0.014
0.009 0.001 0.014
0.010 0.002 0.013
0.010 0.002 0.013
0.010 0.002 0.012
0.010 0.002 0.012
0.010 0.002 0.012
0.009 0.002 0.011
0.010 0.002 0.010
0.010 0.002 0.010
0.010 0.003 0.009
0.010 0.003 0.008
0.010 0.003 0.008
0.010 0.003 0.007
0.010 0.003 0.007
0.010 0.003 0.006
0.010 0.002 0.006
0.010 0.002 0.006
0.009 0.003 0.004
0.009 0.002 0.005
0.009 0.002 0.004
0.010 0.002 0.004
0.008 0.002 0.003
0.009 0.001 0.004
0.009 0.001 0.003
0.009 0.002 0.003
0.008 0.001 0.003
0.007 0.001 0.002
0.008 0.001 0.002
0.008 0.001 0.002
0.009 0.001 0.003
0.008 0.002 0.002
0.008 0.002 0.002
0.009 0.001 0.003
0.007 0.001 0.002
0.008 0.002 0.002
0.007 0.002 0.003
0.007 0.001 0.003
0.007 0.002 0.003
0.008 0.001 0.003
0.007 0.002 0.003
0.007 0.001 0.005
0.007 0.002 0.004
0.006 0.001 0.004
0.006 0.003 0.004
0.007 0.002 0.005
0.006 0.002 0.005
0.006 0.003 0.005
0.006 0.003 0.006
0.006 0.003 0.006
0.005 0.003 0.006
0.005 0.002 0.007
0.005 0.003 0.007
0.004 0.002 0.007
0.005 0.002 0.008
0.005 0.002 0.008
0.004 0.003 0.008
0.004 0.002 0.008
0.003 0.003 0.008
0.004 0.002 0.008
0.003 0.003 0.007
0.003 0.002 0.008
0.003 0.003 0.008
0.003 0.003 0.008
0.003 0.003 0.008
0.003 0.004 0.008
0.002 0.004 0.008
0.001 0.003 0.009
0.001 0.004 0.008
0.001 0.005 0.007
0.001 0.005 0.007
0.000 0.005 0.007
-0.000 0.006 0.007
-0.001 0.005 0.007
-0.002 0.006 0.006
-0.001 0.006 0.006
-0.002 0.006 0.006
-0.002 0.006 0.006
-0.002 0.006 0.005
-0.002 0.006 0.006
-0.002 0.006 0.005
-0.006 0.005 0.004
-0.002 0.007 0.006
-0.003 0.008 0.005
-0.003 0.008 0.005
-0.008 0.005 0.004
-0.003 0.008 0.005
-0.002 0.009 0.005
-0.009 0.006 0.003
-0.005 0.008 0.005
-0.004 0.009 0.005
-0.010 0.006 0.004
-0.011 0.006 0.004
-0.006 0.008 0.006
-0.007 0.008 0.005
-0.009 0.007 0.004
-0.010 0.008 0.004
-0.008 0.008 0.005
-0.007 0.009 0.005
-0.011 0.007 0.005
-0.007 0.009 0.006
-0.009 0.009 0.005
-0.008 0.009 0.006
-0.012 0.006 0.005
-0.008 0.009 0.006
-0.008 0.008 0.006
-0.009 0.008 0.006
-0.013 0.005 0.005
-0.009 0.007 0.006
-0.010 0.006 0.006
-0.008 0.007 0.007
-0.008 0.008 0.006
-0.009 0.007 0.006
-0.010 0.006 0.006
-0.009 0.007 0.006
-0.012 0.005 0.005
-0.010 0.006 0.006
-0.009 0.006 0.006
-0.010 0.005 0.006
-0.013 0.004 0.005
-0.008 0.006 0.007
-0.009 0.006 0.006
-0.013 0.004 0.006
-0.007 0.006 0.007
-0.009 0.006 0.006
-0.009 0.006 0.006
-0.008 0.006 0.007
-0.009 0.006 0.007
-0.011 0.005 0.006
-0.011 0.005 0.007
-0.010 0.006 0.007
-0.011 0.004 0.006
-0.013 0.004 0.006
-0.011 0.005 0.007
-0.011 0.005 0.006
-0.010 0.006 0.006
-0.009 0.005 0.007
-0.010 0.005 0.007
-0.012 0.005 0.006
-0.011 0.005 0.006
-0.012 0.004 0.006
-0.011 0.005 0.006
-0.015 0.003 0.005
-0.010 0.006 0.006
-0.010 0.005 0.006
-0.010 0.005 0.006
-0.011 0.005 0.006
-0.014 0.004 0.005
-0.014 0.003 0.005
-0.012 0.005 0.005
-0.012 0.004 0.006
-0.012 0.004 0.005
-0.011 0.004 0.006
-0.017 0.002 0.005
-0.017 0.002 0.005
-0.013 0.004 0.005
-0.012 0.004 0.005
-0.013 0.004 0.005
-0.012 0.004 0.005
-0.013 0.004 0.005
-0.015 0.002 0.004
-0.012 0.004 0.005
-0.012 0.004 0.005
-0.012 0.004 0.005
-0.012 0.004 0.005
-0.013 0.004 0.005
-0.013 0.004 0.005
-0.014 0.004 0.004
-0.013 0.004 0.005
-0.013 0.004 0.005
-0.013 0.004 0.005
-0.014 0.004 0.005
-0.015 0.004 0.005
-0.013 0.003 0.006
-0.016 0.002 0.005
-0.014 0.003 0.006
-0.016 0.003 0.006
-0.016 0.003 0.006
-0.015 0.003 0.006
-0.016 0.002 0.007
-0.020 0.000 0.006
-0.016 0.003 0.007
-0.019 0.001 0.006
-0.017 0.003 0.007
-0.016 0.003 0.007
-0.017 0.003 0.007
-0.016 0.003 0.008
-0.016 0.003 0.008
-0.015 0.003 0.008
-0.018 0.001 0.008
-0.017 0.002 0.008
-0.016 0.002 0.008
-0.016 0.002 0.008
-0.016 0.002 0.008
-0.016 0.002 0.008
-0.017 0.002 0.008
-0.018 0.002 0.008
-0.017 0.002 0.008
-0.017 0.002 0.008
-0.016 0.003 0.007
-0.015 0.003 0.008
-0.016 0.003 0.008
-0.017 0.003 0.007
-0.016 0.003 0.008
-0.017 0.003 0.007
-0.015 0.004 0.007
-0.016 0.004 0.008
-0.017 0.003 0.007
-0.019 0.002 0.006
-0.017 0.003 0.007
-0.015 0.005 0.007
-0.015 0.005 0.007
-0.015 0.004 0.007
-0.015 0.005 0.007
-0.020 0.003 0.005
-0.016 0.005 0.007
-0.019 0.003 0.005
-0.013 0.004 0.007
-0.015 0.005 0.006
-0.015 0.005 0.006
-0.015 0.005 0.006
-0.015 0.005 0.006
-0.016 0.005 0.006
-0.015 0.005 0.005
-0.020 0.003 0.004
-0.016 0.006 0.006
-0.018 0.004 0.004
-0.017 0.005 0.005
-0.014 0.006 0.005
-0.015 0.006 0.005
-0.014 0.006 0.006
-0.014 0.006 0.005
-0.014 0.006 0.005
-0.017 0.005 0.004
-0.014 0.007 0.006
-0.014 0.006 0.005
-0.013 0.007 0.006
-0.015 0.006 0.005
-0.015 0.006 0.005
-0.013 0.008 0.006
-0.013 0.007 0.005
-0.012 0.007 0.005
-0.011 0.007 0.006
-0.013 0.007 0.005
-0.015 0.006 0.005
-0.016 0.005 0.004
-0.016 0.006 0.005
-0.013 0.007 0.006
-0.014 0.006 0.005
-0.012 0.007 0.006
-0.012 0.007 0.006
-0.015 0.005 0.005
-0.016 0.005 0.005
-0.012 0.007 0.006
-0.012 0.007 0.006
-0.011 0.007 0.006
-0.011 0.007 0.006
-0.011 0.007 0.006
-0.011 0.007 0.007
-0.010 0.007 0.006
-0.011 0.006 0.006
-0.012 0.007 0.005
-0.011 0.007 0.006
-0.010 0.007 0.006
-0.014 0.004 0.006
-0.017 0.004 0.004
-0.013 0.006 0.005
-0.012 0.006 0.006
-0.017 0.004 0.004
-0.012 0.006 0.006
-0.012 0.007 0.005
-0.013 0.006 0.005
-0.016 0.005 0.004
-0.011 0.007 0.006
-0.013 0.007 0.005
-0.012 0.006 0.006
-0.012 0.006 0.006
-0.017 0.003 0.004
-0.014 0.006 0.005
-0.014 0.006 0.005
-0.013 0.006 0.005
-0.015 0.006 0.005
-0.015 0.005 0.005
-0.013 0.006 0.005
-0.018 0.004 0.004
-0.015 0.007 0.004
-0.014 0.006 0.005
-0.013 0.006 0.005
-0.014 0.006 0.005
-0.014 0.005 0.005
-0.014 0.005 0.005
-0.013 0.005 0.005
-0.013 0.006 0.005
-0.013 0.005 0.005
-0.013 0.006 0.005
-0.013 0.006 0.005
-0.012 0.005 0.006
-0.012 0.005 0.005
-0.012 0.006 0.005
-0.012 0.005 0.006
-0.012 0.005 0.005
-0.012 0.005 0.006
-0.012 0.005 0.006
-0.012 0.005 0.006
-0.012 0.005 0.006
nan nan nan
-0.012 0.005 0.006
-0.011 0.006 0.005
-0.011 0.005 0.006
-0.012 0.004 0.006
-0.011 0.005 0.006
-0.011 0.005 0.006
-0.011 0.005 0.006
-0.011 0.005 0.006
-0.010 0.005 0.006
nan nan nan
-0.009 0.005 0.006
-0.010 0.005 0.006
-0.010 0.005 0.006
-0.010 0.005 0.006
-0.009 0.005 0.006
-0.009 0.005 0.006
-0.010 0.004 0.006
-0.009 0.003 0.006
-0.010 0.004 0.006
-0.010 0.004 0.006
-0.011 0.003 0.006
-0.011 0.003 0.006
-0.011 0.003 0.005
-0.011 0.003 0.005
-0.011 0.003 0.005
-0.011 0.002 0.005
-0.011 0.002 0.005
-0.012 0.003 0.004
-0.011 0.003 0.005
-0.012 0.002 0.004
-0.011 0.001 0.004
-0.011 0.002 0.004
nan nan nan
-0.012 0.001 0.004
-0.011 0.002 0.004
-0.010 0.002 0.004
nan nan nan
-0.011 0.002 0.004
-0.010 0.002 0.004
-0.011 0.002 0.004
-0.010 0.002 0.003
-0.010 0.002 0.004
-0.010 0.003 0.003
-0.012 0.002 0.003
-0.010 0.003 0.004
-0.010 0.004 0.003
-0.008 0.004 0.004
-0.010 0.004 0.003
nan nan nan
-0.013 0.001 0.003
-0.009 0.004 0.004
-0.009 0.005 0.004
-0.014 0.002 0.003
-0.008 0.005 0.004
-0.012 0.002 0.004
-0.009 0.005 0.004
-0.007 0.004 0.005
-0.008 0.005 0.005
-0.008 0.006 0.005
-0.012 0.004 0.004
-0.008 0.005 0.005
nan nan nan
-0.013 0.003 0.004
-0.009 0.006 0.006
-0.007 0.007 0.006
-0.011 0.006 0.005
-0.009 0.007 0.006
-0.013 0.005 0.004
-0.008 0.007 0.006
-0.011 0.006 0.004
-0.006 0.007 0.007
-0.008 0.009 0.006
-0.007 0.009 0.006
-0.007 0.009 0.006
-0.009 0.008 0.005
-0.005 0.010 0.006
-0.014 0.006 0.005
-0.007 0.010 0.006
-0.009 0.009 0.006
-0.008 0.009 0.006
-0.008 0.009 0.006
-0.007 0.009 0.006
-0.008 0.010 0.006
-0.011 0.007 0.005
-0.007 0.009 0.006
-0.007 0.010 0.005
-0.013 0.009 0.004
-0.007 0.009 0.006
-0.006 0.010 0.005
-0.007 0.009 0.005
-0.008 0.010 0.004
nan nan nan
-0.007 0.010 0.005
-0.007 0.010 0.004
-0.007 0.010 0.004
nan nan nan
-0.013 0.006 0.003
-0.010 0.008 0.003
-0.012 0.006 0.003
-0.006 0.009 0.004
-0.006 0.008 0.004
-0.007 0.009 0.004
-0.012 0.006 0.002
-0.008 0.009 0.003
-0.007 0.010 0.003
-0.008 0.009 0.003
-0.010 0.008 0.003
-0.007 0.009 0.004
-0.005 0.008 0.004
-0.011 0.007 0.002
-0.007 0.008 0.003
nan nan nan
-0.011 0.008 0.002
-0.005 0.010 0.004
-0.006 0.010 0.004
-0.009 0.008 0.003
-0.006 0.010 0.004
-0.006 0.010 0.004
-0.010 0.007 0.003
-0.005 0.010 0.004
-0.010 0.008 0.003
-0.006 0.010 0.004
-0.005 0.011 0.004
-0.006 0.011 0.004
-0.010 0.008 0.003
-0.005 0.011 0.005
-0.005 0.011 0.005
-0.007 0.010 0.004
-0.004 0.011 0.005
-0.009 0.009 0.004
-0.004 0.011 0.005
-0.008 0.009 0.004
-0.009 0.009 0.005
-0.004 0.012 0.005
-0.004 0.012 0.006
nan nan nan
-0.008 0.010 0.004
-0.003 0.013 0.006
-0.007 0.011 0.005
-0.004 0.012 0.006
-0.008 0.010 0.005
-0.005 0.012 0.006
-0.008 0.010 0.005
-0.006 0.011 0.005
-0.003 0.013 0.006
-0.005 0.011 0.006
-0.002 0.013 0.006
-0.005 0.012 0.005
-0.003 0.013 0.005
-0.008 0.010 0.004
-0.002 0.013 0.005
-0.002 0.014 0.005
-0.004 0.012 0.004
-0.007 0.011 0.004
-0.002 0.014 0.005
-0.002 0.014 0.004
-0.007 0.011 0.003
-0.002 0.014 0.005
-0.001 0.014 0.005
-0.002 0.014 0.004
-0.001 0.014 0.004
-0.000 0.014 0.004
-0.005 0.013 0.003
-0.007 0.012 0.003
-0.005 0.014 0.003
-0.004 0.015 0.003
-0.002 0.015 0.004
-0.002 0.015 0.003
-0.002 0.015 0.003
-0.002 0.016 0.003
-0.001 0.016 0.003
-0.001 0.016 0.003
-0.002 0.016 0.003
-0.001 0.016 0.003
-0.002 0.016 0.003
-0.001 0.016 0.003
-0.000 0.017 0.004
-0.004 0.015 0.003
-0.001 0.017 0.003
-0.003 0.015 0.003
-0.004 0.015 0.003
-0.001 0.017 0.004
-0.000 0.017 0.004
-0.000 0.017 0.004
-0.004 0.015 0.003
-0.002 0.016 0.003
0.000 0.017 0.004
0.001 0.017 0.004
0.000 0.017 0.004
0.001 0.017 0.004
0.002 0.017 0.005
0.001 0.017 0.005
0.001 0.017 0.004
-0.000 0.016 0.004
0.003 0.016 0.005
0.002 0.017 0.005
0.003 0.017 0.005
0.002 0.017 0.004
-0.001 0.015 0.003
-0.001 0.015 0.003
-0.001 0.015 0.002
0.002 0.015 0.001
0.002 0.016 -0.003
-0.000 0.015 -0.008
-0.001 0.014 -0.016
0.000 0.015 -0.023
0.002 0.015 -0.032
0.001 0.015 -0.042
-0.002 0.014 -0.053
0.002 0.015 -0.063
-0.004 0.013 -0.076
0.003 0.015 -0.088
0.001 0.015 -0.101
-0.001 0.015 -0.114
-0.000 0.015 -0.128
0.001 0.015 -0.142
-0.007 0.012 -0.157
nan nan nan
nan nan nan
0.001 0.015 -0.172
nan nan nan
nan nan nan
-0.007 0.011 -0.190
-0.000 0.015 -0.195
nan nan nan
-0.007 0.010 -0.204
-0.008 0.010 -0.208
nan nan nan
-0.007 0.008 -0.212
-0.008 0.008 -0.213
-0.008 0.007 -0.214
-0.007 0.006 -0.214
-0.009 0.004 -0.213
nan nan nan
-0.014 0.001 -0.211
nan nan nan
nan nan nan
nan nan nan
-0.011 0.002 -0.205
nan nan nan
nan nan nan
-0.003 0.006 -0.198
-0.005 0.003 -0.194
nan nan nan
-0.007 0.003 -0.189
-0.008 0.003 -0.183
-0.009 0.003 -0.178
-0.009 0.002 -0.173
-0.006 0.006 -0.165
-0.006 0.005 -0.159
-0.007 0.005 -0.152
-0.008 0.003 -0.146
nan nan nan
-0.008 0.004 -0.139
-0.011 0.005 -0.133
-0.012 0.005 -0.128
-0.012 0.005 -0.121
-0.014 0.007 -0.116
-0.019 0.004 -0.112
-0.014 0.008 -0.105
-0.016 0.008 -0.100
-0.021 0.006 -0.097
-0.016 0.010 -0.090
-0.020 0.010 -0.086
-0.019 0.011 -0.081
-0.019 0.012 -0.077
-0.021 0.012 -0.072
-0.021 0.012 -0.067
-0.026 0.011 -0.064
-0.024 0.013 -0.058
-0.025 0.014 -0.054
-0.025 0.015 -0.050
-0.027 0.015 -0.046
-0.028 0.015 -0.040
-0.030 0.015 -0.036
-0.034 0.014 -0.032
-0.031 0.017 -0.026
-0.032 0.017 -0.022
-0.035 0.016 -0.018
-0.038 0.015 -0.013
-0.035 0.018 -0.008
-0.036 0.018 -0.003
-0.037 0.018 0.001
-0.035 0.018 0.006
-0.036 0.019 0.010
-0.036 0.019 0.014
-0.036 0.020 0.018
-0.039 0.019 0.021
-0.040 0.019 0.025
-0.036 0.021 0.028
-0.038 0.020 0.031
-0.041 0.019 0.033
-0.037 0.022 0.036
-0.037 0.022 0.038
-0.040 0.021 0.039
-0.040 0.021 0.041
-0.040 0.022 0.041
-0.039 0.023 0.042
-0.038 0.023 0.043
-0.040 0.022 0.042
-0.040 0.023 0.042
-0.040 0.023 0.040
-0.039 0.023 0.039
-0.040 0.023 0.038
-0.037 0.025 0.037
-0.039 0.024 0.035
-0.041 0.024 0.032
-0.039 0.025 0.030
-0.037 0.026 0.028
-0.039 0.025 0.026
-0.036 0.026 0.024
-0.037 0.027 0.021
-0.036 0.027 0.018
-0.034 0.028 0.015
-0.037 0.027 0.012
-0.037 0.027 0.010
-0.037 0.026 0.008
-0.036 0.027 0.005
-0.040 0.025 0.002
-0.037 0.027 0.001
-0.040 0.025 -0.001
-0.036 0.027 -0.002
-0.035 0.028 -0.004
-0.035 0.028 -0.005
-0.038 0.026 -0.007
-0.038 0.025 -0.008
-0.036 0.026 -0.009
-0.038 0.025 -0.010
-0.033 0.028 -0.009
-0.034 0.027 -0.010
-0.032 0.028 -0.010
-0.032 0.027 -0.010
-0.031 0.028 -0.010
-0.031 0.027 -0.010
-0.032 0.027 -0.010
-0.029 0.027 -0.009
-0.028 0.027 -0.008
-0.029 0.027 -0.007
-0.028 0.027 -0.006
-0.028 0.027 -0.006
-0.027 0.027 -0.005
-0.026 0.027 -0.004
-0.026 0.027 -0.002
-0.026 0.027 -0.001
-0.027 0.026 -0.000
-0.028 0.025 -0.000
-0.025 0.026 0.002
-0.023 0.027 0.003
-0.024 0.026 0.004
-0.026 0.025 0.004
-0.025 0.025 0.006
-0.024 0.026 0.007
-0.023 0.026 0.008
-0.024 0.025 0.009
-0.022 0.026 0.010
-0.022 0.026 0.011
-0.023 0.025 0.011
-0.022 0.025 0.012
-0.022 0.026 0.012
-0.020 0.026 0.013
-0.020 0.026 0.014
-0.023 0.024 0.013
-0.023 0.024 0.013
-0.022 0.025 0.014
-0.019 0.026 0.014
-0.019 0.026 0.014
-0.022 0.025 0.013
-0.020 0.025 0.013
-0.020 0.025 0.013
-0.019 0.026 0.013
-0.019 0.025 0.012
-0.019 0.025 0.012
-0.017 0.026 0.012
-0.020 0.024 0.011
-0.021 0.024 0.010
-0.018 0.025 0.010
-0.021 0.023 0.009
-0.021 0.023 0.010
-0.021 0.022 0.010
-0.020 0.023 0.011
-0.018 0.023 0.012
-0.022 0.021 0.013
-0.020 0.022 0.014
-0.017 0.023 0.017
-0.020 0.021 0.018
-0.019 0.021 0.020
-0.017 0.022 0.022
-0.018 0.021 0.024
-0.016 0.022 0.027
-0.016 0.022 0.030
-0.019 0.019 0.032
-0.016 0.022 0.035
-0.014 0.022 0.039
-0.014 0.022 0.042
-0.015 0.021 0.045
-0.014 0.021 0.048
-0.012 0.022 0.052
-0.012 0.021 0.057
-0.012 0.021 0.059
-0.011 0.022 0.063
-0.014 0.020 0.067
-0.013 0.021 0.071
-0.014 0.020 0.075
-0.009 0.023 0.080
-0.009 0.022 0.085
-0.009 0.023 0.089
-0.007 0.023 0.094
-0.007 0.024 0.098
