0.000 0.181 0.181 1.923 -0.181 -0.181 1.747
0.210 0.215 0.215 1.924 -0.215 -0.215 1.748
0.439 0.250 0.250 1.923 -0.250 -0.250 1.745
0.669 0.289 0.289 1.922 -0.289 -0.289 1.743
0.869 0.323 0.323 1.925 -0.323 -0.323 1.744
1.071 0.360 0.360 1.922 -0.360 -0.360 1.741
1.270 0.400 0.400 1.923 -0.400 -0.400 1.741
1.470 0.443 0.443 1.928 -0.443 -0.443 1.745
1.670 0.489 0.489 1.926 -0.489 -0.489 1.744
1.870 0.540 0.539 1.925 -0.540 -0.539 1.741
2.071 0.594 0.594 1.927 -0.594 -0.594 1.743
2.270 0.652 0.652 1.927 -0.652 -0.652 1.743
2.470 0.715 0.715 1.924 -0.715 -0.715 1.740
2.670 0.783 0.782 1.924 -0.783 -0.782 1.740
2.870 0.855 0.855 1.924 -0.855 -0.854 1.739
3.070 0.931 0.931 1.925 -0.932 -0.931 1.740
3.271 1.013 1.013 1.925 -1.013 -1.013 1.740
3.470 1.098 1.099 1.926 -1.099 -1.099 1.741
3.671 1.189 1.191 1.925 -1.190 -1.191 1.740
3.869 1.285 1.287 1.924 -1.285 -1.287 1.739
4.070 1.386 1.388 1.923 -1.385 -1.388 1.738
4.280 1.495 1.500 1.924 -1.496 -1.499 1.739
4.480 1.605 1.611 1.923 -1.605 -1.610 1.737
4.680 1.719 1.726 1.924 -1.720 -1.726 1.738
4.880 1.837 1.847 1.924 -1.838 -1.847 1.738
5.080 1.959 1.971 1.925 -1.961 -1.972 1.739
5.280 2.086 2.101 1.924 -2.087 -2.101 1.739
5.479 2.217 2.235 1.923 -2.217 -2.234 1.737
5.680 2.348 2.372 1.926 -2.353 -2.374 1.741
5.879 2.484 2.514 1.928 -2.492 -2.516 1.742
6.080 2.627 2.661 1.927 -2.631 -2.661 1.741
6.280 2.771 2.810 1.926 -2.775 -2.810 1.741
6.480 2.920 2.965 1.924 -2.919 -2.960 1.738
6.680 3.067 3.120 1.923 -3.064 -3.113 1.737
6.880 3.211 3.273 1.920 -3.200 -3.261 1.734
7.080 3.349 3.423 1.920 -3.339 -3.413 1.734
7.280 3.486 3.568 1.923 -3.487 -3.571 1.737
7.480 3.629 3.719 1.924 -3.632 -3.726 1.738
7.680 3.768 3.867 1.926 -3.774 -3.878 1.740
7.880 3.898 4.016 1.925 -3.897 -4.021 1.739
8.090 4.032 4.176 1.923 -4.013 -4.166 1.736
8.290 4.161 4.326 1.922 -4.139 -4.318 1.736
8.490 4.298 4.479 1.922 -4.276 -4.475 1.737
8.690 4.440 4.628 1.924 -4.416 -4.634 1.739
8.890 4.585 4.771 1.929 -4.559 -4.795 1.743
9.090 4.733 4.929 1.926 -4.706 -4.934 1.740
9.290 4.885 5.070 1.927 -4.857 -5.082 1.741
9.490 5.038 5.202 1.929 -5.011 -5.228 1.743
9.690 5.196 5.352 1.926 -5.163 -5.357 1.740
9.890 5.359 5.502 1.924 -5.316 -5.490 1.738
10.090 5.535 5.663 1.920 -5.475 -5.616 1.733
10.290 5.716 5.813 1.921 -5.658 -5.793 1.736
10.490 5.914 6.000 1.923 -5.854 -5.998 1.738
10.689 6.000 6.000 1.927 -6.000 -6.000 1.742
10.890 6.000 6.000 1.928 -6.000 -6.000 1.742
11.093 6.000 6.000 1.926 -6.000 -6.000 1.740
11.321 6.000 6.000 1.924 -6.000 -6.000 1.738
11.501 6.000 6.000 1.922 -6.000 -6.000 1.736
11.689 6.000 6.000 1.922 -6.000 -6.000 1.736
11.921 6.000 6.000 1.922 -6.000 -6.000 1.736
12.101 6.000 6.000 1.924 -6.000 -6.000 1.738
12.289 6.000 6.000 1.925 -6.000 -6.000 1.739
12.521 6.000 6.000 1.924 -6.000 -6.000 1.738
12.701 6.000 6.000 1.925 -6.000 -6.000 1.738
12.889 6.000 6.000 1.930 -6.000 -6.000 1.741
13.125 6.000 6.000 1.926 -6.000 -6.000 1.736
13.305 6.000 6.000 1.924 -6.000 -6.000 1.735
13.490 6.000 6.000 1.923 -6.000 -6.000 1.735
13.725 6.000 6.000 1.926 -6.000 -6.000 1.739
13.910 6.000 6.000 1.928 -6.000 -6.000 1.740
14.141 6.000 6.000 1.927 -6.000 -6.000 1.739
14.321 6.000 6.000 1.928 -6.000 -6.000 1.739
14.510 6.000 6.000 1.925 -6.000 -6.000 1.736
14.741 6.000 6.000 1.924 -6.000 -6.000 1.736
14.922 6.000 6.000 1.928 -6.000 -6.000 1.739
15.110 6.000 6.000 1.923 -6.000 -6.000 1.736
15.345 6.000 6.000 1.922 -6.000 -6.000 1.735
15.521 6.000 6.000 1.924 -6.000 -6.000 1.737
15.721 6.000 6.000 1.922 -6.000 -6.000 1.732
15.945 6.000 6.000 1.926 -6.000 -6.000 1.734
16.121 6.000 6.000 1.932 -6.000 -6.000 1.738
16.320 6.000 6.000 1.931 -6.000 -6.000 1.738
16.545 6.000 6.000 1.931 -6.000 -6.000 1.740
16.725 6.000 6.000 1.930 -6.000 -6.000 1.740
16.921 6.000 6.000 1.927 -6.000 -6.000 1.737
17.141 6.000 6.000 1.927 -6.000 -6.000 1.736
17.321 6.000 6.000 1.931 -6.000 -6.000 1.740
17.520 6.000 6.000 1.930 -6.000 -6.000 1.740
17.741 6.000 6.000 1.930 -6.000 -6.000 1.742
17.925 6.000 6.000 1.926 -6.000 -6.000 1.738
18.161 6.000 6.000 1.927 -6.000 -6.000 1.736
18.343 6.000 6.000 1.927 -6.000 -6.000 1.734
18.530 6.000 6.000 1.930 -6.000 -6.000 1.738
18.761 6.000 6.000 1.934 -6.000 -6.000 1.743
18.946 6.000 6.000 1.936 -6.000 -6.000 1.746
19.130 6.000 6.000 1.936 -6.000 -6.000 1.745
19.361 6.000 6.000 1.933 -6.000 -6.000 1.740
19.545 6.000 6.000 1.933 -6.000 -6.000 1.739
19.733 6.000 6.000 1.933 -6.000 -6.000 1.739
19.961 6.000 6.000 1.934 -6.000 -6.000 1.740
20.141 6.000 6.000 1.932 -6.000 -6.000 1.739
20.330 6.000 6.000 1.929 -6.000 -6.000 1.736
20.561 6.000 6.000 1.929 -6.000 -6.000 1.737
20.741 6.000 6.000 1.932 -6.000 -6.000 1.739
20.930 6.000 6.000 1.933 -6.000 -6.000 1.742
21.165 6.000 6.000 1.934 -6.000 -6.000 1.744
21.345 6.000 6.000 1.928 -6.000 -6.000 1.738
21.532 6.000 6.000 1.930 -6.000 -6.000 1.740
21.753 6.000 6.000 1.930 -6.000 -6.000 1.741
21.935 6.000 6.000 1.933 -6.000 -6.000 1.743
22.130 6.000 6.000 1.932 -6.000 -6.000 1.743
22.353 6.000 6.000 1.930 -6.000 -6.000 1.740
22.534 5.942 6.000 1.929 -5.957 -6.000 1.740
22.730 5.872 5.998 1.929 -5.882 -6.000 1.740
22.953 5.822 5.988 1.930 -5.827 -6.000 1.741
23.136 5.788 5.998 1.930 -5.792 -6.000 1.741
23.330 5.772 6.000 1.928 -5.772 -6.000 1.740
23.557 5.773 6.000 1.926 -5.767 -6.000 1.737
23.745 5.792 6.000 1.925 -5.779 -6.000 1.736
23.930 5.831 6.000 1.919 -5.806 -6.000 1.731
24.157 5.897 6.000 1.898 -5.842 -6.000 1.708
24.333 5.988 6.000 1.873 -5.889 -5.921 1.681
24.530 6.000 6.000 1.844 -5.950 -5.770 1.650
24.754 0.791 0.108 1.509 0.730 0.047 1.452
24.941 0.782 0.098 1.461 0.731 0.047 1.410
25.174 0.776 0.100 1.418 0.724 0.048 1.365
25.353 0.769 0.102 1.373 0.716 0.049 1.319
25.540 0.805 0.146 1.413 0.666 0.007 1.276
25.774 0.744 0.124 1.455 0.578 -0.042 1.297
25.953 0.814 0.220 1.556 0.513 -0.082 1.372
26.140 0.535 -0.050 1.388 0.431 -0.153 1.286
26.373 0.539 -0.060 1.372 0.426 -0.172 1.257
26.554 0.646 -0.016 1.528 0.372 -0.291 1.347
26.740 0.743 0.018 1.559 0.326 -0.401 1.374
26.973 0.617 0.029 1.230 0.586 -0.002 1.199
27.153 0.625 0.039 1.212 0.568 -0.018 1.154
27.340 0.624 0.038 1.174 0.561 -0.026 1.110
27.576 0.616 0.029 1.122 0.559 -0.028 1.064
27.753 0.612 0.028 1.081 0.546 -0.037 1.014
27.940 0.604 0.025 1.039 0.535 -0.044 0.967
28.174 0.586 0.013 0.980 0.528 -0.045 0.920
28.354 0.571 0.006 0.925 0.521 -0.044 0.874
28.540 0.559 0.000 0.875 0.511 -0.047 0.826
28.773 0.550 0.001 0.832 0.494 -0.055 0.775
28.953 0.536 -0.004 0.783 0.484 -0.056 0.729
29.140 0.521 -0.008 0.728 0.471 -0.058 0.677
29.377 0.507 -0.010 0.679 0.455 -0.061 0.627
29.575 0.491 -0.012 0.629 0.440 -0.063 0.577
29.758 0.477 -0.014 0.593 0.427 -0.064 0.542
29.940 0.466 -0.014 0.571 0.414 -0.066 0.518
30.173 0.455 -0.015 0.557 0.405 -0.066 0.505
30.354 0.447 -0.014 0.551 0.394 -0.067 0.497
30.540 0.444 -0.008 0.557 0.378 -0.073 0.488
30.773 0.430 -0.014 0.549 0.379 -0.065 0.496
30.953 0.423 -0.013 0.553 0.371 -0.065 0.500
31.140 0.415 -0.014 0.559 0.364 -0.065 0.507
31.373 0.409 -0.013 0.568 0.356 -0.065 0.514
31.557 0.401 -0.014 0.577 0.350 -0.065 0.525
31.740 0.394 -0.014 0.589 0.342 -0.066 0.535
31.973 0.387 -0.015 0.602 0.334 -0.068 0.547
32.153 0.380 -0.017 0.616 0.328 -0.069 0.562
32.346 0.375 -0.018 0.632 0.322 -0.071 0.577
32.573 0.370 -0.020 0.649 0.319 -0.071 0.597
32.753 0.367 -0.020 0.671 0.314 -0.073 0.616
32.940 0.364 -0.022 0.690 0.313 -0.072 0.639
33.173 0.363 -0.020 0.712 0.311 -0.072 0.658
33.353 0.364 -0.017 0.720 0.309 -0.072 0.664
33.540 0.369 -0.009 0.724 0.302 -0.076 0.655
33.774 0.359 -0.014 0.696 0.307 -0.066 0.642
33.953 0.352 -0.013 0.671 0.302 -0.064 0.619
34.140 0.346 -0.011 0.641 0.293 -0.064 0.587
34.373 0.334 -0.013 0.602 0.286 -0.061 0.553
34.557 0.324 -0.012 0.565 0.273 -0.063 0.513
34.740 0.310 -0.013 0.523 0.259 -0.064 0.471
34.977 0.296 -0.013 0.481 0.243 -0.066 0.426
35.157 0.280 -0.015 0.436 0.228 -0.067 0.381
35.340 0.263 -0.017 0.396 0.214 -0.067 0.345
35.573 0.251 -0.018 0.372 0.200 -0.068 0.321
35.757 0.245 -0.012 0.363 0.185 -0.072 0.301
35.940 0.231 -0.015 0.349 0.180 -0.066 0.297
36.173 0.224 -0.013 0.348 0.171 -0.066 0.294
36.353 0.214 -0.012 0.349 0.162 -0.064 0.295
36.540 0.205 -0.011 0.354 0.154 -0.062 0.301
36.773 0.197 -0.009 0.362 0.145 -0.061 0.308
36.953 0.188 -0.008 0.370 0.137 -0.059 0.318
37.140 0.187 0.000 0.390 0.122 -0.064 0.324
37.374 0.172 -0.005 0.396 0.120 -0.056 0.343
37.553 0.165 -0.001 0.410 0.112 -0.055 0.354
37.740 0.161 0.004 0.414 0.100 -0.057 0.351
37.974 0.148 -0.000 0.392 0.098 -0.051 0.341
38.154 0.140 0.001 0.369 0.088 -0.051 0.316
38.340 0.130 0.000 0.340 0.077 -0.052 0.286
38.573 0.117 -0.002 0.305 0.066 -0.053 0.253
38.757 0.107 -0.003 0.283 0.055 -0.054 0.230
38.940 0.096 -0.005 0.270 0.047 -0.054 0.219
39.173 0.089 -0.004 0.265 0.038 -0.055 0.213
39.353 0.081 -0.003 0.265 0.029 -0.055 0.212
39.540 0.072 -0.003 0.269 0.022 -0.054 0.217
39.773 0.065 -0.003 0.277 0.014 -0.053 0.225
39.955 0.065 0.006 0.298 -0.001 -0.060 0.229
40.140 0.051 0.001 0.302 -0.000 -0.051 0.249
40.373 0.045 0.003 0.319 -0.007 -0.049 0.265
40.553 0.044 0.009 0.341 -0.016 -0.051 0.280
40.740 0.036 0.009 0.357 -0.017 -0.044 0.302
40.973 0.032 0.011 0.378 -0.020 -0.041 0.325
41.153 0.029 0.014 0.401 -0.022 -0.037 0.349
41.342 0.026 0.018 0.427 -0.024 -0.032 0.375
41.573 0.026 0.022 0.454 -0.026 -0.029 0.401
41.753 0.030 0.031 0.486 -0.030 -0.029 0.425
41.941 0.025 0.031 0.510 -0.025 -0.019 0.459
42.185 0.026 0.036 0.541 -0.024 -0.014 0.490
42.353 0.031 0.045 0.579 -0.026 -0.012 0.519
42.550 0.030 0.047 0.607 -0.020 -0.002 0.556
42.777 0.033 0.054 0.642 -0.018 0.003 0.589
42.954 0.036 0.061 0.678 -0.016 0.009 0.624
43.150 0.040 0.068 0.714 -0.013 0.015 0.659
43.377 0.043 0.074 0.749 -0.008 0.023 0.697
43.555 0.048 0.083 0.788 -0.006 0.029 0.732
43.750 0.051 0.089 0.824 -0.001 0.037 0.771
43.973 0.055 0.095 0.863 0.004 0.045 0.811
44.154 0.059 0.102 0.902 0.009 0.052 0.851
44.350 0.065 0.110 0.944 0.011 0.057 0.888
44.573 0.068 0.114 0.984 0.018 0.064 0.934
44.755 0.079 0.128 1.033 0.018 0.067 0.970
44.950 0.084 0.133 1.075 0.024 0.074 1.014
45.173 0.093 0.142 1.123 0.026 0.075 1.054
45.357 0.097 0.146 1.165 0.034 0.083 1.100
45.550 0.096 0.143 1.208 0.037 0.083 1.144
45.773 0.154 0.196 1.331 0.000 0.043 1.182
45.957 0.232 0.272 1.482 -0.062 -0.022 1.299
46.150 0.305 0.342 1.553 -0.118 -0.081 1.368
46.373 0.381 0.414 1.604 -0.174 -0.141 1.418
46.553 0.463 0.490 1.650 -0.234 -0.206 1.465
46.750 0.551 0.570 1.695 -0.296 -0.277 1.509
46.973 0.646 0.653 1.737 -0.361 -0.354 1.552
47.157 0.748 0.740 1.784 -0.430 -0.439 1.599
47.351 0.859 0.831 1.826 -0.503 -0.531 1.640
47.573 0.976 0.927 1.865 -0.579 -0.631 1.680
47.753 1.102 1.031 1.904 -0.660 -0.736 1.719
47.950 1.238 1.142 1.935 -0.745 -0.845 1.749
48.177 1.391 1.271 1.953 -0.834 -0.960 1.767
48.360 1.552 1.410 1.951 -0.917 -1.062 1.765
48.597 1.718 1.557 1.942 -1.005 -1.166 1.756
48.773 1.886 1.703 1.932 -1.102 -1.281 1.747
48.960 2.057 1.845 1.929 -1.210 -1.411 1.743
49.197 2.237 1.985 1.930 -1.327 -1.553 1.744
49.378 2.423 2.123 1.929 -1.449 -1.699 1.743
49.560 2.614 2.263 1.925 -1.576 -1.853 1.739
49.793 2.808 2.399 1.923 -1.708 -2.022 1.737
49.973 3.006 2.531 1.921 -1.845 -2.200 1.735
50.160 3.211 2.650 1.924 -1.981 -2.395 1.738
50.393 3.414 2.773 1.922 -2.122 -2.590 1.736
50.573 3.617 2.897 1.920 -2.267 -2.790 1.734
50.760 3.828 3.013 1.921 -2.414 -3.004 1.734
50.994 4.043 3.122 1.918 -2.586 -3.216 1.731
51.177 4.259 3.210 1.917 -2.761 -3.424 1.730
51.360 4.482 3.274 1.921 -2.922 -3.654 1.734
51.593 4.692 3.364 1.920 -3.103 -3.880 1.734
51.773 4.902 3.453 1.925 -3.292 -4.128 1.739
51.960 5.102 3.561 1.926 -3.494 -4.365 1.739
52.193 5.293 3.654 1.928 -3.684 -4.599 1.741
52.375 5.444 3.738 1.929 -3.873 -4.800 1.741
52.561 5.557 3.813 1.927 -4.063 -4.958 1.739
52.793 5.649 3.876 1.927 -4.231 -5.125 1.739
52.973 5.683 3.941 1.930 -4.318 -5.306 1.741
53.160 5.720 4.019 1.931 -4.422 -5.491 1.743
53.393 5.786 4.102 1.929 -4.612 -5.657 1.741
53.577 5.886 4.176 1.927 -4.837 -5.799 1.740
53.759 5.976 4.230 1.927 -5.059 -5.912 1.740
53.997 6.000 4.294 1.923 -5.295 -5.986 1.736
54.185 6.000 4.347 1.923 -5.564 -6.000 1.737
54.370 6.000 4.414 1.923 -5.824 -6.000 1.736
54.605 6.000 4.481 1.925 -6.000 -6.000 1.738
54.782 6.000 4.554 1.926 -6.000 -6.000 1.738
54.973 6.000 4.631 1.926 -6.000 -6.000 1.739
55.201 6.000 4.725 1.925 -6.000 -6.000 1.737
55.381 6.000 4.822 1.922 -6.000 -6.000 1.735
55.570 6.000 4.927 1.923 -6.000 -6.000 1.736
55.801 6.000 5.030 1.925 -6.000 -6.000 1.737
55.981 6.000 5.149 1.923 -6.000 -6.000 1.735
56.180 6.000 5.264 1.919 -6.000 -6.000 1.730
56.405 6.000 5.308 1.923 -6.000 -6.000 1.733
56.585 6.000 5.356 1.924 -6.000 -6.000 1.734
56.780 6.000 5.413 1.927 -6.000 -6.000 1.737
57.001 6.000 5.497 1.922 -6.000 -6.000 1.731
57.181 6.000 5.516 1.922 -6.000 -6.000 1.731
57.380 6.000 5.536 1.924 -6.000 -6.000 1.734
57.601 6.000 5.585 1.922 -6.000 -6.000 1.732
57.781 6.000 5.600 1.923 -6.000 -6.000 1.732
57.980 6.000 5.607 1.922 -6.000 -6.000 1.731
58.205 6.000 5.581 1.925 -6.000 -6.000 1.733
58.381 6.000 5.578 1.922 -6.000 -6.000 1.731
58.580 6.000 5.577 1.920 -6.000 -6.000 1.729
58.802 6.000 5.647 1.906 -6.000 -6.000 1.715
58.985 6.000 5.728 1.887 -6.000 -6.000 1.696
59.180 6.000 5.828 1.861 -6.000 -5.919 1.670
59.401 5.966 5.935 1.832 -6.000 -5.790 1.639
59.585 5.881 6.000 1.799 -6.000 -5.664 1.605
59.780 5.807 6.000 1.760 -6.000 -5.556 1.567
60.001 5.808 6.000 1.720 -6.000 -5.461 1.528
60.182 5.824 6.000 1.677 -6.000 -5.388 1.485
60.381 5.870 6.000 1.632 -6.000 -5.329 1.440
60.601 0.831 0.172 1.277 0.763 0.104 1.212
60.786 0.795 0.151 1.224 0.759 0.115 1.187
60.980 0.794 0.160 1.193 0.727 0.093 1.126
61.201 0.777 0.150 1.140 0.722 0.096 1.084
61.381 0.762 0.146 1.089 0.708 0.092 1.033
61.580 0.748 0.141 1.040 0.693 0.087 0.984
61.801 0.732 0.136 0.991 0.679 0.082 0.936
61.990 0.716 0.130 0.942 0.663 0.077 0.888
62.180 0.700 0.126 0.894 0.644 0.070 0.836
62.401 0.683 0.120 0.846 0.625 0.063 0.787
62.581 0.662 0.112 0.792 0.610 0.060 0.739
62.779 0.687 0.149 0.843 0.544 0.006 0.701
63.001 0.623 0.099 0.694 0.571 0.047 0.640
63.181 0.603 0.092 0.646 0.551 0.040 0.592
63.380 0.582 0.086 0.595 0.529 0.033 0.540
63.601 0.560 0.079 0.545 0.508 0.027 0.492
63.781 0.539 0.072 0.496 0.486 0.019 0.442
63.980 0.516 0.063 0.444 0.465 0.013 0.392
64.201 0.493 0.055 0.393 0.444 0.006 0.343
64.385 0.471 0.048 0.344 0.420 -0.003 0.291
64.580 0.448 0.040 0.292 0.397 -0.011 0.239
64.801 0.427 0.032 0.243 0.375 -0.020 0.190
64.981 0.405 0.025 0.197 0.351 -0.029 0.140
65.180 0.378 0.014 0.139 0.329 -0.035 0.088
65.403 0.355 0.005 0.088 0.306 -0.044 0.037
65.582 0.333 -0.003 0.038 0.282 -0.054 -0.014
65.780 0.310 -0.013 -0.012 0.258 -0.065 -0.066
66.001 0.292 -0.019 -0.054 0.233 -0.078 -0.117
66.181 0.269 -0.031 -0.096 0.216 -0.085 -0.151
66.380 0.253 -0.037 -0.114 0.197 -0.093 -0.173
66.602 0.222 -0.049 -0.132 0.170 -0.102 -0.186
66.785 0.174 -0.064 -0.140 0.119 -0.119 -0.196
66.980 0.117 -0.071 -0.147 0.065 -0.122 -0.200
67.201 0.068 -0.052 -0.147 0.016 -0.104 -0.201
67.381 0.026 -0.016 -0.144 -0.025 -0.066 -0.195
67.580 -0.006 0.023 -0.134 -0.056 -0.027 -0.186
67.801 -0.023 0.052 -0.124 -0.074 0.002 -0.175
67.981 -0.027 0.067 -0.117 -0.076 0.018 -0.167
68.185 -0.021 0.069 -0.112 -0.072 0.018 -0.164
68.401 -0.010 0.060 -0.112 -0.061 0.010 -0.164
68.581 0.008 0.056 -0.101 -0.053 -0.005 -0.163
68.780 0.016 0.039 -0.103 -0.033 -0.010 -0.153
69.001 0.026 0.032 -0.093 -0.024 -0.019 -0.144
69.185 0.033 0.027 -0.081 -0.018 -0.024 -0.134
69.381 0.037 0.023 -0.069 -0.012 -0.026 -0.121
69.602 0.042 0.021 -0.055 -0.008 -0.029 -0.107
69.781 0.047 0.021 -0.042 -0.006 -0.031 -0.096
69.980 0.047 0.021 -0.032 -0.003 -0.029 -0.084
70.201 0.046 0.023 -0.022 -0.006 -0.028 -0.076
70.381 0.042 0.024 -0.016 -0.008 -0.026 -0.068
70.580 0.039 0.027 -0.012 -0.012 -0.025 -0.066
70.801 0.036 0.027 -0.012 -0.015 -0.024 -0.064
70.984 0.033 0.028 -0.014 -0.017 -0.023 -0.066
71.180 0.032 0.029 -0.018 -0.019 -0.022 -0.069
71.401 0.030 0.030 -0.024 -0.020 -0.020 -0.075
71.581 0.035 0.038 -0.020 -0.028 -0.025 -0.086
71.780 0.027 0.032 -0.035 -0.023 -0.018 -0.086
72.001 0.026 0.034 -0.039 -0.024 -0.016 -0.090
72.181 0.025 0.036 -0.041 -0.027 -0.016 -0.095
72.380 0.029 0.043 -0.034 -0.033 -0.020 -0.099
72.601 0.022 0.037 -0.043 -0.028 -0.013 -0.095
72.781 0.022 0.038 -0.041 -0.029 -0.013 -0.094
72.980 0.020 0.036 -0.041 -0.028 -0.012 -0.091
73.203 0.029 0.034 -0.040 -0.021 -0.016 -0.092
73.385 0.064 0.017 -0.048 0.015 -0.032 -0.099
73.580 0.115 -0.005 -0.060 0.064 -0.056 -0.112
73.805 0.178 -0.021 -0.068 0.114 -0.084 -0.134
73.986 0.241 -0.046 -0.088 0.180 -0.107 -0.152
74.180 0.307 -0.075 -0.116 0.259 -0.123 -0.165
74.401 0.382 -0.096 -0.133 0.331 -0.147 -0.185
74.581 0.454 -0.115 -0.149 0.402 -0.167 -0.203
74.781 0.523 -0.121 -0.167 0.467 -0.177 -0.225
75.001 0.584 -0.112 -0.188 0.528 -0.168 -0.246
75.189 0.637 -0.091 -0.212 0.581 -0.147 -0.269
75.380 0.688 -0.064 -0.230 0.629 -0.123 -0.291
75.602 0.732 -0.043 -0.242 0.680 -0.095 -0.295
75.785 0.785 -0.024 -0.241 0.734 -0.074 -0.293
75.980 0.844 -0.003 -0.228 0.784 -0.063 -0.289
76.205 0.904 0.012 -0.218 0.846 -0.045 -0.277
76.385 0.960 0.027 -0.206 0.902 -0.031 -0.264
76.580 1.001 0.036 -0.190 0.944 -0.021 -0.249
76.805 1.017 0.033 -0.177 0.966 -0.017 -0.229
76.981 1.013 0.031 -0.163 0.963 -0.019 -0.215
77.180 0.998 0.028 -0.150 0.949 -0.021 -0.201
77.405 0.977 0.027 -0.130 0.924 -0.026 -0.185
77.585 0.965 0.029 -0.104 0.900 -0.036 -0.170
77.780 0.941 0.020 -0.087 0.885 -0.036 -0.145
78.005 0.929 0.014 -0.068 0.878 -0.036 -0.120
78.181 0.925 0.015 -0.043 0.871 -0.040 -0.099
78.380 0.923 0.013 -0.023 0.870 -0.040 -0.078
78.601 0.927 0.014 -0.007 0.872 -0.042 -0.064
78.781 0.930 0.013 0.002 0.878 -0.039 -0.052
78.980 0.932 0.013 0.004 0.884 -0.036 -0.045
79.205 0.937 0.017 0.006 0.886 -0.034 -0.046
79.382 0.941 0.020 0.002 0.889 -0.031 -0.051
79.580 0.943 0.023 -0.006 0.893 -0.027 -0.058
79.801 0.945 0.027 -0.014 0.895 -0.024 -0.067
79.981 0.947 0.028 -0.023 0.896 -0.022 -0.075
80.180 0.948 0.030 -0.029 0.897 -0.022 -0.082
80.401 0.946 0.028 -0.037 0.896 -0.022 -0.089
80.581 0.948 0.029 -0.039 0.896 -0.023 -0.093
80.780 0.949 0.030 -0.040 0.894 -0.025 -0.096
81.001 0.946 0.027 -0.042 0.895 -0.024 -0.094
81.185 0.945 0.025 -0.042 0.896 -0.025 -0.093
81.380 0.948 0.025 -0.037 0.895 -0.027 -0.091
81.601 0.946 0.023 -0.037 0.896 -0.027 -0.088
81.781 0.952 0.026 -0.028 0.894 -0.031 -0.087
81.980 0.951 0.024 -0.029 0.898 -0.030 -0.084
82.205 0.949 0.021 -0.029 0.901 -0.028 -0.079
82.381 0.951 0.021 -0.027 0.902 -0.029 -0.078
82.580 0.957 0.023 -0.021 0.900 -0.033 -0.080
82.805 0.959 0.023 -0.020 0.901 -0.035 -0.080
82.981 0.955 0.018 -0.026 0.906 -0.031 -0.077
83.180 0.957 0.019 -0.026 0.906 -0.033 -0.079
83.401 0.957 0.018 -0.028 0.907 -0.032 -0.079
83.581 0.956 0.018 -0.030 0.906 -0.033 -0.081
83.780 0.954 0.018 -0.032 0.905 -0.031 -0.082
84.001 0.958 0.023 -0.027 0.900 -0.034 -0.085
84.181 0.955 0.022 -0.032 0.902 -0.031 -0.086
84.380 0.951 0.021 -0.037 0.902 -0.027 -0.087
84.605 0.951 0.023 -0.036 0.900 -0.028 -0.089
84.781 0.951 0.024 -0.036 0.899 -0.027 -0.089
84.980 0.949 0.024 -0.037 0.899 -0.026 -0.088
85.201 0.955 0.029 -0.029 0.894 -0.032 -0.092
85.385 0.948 0.025 -0.035 0.897 -0.026 -0.088
85.580 0.946 0.024 -0.036 0.898 -0.024 -0.085
85.801 0.944 0.022 -0.036 0.898 -0.023 -0.083
85.981 0.944 0.024 -0.033 0.896 -0.024 -0.083
86.180 0.945 0.026 -0.030 0.894 -0.025 -0.082
86.401 0.944 0.027 -0.028 0.892 -0.026 -0.082
86.581 0.945 0.029 -0.025 0.889 -0.028 -0.082
86.780 0.943 0.028 -0.026 0.888 -0.026 -0.082
87.001 0.941 0.028 -0.028 0.887 -0.025 -0.083
87.182 0.938 0.028 -0.030 0.888 -0.023 -0.082
87.380 0.939 0.029 -0.030 0.886 -0.024 -0.084
87.601 0.941 0.031 -0.028 0.884 -0.025 -0.086
87.785 0.946 0.035 -0.022 0.881 -0.029 -0.090
87.980 0.950 0.039 -0.016 0.878 -0.033 -0.089
88.201 0.943 0.034 -0.024 0.882 -0.027 -0.086
88.381 0.948 0.033 -0.027 0.890 -0.025 -0.086
88.580 0.950 0.031 -0.028 0.894 -0.025 -0.085
88.802 0.956 0.035 -0.020 0.891 -0.030 -0.087
88.981 0.953 0.032 -0.026 0.891 -0.030 -0.090
89.180 0.943 0.028 -0.034 0.885 -0.030 -0.094
89.405 0.948 0.028 -0.031 0.891 -0.029 -0.090
89.585 0.965 0.049 0.001 0.868 -0.049 -0.100
89.780 0.949 0.037 -0.023 0.877 -0.035 -0.097
90.001 0.948 0.040 -0.024 0.873 -0.035 -0.101
90.181 0.940 0.033 -0.037 0.883 -0.024 -0.096
90.379 0.946 0.044 -0.027 0.869 -0.032 -0.105
90.601 0.941 0.040 -0.039 0.874 -0.027 -0.107
90.787 0.947 0.043 -0.033 0.873 -0.031 -0.109
90.980 0.942 0.033 -0.045 0.883 -0.026 -0.106
91.201 0.948 0.033 -0.041 0.888 -0.028 -0.103
91.385 0.954 0.034 -0.034 0.891 -0.029 -0.099
91.580 0.955 0.033 -0.030 0.892 -0.030 -0.095
91.803 0.957 0.033 -0.023 0.891 -0.032 -0.091
91.981 0.956 0.032 -0.018 0.889 -0.035 -0.087
92.180 0.962 0.039 -0.004 0.880 -0.043 -0.088
92.405 0.957 0.035 -0.010 0.886 -0.037 -0.083
92.581 0.959 0.039 -0.007 0.882 -0.038 -0.086
92.780 0.965 0.037 -0.006 0.895 -0.033 -0.078
93.005 1.015 0.089 0.105 0.842 -0.085 -0.054
93.185 0.964 0.041 -0.013 0.886 -0.037 -0.093
93.380 0.955 0.037 -0.030 0.885 -0.034 -0.102
93.601 0.943 0.029 -0.053 0.888 -0.027 -0.110
93.781 0.935 0.030 -0.059 0.877 -0.029 -0.120
93.980 0.934 0.030 -0.061 0.875 -0.029 -0.122
94.201 0.941 0.034 -0.053 0.874 -0.033 -0.122
94.385 0.945 0.033 -0.049 0.878 -0.034 -0.117
94.580 0.947 0.030 -0.046 0.885 -0.032 -0.110
94.801 0.962 0.034 -0.028 0.897 -0.032 -0.095
94.981 0.954 0.028 -0.034 0.898 -0.028 -0.091
95.180 0.956 0.028 -0.027 0.900 -0.029 -0.085
95.401 0.964 0.029 -0.016 0.905 -0.030 -0.076
95.581 0.952 0.025 -0.020 0.891 -0.037 -0.083
95.780 0.951 0.022 -0.020 0.894 -0.036 -0.080
96.002 0.950 0.021 -0.020 0.892 -0.036 -0.080
96.181 0.951 0.024 -0.019 0.890 -0.037 -0.082
96.380 0.952 0.028 -0.016 0.885 -0.039 -0.085
96.605 0.951 0.030 -0.019 0.884 -0.037 -0.088
96.781 0.960 0.043 -0.002 0.872 -0.046 -0.093
96.980 0.958 0.043 -0.013 0.875 -0.041 -0.098
97.202 0.958 0.044 -0.016 0.878 -0.036 -0.098
97.381 0.958 0.049 -0.014 0.871 -0.038 -0.103
97.580 0.957 0.049 -0.016 0.870 -0.038 -0.105
97.805 0.957 0.048 -0.019 0.871 -0.037 -0.107
97.985 0.954 0.046 -0.021 0.870 -0.037 -0.107
98.180 0.949 0.039 -0.032 0.876 -0.034 -0.107
98.401 0.951 0.038 -0.032 0.877 -0.036 -0.107
98.582 0.952 0.037 -0.033 0.879 -0.037 -0.107
98.780 0.955 0.038 -0.030 0.880 -0.038 -0.107
99.001 0.960 0.047 -0.015 0.864 -0.049 -0.115
99.186 0.944 0.029 -0.043 0.882 -0.033 -0.106
99.380 0.944 0.031 -0.039 0.881 -0.032 -0.103
99.601 0.946 0.034 -0.033 0.880 -0.032 -0.101
99.781 0.945 0.035 -0.031 0.881 -0.029 -0.096
99.980 0.944 0.034 -0.030 0.884 -0.026 -0.090
100.202 0.944 0.034 -0.027 0.886 -0.025 -0.087
100.381 0.944 0.033 -0.025 0.886 -0.025 -0.085
100.580 0.945 0.033 -0.024 0.886 -0.027 -0.084
100.801 0.945 0.031 -0.025 0.886 -0.027 -0.084
100.985 0.944 0.029 -0.027 0.886 -0.028 -0.086
101.180 0.957 0.042 -0.008 0.873 -0.042 -0.096
101.405 0.947 0.033 -0.025 0.881 -0.033 -0.093
101.585 0.943 0.029 -0.034 0.886 -0.028 -0.092
101.780 0.949 0.037 -0.026 0.879 -0.033 -0.098
102.005 0.946 0.034 -0.032 0.883 -0.028 -0.097
102.181 0.949 0.038 -0.028 0.881 -0.030 -0.099
102.380 0.952 0.040 -0.025 0.880 -0.032 -0.099
102.601 0.954 0.042 -0.022 0.879 -0.033 -0.098
102.785 0.946 0.033 -0.033 0.887 -0.026 -0.093
102.980 0.944 0.032 -0.034 0.887 -0.025 -0.092
103.201 0.943 0.032 -0.033 0.886 -0.026 -0.092
103.385 0.944 0.033 -0.031 0.883 -0.028 -0.093
103.580 0.942 0.031 -0.032 0.885 -0.027 -0.091
103.801 0.942 0.030 -0.032 0.885 -0.027 -0.091
103.981 0.943 0.031 -0.031 0.885 -0.028 -0.091
104.180 0.948 0.035 -0.026 0.882 -0.031 -0.094
104.402 0.948 0.035 -0.028 0.883 -0.030 -0.095
104.581 0.948 0.035 -0.028 0.884 -0.029 -0.094
104.780 0.965 0.052 0.003 0.867 -0.047 -0.098
105.006 0.963 0.048 -0.007 0.870 -0.045 -0.104
105.181 0.964 0.050 -0.008 0.869 -0.045 -0.108
105.380 0.948 0.035 -0.036 0.883 -0.030 -0.103
105.601 0.957 0.045 -0.026 0.874 -0.038 -0.113
105.781 0.949 0.038 -0.038 0.880 -0.030 -0.109
105.980 0.946 0.035 -0.044 0.884 -0.027 -0.107
106.202 0.946 0.033 -0.046 0.887 -0.026 -0.106
106.381 0.950 0.035 -0.039 0.886 -0.029 -0.104
106.580 0.951 0.035 -0.036 0.887 -0.029 -0.101
106.801 0.954 0.037 -0.028 0.884 -0.033 -0.100
106.981 0.954 0.037 -0.024 0.884 -0.033 -0.096
107.180 0.955 0.040 -0.017 0.880 -0.035 -0.095
107.401 0.948 0.034 -0.023 0.884 -0.030 -0.089
107.582 0.951 0.039 -0.016 0.878 -0.034 -0.092
107.780 0.950 0.040 -0.016 0.876 -0.034 -0.092
108.001 0.950 0.041 -0.017 0.876 -0.033 -0.093
108.181 0.950 0.040 -0.020 0.879 -0.031 -0.093
108.380 0.946 0.036 -0.029 0.885 -0.026 -0.092
108.601 0.947 0.035 -0.032 0.887 -0.026 -0.094
108.781 0.949 0.034 -0.034 0.888 -0.027 -0.096
108.980 0.949 0.034 -0.034 0.888 -0.027 -0.097
109.201 0.948 0.033 -0.035 0.887 -0.028 -0.097
109.383 0.947 0.033 -0.034 0.886 -0.028 -0.097
109.580 0.944 0.031 -0.036 0.887 -0.026 -0.094
109.801 0.950 0.039 -0.024 0.879 -0.033 -0.098
109.990 0.945 0.033 -0.030 0.884 -0.027 -0.092
110.221 0.948 0.036 -0.024 0.882 -0.029 -0.090
110.401 0.963 0.051 0.000 0.869 -0.044 -0.098
110.590 0.956 0.042 -0.013 0.878 -0.036 -0.092
110.825 0.949 0.034 -0.028 0.887 -0.029 -0.091
111.001 0.948 0.033 -0.030 0.886 -0.028 -0.093
111.190 0.956 0.043 -0.014 0.876 -0.037 -0.095
111.421 0.946 0.035 -0.032 0.883 -0.028 -0.095
111.602 0.944 0.034 -0.036 0.884 -0.026 -0.097
111.790 0.950 0.039 -0.027 0.878 -0.032 -0.098
112.024 0.958 0.046 -0.018 0.872 -0.040 -0.108
112.201 0.946 0.033 -0.038 0.885 -0.028 -0.101
112.390 0.953 0.038 -0.033 0.881 -0.034 -0.108
112.621 0.953 0.036 -0.035 0.883 -0.034 -0.107
112.801 0.952 0.036 -0.034 0.882 -0.034 -0.106
112.989 0.952 0.038 -0.031 0.881 -0.034 -0.105
113.225 0.952 0.039 -0.027 0.879 -0.034 -0.101
113.401 0.951 0.040 -0.022 0.879 -0.033 -0.097
113.590 0.952 0.042 -0.017 0.878 -0.033 -0.094
113.825 0.952 0.041 -0.015 0.879 -0.032 -0.090
114.005 0.953 0.041 -0.013 0.879 -0.033 -0.089
114.190 0.953 0.039 -0.013 0.880 -0.033 -0.088
114.425 0.952 0.038 -0.014 0.882 -0.033 -0.087
114.601 0.953 0.037 -0.015 0.881 -0.034 -0.089
114.789 0.951 0.036 -0.018 0.881 -0.034 -0.090
115.021 0.948 0.035 -0.023 0.882 -0.031 -0.090
115.201 0.951 0.039 -0.020 0.877 -0.034 -0.096
115.390 0.949 0.037 -0.025 0.879 -0.032 -0.097
115.621 0.949 0.037 -0.027 0.880 -0.031 -0.098
115.805 0.950 0.039 -0.028 0.881 -0.031 -0.100
115.990 0.953 0.041 -0.025 0.880 -0.032 -0.100
116.225 0.946 0.033 -0.038 0.889 -0.024 -0.096
116.401 0.946 0.032 -0.038 0.890 -0.024 -0.096
116.591 0.955 0.041 -0.022 0.879 -0.035 -0.102
116.821 0.950 0.037 -0.027 0.882 -0.031 -0.098
117.005 0.947 0.035 -0.028 0.881 -0.031 -0.096
117.190 0.947 0.036 -0.025 0.880 -0.032 -0.095
117.421 0.945 0.034 -0.026 0.881 -0.030 -0.092
117.601 0.943 0.031 -0.029 0.885 -0.027 -0.089
117.790 0.948 0.035 -0.024 0.883 -0.030 -0.091
118.021 0.950 0.035 -0.023 0.884 -0.030 -0.091
118.205 0.950 0.034 -0.025 0.886 -0.029 -0.091
118.391 0.949 0.034 -0.026 0.886 -0.029 -0.091
118.625 0.951 0.038 -0.021 0.881 -0.033 -0.094
118.801 0.948 0.037 -0.023 0.879 -0.031 -0.095
118.990 0.947 0.038 -0.024 0.877 -0.031 -0.096
119.221 0.943 0.036 -0.027 0.878 -0.028 -0.093
119.401 0.940 0.033 -0.032 0.882 -0.025 -0.092
119.590 0.938 0.030 -0.036 0.885 -0.023 -0.090
119.821 0.944 0.037 -0.023 0.877 -0.031 -0.094
120.001 0.934 0.028 -0.032 0.883 -0.023 -0.085
120.191 0.932 0.027 -0.030 0.882 -0.024 -0.081
120.421 0.930 0.025 -0.024 0.880 -0.025 -0.076
120.605 0.930 0.025 -0.016 0.875 -0.029 -0.072
120.790 0.929 0.024 -0.009 0.873 -0.033 -0.067
121.021 0.926 0.019 -0.006 0.873 -0.034 -0.061
121.201 0.926 0.018 0.001 0.869 -0.039 -0.058
121.390 0.926 0.017 0.006 0.865 -0.044 -0.056
121.625 0.932 0.022 0.025 0.855 -0.056 -0.055
121.801 0.926 0.012 0.011 0.864 -0.049 -0.052
121.990 0.929 0.016 0.017 0.862 -0.052 -0.053
122.222 0.925 0.013 0.009 0.868 -0.045 -0.050
122.403 0.925 0.014 0.010 0.866 -0.045 -0.051
122.590 0.924 0.010 0.004 0.871 -0.042 -0.050
122.825 0.932 0.016 0.010 0.870 -0.046 -0.055
123.001 0.928 0.009 -0.002 0.880 -0.039 -0.052
123.190 0.929 0.009 -0.006 0.883 -0.038 -0.053
123.425 0.932 0.011 -0.008 0.883 -0.038 -0.058
123.601 0.933 0.012 -0.012 0.883 -0.037 -0.063
123.790 0.936 0.016 -0.014 0.883 -0.037 -0.069
124.023 0.934 0.015 -0.025 0.885 -0.034 -0.075
124.202 0.935 0.020 -0.031 0.882 -0.034 -0.086
124.390 0.936 0.022 -0.037 0.882 -0.032 -0.092
124.621 0.941 0.029 -0.036 0.878 -0.034 -0.100
124.802 0.941 0.031 -0.041 0.879 -0.030 -0.104
124.990 0.937 0.028 -0.049 0.884 -0.025 -0.103
125.221 0.937 0.028 -0.050 0.885 -0.024 -0.103
125.405 0.938 0.029 -0.046 0.884 -0.025 -0.102
125.590 0.939 0.029 -0.042 0.884 -0.027 -0.099
125.821 0.939 0.026 -0.039 0.887 -0.026 -0.092
126.001 0.942 0.029 -0.031 0.885 -0.028 -0.089
126.190 0.955 0.040 -0.008 0.873 -0.041 -0.093
126.426 0.955 0.040 -0.004 0.873 -0.042 -0.090
126.605 0.942 0.027 -0.022 0.886 -0.029 -0.079
126.790 0.949 0.035 -0.010 0.880 -0.034 -0.080
127.021 0.941 0.030 -0.020 0.883 -0.029 -0.080
127.201 0.939 0.029 -0.024 0.883 -0.027 -0.082
127.390 0.938 0.028 -0.030 0.884 -0.025 -0.084
127.621 0.943 0.033 -0.025 0.879 -0.031 -0.091
127.801 0.943 0.031 -0.032 0.882 -0.029 -0.094
127.990 0.944 0.033 -0.033 0.881 -0.031 -0.098
128.221 0.944 0.032 -0.035 0.881 -0.031 -0.100
128.405 0.949 0.035 -0.031 0.879 -0.035 -0.104
128.590 0.942 0.028 -0.040 0.885 -0.029 -0.099
128.825 0.942 0.028 -0.038 0.885 -0.029 -0.096
129.002 0.941 0.026 -0.038 0.886 -0.028 -0.093
129.190 0.943 0.029 -0.032 0.884 -0.029 -0.092
129.421 0.941 0.029 -0.030 0.885 -0.028 -0.088
129.605 0.939 0.028 -0.029 0.885 -0.026 -0.085
129.801 0.948 0.037 -0.014 0.875 -0.036 -0.090
130.022 0.948 0.038 -0.012 0.874 -0.036 -0.090
130.206 0.943 0.031 -0.022 0.881 -0.031 -0.086
130.400 0.944 0.032 -0.021 0.880 -0.032 -0.088
130.621 0.950 0.038 -0.012 0.875 -0.038 -0.090
130.805 0.946 0.033 -0.022 0.879 -0.034 -0.091
131.000 0.948 0.034 -0.022 0.878 -0.036 -0.094
131.221 0.944 0.031 -0.029 0.882 -0.031 -0.093
131.401 0.943 0.031 -0.032 0.882 -0.030 -0.093
131.600 0.942 0.031 -0.035 0.883 -0.029 -0.096
131.825 0.942 0.031 -0.035 0.883 -0.029 -0.096
132.001 0.941 0.030 -0.037 0.884 -0.028 -0.095
132.199 0.941 0.029 -0.037 0.885 -0.027 -0.094
132.421 0.944 0.032 -0.031 0.882 -0.029 -0.094
132.601 0.958 0.045 -0.009 0.869 -0.043 -0.101
132.799 0.948 0.036 -0.023 0.878 -0.034 -0.095
133.021 0.948 0.035 -0.023 0.879 -0.033 -0.094
133.201 0.949 0.037 -0.018 0.877 -0.035 -0.093
133.399 0.946 0.034 -0.022 0.880 -0.032 -0.091
133.621 0.948 0.035 -0.022 0.880 -0.033 -0.092
133.801 0.952 0.039 -0.016 0.875 -0.037 -0.095
134.000 0.950 0.037 -0.020 0.877 -0.035 -0.096
134.225 0.948 0.036 -0.024 0.879 -0.034 -0.097
134.405 0.950 0.038 -0.022 0.876 -0.035 -0.098
134.599 0.947 0.036 -0.028 0.879 -0.032 -0.098
134.821 0.950 0.039 -0.025 0.877 -0.035 -0.101
135.001 0.941 0.029 -0.039 0.886 -0.026 -0.095
135.199 0.940 0.029 -0.039 0.887 -0.024 -0.094
135.421 0.943 0.031 -0.035 0.885 -0.027 -0.094
135.602 0.945 0.033 -0.030 0.884 -0.028 -0.093
135.799 0.944 0.031 -0.031 0.886 -0.027 -0.091
136.021 0.952 0.038 -0.018 0.879 -0.034 -0.094
136.201 0.953 0.040 -0.015 0.878 -0.035 -0.092
136.399 0.947 0.033 -0.024 0.886 -0.028 -0.087
136.621 0.949 0.034 -0.023 0.886 -0.029 -0.087
136.805 0.955 0.041 -0.013 0.879 -0.035 -0.091
136.999 0.953 0.041 -0.016 0.878 -0.034 -0.093
137.221 0.946 0.036 -0.027 0.881 -0.028 -0.093
137.401 0.952 0.044 -0.019 0.873 -0.035 -0.100
137.600 0.945 0.036 -0.032 0.881 -0.028 -0.096
137.821 0.946 0.035 -0.035 0.883 -0.028 -0.099
138.001 0.947 0.034 -0.036 0.886 -0.028 -0.099
138.200 0.949 0.034 -0.036 0.887 -0.029 -0.099
138.421 0.949 0.035 -0.033 0.886 -0.029 -0.097
138.601 0.953 0.038 -0.026 0.882 -0.033 -0.099
138.800 0.952 0.039 -0.025 0.881 -0.031 -0.098
139.021 0.960 0.050 -0.005 0.870 -0.041 -0.099
139.201 0.950 0.040 -0.022 0.880 -0.030 -0.093
139.399 0.950 0.039 -0.022 0.881 -0.030 -0.093
139.621 0.952 0.040 -0.021 0.881 -0.032 -0.093
139.801 0.954 0.038 -0.022 0.883 -0.033 -0.094
139.999 0.956 0.039 -0.022 0.883 -0.035 -0.097
140.221 0.951 0.033 -0.029 0.888 -0.030 -0.093
140.405 0.958 0.039 -0.021 0.881 -0.038 -0.101
140.599 0.957 0.039 -0.022 0.880 -0.037 -0.102
140.825 0.955 0.041 -0.022 0.877 -0.037 -0.102
141.001 0.951 0.039 -0.025 0.879 -0.033 -0.100
141.200 0.953 0.043 -0.020 0.876 -0.035 -0.101
141.421 0.951 0.042 -0.021 0.878 -0.031 -0.097
141.601 0.955 0.044 -0.016 0.877 -0.034 -0.096
141.799 0.955 0.042 -0.017 0.880 -0.033 -0.095
142.021 0.955 0.039 -0.018 0.883 -0.033 -0.092
142.201 0.954 0.037 -0.020 0.885 -0.032 -0.091
142.399 0.956 0.039 -0.016 0.882 -0.034 -0.092
142.621 0.957 0.041 -0.014 0.879 -0.037 -0.095
142.801 0.957 0.042 -0.012 0.877 -0.037 -0.095
143.000 0.955 0.043 -0.013 0.877 -0.036 -0.095
143.221 0.954 0.042 -0.016 0.877 -0.034 -0.095
143.401 0.955 0.043 -0.015 0.877 -0.036 -0.097
143.599 0.955 0.042 -0.017 0.878 -0.035 -0.097
143.821 0.956 0.041 -0.018 0.879 -0.036 -0.098
144.001 0.957 0.041 -0.018 0.880 -0.037 -0.098
144.199 0.954 0.037 -0.024 0.884 -0.033 -0.096
144.421 0.958 0.043 -0.016 0.878 -0.038 -0.100
144.601 0.956 0.041 -0.019 0.879 -0.036 -0.098
144.800 0.971 0.058 0.014 0.861 -0.052 -0.100
145.021 0.955 0.043 -0.018 0.876 -0.036 -0.100
145.201 0.954 0.041 -0.021 0.878 -0.034 -0.099
145.400 0.962 0.049 -0.008 0.871 -0.042 -0.103
145.621 0.951 0.036 -0.030 0.885 -0.030 -0.098
145.801 0.959 0.043 -0.020 0.878 -0.038 -0.104
146.000 0.958 0.040 -0.026 0.882 -0.036 -0.105
146.225 0.955 0.039 -0.029 0.883 -0.034 -0.103
146.401 0.950 0.034 -0.036 0.887 -0.029 -0.100
146.599 0.948 0.033 -0.039 0.887 -0.028 -0.101
146.825 0.953 0.040 -0.028 0.879 -0.034 -0.103
147.001 0.949 0.037 -0.032 0.882 -0.030 -0.101
147.199 0.948 0.035 -0.034 0.885 -0.027 -0.097
147.425 0.949 0.036 -0.033 0.886 -0.026 -0.097
147.605 0.951 0.037 -0.031 0.887 -0.027 -0.096
147.799 0.951 0.035 -0.030 0.889 -0.027 -0.094
148.025 0.956 0.039 -0.022 0.885 -0.032 -0.094
148.205 0.954 0.037 -0.025 0.885 -0.032 -0.096
148.400 0.952 0.036 -0.026 0.884 -0.032 -0.096
148.625 0.951 0.036 -0.025 0.882 -0.032 -0.096
148.801 0.950 0.036 -0.026 0.882 -0.031 -0.096
148.999 0.949 0.037 -0.026 0.882 -0.030 -0.095
149.221 0.949 0.037 -0.027 0.884 -0.029 -0.094
149.401 0.958 0.044 -0.015 0.878 -0.036 -0.098
149.599 0.951 0.036 -0.028 0.887 -0.028 -0.093
149.825 0.955 0.039 -0.022 0.885 -0.032 -0.095
150.002 0.955 0.038 -0.024 0.885 -0.032 -0.096
150.199 0.954 0.037 -0.024 0.884 -0.032 -0.096
150.421 0.952 0.038 -0.025 0.882 -0.032 -0.096
150.601 0.951 0.038 -0.026 0.881 -0.032 -0.097
150.800 0.949 0.038 -0.027 0.881 -0.030 -0.097
151.021 0.950 0.039 -0.026 0.881 -0.031 -0.098
151.201 0.955 0.038 -0.026 0.885 -0.033 -0.098
151.399 0.981 0.028 -0.024 0.906 -0.046 -0.100
151.625 1.024 0.023 -0.012 0.931 -0.070 -0.109
151.801 1.089 0.014 0.028 0.981 -0.094 -0.084
151.999 -0.319 -0.467 -0.211 -0.398 -0.545 -0.290
152.225 -0.378 -0.488 -0.209 -0.463 -0.573 -0.296
152.405 1.077 0.152 -0.135 1.023 0.098 -0.191
152.599 1.132 0.023 -0.030 1.057 -0.053 -0.109
152.821 1.047 0.060 -0.038 0.973 -0.013 -0.112
153.001 -0.338 -0.504 -0.253 -0.389 -0.554 -0.304
153.200 -0.360 -0.494 -0.229 -0.437 -0.571 -0.309
153.421 -0.533 -0.470 -0.064 -0.705 -0.644 -0.224
153.601 1.226 0.095 -0.025 1.182 0.050 -0.071
153.799 1.269 0.102 0.011 1.196 0.029 -0.066
154.025 1.282 0.062 -0.013 1.232 0.011 -0.065
154.201 1.310 0.045 0.002 1.260 -0.005 -0.049
154.399 1.356 0.043 0.050 1.286 -0.026 -0.021
154.625 1.395 0.042 0.083 1.324 -0.030 0.010
154.805 1.429 0.052 0.121 1.362 -0.014 0.053
154.999 1.404 0.041 0.100 1.335 -0.027 0.030
155.221 1.372 0.042 0.083 1.311 -0.019 0.020
155.401 1.339 0.036 0.066 1.280 -0.023 0.005
155.600 1.315 0.020 0.046 1.261 -0.034 -0.010
155.825 1.308 0.016 0.044 1.241 -0.051 -0.024
156.001 1.290 0.001 0.020 1.228 -0.061 -0.044
156.199 1.327 0.038 0.134 1.169 -0.120 -0.017
156.421 1.378 0.095 0.308 1.079 -0.203 0.123
156.602 1.421 0.144 0.357 0.990 -0.284 0.171
156.800 1.464 0.194 0.399 0.898 -0.368 0.213
157.025 1.510 0.247 0.448 0.799 -0.458 0.263
157.206 1.211 -0.146 0.200 1.154 -0.204 0.143
157.400 1.204 -0.180 0.248 1.149 -0.236 0.191
157.625 1.201 -0.192 0.287 1.147 -0.246 0.232
157.805 1.210 -0.173 0.309 1.155 -0.229 0.252
158.000 1.266 -0.114 0.340 1.183 -0.196 0.254
158.225 1.283 -0.086 0.379 1.154 -0.215 0.249
158.405 1.285 -0.070 0.348 1.218 -0.137 0.282
158.600 1.305 -0.041 0.336 1.269 -0.076 0.300
158.821 1.321 -0.009 0.337 1.287 -0.043 0.302
159.002 1.333 0.028 0.334 1.281 -0.024 0.281
159.200 1.400 0.109 0.453 1.235 -0.057 0.297
159.421 1.493 0.214 0.589 1.189 -0.090 0.405
159.601 1.585 0.324 0.614 1.153 -0.109 0.429
159.800 1.686 0.442 0.619 1.121 -0.124 0.433
160.023 1.255 -0.013 0.388 1.075 -0.193 0.225
160.206 1.234 -0.092 0.294 1.179 -0.147 0.238
160.400 1.237 -0.092 0.289 1.183 -0.146 0.234
160.621 1.250 -0.084 0.270 1.199 -0.135 0.217
160.810 1.267 -0.079 0.235 1.231 -0.114 0.198
161.041 1.299 -0.057 0.220 1.260 -0.097 0.179
161.221 1.310 -0.033 0.196 1.271 -0.072 0.157
161.410 1.308 -0.008 0.164 1.272 -0.044 0.126
161.645 1.315 0.023 0.143 1.261 -0.031 0.085
161.821 1.302 0.029 0.098 1.264 -0.009 0.059
162.010 1.289 0.033 0.054 1.261 0.005 0.026
162.245 1.310 0.062 0.053 1.232 -0.017 -0.030
162.425 1.297 0.045 -0.000 1.240 -0.012 -0.059
162.610 1.304 0.043 -0.023 1.237 -0.024 -0.091
162.841 1.388 0.137 0.194 1.150 -0.101 0.015
163.025 1.382 0.108 0.128 1.178 -0.096 -0.043
163.210 1.328 0.037 -0.056 1.236 -0.055 -0.147
163.445 1.319 0.024 -0.119 1.241 -0.053 -0.198
163.625 1.309 0.015 -0.147 1.242 -0.051 -0.215
163.810 1.291 0.008 -0.166 1.241 -0.042 -0.216
164.045 1.289 0.016 -0.161 1.228 -0.045 -0.224
164.221 1.292 0.018 -0.154 1.224 -0.050 -0.224
164.410 1.380 -0.096 0.105 1.308 -0.168 0.031
164.641 1.223 0.094 -0.130 1.115 -0.014 -0.242
164.821 1.214 0.092 -0.131 1.120 -0.001 -0.224
165.010 1.301 0.068 -0.106 1.224 -0.008 -0.185
165.241 1.326 0.086 -0.092 1.242 0.002 -0.178
165.425 1.337 0.077 -0.086 1.254 -0.005 -0.171
165.610 1.340 0.053 -0.082 1.257 -0.030 -0.167
165.813 1.333 0.013 -0.086 1.274 -0.046 -0.146
166.033 1.324 -0.006 -0.071 1.251 -0.079 -0.146
166.214 1.312 -0.021 -0.063 1.245 -0.088 -0.132
166.419 1.313 -0.017 -0.041 1.238 -0.092 -0.118
166.641 1.318 -0.009 -0.025 1.247 -0.080 -0.099
166.821 1.317 -0.002 -0.015 1.248 -0.071 -0.087
167.020 1.313 0.003 -0.008 1.248 -0.063 -0.076
167.245 1.307 0.004 -0.006 1.249 -0.054 -0.067
167.421 1.303 0.005 -0.006 1.249 -0.049 -0.062
167.620 1.300 -0.002 -0.019 1.251 -0.051 -0.071
167.841 1.298 -0.000 -0.020 1.249 -0.050 -0.072
168.021 1.299 0.004 -0.018 1.245 -0.050 -0.075
168.220 1.297 0.005 -0.020 1.244 -0.048 -0.076
168.441 1.293 0.006 -0.024 1.244 -0.044 -0.076
168.625 1.289 0.005 -0.030 1.244 -0.040 -0.076
168.830 1.292 0.010 -0.028 1.241 -0.041 -0.080
169.053 1.295 0.013 -0.026 1.238 -0.043 -0.084
169.233 1.309 0.022 -0.011 1.237 -0.050 -0.085
169.430 1.313 0.025 -0.008 1.234 -0.053 -0.090
169.653 1.301 0.013 -0.029 1.244 -0.043 -0.086
169.833 1.299 0.012 -0.032 1.243 -0.043 -0.090
170.030 1.296 0.011 -0.035 1.241 -0.044 -0.091
170.257 1.294 0.010 -0.036 1.240 -0.044 -0.092
170.437 1.293 0.009 -0.036 1.237 -0.046 -0.093
170.630 1.302 0.018 -0.020 1.227 -0.057 -0.098
170.853 1.293 0.008 -0.036 1.237 -0.047 -0.093
171.033 1.302 0.017 -0.021 1.230 -0.056 -0.096
171.230 1.304 0.017 -0.021 1.231 -0.056 -0.096
171.453 1.334 0.046 0.038 1.204 -0.084 -0.093
171.639 1.411 0.122 0.218 1.128 -0.161 0.034
171.873 1.300 0.009 -0.035 1.241 -0.050 -0.091
172.054 1.293 0.006 -0.079 1.242 -0.045 -0.132
172.240 1.293 0.010 -0.091 1.236 -0.047 -0.150
172.473 1.353 0.072 0.046 1.173 -0.108 -0.117
172.657 1.420 0.140 0.168 1.105 -0.176 -0.017
172.840 1.483 0.205 0.188 1.038 -0.240 0.002
173.077 1.547 0.272 0.176 0.969 -0.306 -0.009
173.253 1.305 0.019 -0.146 1.244 -0.043 -0.209
173.440 1.303 0.012 -0.189 1.254 -0.037 -0.239
173.673 1.307 0.016 -0.197 1.250 -0.041 -0.256
173.855 1.317 0.032 -0.180 1.234 -0.052 -0.266
174.040 1.320 0.012 -0.180 1.255 -0.053 -0.246
174.277 1.312 0.009 -0.183 1.258 -0.044 -0.238
174.457 1.306 0.020 -0.183 1.251 -0.036 -0.240
174.640 1.307 0.026 -0.171 1.248 -0.033 -0.232
174.873 1.318 0.041 -0.138 1.235 -0.042 -0.225
175.053 1.305 0.029 -0.138 1.247 -0.029 -0.198
175.240 1.300 0.028 -0.117 1.242 -0.030 -0.177
175.473 1.304 0.025 -0.098 1.247 -0.031 -0.156
175.653 1.313 0.028 -0.068 1.247 -0.038 -0.137
175.840 1.304 0.018 -0.059 1.253 -0.034 -0.112
176.073 1.352 0.044 -0.029 1.297 -0.010 -0.085
176.257 1.345 0.040 -0.009 1.289 -0.016 -0.067
176.440 1.322 0.035 0.018 1.272 -0.015 -0.034
176.677 1.305 0.036 0.057 1.255 -0.014 0.006
176.853 1.291 0.039 0.107 1.247 -0.005 0.062
177.040 1.260 0.033 0.160 1.205 -0.021 0.104
177.273 1.271 0.050 0.209 1.223 0.002 0.159
177.458 1.320 0.094 0.296 1.196 -0.030 0.169
177.639 1.315 0.076 0.278 1.210 -0.029 0.169
177.873 1.391 0.154 0.475 1.131 -0.106 0.293
178.054 1.456 0.217 0.529 1.067 -0.173 0.344
178.240 1.525 0.278 0.539 1.006 -0.244 0.353
178.473 1.330 0.019 0.205 1.262 -0.049 0.139
178.655 1.335 0.003 0.152 1.278 -0.054 0.093
178.840 1.335 -0.002 0.124 1.279 -0.058 0.067
179.077 1.326 -0.003 0.093 1.271 -0.058 0.036
179.253 1.314 -0.002 0.057 1.261 -0.055 0.002
179.440 1.303 -0.001 0.018 1.250 -0.054 -0.037
179.674 1.295 0.002 -0.020 1.240 -0.053 -0.077
179.853 1.289 0.007 -0.049 1.233 -0.049 -0.107
180.040 1.148 0.120 -0.121 1.075 0.047 -0.196
180.277 1.158 0.114 -0.138 1.085 0.041 -0.212
180.457 1.288 0.004 -0.077 1.227 -0.057 -0.140
180.640 1.274 -0.000 -0.069 1.215 -0.059 -0.129
180.873 1.291 0.055 0.035 1.131 -0.105 -0.117
181.057 1.160 0.024 -0.083 1.113 -0.023 -0.131
181.240 1.124 0.078 -0.024 1.002 -0.044 -0.147
181.473 1.122 0.133 0.103 0.924 -0.066 -0.063
181.653 1.020 0.073 -0.062 0.967 0.020 -0.116
181.840 0.993 0.092 -0.051 0.940 0.039 -0.105
182.077 0.954 0.082 -0.050 0.898 0.026 -0.107
182.253 0.913 0.047 -0.054 0.854 -0.012 -0.115
182.441 0.881 0.016 -0.034 0.800 -0.065 -0.118
182.677 0.821 -0.053 -0.055 0.771 -0.103 -0.107
182.854 0.793 -0.086 -0.046 0.745 -0.135 -0.096
183.040 0.784 -0.104 -0.029 0.732 -0.156 -0.082
183.277 0.793 -0.101 -0.008 0.732 -0.162 -0.071
183.454 0.815 -0.079 0.008 0.743 -0.151 -0.067
183.640 0.829 -0.066 0.004 0.772 -0.123 -0.054
183.877 0.892 0.005 0.142 0.701 -0.186 -0.026
184.058 0.905 0.015 0.157 0.708 -0.182 -0.012
184.240 0.864 -0.032 0.003 0.783 -0.113 -0.083
184.473 0.874 -0.018 0.004 0.772 -0.120 -0.102
184.655 0.854 -0.031 -0.040 0.782 -0.103 -0.114
184.840 0.844 -0.034 -0.057 0.782 -0.096 -0.120
185.078 0.837 -0.034 -0.065 0.779 -0.093 -0.124
185.253 0.841 -0.027 -0.054 0.771 -0.096 -0.125
185.440 0.843 -0.023 -0.046 0.766 -0.100 -0.125
185.682 0.844 -0.023 -0.039 0.767 -0.101 -0.119
185.858 0.845 -0.024 -0.033 0.768 -0.100 -0.113
186.040 0.837 -0.035 -0.041 0.780 -0.091 -0.099
186.273 0.870 -0.005 0.016 0.754 -0.120 -0.103
186.453 0.840 -0.035 -0.031 0.786 -0.089 -0.087
186.650 0.842 -0.032 -0.025 0.783 -0.091 -0.085
186.875 0.848 -0.025 -0.012 0.774 -0.098 -0.089
187.053 0.835 -0.035 -0.026 0.780 -0.089 -0.082
187.251 0.834 -0.031 -0.024 0.775 -0.090 -0.084
187.476 0.829 -0.033 -0.028 0.776 -0.086 -0.083
187.657 0.837 -0.025 -0.018 0.770 -0.092 -0.086
187.851 0.832 -0.031 -0.030 0.777 -0.086 -0.087
188.073 0.834 -0.031 -0.031 0.778 -0.087 -0.089
188.253 0.835 -0.032 -0.035 0.780 -0.087 -0.091
188.450 0.839 -0.030 -0.032 0.779 -0.090 -0.094
188.673 0.841 -0.029 -0.028 0.777 -0.093 -0.094
188.857 0.842 -0.028 -0.027 0.776 -0.094 -0.095
189.050 0.840 -0.029 -0.030 0.776 -0.094 -0.096
189.273 0.839 -0.028 -0.030 0.773 -0.094 -0.097
189.455 0.836 -0.029 -0.034 0.773 -0.092 -0.098
189.656 0.836 -0.028 -0.035 0.772 -0.092 -0.100
189.875 0.834 -0.029 -0.039 0.773 -0.090 -0.101
190.060 0.841 -0.021 -0.028 0.766 -0.097 -0.106
190.293 0.842 -0.023 -0.029 0.768 -0.096 -0.105
190.473 0.843 -0.025 -0.030 0.770 -0.097 -0.105
190.660 0.845 -0.025 -0.028 0.770 -0.099 -0.105
190.894 0.846 -0.024 -0.025 0.769 -0.101 -0.104
191.077 0.851 -0.020 -0.013 0.764 -0.107 -0.102
191.261 0.837 -0.035 -0.036 0.779 -0.093 -0.096
191.497 0.848 -0.023 -0.015 0.767 -0.104 -0.100
191.673 0.843 -0.026 -0.021 0.771 -0.099 -0.096
191.859 0.845 -0.024 -0.018 0.769 -0.099 -0.096
192.097 0.846 -0.021 -0.015 0.767 -0.099 -0.096
192.277 0.848 -0.018 -0.010 0.765 -0.101 -0.096
192.459 0.843 -0.023 -0.021 0.770 -0.096 -0.097
192.697 0.842 -0.025 -0.026 0.773 -0.094 -0.097
192.873 0.841 -0.026 -0.029 0.773 -0.094 -0.099
193.060 0.844 -0.023 -0.026 0.770 -0.097 -0.103
193.293 0.845 -0.024 -0.027 0.771 -0.098 -0.104
193.473 0.844 -0.025 -0.028 0.771 -0.098 -0.104
193.659 0.845 -0.026 -0.028 0.771 -0.099 -0.104
193.893 0.840 -0.031 -0.034 0.775 -0.095 -0.100
194.073 0.845 -0.025 -0.022 0.769 -0.101 -0.101
194.259 0.844 -0.026 -0.024 0.770 -0.099 -0.100
194.493 0.841 -0.028 -0.027 0.772 -0.096 -0.098
194.673 0.841 -0.026 -0.024 0.772 -0.096 -0.096
194.859 0.843 -0.023 -0.020 0.769 -0.097 -0.096
195.093 0.841 -0.025 -0.023 0.772 -0.095 -0.095
195.273 0.840 -0.027 -0.026 0.773 -0.093 -0.094
195.459 0.839 -0.029 -0.029 0.776 -0.091 -0.093
195.693 0.838 -0.030 -0.030 0.777 -0.091 -0.093
195.873 0.838 -0.031 -0.032 0.778 -0.091 -0.093
196.059 0.846 -0.024 -0.021 0.771 -0.099 -0.099
196.297 0.847 -0.023 -0.021 0.771 -0.099 -0.100
196.477 0.847 -0.022 -0.020 0.769 -0.100 -0.101
196.659 0.841 -0.030 -0.031 0.777 -0.094 -0.096
196.893 0.839 -0.030 -0.033 0.778 -0.092 -0.095
197.077 0.906 0.036 0.120 0.711 -0.159 -0.049
197.259 0.842 -0.026 -0.033 0.773 -0.095 -0.103
197.497 0.843 -0.024 -0.044 0.770 -0.097 -0.119
197.673 0.841 -0.026 -0.054 0.772 -0.095 -0.126
197.859 0.842 -0.025 -0.056 0.770 -0.097 -0.130
198.093 0.837 -0.031 -0.064 0.777 -0.091 -0.125
198.273 0.839 -0.031 -0.060 0.779 -0.092 -0.122
198.459 0.842 -0.031 -0.053 0.779 -0.093 -0.117
198.693 0.842 -0.032 -0.047 0.781 -0.093 -0.109
198.873 0.842 -0.031 -0.039 0.781 -0.092 -0.101
199.059 0.841 -0.033 -0.033 0.782 -0.091 -0.093
199.297 0.843 -0.026 -0.021 0.775 -0.094 -0.090
199.473 0.840 -0.028 -0.018 0.776 -0.092 -0.084
199.659 0.838 -0.027 -0.018 0.775 -0.090 -0.082
199.897 0.837 -0.027 -0.017 0.774 -0.090 -0.081
200.073 0.838 -0.027 -0.019 0.774 -0.091 -0.084
200.260 0.838 -0.028 -0.023 0.775 -0.091 -0.087
200.493 0.841 -0.026 -0.024 0.774 -0.094 -0.092
200.673 0.839 -0.029 -0.033 0.777 -0.091 -0.096
200.859 0.839 -0.031 -0.039 0.779 -0.091 -0.100
201.093 0.840 -0.030 -0.040 0.777 -0.092 -0.103
201.277 0.838 -0.028 -0.040 0.775 -0.091 -0.104
201.459 0.832 -0.002 -0.016 0.742 -0.092 -0.109
201.693 0.765 0.017 -0.036 0.705 -0.043 -0.097
201.873 0.703 0.055 -0.029 0.642 -0.006 -0.091
202.059 0.628 0.092 -0.027 0.566 0.030 -0.091
202.293 0.550 0.125 -0.027 0.485 0.060 -0.094
202.473 0.465 0.149 -0.032 0.403 0.087 -0.095
202.659 0.381 0.168 -0.035 0.319 0.106 -0.098
202.893 0.305 0.170 -0.041 0.249 0.113 -0.098
203.073 0.259 0.167 -0.019 0.175 0.084 -0.106
203.260 0.219 0.138 -0.044 0.163 0.082 -0.101
203.497 0.221 0.147 -0.023 0.139 0.065 -0.109
203.677 0.228 0.138 -0.042 0.169 0.079 -0.102
203.859 0.249 0.140 -0.038 0.192 0.083 -0.096
204.093 0.266 0.143 -0.030 0.207 0.083 -0.091
204.277 0.275 0.139 -0.027 0.219 0.083 -0.084
204.459 0.283 0.135 -0.021 0.223 0.074 -0.083
204.693 0.286 0.130 -0.018 0.224 0.068 -0.082
204.873 0.284 0.126 -0.019 0.224 0.066 -0.081
205.059 0.282 0.124 -0.019 0.220 0.062 -0.081
205.297 0.275 0.119 -0.023 0.220 0.064 -0.080
205.473 0.274 0.120 -0.023 0.217 0.064 -0.081
205.659 0.284 0.132 -0.007 0.206 0.054 -0.088
205.897 0.282 0.133 -0.010 0.206 0.058 -0.089
206.077 0.272 0.126 -0.027 0.216 0.070 -0.084
206.259 0.273 0.127 -0.028 0.216 0.070 -0.086
206.493 0.274 0.128 -0.028 0.216 0.071 -0.087
206.673 0.274 0.127 -0.028 0.216 0.069 -0.087
206.859 0.284 0.135 -0.012 0.208 0.058 -0.090
207.093 0.283 0.130 -0.018 0.212 0.059 -0.092
207.273 0.282 0.127 -0.019 0.212 0.056 -0.092
207.459 0.279 0.122 -0.023 0.215 0.058 -0.089
207.697 0.282 0.124 -0.019 0.212 0.054 -0.091
207.873 0.283 0.124 -0.018 0.212 0.052 -0.092
208.059 0.282 0.122 -0.020 0.214 0.054 -0.091
208.293 0.279 0.118 -0.025 0.217 0.057 -0.088
208.477 0.282 0.121 -0.021 0.215 0.054 -0.090
208.659 0.283 0.122 -0.021 0.214 0.053 -0.092
208.897 0.285 0.125 -0.019 0.213 0.053 -0.094
209.077 0.284 0.124 -0.022 0.214 0.054 -0.095
209.259 0.282 0.122 -0.025 0.216 0.056 -0.094
209.497 0.282 0.123 -0.024 0.214 0.055 -0.095
209.677 0.270 0.124 -0.026 0.199 0.053 -0.100
209.860 0.225 0.123 -0.033 0.155 0.053 -0.105
210.093 0.164 0.121 -0.039 0.096 0.053 -0.110
210.273 0.096 0.111 -0.043 0.026 0.041 -0.115
210.459 0.026 0.097 -0.041 -0.049 0.021 -0.118
210.693 -0.034 0.088 -0.043 -0.112 0.011 -0.123
210.877 -0.102 0.068 -0.066 -0.159 0.011 -0.125
211.059 -0.148 0.046 -0.072 -0.205 -0.010 -0.130
211.293 -0.180 0.014 -0.080 -0.238 -0.044 -0.139
211.473 -0.197 -0.024 -0.083 -0.255 -0.082 -0.143
211.659 -0.204 -0.062 -0.089 -0.257 -0.115 -0.143
211.893 -0.207 -0.086 -0.083 -0.255 -0.135 -0.133
212.077 -0.203 -0.098 -0.067 -0.257 -0.152 -0.123
212.259 -0.202 -0.106 -0.053 -0.251 -0.154 -0.103
212.493 -0.198 -0.102 -0.036 -0.249 -0.153 -0.088
212.673 -0.197 -0.096 -0.021 -0.249 -0.148 -0.075
212.859 -0.199 -0.091 -0.013 -0.250 -0.142 -0.065
213.093 -0.199 -0.087 -0.006 -0.252 -0.140 -0.061
213.273 -0.198 -0.081 0.002 -0.260 -0.143 -0.060
213.460 -0.207 -0.084 -0.007 -0.258 -0.135 -0.059
213.697 -0.212 -0.083 -0.014 -0.261 -0.133 -0.065
213.873 -0.211 -0.078 -0.016 -0.268 -0.135 -0.074
214.060 -0.215 -0.079 -0.028 -0.267 -0.130 -0.081
214.293 -0.213 -0.075 -0.034 -0.268 -0.131 -0.092
214.473 -0.211 -0.075 -0.040 -0.266 -0.129 -0.096
214.660 -0.208 -0.073 -0.043 -0.263 -0.128 -0.099
214.893 -0.207 -0.074 -0.046 -0.258 -0.126 -0.098
215.073 -0.202 -0.072 -0.042 -0.257 -0.127 -0.098
215.260 -0.200 -0.072 -0.040 -0.254 -0.126 -0.095
215.493 -0.198 -0.072 -0.035 -0.253 -0.128 -0.092
215.673 -0.198 -0.074 -0.032 -0.251 -0.127 -0.087
215.860 -0.198 -0.075 -0.030 -0.250 -0.127 -0.083
216.093 -0.197 -0.075 -0.027 -0.251 -0.128 -0.082
216.273 -0.195 -0.072 -0.022 -0.254 -0.131 -0.083
216.460 -0.200 -0.075 -0.026 -0.252 -0.126 -0.079
216.697 -0.202 -0.075 -0.027 -0.253 -0.126 -0.080
216.877 -0.204 -0.075 -0.029 -0.254 -0.125 -0.081
217.061 -0.204 -0.073 -0.029 -0.257 -0.126 -0.084
217.296 -0.207 -0.075 -0.033 -0.257 -0.125 -0.084
217.473 -0.206 -0.074 -0.032 -0.258 -0.126 -0.086
217.660 -0.207 -0.076 -0.035 -0.256 -0.125 -0.085
217.894 -0.198 -0.067 -0.022 -0.265 -0.133 -0.093
218.074 -0.206 -0.075 -0.035 -0.254 -0.124 -0.084
218.260 -0.205 -0.076 -0.034 -0.253 -0.124 -0.083
218.497 -0.202 -0.073 -0.030 -0.252 -0.123 -0.081
218.673 -0.202 -0.074 -0.029 -0.251 -0.123 -0.079
218.860 -0.199 -0.071 -0.024 -0.253 -0.125 -0.080
219.094 -0.201 -0.074 -0.028 -0.249 -0.122 -0.078
219.273 -0.200 -0.072 -0.027 -0.250 -0.122 -0.079
219.460 -0.201 -0.072 -0.028 -0.251 -0.122 -0.080
219.697 -0.201 -0.071 -0.026 -0.254 -0.124 -0.081
219.873 -0.202 -0.071 -0.028 -0.257 -0.126 -0.084
220.060 -0.205 -0.074 -0.032 -0.255 -0.124 -0.083
220.297 -0.203 -0.073 -0.032 -0.256 -0.126 -0.086
220.477 -0.205 -0.074 -0.035 -0.254 -0.124 -0.086
220.660 -0.204 -0.074 -0.035 -0.254 -0.124 -0.086
220.893 -0.203 -0.074 -0.035 -0.252 -0.124 -0.086
221.077 -0.201 -0.074 -0.034 -0.251 -0.124 -0.086
221.260 -0.197 -0.071 -0.030 -0.253 -0.127 -0.087
221.493 -0.199 -0.074 -0.034 -0.250 -0.124 -0.086
221.678 -0.199 -0.073 -0.032 -0.250 -0.124 -0.085
221.860 -0.200 -0.074 -0.032 -0.249 -0.123 -0.083
222.093 -0.200 -0.074 -0.031 -0.250 -0.124 -0.083
222.273 -0.200 -0.074 -0.032 -0.250 -0.124 -0.083
222.460 -0.200 -0.074 -0.030 -0.251 -0.125 -0.082
222.693 -0.202 -0.075 -0.032 -0.251 -0.124 -0.082
222.873 -0.201 -0.074 -0.031 -0.252 -0.125 -0.084
223.060 -0.201 -0.074 -0.032 -0.252 -0.124 -0.084
223.293 -0.200 -0.074 -0.033 -0.251 -0.124 -0.085
223.473 -0.201 -0.074 -0.035 -0.250 -0.123 -0.085
223.661 -0.200 -0.073 -0.036 -0.250 -0.123 -0.087
223.894 -0.200 -0.073 -0.036 -0.250 -0.123 -0.088
224.073 -0.200 -0.073 -0.037 -0.250 -0.123 -0.088
224.260 -0.200 -0.072 -0.037 -0.251 -0.123 -0.089
224.493 -0.199 -0.071 -0.035 -0.252 -0.124 -0.089
224.673 -0.201 -0.073 -0.037 -0.251 -0.123 -0.088
224.860 -0.200 -0.073 -0.036 -0.251 -0.124 -0.088
225.093 -0.200 -0.073 -0.035 -0.250 -0.124 -0.086
225.273 -0.200 -0.074 -0.035 -0.249 -0.123 -0.085
225.460 -0.199 -0.073 -0.032 -0.250 -0.124 -0.085
225.697 -0.200 -0.074 -0.033 -0.250 -0.124 -0.084
225.873 -0.201 -0.075 -0.033 -0.249 -0.123 -0.083
226.060 -0.200 -0.073 -0.030 -0.252 -0.125 -0.084
226.293 -0.200 -0.073 -0.032 -0.252 -0.124 -0.085
226.474 -0.204 -0.073 -0.034 -0.255 -0.124 -0.087
226.660 -0.235 -0.074 -0.041 -0.288 -0.127 -0.096
226.893 -0.291 -0.076 -0.050 -0.343 -0.128 -0.103
227.077 -0.356 -0.083 -0.055 -0.409 -0.137 -0.110
227.260 -0.426 -0.100 -0.059 -0.481 -0.155 -0.115
227.497 -0.494 -0.121 -0.059 -0.550 -0.178 -0.117
227.673 -0.546 -0.124 -0.055 -0.613 -0.191 -0.124
227.860 -0.550 -0.057 0.037 -0.689 -0.197 -0.103
228.097 -0.529 -0.002 0.179 -0.813 -0.286 -0.004
228.273 -0.521 0.044 0.193 -0.933 -0.369 0.008
228.460 -0.515 0.090 0.169 -1.059 -0.455 -0.017
228.697 -0.511 0.140 0.141 -1.194 -0.545 -0.044
228.877 -0.506 0.198 0.118 -1.338 -0.638 -0.068
229.070 -0.498 0.270 0.106 -1.498 -0.738 -0.079
229.293 -0.493 0.347 0.075 -1.660 -0.838 -0.111
229.482 -0.543 0.246 -0.136 -0.607 0.182 -0.201
229.717 -0.493 0.259 -0.133 -0.553 0.200 -0.194
229.894 -0.461 0.266 -0.102 -0.541 0.185 -0.187
230.080 -0.470 0.227 -0.090 -0.524 0.174 -0.145
230.313 -0.476 0.198 -0.063 -0.527 0.147 -0.115
230.494 -0.481 0.170 -0.034 -0.544 0.108 -0.099
230.680 -0.505 0.126 -0.017 -0.560 0.071 -0.073
230.913 -0.533 0.086 0.001 -0.588 0.031 -0.056
231.094 -0.567 0.051 0.008 -0.621 -0.003 -0.048
231.280 -0.603 0.029 0.007 -0.660 -0.028 -0.052
231.514 -0.643 0.014 -0.003 -0.692 -0.035 -0.053
231.694 -0.681 0.013 -0.007 -0.731 -0.038 -0.059
231.880 -0.706 0.016 -0.012 -0.759 -0.037 -0.067
232.117 -0.729 0.012 -0.026 -0.769 -0.028 -0.068
232.294 -0.717 0.037 -0.001 -0.805 -0.051 -0.094
232.480 -0.668 0.108 0.150 -0.917 -0.142 -0.031
232.717 -0.636 0.163 0.190 -1.015 -0.217 0.004
232.894 -0.605 0.218 0.203 -1.115 -0.292 0.017
233.080 -0.741 0.034 -0.006 -0.794 -0.018 -0.060
233.313 -0.732 0.048 0.024 -0.806 -0.027 -0.054
233.493 -0.744 0.038 0.029 -0.793 -0.011 -0.021
233.680 -0.736 0.051 0.061 -0.804 -0.016 -0.010
233.913 -0.657 0.140 0.255 -0.897 -0.100 0.076
234.094 -0.598 0.209 0.334 -0.968 -0.161 0.148
234.279 -0.508 0.303 0.318 -0.730 0.074 0.143
234.513 -0.710 0.039 0.166 -0.754 -0.005 0.120
234.697 -0.709 0.041 0.215 -0.763 -0.013 0.160
234.880 -0.709 0.038 0.234 -0.749 -0.003 0.192
235.113 -0.707 0.038 0.273 -0.748 -0.004 0.230
235.294 -0.657 0.103 0.422 -0.818 -0.059 0.270
235.479 -0.609 0.185 0.560 -0.911 -0.122 0.377
235.713 -0.568 0.265 0.619 -1.001 -0.179 0.435
235.889 -0.528 0.352 0.666 -1.097 -0.237 0.482
236.080 -0.486 0.445 0.707 -1.201 -0.299 0.523
236.301 -0.443 0.546 0.749 -1.313 -0.366 0.564
236.485 -0.398 0.653 0.794 -1.436 -0.441 0.610
236.680 -0.352 0.769 0.838 -1.569 -0.523 0.653
236.905 -0.302 0.891 0.884 -1.712 -0.614 0.699
237.081 -0.251 1.021 0.929 -1.866 -0.713 0.745
237.280 -0.199 1.161 0.970 -2.031 -0.821 0.786
237.501 -0.143 1.307 1.016 -2.204 -0.938 0.831
237.681 -0.084 1.463 1.060 -2.388 -1.063 0.876
237.880 -0.022 1.627 1.102 -2.583 -1.198 0.918
238.104 0.047 1.799 1.149 -2.784 -1.343 0.965
238.293 0.124 1.991 1.196 -3.007 -1.504 1.011
238.490 0.202 2.184 1.239 -3.231 -1.666 1.054
238.717 0.285 2.388 1.280 -3.467 -1.836 1.095
238.893 0.375 2.601 1.323 -3.711 -2.017 1.138
239.090 0.471 2.824 1.364 -3.966 -2.205 1.179
239.313 0.572 3.058 1.403 -4.233 -2.403 1.218
239.493 0.682 3.299 1.445 -4.509 -2.614 1.260
239.690 0.800 3.550 1.488 -4.795 -2.837 1.303
239.918 0.920 3.814 1.526 -5.094 -3.066 1.342
240.093 1.053 4.083 1.570 -5.399 -3.313 1.386
240.290 1.185 4.370 1.607 -5.721 -3.566 1.423
240.513 1.327 4.664 1.648 -6.000 -3.833 1.463
240.693 1.480 4.968 1.690 -6.000 -4.114 1.505
240.890 1.633 5.285 1.728 -6.000 -4.404 1.543
241.114 1.799 5.612 1.769 -6.000 -4.707 1.584
241.294 1.970 5.949 1.809 -6.000 -5.022 1.624
241.490 2.149 6.000 1.849 -6.000 -5.349 1.664
241.713 2.331 6.000 1.886 -6.000 -5.686 1.701
241.893 2.515 6.000 1.917 -6.000 -6.000 1.732
242.090 2.708 6.000 1.949 -6.000 -6.000 1.764
242.313 2.894 6.000 1.967 -6.000 -6.000 1.782
242.494 3.093 6.000 1.972 -6.000 -6.000 1.788
242.690 3.304 6.000 1.961 -6.000 -6.000 1.776
242.913 3.513 6.000 1.953 -6.000 -6.000 1.768
243.093 3.719 6.000 1.949 -6.000 -6.000 1.764
243.289 3.936 6.000 1.948 -6.000 -6.000 1.763
243.522 4.186 6.000 1.948 -6.000 -6.000 1.763
243.705 4.439 6.000 1.947 -6.000 -6.000 1.761
243.941 4.648 6.000 1.936 -6.000 -6.000 1.750
244.121 4.951 6.000 1.937 -6.000 -6.000 1.750
244.310 5.162 6.000 1.930 -6.000 -6.000 1.743
244.545 5.520 6.000 1.933 -6.000 -6.000 1.747
244.721 5.901 6.000 1.942 -6.000 -6.000 1.757
244.911 6.000 6.000 1.945 -6.000 -6.000 1.759
245.145 6.000 6.000 1.948 -6.000 -6.000 1.763
245.321 6.000 6.000 1.942 -6.000 -6.000 1.757
245.510 6.000 6.000 1.947 -6.000 -6.000 1.761
245.741 6.000 6.000 1.955 -6.000 -6.000 1.766
245.921 6.000 6.000 1.971 -6.000 -6.000 1.770
246.110 6.000 6.000 1.967 -6.000 -6.000 1.755
246.345 4.984 6.000 1.962 -6.000 -6.000 1.747
246.525 3.804 6.000 1.962 -6.000 -6.000 1.752
246.710 3.273 6.000 1.957 -6.000 -6.000 1.755
246.941 3.051 6.000 1.954 -6.000 -6.000 1.758
247.121 2.990 6.000 1.950 -6.000 -6.000 1.758
247.320 3.065 6.000 1.941 -6.000 -6.000 1.751
247.553 3.109 6.000 1.943 -6.000 -6.000 1.755
247.739 3.234 6.000 1.939 -6.000 -6.000 1.753
247.920 3.374 6.000 1.938 -6.000 -6.000 1.752
248.157 3.524 6.000 1.944 -6.000 -6.000 1.758
248.337 3.686 6.000 1.951 -6.000 -6.000 1.763
248.520 3.796 6.000 1.955 -6.000 -6.000 1.760
248.753 3.780 6.000 1.957 -6.000 -6.000 1.753
248.933 3.703 6.000 1.951 -6.000 -6.000 1.746
249.120 3.594 6.000 1.950 -6.000 -6.000 1.747
249.353 3.539 6.000 1.950 -6.000 -6.000 1.751
249.533 3.553 6.000 1.950 -6.000 -6.000 1.754
249.722 3.637 6.000 1.943 -6.000 -6.000 1.752
249.953 3.722 6.000 1.944 -6.000 -6.000 1.756
250.134 3.835 6.000 1.943 -6.000 -6.000 1.757
250.320 3.963 6.000 1.945 -6.000 -6.000 1.759
250.557 4.105 6.000 1.947 -6.000 -6.000 1.761
250.733 4.261 6.000 1.946 -6.000 -6.000 1.761
250.920 4.431 6.000 1.946 -6.000 -6.000 1.761
251.153 4.611 6.000 1.943 -6.000 -6.000 1.757
251.333 4.809 6.000 1.944 -6.000 -6.000 1.758
251.520 5.022 6.000 1.945 -6.000 -6.000 1.760
251.753 5.254 6.000 1.952 -6.000 -6.000 1.767
251.937 5.492 6.000 1.950 -6.000 -6.000 1.765
252.120 5.749 6.000 1.948 -6.000 -6.000 1.762
252.353 6.000 6.000 1.945 -6.000 -6.000 1.759
252.533 6.000 6.000 1.943 -6.000 -6.000 1.758
252.730 6.000 6.000 1.946 -6.000 -6.000 1.761
252.957 6.000 6.000 1.945 -6.000 -6.000 1.759
253.143 6.000 6.000 1.928 -6.000 -6.000 1.743
253.373 6.000 6.000 1.907 -6.000 -6.000 1.721
253.553 6.000 6.000 1.885 -6.000 -6.000 1.698
253.740 6.000 6.000 1.858 -6.000 -6.000 1.668
253.973 6.000 6.000 1.824 -6.000 -6.000 1.633
254.153 6.000 6.000 1.800 -6.000 -6.000 1.610
254.340 6.000 6.000 1.780 -6.000 -6.000 1.594
254.573 6.000 6.000 1.767 -6.000 -6.000 1.578
254.753 0.749 0.136 1.458 0.704 0.092 1.412
254.940 0.756 0.141 1.464 0.699 0.085 1.406
255.173 0.757 0.142 1.465 0.701 0.087 1.407
255.355 0.759 0.145 1.472 0.701 0.087 1.412
255.540 0.757 0.145 1.465 0.703 0.091 1.410
255.773 0.757 0.146 1.448 0.703 0.092 1.393
255.953 0.756 0.144 1.422 0.702 0.090 1.367
256.140 0.754 0.140 1.388 0.700 0.086 1.333
256.373 0.749 0.133 1.348 0.698 0.081 1.295
256.553 0.746 0.125 1.306 0.696 0.075 1.254
256.741 0.742 0.118 1.263 0.691 0.067 1.211
256.973 0.736 0.101 1.218 0.687 0.052 1.168
257.153 0.732 0.090 1.172 0.683 0.041 1.122
257.340 0.727 0.076 1.126 0.680 0.029 1.078
257.573 0.723 0.062 1.080 0.676 0.014 1.031
257.754 0.721 0.049 1.035 0.671 -0.001 0.983
257.941 0.718 0.032 0.987 0.668 -0.018 0.936
258.173 0.718 0.016 0.941 0.665 -0.036 0.887
258.360 0.717 -0.001 0.894 0.664 -0.054 0.840
258.542 0.723 -0.013 0.856 0.659 -0.078 0.788
258.773 0.718 -0.037 0.797 0.665 -0.091 0.742
258.954 0.718 -0.056 0.748 0.666 -0.108 0.695
259.140 0.721 -0.074 0.703 0.667 -0.128 0.648
259.373 0.723 -0.092 0.657 0.668 -0.147 0.601
259.553 0.724 -0.112 0.606 0.671 -0.165 0.551
259.740 0.725 -0.131 0.556 0.674 -0.183 0.503
259.973 0.729 -0.147 0.513 0.674 -0.203 0.455
260.154 0.729 -0.166 0.470 0.677 -0.219 0.417
260.340 0.729 -0.181 0.446 0.678 -0.232 0.394
260.573 0.728 -0.190 0.431 0.674 -0.243 0.375
260.754 0.703 -0.189 0.405 0.651 -0.241 0.351
260.942 0.662 -0.179 0.373 0.610 -0.231 0.320
261.174 0.616 -0.158 0.347 0.561 -0.213 0.291
261.353 0.563 -0.132 0.324 0.512 -0.182 0.272
261.540 0.508 -0.096 0.307 0.458 -0.146 0.256
261.773 0.454 -0.050 0.297 0.400 -0.104 0.241
261.953 0.400 -0.007 0.287 0.350 -0.058 0.235
262.140 0.354 0.023 0.277 0.300 -0.031 0.221
262.373 0.302 0.023 0.255 0.247 -0.032 0.199
262.553 0.246 0.005 0.232 0.191 -0.051 0.175
262.740 0.204 -0.007 0.220 0.136 -0.075 0.149
262.973 0.157 -0.014 0.200 0.089 -0.083 0.131
263.153 0.100 -0.017 0.166 0.037 -0.080 0.101
263.340 0.052 -0.019 0.131 -0.004 -0.075 0.073
263.577 0.023 -0.018 0.100 -0.037 -0.077 0.039
263.753 0.006 -0.018 0.061 -0.051 -0.075 0.003
263.940 0.005 -0.018 0.019 -0.052 -0.074 -0.039
264.173 0.014 -0.016 -0.019 -0.043 -0.073 -0.077
264.357 0.028 -0.012 -0.048 -0.030 -0.070 -0.107
264.540 0.040 -0.009 -0.068 -0.017 -0.065 -0.126
264.777 0.050 -0.006 -0.080 -0.007 -0.062 -0.137
264.953 0.059 -0.002 -0.081 -0.002 -0.062 -0.142
265.140 0.062 -0.002 -0.084 0.006 -0.058 -0.142
265.373 0.072 0.006 -0.070 -0.000 -0.066 -0.145
265.553 0.062 -0.004 -0.075 0.005 -0.062 -0.133
265.740 0.056 -0.010 -0.070 0.003 -0.063 -0.124
265.977 0.054 -0.012 -0.061 -0.003 -0.069 -0.119
266.161 0.049 -0.015 -0.053 -0.009 -0.073 -0.112
266.350 0.040 -0.021 -0.050 -0.011 -0.072 -0.102
266.585 0.035 -0.023 -0.044 -0.015 -0.073 -0.096
266.761 0.033 -0.022 -0.036 -0.019 -0.075 -0.090
266.950 0.034 -0.021 -0.030 -0.020 -0.075 -0.086
267.185 0.036 -0.019 -0.026 -0.018 -0.073 -0.083
267.361 0.038 -0.019 -0.027 -0.012 -0.069 -0.078
267.550 0.042 -0.017 -0.024 -0.010 -0.068 -0.077
267.781 0.043 -0.017 -0.025 -0.006 -0.066 -0.075
267.965 0.044 -0.016 -0.025 -0.005 -0.065 -0.075
268.154 0.046 -0.015 -0.024 -0.005 -0.066 -0.077
268.385 0.048 -0.012 -0.021 -0.009 -0.069 -0.080
268.561 0.044 -0.015 -0.028 -0.006 -0.066 -0.079
268.750 0.044 -0.014 -0.030 -0.007 -0.066 -0.082
268.981 0.044 -0.013 -0.032 -0.008 -0.065 -0.086
269.161 0.043 -0.012 -0.035 -0.010 -0.065 -0.089
269.350 0.042 -0.012 -0.038 -0.009 -0.063 -0.091
269.585 0.050 -0.003 -0.027 -0.019 -0.071 -0.099
269.765 0.042 -0.010 -0.040 -0.011 -0.063 -0.095
269.950 0.042 -0.010 -0.040 -0.011 -0.063 -0.095
270.181 0.041 -0.012 -0.041 -0.009 -0.062 -0.093
270.362 0.043 -0.011 -0.038 -0.010 -0.063 -0.092
270.550 0.042 -0.011 -0.038 -0.009 -0.063 -0.090
270.781 0.044 -0.010 -0.035 -0.010 -0.064 -0.090
270.965 0.043 -0.013 -0.035 -0.006 -0.062 -0.085
271.150 0.046 -0.009 -0.032 -0.007 -0.061 -0.085
271.385 0.046 0.013 -0.030 -0.007 -0.039 -0.085
271.561 0.044 0.059 -0.035 -0.008 0.008 -0.088
271.750 0.044 0.116 -0.041 -0.010 0.063 -0.096
271.981 0.045 0.176 -0.050 -0.007 0.124 -0.103
272.165 0.052 0.243 -0.057 -0.002 0.189 -0.111
272.352 0.062 0.313 -0.064 0.008 0.259 -0.119
272.585 0.075 0.384 -0.072 0.022 0.331 -0.127
272.761 0.093 0.458 -0.079 0.039 0.404 -0.135
272.950 0.111 0.531 -0.089 0.060 0.481 -0.141
273.181 0.131 0.607 -0.096 0.080 0.556 -0.149
273.361 0.153 0.685 -0.102 0.099 0.631 -0.158
273.550 0.176 0.763 -0.106 0.116 0.703 -0.168
273.787 0.191 0.833 -0.112 0.137 0.779 -0.168
273.961 0.192 0.890 -0.108 0.134 0.832 -0.168
274.150 0.161 0.929 -0.107 0.103 0.870 -0.167
274.386 0.102 0.948 -0.109 0.054 0.901 -0.159
274.561 0.044 0.963 -0.098 -0.003 0.916 -0.147
274.750 0.005 0.979 -0.080 -0.048 0.926 -0.135
274.981 -0.030 0.989 -0.064 -0.080 0.940 -0.115
275.165 -0.048 1.000 -0.047 -0.098 0.950 -0.098
275.350 -0.050 1.010 -0.032 -0.100 0.960 -0.083
275.581 -0.040 1.018 -0.020 -0.095 0.963 -0.076
275.761 -0.026 1.014 -0.016 -0.079 0.961 -0.070
275.950 -0.002 1.011 -0.001 -0.068 0.945 -0.070
276.181 0.020 0.997 0.000 -0.045 0.932 -0.068
276.361 0.028 0.976 -0.013 -0.019 0.929 -0.062
276.550 0.038 0.971 -0.013 -0.010 0.922 -0.062
276.781 0.043 0.969 -0.012 -0.007 0.919 -0.064
276.961 0.044 0.968 -0.014 -0.005 0.919 -0.063
277.150 0.044 0.968 -0.015 -0.006 0.919 -0.066
277.381 0.042 0.969 -0.019 -0.006 0.921 -0.068
277.561 0.042 0.972 -0.021 -0.008 0.922 -0.072
277.750 0.041 0.974 -0.025 -0.009 0.925 -0.076
277.981 0.038 0.976 -0.029 -0.009 0.929 -0.078
278.161 0.037 0.978 -0.032 -0.010 0.931 -0.080
278.351 0.036 0.980 -0.034 -0.011 0.932 -0.083
278.581 0.036 0.980 -0.035 -0.013 0.931 -0.085
278.765 0.034 0.979 -0.037 -0.014 0.931 -0.086
278.950 0.034 0.978 -0.035 -0.015 0.929 -0.085
279.189 0.033 0.976 -0.035 -0.016 0.928 -0.084
279.361 0.045 0.988 -0.013 -0.030 0.913 -0.092
279.550 0.032 0.975 -0.031 -0.017 0.926 -0.082
279.785 0.034 0.976 -0.027 -0.019 0.924 -0.081
279.962 0.035 0.976 -0.026 -0.017 0.924 -0.081
280.150 0.036 0.977 -0.026 -0.016 0.924 -0.080
280.385 0.037 0.977 -0.026 -0.015 0.925 -0.079
280.561 0.039 0.979 -0.024 -0.016 0.924 -0.081
280.751 0.038 0.977 -0.028 -0.013 0.926 -0.080
280.985 0.038 0.977 -0.029 -0.013 0.926 -0.082
281.165 0.039 0.977 -0.031 -0.014 0.924 -0.085
281.350 0.045 0.984 -0.024 -0.019 0.920 -0.092
281.581 0.042 0.998 -0.040 -0.008 0.948 -0.092
281.761 0.051 1.046 -0.040 -0.005 0.991 -0.097
281.950 0.058 1.100 -0.045 0.010 1.052 -0.095
282.185 0.070 1.164 -0.047 0.022 1.117 -0.096
282.363 0.093 1.239 -0.038 0.029 1.175 -0.105
282.550 0.104 1.300 -0.050 0.058 1.254 -0.097
282.781 0.130 1.362 -0.034 0.064 1.297 -0.103
282.961 0.129 1.379 -0.043 0.081 1.331 -0.092
283.150 0.127 1.376 -0.047 0.083 1.332 -0.092
283.381 0.131 1.366 -0.038 0.073 1.308 -0.097
283.561 0.126 1.340 -0.038 0.067 1.281 -0.098
283.750 0.114 1.321 -0.038 0.062 1.269 -0.092
283.981 0.116 1.319 -0.021 0.048 1.251 -0.091
284.161 0.110 1.315 -0.013 0.040 1.245 -0.086
284.350 0.108 1.316 -0.005 0.036 1.244 -0.080
284.585 0.103 1.313 -0.010 0.042 1.252 -0.072
284.761 0.103 1.316 -0.007 0.043 1.256 -0.069
284.950 0.106 1.322 -0.003 0.042 1.257 -0.069
285.185 0.106 1.323 -0.012 0.046 1.263 -0.074
285.361 0.111 1.330 -0.013 0.045 1.263 -0.081
285.550 0.111 1.332 -0.023 0.048 1.269 -0.087
285.781 0.119 1.343 -0.016 0.040 1.264 -0.097
285.961 0.105 1.332 -0.042 0.051 1.278 -0.098
286.150 0.113 1.344 -0.025 0.036 1.267 -0.106
286.381 0.103 1.336 -0.040 0.043 1.275 -0.103
286.562 0.102 1.333 -0.044 0.044 1.276 -0.102
286.750 0.104 1.333 -0.042 0.045 1.273 -0.103
286.985 0.107 1.332 -0.042 0.047 1.272 -0.103
287.161 0.108 1.330 -0.040 0.050 1.272 -0.100
287.350 0.111 1.332 -0.034 0.049 1.270 -0.099
287.585 0.118 1.338 -0.020 0.043 1.264 -0.097
287.770 0.111 1.331 -0.029 0.050 1.270 -0.092
287.950 0.115 1.336 -0.017 0.044 1.265 -0.091
288.182 0.110 1.332 -0.022 0.046 1.268 -0.087
288.361 0.112 1.335 -0.015 0.042 1.265 -0.088
288.550 0.107 1.332 -0.023 0.043 1.268 -0.087
288.781 0.115 1.341 -0.007 0.032 1.259 -0.093
288.965 0.109 1.339 -0.016 0.034 1.264 -0.094
289.150 0.108 1.340 -0.017 0.032 1.264 -0.096
289.381 0.106 1.339 -0.021 0.033 1.266 -0.097
289.561 0.109 1.341 -0.020 0.033 1.265 -0.098
289.750 0.110 1.340 -0.021 0.035 1.265 -0.099
289.981 0.111 1.339 -0.022 0.038 1.265 -0.097
290.161 0.114 1.339 -0.021 0.038 1.263 -0.099
290.350 0.114 1.338 -0.020 0.038 1.262 -0.098
290.585 0.110 1.334 -0.024 0.041 1.265 -0.095
290.765 0.114 1.337 -0.018 0.037 1.260 -0.098
290.950 0.113 1.338 -0.016 0.035 1.260 -0.098
291.182 0.113 1.339 -0.015 0.033 1.260 -0.097
291.365 0.133 1.361 0.032 0.011 1.239 -0.092
291.556 0.103 1.332 -0.031 0.038 1.268 -0.097
291.785 0.102 1.333 -0.029 0.037 1.269 -0.095
291.961 0.101 1.333 -0.031 0.038 1.270 -0.096
292.150 0.097 1.329 -0.040 0.042 1.274 -0.096
292.385 0.098 1.329 -0.041 0.044 1.275 -0.096
292.562 0.101 1.330 -0.038 0.044 1.273 -0.097
292.750 0.103 1.330 -0.037 0.045 1.272 -0.097
292.985 0.102 1.328 -0.036 0.047 1.272 -0.094
293.161 0.102 1.326 -0.034 0.045 1.269 -0.093
293.350 0.104 1.327 -0.030 0.044 1.267 -0.092
293.581 0.103 1.327 -0.029 0.043 1.267 -0.090
293.761 0.101 1.326 -0.029 0.043 1.268 -0.088
293.950 0.109 1.335 -0.011 0.032 1.258 -0.091
294.181 0.103 1.330 -0.020 0.036 1.263 -0.089
294.361 0.100 1.329 -0.025 0.036 1.265 -0.090
294.550 0.099 1.330 -0.027 0.036 1.267 -0.092
294.781 0.101 1.331 -0.028 0.035 1.266 -0.095
294.965 0.099 1.330 -0.032 0.036 1.266 -0.097
295.150 0.113 1.342 -0.012 0.024 1.253 -0.105
295.386 0.103 1.329 -0.035 0.037 1.263 -0.102
295.565 0.105 1.329 -0.034 0.039 1.263 -0.102
295.750 0.106 1.329 -0.032 0.038 1.261 -0.102
295.985 0.107 1.329 -0.032 0.039 1.261 -0.101
296.161 0.104 1.326 -0.034 0.041 1.263 -0.099
296.350 0.105 1.327 -0.031 0.039 1.261 -0.098
296.581 0.103 1.326 -0.032 0.039 1.263 -0.097
296.765 0.104 1.327 -0.028 0.037 1.261 -0.096
296.950 0.103 1.328 -0.026 0.035 1.260 -0.096
297.173 0.111 1.338 -0.007 0.024 1.251 -0.098
297.353 0.098 1.326 -0.028 0.034 1.262 -0.093
297.551 0.097 1.326 -0.027 0.033 1.261 -0.093
297.777 0.096 1.322 -0.030 0.037 1.263 -0.090
297.954 0.098 1.324 -0.027 0.035 1.261 -0.092
298.150 0.099 1.323 -0.030 0.037 1.261 -0.092
298.377 0.102 1.324 -0.026 0.037 1.258 -0.094
298.553 0.103 1.324 -0.026 0.036 1.257 -0.095
298.750 0.101 1.322 -0.029 0.037 1.258 -0.094
298.973 0.101 1.322 -0.029 0.035 1.256 -0.096
299.159 0.103 1.324 -0.024 0.032 1.253 -0.097
299.350 0.104 1.325 -0.023 0.030 1.251 -0.100
299.573 0.104 1.326 -0.023 0.028 1.250 -0.102
299.753 0.104 1.325 -0.024 0.027 1.249 -0.103
299.950 0.103 1.325 -0.026 0.027 1.249 -0.104
300.175 0.101 1.323 -0.028 0.027 1.249 -0.104
300.354 0.099 1.319 -0.033 0.032 1.252 -0.102
300.550 0.102 1.320 -0.032 0.032 1.250 -0.103
300.775 0.105 1.332 -0.036 0.038 1.265 -0.104
300.953 0.117 1.373 -0.034 0.047 1.303 -0.106
301.150 0.129 1.421 -0.035 0.058 1.349 -0.108
301.375 0.149 1.479 0.001 0.042 1.372 -0.109
301.553 0.130 1.514 -0.002 0.024 1.408 -0.112
301.750 0.069 1.526 -0.042 0.001 1.458 -0.111
301.973 0.028 1.560 -0.045 -0.043 1.489 -0.117
302.153 0.003 1.552 -0.058 -0.046 1.503 -0.108
302.350 -0.004 1.566 -0.050 -0.058 1.511 -0.106
302.573 -0.001 1.566 -0.048 -0.054 1.513 -0.102
302.757 0.010 1.560 -0.048 -0.043 1.507 -0.102
302.950 0.026 1.556 -0.042 -0.032 1.498 -0.101
303.173 0.036 1.548 -0.041 -0.019 1.493 -0.097
303.353 0.043 1.544 -0.037 -0.012 1.489 -0.094
303.550 0.046 1.541 -0.035 -0.007 1.488 -0.089
303.773 0.048 1.540 -0.032 -0.005 1.486 -0.086
303.957 0.048 1.540 -0.027 -0.007 1.485 -0.084
304.151 0.048 1.541 -0.020 -0.011 1.482 -0.081
304.373 0.045 1.539 -0.022 -0.013 1.482 -0.081
304.553 0.040 1.537 -0.025 -0.014 1.483 -0.080
304.750 0.034 1.534 -0.029 -0.014 1.485 -0.079
304.973 0.038 1.540 -0.020 -0.024 1.478 -0.085
305.153 0.029 1.533 -0.031 -0.021 1.484 -0.081
305.350 0.025 1.532 -0.034 -0.022 1.484 -0.082
305.573 0.026 1.534 -0.032 -0.026 1.482 -0.085
305.757 0.028 1.535 -0.030 -0.025 1.483 -0.084
305.950 0.029 1.537 -0.031 -0.024 1.484 -0.086
306.177 0.029 1.537 -0.033 -0.022 1.486 -0.086
306.353 0.029 1.536 -0.036 -0.019 1.487 -0.085
306.550 0.032 1.537 -0.035 -0.020 1.486 -0.088
306.773 0.032 1.537 -0.037 -0.019 1.486 -0.089
306.953 0.032 1.536 -0.037 -0.019 1.485 -0.089
307.150 0.033 1.537 -0.036 -0.021 1.483 -0.091
307.373 0.030 1.534 -0.039 -0.020 1.484 -0.090
307.553 0.029 1.534 -0.039 -0.021 1.484 -0.090
307.750 0.029 1.534 -0.038 -0.021 1.484 -0.090
307.973 0.039 1.545 -0.023 -0.030 1.475 -0.096
308.155 0.031 1.536 -0.035 -0.021 1.484 -0.089
308.350 0.031 1.535 -0.036 -0.019 1.485 -0.088
308.573 0.032 1.535 -0.035 -0.018 1.485 -0.087
308.753 0.040 1.542 -0.024 -0.024 1.478 -0.091
308.950 0.066 1.567 0.028 -0.049 1.452 -0.091
309.173 0.097 1.597 0.128 -0.079 1.421 -0.032
309.353 0.031 1.519 -0.039 -0.033 1.454 -0.106
309.550 0.042 1.508 -0.007 -0.071 1.395 -0.124
309.773 -0.015 1.420 -0.086 -0.073 1.362 -0.147
309.957 -0.044 1.372 -0.087 -0.117 1.299 -0.163
310.150 -0.098 1.306 -0.112 -0.155 1.249 -0.171
310.378 -0.124 1.270 -0.107 -0.199 1.196 -0.183
310.553 -0.143 1.212 -0.145 -0.201 1.154 -0.204
310.750 -0.137 1.150 -0.175 -0.188 1.100 -0.227
310.973 -0.113 1.092 -0.202 -0.157 1.048 -0.247
311.154 -0.073 1.042 -0.211 -0.126 0.990 -0.265
311.350 -0.022 0.994 -0.214 -0.082 0.934 -0.276
311.575 0.032 0.947 -0.219 -0.027 0.888 -0.279
311.753 0.070 0.902 -0.226 0.011 0.844 -0.286
311.950 0.083 0.853 -0.247 0.025 0.795 -0.307
312.173 0.155 0.853 -0.154 -0.018 0.680 -0.313
312.354 0.058 0.744 -0.269 -0.004 0.682 -0.333
312.550 0.051 0.688 -0.273 -0.004 0.633 -0.330
312.778 0.076 0.626 -0.266 0.016 0.566 -0.328
312.953 0.109 0.555 -0.261 0.056 0.502 -0.317
313.150 0.160 0.497 -0.237 0.091 0.428 -0.309
313.377 0.186 0.429 -0.235 0.131 0.374 -0.292
313.557 0.183 0.364 -0.232 0.132 0.313 -0.285
313.750 0.167 0.307 -0.216 0.104 0.245 -0.281
313.973 0.119 0.243 -0.209 0.064 0.188 -0.266
314.153 0.078 0.193 -0.191 0.019 0.134 -0.252
314.350 0.045 0.137 -0.174 -0.018 0.075 -0.240
314.573 0.022 0.070 -0.166 -0.036 0.013 -0.225
314.757 0.008 0.008 -0.151 -0.049 -0.049 -0.210
314.950 -0.000 -0.040 -0.134 -0.058 -0.097 -0.193
315.173 0.003 -0.072 -0.108 -0.064 -0.139 -0.177
315.357 -0.003 -0.097 -0.092 -0.065 -0.158 -0.156
315.550 -0.018 -0.088 -0.082 -0.079 -0.149 -0.144
315.773 -0.036 -0.062 -0.072 -0.097 -0.123 -0.135
315.957 -0.052 -0.031 -0.065 -0.109 -0.088 -0.123
316.150 -0.044 0.000 -0.047 -0.109 -0.064 -0.115
316.374 -0.027 0.020 -0.046 -0.079 -0.032 -0.099
316.553 -0.002 0.037 -0.034 -0.053 -0.014 -0.086
316.801 0.018 0.050 -0.020 -0.036 -0.004 -0.076
316.977 0.027 0.053 -0.014 -0.023 0.003 -0.066
317.160 0.036 0.058 -0.002 -0.022 -0.001 -0.062
317.393 0.034 0.054 0.000 -0.023 -0.004 -0.059
317.573 0.031 0.050 0.003 -0.030 -0.011 -0.060
317.770 0.024 0.042 -0.002 -0.035 -0.016 -0.061
317.995 0.018 0.036 -0.007 -0.039 -0.020 -0.065
318.177 0.014 0.034 -0.009 -0.046 -0.027 -0.071
318.370 0.007 0.027 -0.016 -0.050 -0.030 -0.074
318.593 0.017 0.037 0.001 -0.065 -0.045 -0.085
318.773 0.004 0.020 -0.022 -0.052 -0.036 -0.080
318.970 0.010 0.022 -0.018 -0.054 -0.043 -0.085
319.193 0.013 0.021 -0.019 -0.052 -0.044 -0.087
319.373 0.014 0.022 -0.020 -0.051 -0.043 -0.088
319.570 0.009 0.020 -0.028 -0.046 -0.035 -0.085
319.795 0.015 0.028 -0.021 -0.052 -0.038 -0.091
319.980 0.010 0.025 -0.030 -0.046 -0.031 -0.087
320.217 0.011 0.027 -0.029 -0.046 -0.030 -0.087
320.399 0.012 0.028 -0.029 -0.045 -0.029 -0.087
320.580 0.018 0.032 -0.020 -0.048 -0.034 -0.089
320.813 0.014 0.026 -0.025 -0.042 -0.030 -0.083
320.993 0.012 0.022 -0.027 -0.038 -0.029 -0.079
321.180 0.014 0.021 -0.025 -0.038 -0.030 -0.078
321.413 0.017 0.022 -0.020 -0.038 -0.033 -0.077
321.601 0.029 0.033 -0.001 -0.049 -0.045 -0.083
321.800 0.020 0.023 -0.017 -0.038 -0.034 -0.076
322.021 0.025 0.030 -0.011 -0.043 -0.038 -0.081
322.205 0.020 0.025 -0.021 -0.037 -0.031 -0.079
322.408 0.021 0.027 -0.023 -0.037 -0.031 -0.082
322.625 0.019 0.025 -0.030 -0.034 -0.027 -0.083
322.803 0.029 0.036 -0.019 -0.042 -0.035 -0.092
323.000 0.030 0.036 -0.020 -0.040 -0.034 -0.093
323.221 0.026 0.031 -0.029 -0.033 -0.028 -0.090
323.410 0.032 0.036 -0.021 -0.036 -0.032 -0.093
323.641 0.026 0.028 -0.033 -0.025 -0.023 -0.085
323.821 0.031 0.031 -0.027 -0.027 -0.026 -0.085
324.010 0.032 0.032 -0.026 -0.025 -0.025 -0.084
324.241 0.031 0.031 -0.027 -0.022 -0.022 -0.081
324.425 0.042 0.042 -0.010 -0.032 -0.031 -0.087
324.610 0.052 0.055 0.008 -0.043 -0.040 -0.092
324.845 0.036 0.040 -0.015 -0.030 -0.026 -0.084
325.021 0.036 0.041 -0.016 -0.032 -0.027 -0.086
325.210 0.037 0.041 -0.015 -0.033 -0.029 -0.087
325.441 0.037 0.041 -0.016 -0.033 -0.029 -0.089
325.625 0.031 0.034 -0.028 -0.025 -0.022 -0.086
325.810 0.036 0.039 -0.024 -0.028 -0.026 -0.091
326.041 0.035 0.037 -0.027 -0.026 -0.024 -0.090
326.221 0.040 0.041 -0.022 -0.030 -0.029 -0.095
326.410 0.040 0.041 -0.023 -0.030 -0.029 -0.096
326.645 0.039 0.041 -0.024 -0.030 -0.029 -0.096
326.821 0.031 0.034 -0.035 -0.024 -0.021 -0.091
327.010 0.030 0.035 -0.034 -0.026 -0.021 -0.091
327.241 0.040 0.045 -0.017 -0.036 -0.031 -0.097
327.421 0.040 0.045 -0.017 -0.036 -0.031 -0.097
327.610 0.033 0.039 -0.026 -0.029 -0.024 -0.091
327.841 0.033 0.038 -0.026 -0.027 -0.023 -0.088
328.021 0.034 0.038 -0.025 -0.027 -0.023 -0.087
328.209 0.032 0.035 -0.028 -0.025 -0.021 -0.085
328.445 0.031 0.034 -0.028 -0.024 -0.021 -0.084
328.626 0.039 0.041 -0.016 -0.031 -0.029 -0.089
328.819 0.037 0.040 -0.019 -0.030 -0.028 -0.090
329.041 0.038 0.041 -0.018 -0.032 -0.029 -0.091
329.221 0.036 0.040 -0.022 -0.031 -0.027 -0.092
329.420 0.036 0.041 -0.023 -0.032 -0.027 -0.093
329.641 0.032 0.036 -0.032 -0.026 -0.022 -0.091
329.825 0.031 0.034 -0.034 -0.024 -0.020 -0.090
330.020 0.032 0.035 -0.034 -0.024 -0.020 -0.090
330.241 0.033 0.035 -0.032 -0.024 -0.022 -0.090
330.423 0.032 0.034 -0.033 -0.023 -0.021 -0.089
330.620 0.033 0.035 -0.031 -0.025 -0.022 -0.090
330.845 0.044 0.047 -0.012 -0.038 -0.035 -0.098
331.021 0.034 0.038 -0.026 -0.029 -0.025 -0.089
331.220 0.037 0.042 -0.019 -0.033 -0.028 -0.092
331.441 0.029 0.034 -0.031 -0.026 -0.021 -0.088
331.621 0.051 0.056 0.004 -0.047 -0.043 -0.099
331.820 0.037 0.041 -0.020 -0.032 -0.028 -0.092
332.045 0.037 0.041 -0.021 -0.030 -0.027 -0.092
332.221 0.032 0.035 -0.030 -0.023 -0.021 -0.086
332.420 0.039 0.040 -0.021 -0.029 -0.027 -0.091
332.641 0.032 0.035 -0.030 -0.024 -0.021 -0.087
332.823 0.037 0.040 -0.023 -0.030 -0.026 -0.092
333.020 0.030 0.035 -0.032 -0.025 -0.021 -0.089
333.241 0.034 0.040 -0.025 -0.031 -0.026 -0.093
333.425 0.035 0.041 -0.024 -0.033 -0.027 -0.094
333.620 0.026 0.032 -0.038 -0.024 -0.018 -0.089
333.841 0.029 0.035 -0.036 -0.025 -0.019 -0.091
334.025 0.030 0.036 -0.034 -0.025 -0.020 -0.091
334.220 0.036 0.041 -0.025 -0.030 -0.025 -0.094
334.445 0.034 0.039 -0.028 -0.027 -0.022 -0.091
334.625 0.032 0.036 -0.030 -0.025 -0.021 -0.088
334.819 0.044 0.048 -0.010 -0.037 -0.034 -0.096
335.045 0.031 0.034 -0.030 -0.024 -0.022 -0.086
335.225 0.033 0.036 -0.026 -0.027 -0.024 -0.088
335.419 0.033 0.036 -0.026 -0.028 -0.025 -0.089
335.633 0.029 0.033 -0.032 -0.026 -0.022 -0.088
335.829 0.040 0.044 -0.015 -0.036 -0.032 -0.094
336.053 0.029 0.034 -0.033 -0.025 -0.021 -0.088
336.237 0.030 0.035 -0.032 -0.024 -0.020 -0.088
336.430 0.031 0.035 -0.032 -0.024 -0.020 -0.089
336.653 0.031 0.035 -0.035 -0.023 -0.019 -0.089
336.833 0.037 0.040 -0.027 -0.029 -0.025 -0.094
337.029 0.032 0.035 -0.033 -0.025 -0.021 -0.091
337.253 0.031 0.035 -0.034 -0.025 -0.021 -0.091
337.433 0.038 0.041 -0.023 -0.032 -0.029 -0.094
337.629 0.031 0.034 -0.034 -0.025 -0.022 -0.091
337.857 0.031 0.033 -0.034 -0.025 -0.023 -0.091
338.034 0.031 0.033 -0.033 -0.026 -0.023 -0.091
338.230 0.030 0.032 -0.034 -0.024 -0.022 -0.089
338.453 0.031 0.034 -0.032 -0.025 -0.022 -0.089
338.634 0.031 0.035 -0.032 -0.024 -0.020 -0.088
338.833 0.044 0.049 -0.011 -0.038 -0.033 -0.097
339.053 0.031 0.037 -0.032 -0.024 -0.019 -0.088
339.233 0.030 0.037 -0.032 -0.024 -0.018 -0.088
339.430 0.029 0.036 -0.032 -0.025 -0.018 -0.087
339.657 0.029 0.037 -0.031 -0.027 -0.019 -0.088
339.833 0.029 0.036 -0.032 -0.028 -0.020 -0.089
340.030 0.040 0.048 -0.014 -0.040 -0.032 -0.097
340.253 0.033 0.042 -0.024 -0.033 -0.025 -0.093
340.434 0.028 0.037 -0.033 -0.027 -0.019 -0.090
340.630 0.029 0.037 -0.033 -0.027 -0.018 -0.090
340.857 0.032 0.041 -0.029 -0.029 -0.021 -0.092
341.033 0.035 0.043 -0.025 -0.031 -0.023 -0.093
341.230 0.034 0.043 -0.026 -0.031 -0.022 -0.092
341.457 0.029 0.039 -0.032 -0.027 -0.018 -0.089
341.634 0.029 0.038 -0.032 -0.027 -0.018 -0.089
341.830 0.030 0.039 -0.029 -0.030 -0.020 -0.089
342.054 0.032 0.042 -0.024 -0.034 -0.024 -0.092
342.233 0.027 0.037 -0.032 -0.028 -0.018 -0.088
342.430 0.028 0.038 -0.031 -0.029 -0.019 -0.089
342.657 0.032 0.041 -0.025 -0.031 -0.022 -0.091
342.838 0.030 0.039 -0.029 -0.028 -0.019 -0.089
343.030 0.032 0.042 -0.026 -0.030 -0.021 -0.090
343.253 0.033 0.042 -0.026 -0.031 -0.021 -0.091
343.433 0.029 0.039 -0.033 -0.027 -0.017 -0.089
343.630 0.028 0.038 -0.033 -0.027 -0.017 -0.090
343.857 0.025 0.036 -0.036 -0.026 -0.015 -0.089
344.037 0.027 0.039 -0.032 -0.030 -0.018 -0.091
344.231 0.027 0.039 -0.032 -0.030 -0.018 -0.091
344.453 0.030 0.043 -0.027 -0.033 -0.020 -0.093
344.635 0.030 0.042 -0.028 -0.031 -0.019 -0.091
344.830 0.029 0.041 -0.032 -0.029 -0.016 -0.090
345.053 0.028 0.041 -0.031 -0.029 -0.016 -0.090
345.234 0.028 0.042 -0.029 -0.030 -0.016 -0.089
345.430 0.036 0.051 -0.017 -0.039 -0.024 -0.096
345.653 0.035 0.051 -0.017 -0.041 -0.025 -0.096
345.834 0.034 0.051 -0.018 -0.041 -0.025 -0.096
346.030 0.027 0.045 -0.029 -0.035 -0.018 -0.093
346.253 0.026 0.043 -0.032 -0.033 -0.016 -0.093
346.433 0.027 0.044 -0.032 -0.033 -0.015 -0.093
346.630 0.031 0.050 -0.025 -0.037 -0.019 -0.097
346.853 0.026 0.045 -0.033 -0.031 -0.013 -0.092
347.034 0.030 0.049 -0.027 -0.036 -0.017 -0.095
347.230 0.028 0.048 -0.029 -0.035 -0.015 -0.095
347.453 0.024 0.045 -0.033 -0.033 -0.012 -0.091
347.634 0.037 0.058 -0.013 -0.046 -0.025 -0.100
347.830 0.023 0.045 -0.034 -0.033 -0.011 -0.091
348.053 0.024 0.046 -0.033 -0.034 -0.012 -0.092
348.233 0.024 0.046 -0.033 -0.033 -0.010 -0.090
348.430 0.029 0.052 -0.024 -0.038 -0.015 -0.094
348.653 0.024 0.048 -0.032 -0.033 -0.010 -0.091
348.833 0.024 0.047 -0.032 -0.033 -0.009 -0.090
349.030 0.024 0.048 -0.031 -0.034 -0.010 -0.090
349.257 0.023 0.048 -0.032 -0.034 -0.010 -0.090
349.437 0.023 0.047 -0.033 -0.033 -0.009 -0.090
349.630 0.023 0.047 -0.032 -0.034 -0.010 -0.091
349.857 0.023 0.047 -0.033 -0.034 -0.010 -0.091
350.037 0.023 0.047 -0.032 -0.034 -0.010 -0.091
350.230 0.054 0.077 0.019 -0.063 -0.039 -0.101
350.453 0.027 0.050 -0.029 -0.036 -0.012 -0.092
350.634 0.026 0.049 -0.030 -0.035 -0.012 -0.092
350.831 0.026 0.050 -0.029 -0.037 -0.013 -0.094
351.053 0.021 0.045 -0.037 -0.032 -0.008 -0.090
351.240 0.030 0.055 -0.022 -0.042 -0.018 -0.097
351.429 0.023 0.047 -0.033 -0.034 -0.010 -0.092
351.657 0.032 0.056 -0.022 -0.042 -0.018 -0.099
351.833 0.033 0.056 -0.021 -0.041 -0.018 -0.099
352.030 0.026 0.049 -0.031 -0.034 -0.011 -0.094
352.254 0.026 0.048 -0.033 -0.033 -0.010 -0.094
352.435 0.025 0.047 -0.034 -0.033 -0.010 -0.093
352.630 0.019 0.045 -0.035 -0.037 -0.012 -0.092
352.859 0.000 0.037 -0.036 -0.056 -0.020 -0.094
353.041 -0.017 0.028 -0.037 -0.074 -0.029 -0.095
353.230 -0.030 0.022 -0.036 -0.087 -0.035 -0.095
353.454 -0.041 0.017 -0.037 -0.094 -0.037 -0.092
353.633 -0.046 0.015 -0.034 -0.097 -0.036 -0.087
353.831 -0.044 0.018 -0.032 -0.096 -0.034 -0.085
354.057 -0.029 0.032 -0.014 -0.102 -0.041 -0.091
354.240 -0.034 0.028 -0.028 -0.088 -0.026 -0.083
354.477 -0.032 0.030 -0.029 -0.084 -0.022 -0.082
354.653 -0.023 0.040 -0.019 -0.089 -0.026 -0.089
354.840 -0.028 0.035 -0.031 -0.080 -0.017 -0.084
355.073 -0.018 0.045 -0.020 -0.088 -0.024 -0.092
355.253 -0.024 0.040 -0.031 -0.079 -0.015 -0.088
355.440 -0.018 0.046 -0.026 -0.082 -0.018 -0.093
355.677 -0.024 0.040 -0.038 -0.074 -0.009 -0.089
355.853 -0.021 0.044 -0.036 -0.074 -0.010 -0.091
356.041 -0.015 0.049 -0.028 -0.078 -0.014 -0.092
356.278 -0.020 0.045 -0.035 -0.072 -0.008 -0.088
356.453 -0.017 0.049 -0.027 -0.076 -0.011 -0.088
356.640 -0.018 0.048 -0.027 -0.077 -0.011 -0.087
356.873 0.011 0.077 0.025 -0.106 -0.041 -0.096
357.053 -0.018 0.047 -0.026 -0.079 -0.014 -0.089
357.240 -0.020 0.044 -0.032 -0.077 -0.012 -0.090
357.473 -0.016 0.048 -0.026 -0.081 -0.017 -0.094
357.653 -0.011 0.051 -0.023 -0.083 -0.021 -0.098
357.840 -0.005 0.045 -0.036 -0.064 -0.014 -0.096
358.073 0.034 0.056 -0.027 -0.040 -0.018 -0.103
358.254 0.070 0.056 -0.031 -0.002 -0.016 -0.106
358.440 0.097 0.054 -0.029 0.025 -0.018 -0.104
358.673 0.103 0.042 -0.038 0.048 -0.014 -0.094
358.857 0.111 0.044 -0.023 0.038 -0.028 -0.098
359.040 0.100 0.036 -0.022 0.027 -0.037 -0.097
359.273 0.081 0.022 -0.031 0.022 -0.037 -0.091
359.454 0.070 0.018 -0.030 0.012 -0.040 -0.089
359.644 0.058 0.015 -0.033 0.008 -0.036 -0.085
359.874 0.054 0.020 -0.028 0.002 -0.032 -0.081
360.053 0.053 0.024 -0.026 0.001 -0.027 -0.078
360.246 0.060 0.034 -0.016 -0.002 -0.028 -0.078
360.473 0.078 0.052 0.010 -0.013 -0.039 -0.085
360.653 0.071 0.044 -0.010 0.003 -0.024 -0.080
360.840 0.072 0.044 -0.015 0.008 -0.020 -0.081
361.073 0.072 0.044 -0.024 0.014 -0.015 -0.084
361.253 0.075 0.046 -0.026 0.017 -0.013 -0.086
361.440 0.079 0.048 -0.029 0.019 -0.011 -0.090
361.677 0.081 0.050 -0.031 0.021 -0.010 -0.093
361.853 0.079 0.048 -0.037 0.024 -0.008 -0.094
362.040 0.087 0.056 -0.026 0.014 -0.018 -0.103
362.273 0.086 0.054 -0.026 0.012 -0.020 -0.103
362.453 0.084 0.051 -0.027 0.011 -0.022 -0.103
362.640 0.084 0.050 -0.026 0.010 -0.024 -0.103
362.873 0.080 0.046 -0.031 0.012 -0.022 -0.102
363.057 0.076 0.041 -0.035 0.017 -0.018 -0.095
363.240 0.080 0.045 -0.027 0.012 -0.023 -0.098
363.474 0.079 0.043 -0.029 0.014 -0.021 -0.095
363.653 0.076 0.040 -0.032 0.018 -0.018 -0.091
363.850 0.076 0.040 -0.031 0.018 -0.018 -0.090
364.073 0.077 0.041 -0.030 0.019 -0.017 -0.089
364.253 0.074 0.038 -0.034 0.022 -0.014 -0.087
364.450 0.077 0.042 -0.031 0.019 -0.016 -0.089
364.678 0.083 0.049 -0.021 0.013 -0.021 -0.094
364.853 0.076 0.044 -0.031 0.018 -0.014 -0.091
365.050 0.089 0.059 -0.011 0.005 -0.026 -0.099
365.277 0.075 0.046 -0.036 0.019 -0.010 -0.092
365.453 0.077 0.049 -0.032 0.017 -0.011 -0.094
365.650 0.082 0.054 -0.026 0.013 -0.015 -0.096
365.877 0.089 0.060 -0.015 0.007 -0.022 -0.101
366.053 0.075 0.044 -0.037 0.021 -0.009 -0.093
366.250 0.076 0.046 -0.033 0.017 -0.013 -0.093
366.473 0.074 0.043 -0.036 0.018 -0.012 -0.093
366.653 0.079 0.048 -0.027 0.012 -0.019 -0.097
366.850 0.076 0.045 -0.031 0.014 -0.016 -0.093
367.077 0.074 0.043 -0.034 0.017 -0.014 -0.092
367.253 0.074 0.044 -0.034 0.017 -0.014 -0.093
367.450 0.075 0.045 -0.033 0.016 -0.014 -0.093
367.673 0.076 0.046 -0.032 0.016 -0.014 -0.094
367.857 0.075 0.046 -0.033 0.017 -0.013 -0.093
368.050 0.088 0.059 -0.014 0.004 -0.025 -0.101
368.273 0.077 0.048 -0.033 0.017 -0.012 -0.095
368.453 0.078 0.048 -0.033 0.017 -0.012 -0.095
368.651 0.076 0.047 -0.034 0.018 -0.011 -0.094
368.873 0.077 0.048 -0.034 0.016 -0.013 -0.095
369.053 0.077 0.048 -0.033 0.015 -0.014 -0.096
369.250 0.076 0.045 -0.035 0.016 -0.015 -0.096
369.473 0.085 0.047 -0.023 0.008 -0.029 -0.102
369.653 0.083 0.036 -0.027 0.011 -0.036 -0.102
369.850 0.084 0.030 -0.028 0.011 -0.043 -0.103
370.073 0.084 0.026 -0.026 0.009 -0.049 -0.105
370.253 0.085 0.024 -0.022 0.007 -0.055 -0.104
370.450 0.088 0.024 -0.013 0.003 -0.060 -0.100
370.673 0.089 0.024 -0.012 0.003 -0.062 -0.101
370.857 0.083 0.019 -0.018 0.008 -0.056 -0.097
371.050 0.084 0.024 -0.017 0.004 -0.056 -0.099
371.273 0.073 0.017 -0.036 0.013 -0.042 -0.097
371.453 0.073 0.021 -0.039 0.012 -0.040 -0.101
371.650 0.075 0.025 -0.036 0.009 -0.041 -0.102
371.873 0.084 0.036 -0.021 0.001 -0.048 -0.107
372.057 0.077 0.030 -0.034 0.009 -0.037 -0.101
372.250 0.081 0.036 -0.030 0.007 -0.038 -0.105
372.473 0.079 0.035 -0.031 0.010 -0.034 -0.100
372.653 0.079 0.036 -0.037 0.014 -0.030 -0.103
372.853 0.114 0.071 0.030 -0.019 -0.062 -0.102
373.077 0.100 0.057 -0.002 -0.005 -0.047 -0.111
373.253 0.104 0.061 0.009 -0.010 -0.053 -0.108
373.450 0.090 0.046 -0.017 0.001 -0.042 -0.109
373.673 0.085 0.041 -0.022 0.003 -0.042 -0.108
373.853 0.090 0.045 -0.008 -0.004 -0.049 -0.105
374.050 0.077 0.032 -0.032 0.008 -0.038 -0.104
374.273 0.077 0.031 -0.033 0.008 -0.038 -0.103
374.457 0.081 0.035 -0.026 0.003 -0.043 -0.106
374.650 0.082 0.036 -0.025 0.003 -0.044 -0.107
374.877 0.073 0.026 -0.042 0.013 -0.034 -0.103
375.054 0.079 0.032 -0.034 0.009 -0.039 -0.107
375.250 0.073 0.026 -0.041 0.015 -0.032 -0.099
375.474 0.083 0.035 -0.025 0.007 -0.040 -0.104
375.653 0.081 0.033 -0.029 0.012 -0.037 -0.101
375.850 0.077 0.028 -0.034 0.018 -0.031 -0.095
376.073 0.077 0.029 -0.031 0.018 -0.031 -0.092
376.253 0.073 0.025 -0.034 0.021 -0.027 -0.088
376.450 0.075 0.030 -0.026 0.016 -0.030 -0.088
376.673 0.075 0.027 -0.031 0.017 -0.031 -0.090
376.857 0.084 0.006 -0.047 0.026 -0.053 -0.107
377.050 0.103 -0.033 -0.062 0.041 -0.095 -0.126
377.273 0.125 -0.094 -0.090 0.074 -0.145 -0.143
377.464 0.155 -0.152 -0.105 0.106 -0.201 -0.156
377.650 0.194 -0.212 -0.113 0.141 -0.265 -0.167
377.873 0.234 -0.279 -0.122 0.184 -0.330 -0.174
378.053 0.280 -0.346 -0.126 0.229 -0.398 -0.179
378.250 0.321 -0.398 -0.127 0.258 -0.462 -0.193
378.473 0.318 -0.459 -0.156 0.268 -0.508 -0.206
378.654 0.303 -0.505 -0.168 0.248 -0.560 -0.224
378.859 0.265 -0.553 -0.179 0.209 -0.608 -0.235
379.078 0.227 -0.595 -0.187 0.173 -0.649 -0.243
379.254 0.209 -0.651 -0.196 0.156 -0.703 -0.250
379.450 0.205 -0.720 -0.201 0.153 -0.772 -0.254
379.673 0.210 -0.795 -0.197 0.156 -0.849 -0.252
379.860 0.203 -0.860 -0.192 0.153 -0.909 -0.243
380.097 0.170 -0.908 -0.188 0.121 -0.956 -0.238
380.273 0.130 -0.937 -0.176 0.066 -1.000 -0.242
380.460 0.075 -0.958 -0.162 -0.002 -1.035 -0.242
380.693 0.013 -0.987 -0.167 -0.045 -1.044 -0.225
380.877 -0.005 -0.982 -0.111 -0.107 -1.084 -0.214
381.060 -0.032 -1.006 -0.133 -0.098 -1.071 -0.199
381.297 0.000 -0.970 -0.012 -0.172 -1.142 -0.170
381.474 0.006 -0.982 -0.033 -0.143 -1.130 -0.178
381.660 -0.004 -1.017 -0.093 -0.072 -1.085 -0.162
381.893 0.006 -1.015 -0.090 -0.049 -1.070 -0.147
382.073 0.023 -0.997 -0.077 -0.032 -1.051 -0.133
382.260 0.039 -0.976 -0.062 -0.017 -1.032 -0.119
382.494 0.053 -0.960 -0.045 -0.004 -1.017 -0.105
382.673 0.061 -0.950 -0.030 0.003 -1.008 -0.091
382.860 0.070 -0.946 -0.016 0.011 -1.005 -0.077
383.093 0.070 -0.947 -0.009 0.014 -1.003 -0.067
383.273 0.076 -0.946 0.005 0.009 -1.013 -0.065
383.460 0.064 -0.955 -0.000 0.006 -1.013 -0.060
383.693 0.058 -0.958 -0.005 0.001 -1.016 -0.064
383.874 0.057 -0.961 -0.007 -0.004 -1.021 -0.069
384.060 0.051 -0.967 -0.015 -0.003 -1.022 -0.071
384.297 0.051 -0.968 -0.016 -0.007 -1.026 -0.076
384.473 0.050 -0.971 -0.020 -0.007 -1.029 -0.079
384.660 0.049 -0.974 -0.021 -0.009 -1.032 -0.081
384.894 0.048 -0.976 -0.023 -0.010 -1.034 -0.083
385.073 0.050 -0.976 -0.022 -0.012 -1.038 -0.086
385.260 0.041 -0.990 -0.032 -0.001 -1.031 -0.074
385.494 0.042 -0.989 -0.031 -0.002 -1.033 -0.077
385.673 0.037 -0.989 -0.035 -0.002 -1.028 -0.075
385.860 0.041 -0.984 -0.032 -0.004 -1.029 -0.079
386.094 0.036 -0.988 -0.039 0.003 -1.021 -0.073
386.274 0.048 -0.974 -0.032 -0.008 -1.030 -0.089
386.470 0.049 -0.972 -0.031 -0.008 -1.030 -0.089
386.701 0.051 -0.972 -0.029 -0.008 -1.031 -0.089
386.885 0.050 -0.974 -0.029 -0.005 -1.029 -0.086
387.070 0.053 -0.974 -0.025 -0.006 -1.033 -0.086
387.301 0.054 -0.975 -0.023 -0.005 -1.033 -0.084
387.481 0.056 -0.977 -0.023 -0.003 -1.036 -0.084
387.670 0.063 -0.994 -0.028 0.007 -1.049 -0.085
387.901 0.083 -1.038 -0.035 0.030 -1.091 -0.089
388.081 0.107 -1.094 -0.037 0.059 -1.142 -0.087
388.270 0.133 -1.143 -0.034 0.076 -1.199 -0.092
388.505 0.127 -1.192 -0.039 0.076 -1.242 -0.090
388.681 0.100 -1.234 -0.041 0.045 -1.288 -0.097
388.870 0.176 -1.192 0.108 -0.045 -1.412 -0.068
389.105 0.238 -1.169 0.179 -0.113 -1.521 -0.006
389.285 0.300 -1.152 0.197 -0.181 -1.632 0.011
389.470 0.364 -1.137 0.193 -0.254 -1.752 0.007
389.701 0.432 -1.122 0.187 -0.332 -1.880 0.002
389.885 0.506 -1.105 0.183 -0.417 -2.016 -0.002
390.070 0.586 -1.085 0.181 -0.507 -2.161 -0.005
390.305 0.677 -1.058 0.190 -0.598 -2.310 0.005
390.481 0.777 -1.028 0.197 -0.692 -2.471 0.011
390.670 0.888 -0.994 0.210 -0.785 -2.641 0.024
390.901 -0.219 -0.729 -0.032 -0.276 -0.786 -0.091
391.081 -0.248 -0.632 -0.017 -0.319 -0.703 -0.091
391.270 -0.299 -0.555 -0.026 -0.351 -0.607 -0.080
391.501 -0.345 -0.472 -0.027 -0.399 -0.526 -0.082
391.682 -0.400 -0.397 -0.031 -0.453 -0.451 -0.086
391.870 -0.463 -0.330 -0.038 -0.515 -0.382 -0.091
392.105 -0.532 -0.268 -0.039 -0.588 -0.324 -0.097
392.282 -0.616 -0.212 -0.042 -0.674 -0.270 -0.102
392.470 -0.564 -0.135 0.151 -0.767 -0.338 -0.020
392.701 -0.592 -0.049 0.235 -0.927 -0.385 0.050
392.881 -0.626 0.025 0.250 -1.090 -0.443 0.064
393.070 -0.661 0.089 0.253 -1.258 -0.516 0.067
393.302 -0.694 0.144 0.262 -1.432 -0.607 0.076
393.481 -0.724 0.196 0.268 -1.612 -0.712 0.082
393.671 -0.747 0.237 0.273 -1.794 -0.837 0.087
393.901 -0.762 0.269 0.279 -1.977 -0.980 0.093
394.081 -0.766 0.293 0.280 -2.167 -1.148 0.094
394.279 -0.759 0.311 0.286 -2.348 -1.323 0.100
394.505 -0.739 0.322 0.291 -2.527 -1.512 0.105
394.681 -0.703 0.325 0.294 -2.700 -1.715 0.108
394.880 -0.650 0.318 0.297 -2.863 -1.929 0.111
395.101 -0.576 0.305 0.294 -3.011 -2.149 0.107
395.281 -0.485 0.280 0.298 -3.146 -2.378 0.111
395.480 -0.370 0.253 0.294 -3.262 -2.607 0.107
395.701 -0.232 0.222 0.289 -3.357 -2.835 0.102
395.881 -0.074 0.189 0.284 -3.433 -3.062 0.097
396.080 0.109 0.161 0.273 -3.487 -3.287 0.086
396.301 0.303 0.134 0.261 -3.533 -3.520 0.073
396.481 0.503 0.113 0.248 -3.579 -3.750 0.060
396.680 0.687 0.119 0.241 -3.640 -3.939 0.052
396.905 0.849 0.156 0.238 -3.716 -4.081 0.048
397.081 0.995 0.217 0.237 -3.802 -4.206 0.046
397.280 1.134 0.297 0.237 -3.897 -4.352 0.047
397.501 1.251 0.423 0.250 -4.021 -4.500 0.061
397.686 1.387 0.552 0.266 -4.140 -4.700 0.078
397.881 1.553 0.683 0.287 -4.257 -4.951 0.100
398.102 1.751 0.817 0.314 -4.372 -5.246 0.127
398.281 1.981 0.949 0.342 -4.479 -5.576 0.156
398.481 2.232 1.086 0.367 -4.595 -5.936 0.180
398.701 2.494 1.234 0.392 -4.723 -6.000 0.205
398.881 2.767 1.390 0.420 -4.855 -6.000 0.234
399.080 3.046 1.559 0.450 -4.996 -6.000 0.263
399.305 3.328 1.747 0.476 -5.157 -6.000 0.290
399.481 3.626 1.946 0.504 -5.330 -6.000 0.318
399.680 3.937 2.169 0.525 -5.519 -6.000 0.338
399.901 4.270 2.394 0.550 -5.714 -6.000 0.364
400.085 4.618 2.622 0.581 -5.917 -6.000 0.394
400.280 4.982 2.864 0.610 -6.000 -6.000 0.424
400.505 5.364 3.119 0.634 -6.000 -6.000 0.448
400.685 5.752 3.381 0.664 -6.000 -6.000 0.478
400.880 6.000 3.653 0.696 -6.000 -6.000 0.509
401.101 6.000 3.934 0.728 -6.000 -6.000 0.542
401.285 6.000 4.227 0.764 -6.000 -6.000 0.578
401.480 6.000 4.527 0.797 -6.000 -6.000 0.611
401.701 6.000 4.839 0.831 -6.000 -6.000 0.645
401.885 6.000 5.163 0.865 -6.000 -6.000 0.678
402.079 6.000 5.496 0.902 -6.000 -6.000 0.716
402.301 6.000 5.839 0.941 -6.000 -6.000 0.754
402.481 6.000 6.000 0.973 -6.000 -6.000 0.787
402.680 6.000 6.000 1.011 -6.000 -6.000 0.824
402.905 6.000 6.000 1.042 -6.000 -6.000 0.855
403.081 6.000 6.000 1.078 -6.000 -6.000 0.891
403.280 6.000 6.000 1.115 -6.000 -6.000 0.928
403.505 6.000 6.000 1.145 -6.000 -6.000 0.959
403.681 6.000 6.000 1.176 -6.000 -6.000 0.989
403.880 6.000 6.000 1.214 -6.000 -6.000 1.027
404.101 6.000 6.000 1.252 -6.000 -6.000 1.065
404.289 6.000 6.000 1.289 -6.000 -6.000 1.103
404.525 6.000 6.000 1.325 -6.000 -6.000 1.138
404.701 6.000 6.000 1.360 -6.000 -6.000 1.173
404.899 6.000 6.000 1.398 -6.000 -6.000 1.211
405.125 6.000 6.000 1.434 -6.000 -6.000 1.247
405.301 6.000 6.000 1.472 -6.000 -6.000 1.285
405.500 6.000 6.000 1.509 -6.000 -6.000 1.322
405.722 6.000 6.000 1.541 -6.000 -6.000 1.355
405.901 6.000 6.000 1.582 -6.000 -6.000 1.395
406.101 6.000 6.000 1.616 -6.000 -6.000 1.429
406.321 6.000 6.000 1.654 -6.000 -6.000 1.467
406.501 6.000 6.000 1.689 -6.000 -6.000 1.502
406.700 6.000 6.000 1.722 -6.000 -6.000 1.535
406.921 6.000 6.000 1.760 -6.000 -6.000 1.572
407.105 6.000 6.000 1.793 -6.000 -6.000 1.606
407.300 6.000 6.000 1.827 -6.000 -6.000 1.640
407.521 6.000 6.000 1.861 -6.000 -6.000 1.673
407.709 6.000 6.000 1.893 -6.000 -6.000 1.706
407.941 6.000 6.000 1.923 -6.000 -6.000 1.736
408.125 6.000 6.000 1.951 -6.000 -6.000 1.764
408.310 6.000 6.000 1.966 -6.000 -6.000 1.778
408.541 6.000 6.000 1.965 -6.000 -6.000 1.775
408.725 6.000 6.000 1.958 -6.000 -6.000 1.767
408.910 6.000 6.000 1.946 -6.000 -6.000 1.754
409.145 6.000 6.000 1.943 -6.000 -6.000 1.750
409.321 6.000 6.000 1.946 -6.000 -6.000 1.755
409.510 6.000 6.000 1.950 -6.000 -6.000 1.760
409.741 6.000 6.000 1.945 -6.000 -6.000 1.756
409.921 6.000 6.000 1.944 -6.000 -6.000 1.755
410.110 6.000 6.000 1.941 -6.000 -6.000 1.752
410.345 6.000 6.000 1.939 -6.000 -6.000 1.750
410.521 6.000 6.000 1.943 -6.000 -6.000 1.754
410.710 6.000 6.000 1.944 -6.000 -6.000 1.753
410.941 6.000 6.000 1.951 -6.000 -6.000 1.760
411.125 6.000 6.000 1.951 -6.000 -6.000 1.761
411.310 6.000 6.000 1.949 -6.000 -6.000 1.759
411.541 6.000 6.000 1.948 -6.000 -6.000 1.758
411.721 6.000 6.000 1.951 -6.000 -6.000 1.760
411.910 6.000 6.000 1.946 -6.000 -6.000 1.754
412.141 6.000 6.000 1.944 -6.000 -6.000 1.751
412.321 6.000 6.000 1.938 -6.000 -6.000 1.745
412.510 6.000 6.000 1.938 -6.000 -6.000 1.747
412.745 6.000 6.000 1.937 -6.000 -6.000 1.745
412.921 6.000 6.000 1.932 -6.000 -6.000 1.740
413.120 6.000 6.000 1.930 -6.000 -6.000 1.736
413.341 6.000 6.000 1.923 -6.000 -6.000 1.728
413.521 6.000 6.000 1.918 -6.000 -6.000 1.722
413.720 6.000 6.000 1.913 -6.000 -6.000 1.716
413.945 6.000 6.000 1.902 -6.000 -6.000 1.706
414.125 6.000 6.000 1.889 -6.000 -6.000 1.693
414.320 6.000 6.000 1.881 -6.000 -6.000 1.686
414.545 6.000 6.000 1.877 -6.000 -6.000 1.683
414.721 6.000 6.000 1.877 -6.000 -6.000 1.686
414.920 6.000 6.000 1.883 -6.000 -6.000 1.692
415.141 6.000 6.000 1.901 -6.000 -6.000 1.704
415.325 6.000 6.000 1.918 -6.000 -6.000 1.714
415.520 6.000 6.000 1.934 -6.000 -6.000 1.728
415.741 6.000 6.000 1.946 -6.000 -6.000 1.743
415.921 6.000 6.000 1.954 -6.000 -6.000 1.750
416.120 6.000 6.000 1.948 -6.000 -6.000 1.742
416.341 6.000 6.000 1.941 -6.000 -6.000 1.738
416.523 6.000 6.000 1.937 -6.000 -6.000 1.740
416.720 6.000 6.000 1.931 -6.000 -6.000 1.739
416.941 6.000 6.000 1.938 -6.000 -6.000 1.746
417.122 6.000 6.000 1.932 -6.000 -6.000 1.739
417.320 6.000 6.000 1.929 -6.000 -6.000 1.731
417.541 6.000 6.000 1.943 -6.000 -6.000 1.738
417.721 6.000 6.000 1.951 -6.000 -6.000 1.742
417.920 6.000 6.000 1.947 -6.000 -6.000 1.737
418.145 6.000 6.000 1.946 -6.000 -6.000 1.734
418.321 6.000 6.000 1.949 -6.000 -6.000 1.741
418.520 6.000 6.000 1.950 -6.000 -6.000 1.743
418.742 6.000 6.000 1.948 -6.000 -6.000 1.737
418.921 6.000 6.000 1.951 -6.000 -6.000 1.740
419.120 6.000 6.000 1.947 -6.000 -6.000 1.742
419.345 6.000 6.000 1.947 -6.000 -6.000 1.747
419.521 6.000 6.000 1.943 -6.000 -6.000 1.747
419.720 6.000 6.000 1.947 -6.000 -6.000 1.754
419.942 6.000 6.000 1.948 -6.000 -6.000 1.756
420.121 6.000 6.000 1.941 -6.000 -6.000 1.749
420.320 6.000 6.000 1.945 -6.000 -6.000 1.752
420.541 6.000 6.000 1.946 -6.000 -6.000 1.754
420.721 6.000 6.000 1.948 -6.000 -6.000 1.756
420.920 6.000 6.000 1.945 -6.000 -6.000 1.754
421.141 6.000 6.000 1.947 -6.000 -6.000 1.755
421.321 6.000 6.000 1.945 -6.000 -6.000 1.754
421.520 6.000 6.000 1.943 -6.000 -6.000 1.752
421.745 6.000 6.000 1.945 -6.000 -6.000 1.754
421.921 6.000 6.000 1.948 -6.000 -6.000 1.758
422.119 6.000 6.000 1.945 -6.000 -6.000 1.755
422.341 6.000 6.000 1.942 -6.000 -6.000 1.752
422.530 6.000 6.000 1.945 -6.000 -6.000 1.754
422.765 6.000 6.000 1.947 -6.000 -6.000 1.757
422.941 6.000 6.000 1.949 -6.000 -6.000 1.759
423.131 6.000 6.000 1.946 -6.000 -6.000 1.756
423.365 6.000 6.000 1.947 -6.000 -6.000 1.757
423.546 6.000 6.000 1.942 -6.000 -6.000 1.752
423.730 6.000 6.000 1.938 -6.000 -6.000 1.748
423.965 6.000 6.000 1.941 -6.000 -6.000 1.752
424.141 6.000 6.000 1.942 -6.000 -6.000 1.752
424.330 6.000 6.000 1.940 -6.000 -6.000 1.750
424.561 6.000 6.000 1.945 -6.000 -6.000 1.753
424.741 6.000 6.000 1.948 -6.000 -6.000 1.751
424.930 6.000 6.000 1.949 -6.000 -6.000 1.748
425.165 6.000 6.000 1.950 -6.000 -6.000 1.752
425.345 6.000 6.000 1.944 -6.000 -6.000 1.751
425.540 6.000 6.000 1.942 -6.000 -6.000 1.751
425.761 6.000 6.000 1.939 -6.000 -6.000 1.748
425.941 6.000 6.000 1.937 -6.000 -6.000 1.748
426.140 6.000 6.000 1.936 -6.000 -6.000 1.748
426.361 6.000 6.000 1.939 -6.000 -6.000 1.750
426.545 6.000 6.000 1.940 -6.000 -6.000 1.752
426.740 6.000 6.000 1.940 -6.000 -6.000 1.749
426.961 6.000 6.000 1.940 -6.000 -6.000 1.744
427.145 6.000 6.000 1.944 -6.000 -6.000 1.745
427.340 6.000 6.000 1.940 -6.000 -6.000 1.743
427.565 6.000 6.000 1.942 -6.000 -6.000 1.748
427.741 6.000 6.000 1.940 -6.000 -6.000 1.747
427.939 6.000 6.000 1.938 -6.000 -6.000 1.747
428.161 6.000 6.000 1.938 -6.000 -6.000 1.748
428.341 6.000 6.000 1.940 -6.000 -6.000 1.751
428.593 6.000 6.000 1.939 -6.000 -6.000 1.751
428.778 6.000 6.000 1.943 -6.000 -6.000 1.756
428.960 6.000 6.000 1.939 -6.000 -6.000 1.752
429.197 6.000 6.000 1.939 -6.000 -6.000 1.752
429.373 6.000 6.000 1.940 -6.000 -6.000 1.749
429.560 6.000 6.000 1.932 -6.000 -6.000 1.738
429.801 6.000 6.000 1.929 -6.000 -6.000 1.737
429.973 6.000 6.000 1.937 -6.000 -6.000 1.743
430.160 6.000 6.000 1.949 -6.000 -6.000 1.753
430.397 6.000 6.000 1.950 -6.000 -6.000 1.758
430.574 6.000 6.000 1.942 -6.000 -6.000 1.755
430.760 6.000 6.000 1.937 -6.000 -6.000 1.750
430.997 6.000 6.000 1.936 -6.000 -6.000 1.750
431.177 6.000 6.000 1.937 -6.000 -6.000 1.750
431.360 6.000 6.000 1.939 -6.000 -6.000 1.752
431.593 6.000 6.000 1.942 -6.000 -6.000 1.755
431.773 6.000 6.000 1.937 -6.000 -6.000 1.750
431.960 6.000 6.000 1.937 -6.000 -6.000 1.751
432.193 6.000 6.000 1.936 -6.000 -6.000 1.750
432.377 6.000 6.000 1.937 -6.000 -6.000 1.751
432.560 6.000 6.000 1.939 -6.000 -6.000 1.753
432.793 6.000 6.000 1.938 -6.000 -6.000 1.752
432.973 6.000 6.000 1.939 -6.000 -6.000 1.753
433.160 6.000 6.000 1.938 -6.000 -6.000 1.752
433.393 6.000 6.000 1.937 -6.000 -6.000 1.751
433.573 6.000 6.000 1.938 -6.000 -6.000 1.752
433.760 6.000 6.000 1.938 -6.000 -6.000 1.752
433.993 6.000 6.000 1.942 -6.000 -6.000 1.755
434.173 6.000 6.000 1.940 -6.000 -6.000 1.754
434.360 6.000 6.000 1.938 -6.000 -6.000 1.752
434.593 6.000 6.000 1.936 -6.000 -6.000 1.750
434.773 6.000 6.000 1.940 -6.000 -6.000 1.754
434.961 6.000 6.000 1.944 -6.000 -6.000 1.758
435.198 6.000 6.000 1.940 -6.000 -6.000 1.754
435.373 6.000 6.000 1.940 -6.000 -6.000 1.753
435.560 6.000 6.000 1.929 -6.000 -6.000 1.738
435.793 6.000 6.000 1.914 -6.000 -6.000 1.717
435.973 6.000 6.000 1.891 -6.000 -6.000 1.690
436.160 6.000 6.000 1.861 -6.000 -6.000 1.660
436.393 6.000 6.000 1.830 -6.000 -6.000 1.633
436.577 6.000 6.000 1.789 -6.000 -6.000 1.595
436.760 6.000 6.000 1.752 -6.000 -6.000 1.559
436.997 6.000 6.000 1.711 -6.000 -6.000 1.518
437.174 6.000 6.000 1.672 -6.000 -6.000 1.479
437.360 1.111 0.019 1.298 1.065 -0.028 1.252
437.593 1.114 0.027 1.258 1.055 -0.032 1.198
437.774 1.103 0.020 1.207 1.049 -0.035 1.151
437.960 1.093 0.014 1.156 1.041 -0.038 1.103
438.193 1.083 0.009 1.106 1.032 -0.043 1.053
438.373 1.071 -0.001 1.056 1.020 -0.052 1.004
438.560 1.064 -0.003 1.006 1.012 -0.055 0.953
438.797 1.052 -0.011 0.952 1.004 -0.059 0.903
438.974 1.042 -0.018 0.900 0.993 -0.067 0.850
439.160 1.033 -0.022 0.849 0.982 -0.073 0.797
439.393 1.024 -0.030 0.796 0.971 -0.083 0.742
439.573 1.013 -0.037 0.743 0.961 -0.089 0.689
439.760 1.002 -0.045 0.688 0.951 -0.096 0.636
439.993 0.991 -0.054 0.634 0.941 -0.104 0.582
440.173 0.979 -0.062 0.580 0.930 -0.111 0.529
440.360 0.969 -0.070 0.538 0.921 -0.118 0.490
440.597 0.960 -0.075 0.512 0.912 -0.124 0.462
440.773 0.948 -0.084 0.491 0.899 -0.132 0.441
440.960 0.920 -0.104 0.471 0.864 -0.160 0.414
441.197 0.875 -0.132 0.444 0.818 -0.189 0.385
441.374 0.826 -0.140 0.412 0.772 -0.194 0.356
441.560 0.775 -0.124 0.384 0.723 -0.176 0.330
441.797 0.725 -0.093 0.361 0.672 -0.146 0.307
441.973 0.679 -0.052 0.344 0.623 -0.108 0.286
442.160 0.647 -0.012 0.344 0.574 -0.086 0.267
442.394 0.601 0.001 0.336 0.516 -0.084 0.247
442.577 0.518 -0.030 0.294 0.464 -0.084 0.239
442.760 0.455 -0.047 0.278 0.403 -0.099 0.224
442.993 0.396 -0.041 0.261 0.345 -0.092 0.208
443.173 0.338 -0.015 0.247 0.283 -0.070 0.191
443.360 0.284 0.020 0.235 0.228 -0.036 0.177
443.593 0.233 0.055 0.222 0.175 -0.003 0.163
443.773 0.181 0.069 0.203 0.127 0.016 0.148
443.960 0.148 0.094 0.214 0.055 0.000 0.116
444.193 0.085 0.065 0.153 0.036 0.016 0.102
444.377 0.059 0.058 0.123 0.009 0.008 0.071
444.560 0.050 0.049 0.085 0.000 -0.000 0.034
444.793 0.054 0.048 0.043 0.007 0.000 -0.006
444.977 0.081 0.068 0.039 -0.000 -0.014 -0.046
445.160 0.090 0.059 -0.024 0.042 0.010 -0.075
445.393 0.106 0.063 -0.049 0.057 0.015 -0.099
445.573 0.116 0.066 -0.065 0.068 0.018 -0.114
445.760 0.121 0.065 -0.075 0.075 0.019 -0.123
445.997 0.123 0.062 -0.078 0.074 0.013 -0.128
446.174 0.118 0.053 -0.081 0.071 0.005 -0.129
446.360 0.115 0.047 -0.077 0.064 -0.004 -0.129
446.593 0.110 0.041 -0.073 0.060 -0.008 -0.124
446.777 0.106 0.039 -0.068 0.057 -0.010 -0.117
446.960 0.103 0.039 -0.060 0.053 -0.011 -0.111
447.197 0.099 0.040 -0.054 0.050 -0.009 -0.104
447.373 0.097 0.042 -0.046 0.048 -0.007 -0.096
447.560 0.095 0.044 -0.040 0.046 -0.004 -0.090
447.793 0.094 0.048 -0.032 0.044 -0.001 -0.083
447.977 0.094 0.053 -0.026 0.043 0.002 -0.078
448.160 0.101 0.064 -0.010 0.035 -0.002 -0.079
448.397 0.092 0.060 -0.018 0.042 0.010 -0.069
448.577 0.094 0.066 -0.016 0.044 0.016 -0.068
448.760 0.112 0.088 0.007 0.032 0.008 -0.078
448.993 0.099 0.079 -0.018 0.049 0.030 -0.069
449.177 0.102 0.086 -0.018 0.048 0.032 -0.073
449.360 0.100 0.089 -0.020 0.046 0.035 -0.076
449.593 0.097 0.089 -0.028 0.048 0.041 -0.078
449.773 0.094 0.090 -0.032 0.045 0.041 -0.082
449.960 0.093 0.091 -0.034 0.042 0.041 -0.086
450.193 0.091 0.090 -0.038 0.041 0.040 -0.089
450.373 0.091 0.089 -0.040 0.041 0.039 -0.091
450.560 0.092 0.088 -0.041 0.041 0.038 -0.093
450.793 0.094 0.089 -0.040 0.042 0.036 -0.094
450.977 0.096 0.088 -0.039 0.044 0.035 -0.093
451.160 0.103 0.092 -0.031 0.042 0.031 -0.094
451.393 0.103 0.090 -0.031 0.046 0.033 -0.090
451.573 0.101 0.087 -0.033 0.051 0.037 -0.085
451.760 0.103 0.089 -0.029 0.050 0.036 -0.083
451.995 0.103 0.090 -0.028 0.051 0.038 -0.080
452.174 0.104 0.091 -0.026 0.051 0.039 -0.080
452.360 0.103 0.092 -0.026 0.052 0.040 -0.079
452.593 0.104 0.093 -0.025 0.050 0.039 -0.081
452.773 0.103 0.092 -0.028 0.052 0.041 -0.080
452.960 0.102 0.090 -0.031 0.053 0.041 -0.081
453.193 0.102 0.090 -0.031 0.051 0.039 -0.084
453.373 0.101 0.089 -0.034 0.051 0.039 -0.085
453.560 0.100 0.088 -0.037 0.051 0.039 -0.087
453.793 0.100 0.088 -0.036 0.049 0.037 -0.088
453.977 0.098 0.087 -0.037 0.049 0.038 -0.088
454.160 0.098 0.089 -0.035 0.047 0.038 -0.087
454.393 0.097 0.089 -0.035 0.047 0.038 -0.086
454.577 0.097 0.089 -0.034 0.048 0.039 -0.084
454.760 0.098 0.089 -0.032 0.048 0.039 -0.084
454.997 0.101 0.091 -0.029 0.047 0.037 -0.084
455.177 0.105 0.094 -0.024 0.045 0.034 -0.084
455.370 0.101 0.089 -0.030 0.050 0.039 -0.082
455.593 0.103 0.090 -0.028 0.049 0.036 -0.084
455.773 0.102 0.089 -0.030 0.050 0.037 -0.083
455.970 0.104 0.090 -0.027 0.048 0.034 -0.084
456.197 0.107 0.093 -0.023 0.045 0.031 -0.088
456.373 0.100 0.086 -0.034 0.052 0.037 -0.083
456.570 0.102 0.088 -0.031 0.050 0.036 -0.085
456.793 0.101 0.087 -0.034 0.050 0.037 -0.085
456.973 0.100 0.088 -0.034 0.050 0.037 -0.086
457.170 0.100 0.089 -0.034 0.049 0.037 -0.086
457.393 0.101 0.090 -0.033 0.048 0.037 -0.087
457.573 0.100 0.089 -0.033 0.049 0.038 -0.086
457.770 0.100 0.089 -0.033 0.048 0.037 -0.087
457.993 0.100 0.077 -0.032 0.050 0.026 -0.084
458.173 0.104 0.040 -0.031 0.055 -0.010 -0.082
458.370 0.108 -0.015 -0.028 0.058 -0.065 -0.079
458.597 0.109 -0.073 -0.023 0.048 -0.133 -0.087
458.774 0.087 -0.150 -0.038 0.038 -0.198 -0.088
458.970 0.064 -0.218 -0.040 0.012 -0.270 -0.093
459.197 0.033 -0.288 -0.044 -0.018 -0.339 -0.095
459.373 -0.004 -0.357 -0.047 -0.055 -0.407 -0.099
459.570 -0.039 -0.417 -0.050 -0.094 -0.471 -0.105
459.793 -0.055 -0.472 -0.058 -0.109 -0.526 -0.114
459.973 -0.038 -0.525 -0.064 -0.092 -0.579 -0.119
460.170 -0.002 -0.577 -0.063 -0.055 -0.630 -0.117
460.393 0.033 -0.617 -0.053 -0.023 -0.673 -0.111
460.573 0.053 -0.646 -0.044 0.002 -0.698 -0.097
460.770 0.050 -0.658 -0.038 -0.002 -0.710 -0.091
460.995 0.032 -0.655 -0.034 -0.022 -0.710 -0.090
461.173 0.012 -0.645 -0.033 -0.040 -0.697 -0.086
461.370 0.001 -0.628 -0.030 -0.053 -0.682 -0.086
461.593 -0.002 -0.609 -0.025 -0.061 -0.669 -0.086
461.773 -0.009 -0.600 -0.027 -0.060 -0.652 -0.080
461.972 -0.008 -0.594 -0.024 -0.058 -0.643 -0.075
462.193 -0.000 -0.588 -0.020 -0.053 -0.641 -0.074
462.374 0.005 -0.589 -0.020 -0.044 -0.638 -0.070
462.570 0.010 -0.591 -0.018 -0.039 -0.640 -0.068
462.793 0.015 -0.592 -0.014 -0.038 -0.644 -0.068
462.973 0.016 -0.596 -0.015 -0.036 -0.647 -0.068
463.170 0.020 -0.596 -0.013 -0.036 -0.653 -0.071
463.393 0.020 -0.599 -0.015 -0.036 -0.655 -0.073
463.573 0.017 -0.603 -0.017 -0.040 -0.660 -0.075
463.770 0.011 -0.610 -0.023 -0.041 -0.662 -0.076
463.993 0.012 -0.610 -0.023 -0.043 -0.665 -0.080
464.177 0.012 -0.612 -0.030 -0.037 -0.661 -0.081
464.370 0.017 -0.607 -0.028 -0.037 -0.661 -0.084
464.593 0.017 -0.607 -0.031 -0.035 -0.659 -0.084
464.773 0.024 -0.601 -0.028 -0.033 -0.658 -0.087
464.970 0.020 -0.604 -0.031 -0.035 -0.660 -0.088
465.193 0.021 -0.608 -0.027 -0.036 -0.665 -0.086
465.377 0.020 -0.629 -0.016 -0.048 -0.698 -0.088
465.570 0.005 -0.687 -0.022 -0.050 -0.743 -0.080
465.793 -0.019 -0.760 -0.026 -0.059 -0.799 -0.067
465.977 -0.035 -0.820 -0.013 -0.087 -0.872 -0.067
466.170 -0.017 -0.843 0.038 -0.129 -0.955 -0.078
466.394 0.041 -0.807 0.213 -0.223 -1.071 0.030
466.575 0.083 -0.784 0.229 -0.311 -1.178 0.044
466.770 0.119 -0.765 0.200 -0.405 -1.289 0.015
466.993 0.126 -1.041 -0.051 0.072 -1.095 -0.106
467.173 0.180 -1.059 -0.053 0.121 -1.118 -0.114
467.370 0.205 -1.062 -0.045 0.137 -1.129 -0.114
467.593 0.182 -1.063 -0.065 0.126 -1.119 -0.123
467.783 0.258 -1.005 0.037 0.063 -1.200 -0.132
468.013 0.118 -1.026 -0.064 0.050 -1.094 -0.134
468.193 0.197 -0.953 0.097 -0.044 -1.194 -0.083
468.380 -0.016 -1.073 -0.067 -0.064 -1.122 -0.117
468.613 0.076 -0.954 0.109 -0.157 -1.188 -0.070
468.793 0.139 -0.859 0.178 -0.227 -1.226 -0.008
468.980 0.195 -0.765 0.186 -0.301 -1.265 0.000
469.217 0.248 -0.669 0.161 -0.386 -1.308 -0.025
469.393 0.302 -0.566 0.134 -0.478 -1.354 -0.051
469.580 0.362 -0.452 0.110 -0.576 -1.401 -0.076
469.813 0.067 -1.131 -0.126 0.007 -1.191 -0.187
469.997 0.094 -1.124 0.068 -0.016 -1.232 -0.044
470.180 0.185 -1.035 0.077 -0.084 -1.294 -0.103
470.413 0.265 -0.956 0.076 -0.142 -1.345 -0.108
470.597 0.348 -0.872 0.051 -0.202 -1.395 -0.133
470.780 0.437 -0.783 0.045 -0.266 -1.448 -0.140
471.017 0.534 -0.687 0.057 -0.336 -1.505 -0.127
471.193 0.639 -0.584 0.075 -0.412 -1.566 -0.109
471.380 0.750 -0.472 0.093 -0.497 -1.630 -0.092
471.617 0.870 -0.357 0.106 -0.588 -1.698 -0.079
471.793 1.000 -0.251 0.104 -0.684 -1.777 -0.082
471.980 1.141 -0.158 0.091 -0.784 -1.869 -0.095
472.213 1.293 -0.097 0.055 -0.889 -1.991 -0.131
472.393 1.448 -0.031 0.022 -1.006 -2.109 -0.164
472.580 1.611 0.065 0.002 -1.132 -2.202 -0.184
472.813 1.782 0.161 -0.022 -1.267 -2.304 -0.208
472.993 1.964 0.272 -0.042 -1.409 -2.397 -0.228
473.180 2.153 0.409 -0.054 -1.563 -2.478 -0.241
473.417 2.343 0.568 -0.060 -1.731 -2.547 -0.246
473.593 2.539 0.727 -0.067 -1.905 -2.628 -0.254
473.780 2.733 0.895 -0.073 -2.090 -2.708 -0.259
474.013 2.940 1.056 -0.082 -2.269 -2.803 -0.269
474.193 3.155 1.220 -0.093 -2.453 -2.902 -0.279
474.380 3.356 1.402 -0.096 -2.657 -2.987 -0.283
474.613 3.578 1.572 -0.104 -2.843 -3.089 -0.292
474.793 3.807 1.741 -0.113 -3.022 -3.196 -0.301
474.981 4.048 1.903 -0.126 -3.181 -3.311 -0.314
475.213 4.297 2.063 -0.139 -3.329 -3.428 -0.328
475.393 4.533 2.230 -0.149 -3.500 -3.535 -0.338
475.582 4.801 2.385 -0.162 -3.663 -3.647 -0.351
475.813 5.093 2.526 -0.176 -3.835 -3.757 -0.365
475.993 5.429 2.642 -0.196 -4.006 -3.877 -0.385
476.180 5.785 2.741 -0.218 -4.198 -3.995 -0.406
476.413 6.000 2.833 -0.239 -4.409 -4.101 -0.428
476.593 6.000 2.963 -0.255 -4.642 -4.186 -0.445
476.779 6.000 3.148 -0.258 -4.923 -4.270 -0.449
477.013 6.000 3.337 -0.240 -5.296 -4.385 -0.433
477.197 6.000 3.517 -0.226 -5.449 -4.523 -0.420
477.380 5.802 3.695 -0.205 -5.618 -4.672 -0.399
477.613 5.715 3.896 -0.183 -5.801 -4.817 -0.374
477.793 5.801 4.121 -0.162 -5.971 -4.958 -0.352
477.980 6.000 4.361 -0.146 -6.000 -5.101 -0.334
478.213 6.000 4.606 -0.123 -6.000 -5.251 -0.310
478.393 6.000 4.847 -0.102 -6.000 -5.407 -0.288
478.580 6.000 5.073 -0.084 -6.000 -5.570 -0.270
478.813 6.000 5.274 -0.069 -6.000 -5.742 -0.254
478.993 6.000 5.489 -0.046 -6.000 -5.883 -0.231
479.180 6.000 5.711 -0.019 -6.000 -6.000 -0.205
479.417 6.000 5.926 0.005 -6.000 -6.000 -0.180
479.597 6.000 6.000 0.033 -6.000 -6.000 -0.152
479.780 6.000 6.000 0.066 -6.000 -6.000 -0.119
480.013 6.000 6.000 0.097 -6.000 -6.000 -0.087
480.193 6.000 6.000 0.129 -6.000 -6.000 -0.056
480.380 6.000 6.000 0.158 -6.000 -6.000 -0.026
480.615 6.000 6.000 0.190 -6.000 -6.000 0.005
480.794 6.000 6.000 0.226 -6.000 -6.000 0.041
481.033 6.000 6.000 0.258 -6.000 -6.000 0.073
481.217 6.000 6.000 0.294 -6.000 -6.000 0.108
481.400 6.000 6.000 0.325 -6.000 -6.000 0.139
481.633 6.000 6.000 0.354 -6.000 -6.000 0.169
481.818 6.000 6.000 0.382 -6.000 -6.000 0.197
482.001 6.000 6.000 0.409 -6.000 -6.000 0.223
482.233 6.000 6.000 0.441 -6.000 -6.000 0.255
482.415 6.000 6.000 0.474 -6.000 -6.000 0.287
482.600 6.000 6.000 0.508 -6.000 -6.000 0.322
482.835 6.000 6.000 0.541 -6.000 -6.000 0.356
483.013 6.000 6.000 0.580 -6.000 -6.000 0.395
483.200 6.000 6.000 0.615 -6.000 -6.000 0.431
483.433 6.000 6.000 0.652 -6.000 -6.000 0.467
483.617 6.000 6.000 0.688 -6.000 -6.000 0.504
483.800 6.000 6.000 0.731 -6.000 -6.000 0.546
484.033 6.000 6.000 0.770 -6.000 -6.000 0.584
484.213 6.000 6.000 0.810 -6.000 -6.000 0.622
484.401 6.000 6.000 0.840 -6.000 -6.000 0.652
484.633 6.000 6.000 0.858 -6.000 -6.000 0.672
484.818 6.000 6.000 0.871 -6.000 -6.000 0.686
485.000 6.000 6.000 0.877 -6.000 -6.000 0.688
485.234 6.000 6.000 0.880 -6.000 -6.000 0.686
485.413 6.000 6.000 0.873 -6.000 -6.000 0.673
485.600 6.000 6.000 0.864 -6.000 -6.000 0.665
485.833 6.000 6.000 0.858 -6.000 -6.000 0.664
486.015 6.000 6.000 0.854 -6.000 -6.000 0.665
486.200 6.000 6.000 0.855 -6.000 -6.000 0.666
486.436 6.000 6.000 0.861 -6.000 -6.000 0.670
486.617 6.000 6.000 0.867 -6.000 -6.000 0.675
486.800 6.000 6.000 0.871 -6.000 -6.000 0.677
487.037 6.000 6.000 0.875 -6.000 -6.000 0.683
487.213 6.000 6.000 0.877 -6.000 -6.000 0.686
487.400 6.000 6.000 0.880 -6.000 -6.000 0.691
487.633 6.000 6.000 0.883 -6.000 -6.000 0.695
487.814 -0.332 -0.220 0.784 -0.526 -0.406 0.616
488.000 -0.008 -0.099 0.957 -0.458 -0.674 0.740
488.237 -0.336 -0.323 0.694 -0.494 -0.479 0.548
488.417 -0.104 -0.338 0.842 -0.437 -0.642 0.652
488.600 -0.325 -0.283 0.728 -0.406 -0.364 0.649
488.833 -0.217 -0.162 0.895 -0.427 -0.375 0.720
489.013 -0.099 -0.019 0.956 -0.452 -0.382 0.769
489.200 -0.132 -0.115 0.911 -0.377 -0.362 0.731
489.434 -0.017 0.003 0.949 -0.395 -0.380 0.763
489.614 -0.130 -0.158 0.827 -0.284 -0.313 0.678
489.799 -0.133 -0.165 0.772 -0.238 -0.270 0.663
490.033 -0.115 -0.148 0.774 -0.213 -0.246 0.673
490.216 -0.108 -0.149 0.755 -0.167 -0.208 0.695
490.400 -0.085 -0.135 0.765 -0.141 -0.190 0.708
490.633 -0.054 -0.116 0.780 -0.113 -0.176 0.718
490.816 -0.027 -0.104 0.794 -0.085 -0.163 0.734
491.000 0.015 -0.086 0.826 -0.067 -0.169 0.739
491.233 0.034 -0.090 0.827 -0.028 -0.152 0.762
491.415 0.059 -0.090 0.839 0.005 -0.144 0.783
491.601 0.088 -0.087 0.858 0.031 -0.144 0.799
491.834 0.114 -0.090 0.875 0.057 -0.147 0.817
492.013 0.132 -0.102 0.886 0.083 -0.150 0.837
492.200 0.154 -0.105 0.907 0.103 -0.156 0.854
492.433 0.173 -0.107 0.930 0.120 -0.159 0.875
492.613 0.202 -0.104 0.954 0.146 -0.159 0.897
492.800 0.240 -0.100 0.971 0.192 -0.149 0.921
493.033 0.288 -0.095 0.989 0.242 -0.141 0.942
493.213 0.345 -0.086 1.012 0.294 -0.137 0.959
493.400 0.405 -0.077 1.033 0.349 -0.133 0.975
493.637 0.466 -0.066 1.056 0.400 -0.133 0.986
493.814 0.507 -0.069 1.062 0.455 -0.121 1.008
494.000 0.553 -0.059 1.088 0.485 -0.126 1.018
494.233 0.582 -0.060 1.104 0.520 -0.122 1.041
494.414 0.605 -0.063 1.117 0.552 -0.116 1.062
494.600 0.630 -0.062 1.138 0.578 -0.114 1.084
494.837 0.652 -0.061 1.163 0.600 -0.113 1.109
495.017 0.671 -0.061 1.189 0.619 -0.113 1.135
495.200 0.700 -0.050 1.229 0.629 -0.121 1.156
495.437 0.711 -0.055 1.252 0.650 -0.116 1.189
495.617 0.726 -0.058 1.273 0.676 -0.108 1.222
495.800 0.745 -0.052 1.310 0.687 -0.110 1.250
496.033 0.758 -0.053 1.342 0.702 -0.109 1.284
496.217 0.773 -0.051 1.363 0.714 -0.110 1.303
496.400 0.783 -0.052 1.365 0.730 -0.105 1.311
496.637 0.800 -0.047 1.367 0.739 -0.108 1.304
496.814 0.810 -0.047 1.354 0.751 -0.107 1.293
497.000 0.821 -0.046 1.338 0.759 -0.108 1.274
497.237 0.830 -0.044 1.317 0.764 -0.110 1.249
497.414 0.888 -0.040 1.316 0.796 -0.131 1.220
497.600 0.886 -0.060 1.264 0.829 -0.117 1.205
497.833 0.895 -0.059 1.262 0.838 -0.116 1.203
498.014 0.903 -0.058 1.255 0.844 -0.117 1.194
498.200 0.909 -0.057 1.237 0.847 -0.119 1.172
498.433 0.913 -0.058 1.208 0.851 -0.120 1.145
498.613 1.000 0.019 1.370 0.784 -0.193 1.197
498.800 1.083 0.088 1.433 0.727 -0.257 1.249
499.033 1.168 0.156 1.411 0.672 -0.319 1.227
499.213 0.842 -0.073 1.056 0.783 -0.133 0.996
499.400 0.858 -0.056 0.996 0.799 -0.115 0.935
499.637 0.856 -0.057 0.942 0.801 -0.113 0.885
499.813 0.850 -0.059 0.891 0.795 -0.114 0.834
500.000 0.841 -0.063 0.841 0.789 -0.115 0.788
500.233 0.832 -0.065 0.790 0.780 -0.117 0.737
500.414 0.821 -0.068 0.739 0.770 -0.119 0.686
500.600 0.813 -0.068 0.693 0.758 -0.123 0.637
500.833 0.799 -0.073 0.637 0.749 -0.123 0.585
501.014 0.789 -0.074 0.587 0.735 -0.127 0.532
501.200 0.776 -0.076 0.534 0.723 -0.129 0.480
501.433 0.762 -0.079 0.479 0.712 -0.129 0.428
501.613 0.756 -0.073 0.439 0.691 -0.138 0.372
501.800 0.740 -0.076 0.385 0.678 -0.138 0.320
502.033 0.722 -0.081 0.324 0.666 -0.136 0.267
502.217 0.703 -0.085 0.265 0.654 -0.134 0.215
502.400 0.694 -0.079 0.223 0.633 -0.140 0.160
502.633 0.677 -0.082 0.173 0.620 -0.139 0.115
502.813 0.666 -0.080 0.147 0.607 -0.140 0.086
503.000 0.657 -0.078 0.130 0.596 -0.139 0.066
503.233 0.645 -0.079 0.112 0.589 -0.135 0.055
503.413 0.624 -0.077 0.104 0.570 -0.131 0.049
503.600 0.582 -0.066 0.093 0.518 -0.130 0.028
503.833 0.533 -0.046 0.090 0.445 -0.134 -0.002
504.016 0.451 -0.046 0.064 0.369 -0.128 -0.022
504.200 0.350 -0.066 0.026 0.301 -0.115 -0.024
504.433 0.284 -0.062 0.046 0.205 -0.141 -0.037
504.613 0.187 -0.091 0.038 0.126 -0.152 -0.025
504.800 0.108 -0.113 0.038 0.055 -0.166 -0.016
505.033 0.051 -0.114 0.039 -0.002 -0.167 -0.017
505.213 0.019 -0.108 0.038 -0.032 -0.158 -0.014
505.400 0.015 -0.091 0.038 -0.035 -0.141 -0.014
505.638 0.031 -0.066 0.039 -0.019 -0.116 -0.013
505.814 0.051 -0.043 0.038 0.001 -0.093 -0.013
506.000 0.068 -0.034 0.032 0.016 -0.085 -0.021
506.233 0.085 -0.033 0.027 0.021 -0.097 -0.040
506.413 0.089 -0.052 0.001 0.038 -0.103 -0.052
506.600 0.096 -0.062 -0.013 0.040 -0.118 -0.071
506.834 0.094 -0.072 -0.031 0.041 -0.125 -0.085
507.017 0.090 -0.080 -0.046 0.038 -0.131 -0.099
507.200 0.089 -0.082 -0.053 0.033 -0.138 -0.111
507.437 0.086 -0.084 -0.060 0.031 -0.139 -0.116
507.613 0.083 -0.083 -0.063 0.029 -0.138 -0.119
507.800 0.082 -0.081 -0.061 0.027 -0.135 -0.117
508.033 0.080 -0.078 -0.059 0.029 -0.129 -0.111
508.213 0.091 -0.069 -0.044 0.028 -0.133 -0.108
508.400 0.098 -0.069 -0.047 0.044 -0.124 -0.102
508.633 0.107 -0.067 -0.042 0.051 -0.122 -0.099
508.814 0.110 -0.067 -0.041 0.060 -0.118 -0.093
509.000 0.117 -0.062 -0.033 0.060 -0.119 -0.091
509.237 0.121 -0.059 -0.029 0.061 -0.120 -0.090
509.414 0.120 -0.061 -0.028 0.062 -0.119 -0.088
509.600 0.122 -0.059 -0.024 0.059 -0.121 -0.089
509.836 0.116 -0.063 -0.028 0.061 -0.119 -0.085
510.017 0.120 -0.058 -0.019 0.052 -0.126 -0.090
510.200 0.131 -0.045 0.002 0.037 -0.140 -0.097
510.434 0.115 -0.058 -0.020 0.046 -0.126 -0.092
510.613 0.111 -0.059 -0.024 0.046 -0.123 -0.091
510.800 0.109 -0.057 -0.024 0.043 -0.123 -0.093
511.033 0.107 -0.057 -0.026 0.042 -0.121 -0.093
511.218 0.101 -0.060 -0.034 0.046 -0.116 -0.090
511.400 0.101 -0.060 -0.034 0.046 -0.115 -0.090
511.634 0.101 -0.061 -0.036 0.048 -0.115 -0.090
511.813 0.104 -0.061 -0.036 0.049 -0.116 -0.092
512.000 0.105 -0.063 -0.036 0.050 -0.117 -0.092
512.237 0.106 -0.064 -0.036 0.052 -0.118 -0.092
512.413 0.107 -0.064 -0.036 0.053 -0.119 -0.092
512.600 0.120 -0.053 -0.017 0.041 -0.132 -0.099
512.833 0.108 -0.067 -0.035 0.055 -0.120 -0.090
513.014 0.109 -0.066 -0.033 0.055 -0.121 -0.089
513.201 0.111 -0.066 -0.031 0.054 -0.123 -0.089
513.433 0.110 -0.068 -0.032 0.056 -0.122 -0.087
513.618 0.124 -0.055 -0.012 0.044 -0.135 -0.096
513.800 0.112 -0.067 -0.031 0.056 -0.123 -0.088
514.033 0.114 -0.066 -0.029 0.056 -0.124 -0.089
514.213 0.115 -0.066 -0.029 0.056 -0.124 -0.089
514.400 0.113 -0.068 -0.033 0.059 -0.122 -0.089
514.634 0.115 -0.066 -0.033 0.059 -0.123 -0.091
514.817 0.118 -0.064 -0.031 0.058 -0.125 -0.092
515.000 0.118 -0.065 -0.034 0.060 -0.123 -0.093
515.233 0.119 -0.066 -0.034 0.061 -0.123 -0.093
515.413 0.123 -0.062 -0.029 0.059 -0.126 -0.096
515.600 0.122 -0.064 -0.033 0.062 -0.124 -0.094
515.837 0.120 -0.065 -0.034 0.062 -0.123 -0.093
516.017 0.116 -0.070 -0.038 0.065 -0.122 -0.091
516.200 0.113 -0.075 -0.041 0.065 -0.123 -0.090
516.437 0.114 -0.076 -0.038 0.063 -0.127 -0.091
516.613 0.131 -0.060 -0.010 0.045 -0.147 -0.101
516.800 0.116 -0.077 -0.033 0.060 -0.133 -0.091
517.033 0.124 -0.070 -0.021 0.052 -0.142 -0.095
517.213 0.123 -0.072 -0.022 0.054 -0.141 -0.094
517.400 0.122 -0.072 -0.023 0.056 -0.139 -0.093
517.637 0.124 -0.069 -0.023 0.056 -0.137 -0.094
517.817 0.118 -0.072 -0.032 0.061 -0.128 -0.090
518.000 0.119 -0.068 -0.030 0.060 -0.127 -0.091
518.233 0.125 -0.059 -0.021 0.052 -0.132 -0.097
518.414 0.117 -0.066 -0.034 0.060 -0.122 -0.091
518.600 0.126 -0.056 -0.021 0.052 -0.130 -0.099
518.833 0.126 -0.055 -0.022 0.053 -0.128 -0.099
519.017 0.127 -0.054 -0.021 0.053 -0.127 -0.098
519.210 0.120 -0.061 -0.031 0.061 -0.119 -0.091
519.448 0.124 -0.057 -0.026 0.059 -0.122 -0.094
519.617 0.124 -0.058 -0.025 0.059 -0.123 -0.093
519.810 0.124 -0.058 -0.024 0.059 -0.123 -0.092
520.033 0.123 -0.059 -0.024 0.058 -0.123 -0.091
520.214 0.121 -0.061 -0.025 0.059 -0.123 -0.089
520.411 0.122 -0.060 -0.023 0.058 -0.125 -0.089
520.633 0.123 -0.060 -0.022 0.058 -0.126 -0.089
520.813 0.120 -0.064 -0.026 0.061 -0.123 -0.087
521.010 0.124 -0.062 -0.022 0.059 -0.127 -0.089
521.233 0.123 -0.063 -0.024 0.060 -0.126 -0.089
521.413 0.117 -0.069 -0.033 0.065 -0.121 -0.086
521.610 0.118 -0.069 -0.032 0.063 -0.123 -0.087
521.833 0.117 -0.071 -0.033 0.065 -0.123 -0.087
522.013 0.116 -0.072 -0.035 0.066 -0.122 -0.087
522.210 0.117 -0.072 -0.034 0.065 -0.124 -0.088
522.433 0.117 -0.073 -0.035 0.066 -0.123 -0.087
522.615 0.117 -0.074 -0.036 0.067 -0.123 -0.086
522.810 0.116 -0.074 -0.036 0.067 -0.123 -0.086
523.037 0.139 -0.051 0.001 0.043 -0.147 -0.099
523.214 0.116 -0.074 -0.034 0.066 -0.124 -0.086
523.420 0.118 -0.071 -0.031 0.063 -0.126 -0.088
523.641 0.118 -0.070 -0.032 0.063 -0.126 -0.088
523.825 0.128 -0.061 -0.017 0.054 -0.135 -0.094
524.021 0.130 -0.058 -0.015 0.053 -0.135 -0.095
524.245 0.129 -0.059 -0.018 0.054 -0.133 -0.095
524.421 0.129 -0.058 -0.018 0.054 -0.133 -0.097
524.621 0.131 -0.057 -0.018 0.054 -0.134 -0.099
524.841 0.129 -0.058 -0.021 0.055 -0.133 -0.099
525.021 0.119 -0.067 -0.035 0.062 -0.124 -0.094
525.220 0.119 -0.068 -0.037 0.062 -0.125 -0.095
525.445 0.119 -0.067 -0.037 0.061 -0.125 -0.096
525.621 0.121 -0.066 -0.034 0.059 -0.127 -0.097
525.861 0.121 -0.067 -0.035 0.061 -0.126 -0.096
526.045 0.131 -0.057 -0.019 0.052 -0.136 -0.101
526.230 0.122 -0.067 -0.032 0.062 -0.127 -0.093
526.461 0.121 -0.068 -0.033 0.063 -0.126 -0.092
526.641 0.134 -0.057 -0.013 0.052 -0.138 -0.098
526.830 0.131 -0.060 -0.018 0.056 -0.135 -0.097
527.061 0.129 -0.062 -0.020 0.058 -0.133 -0.093
527.241 0.129 -0.061 -0.018 0.056 -0.134 -0.094
527.430 0.121 -0.069 -0.030 0.063 -0.126 -0.089
527.661 0.127 -0.062 -0.021 0.056 -0.133 -0.095
527.841 0.127 -0.060 -0.021 0.056 -0.132 -0.095
528.030 0.118 -0.069 -0.035 0.065 -0.122 -0.089
528.265 0.119 -0.068 -0.035 0.065 -0.122 -0.090
528.445 0.122 -0.065 -0.034 0.063 -0.124 -0.095
528.630 0.122 -0.064 -0.035 0.063 -0.124 -0.095
528.861 0.122 -0.065 -0.036 0.063 -0.123 -0.096
529.041 0.119 -0.068 -0.039 0.065 -0.121 -0.094
529.230 0.123 -0.064 -0.031 0.060 -0.127 -0.094
529.466 0.129 -0.058 -0.020 0.054 -0.134 -0.097
529.645 0.137 -0.052 -0.011 0.047 -0.142 -0.105
529.830 0.130 -0.059 -0.025 0.054 -0.135 -0.104
530.061 0.139 -0.051 -0.010 0.046 -0.144 -0.107
530.241 0.133 -0.058 -0.028 0.053 -0.138 -0.110
530.430 0.129 -0.063 -0.039 0.058 -0.134 -0.112
530.662 0.121 -0.071 -0.057 0.067 -0.125 -0.112
530.841 0.126 -0.065 -0.052 0.062 -0.129 -0.117
531.031 0.146 -0.045 -0.020 0.041 -0.149 -0.128
531.261 0.142 -0.047 -0.025 0.043 -0.146 -0.128
531.441 0.138 -0.050 -0.030 0.045 -0.143 -0.127
531.630 0.136 -0.051 -0.031 0.046 -0.141 -0.125
531.861 0.144 -0.043 -0.011 0.038 -0.149 -0.121
532.041 0.134 -0.052 -0.024 0.049 -0.138 -0.113
532.230 0.122 -0.064 -0.035 0.061 -0.125 -0.098
532.461 0.122 -0.065 -0.031 0.063 -0.124 -0.092
532.641 0.121 -0.066 -0.028 0.064 -0.123 -0.086
532.830 0.126 -0.061 -0.016 0.058 -0.129 -0.085
533.065 0.125 -0.063 -0.015 0.058 -0.130 -0.083
533.245 0.153 -0.036 0.038 0.029 -0.159 -0.088
533.430 0.127 -0.061 -0.000 0.054 -0.134 -0.070
533.666 0.118 -0.073 -0.045 0.064 -0.127 -0.100
533.841 0.118 -0.074 -0.057 0.065 -0.127 -0.111
534.030 0.119 -0.074 -0.062 0.065 -0.127 -0.117
534.261 0.118 -0.074 -0.066 0.067 -0.125 -0.119
534.441 0.119 -0.073 -0.065 0.068 -0.124 -0.118
534.631 0.120 -0.072 -0.061 0.068 -0.123 -0.114
534.853 0.121 -0.070 -0.053 0.068 -0.123 -0.109
535.034 0.119 -0.070 -0.048 0.068 -0.121 -0.100
535.230 0.119 -0.069 -0.039 0.067 -0.121 -0.093
535.453 0.116 -0.070 -0.033 0.065 -0.121 -0.085
535.634 0.115 -0.070 -0.027 0.064 -0.121 -0.079
535.830 0.114 -0.071 -0.023 0.064 -0.122 -0.074
536.053 0.115 -0.071 -0.020 0.062 -0.123 -0.074
536.233 0.117 -0.071 -0.017 0.061 -0.126 -0.074
536.430 0.116 -0.073 -0.020 0.063 -0.126 -0.075
536.653 0.118 -0.072 -0.020 0.063 -0.127 -0.077
536.837 0.119 -0.072 -0.024 0.063 -0.128 -0.082
537.030 0.173 -0.019 0.087 0.011 -0.181 -0.068
537.253 0.119 -0.072 -0.036 0.065 -0.126 -0.092
537.437 0.119 -0.073 -0.049 0.066 -0.125 -0.104
537.630 0.119 -0.073 -0.058 0.067 -0.125 -0.112
537.857 0.119 -0.072 -0.063 0.067 -0.125 -0.116
538.034 0.118 -0.073 -0.066 0.069 -0.122 -0.116
538.237 0.120 -0.071 -0.062 0.068 -0.123 -0.115
538.453 0.119 -0.070 -0.056 0.066 -0.124 -0.111
538.637 0.116 -0.072 -0.052 0.066 -0.122 -0.104
538.831 0.115 -0.072 -0.046 0.065 -0.121 -0.097
539.053 0.122 -0.063 -0.028 0.056 -0.129 -0.097
539.240 0.114 -0.071 -0.032 0.064 -0.121 -0.083
539.440 0.116 -0.070 -0.025 0.063 -0.123 -0.079
539.664 0.132 -0.054 0.003 0.048 -0.138 -0.086
539.845 0.115 -0.072 -0.020 0.064 -0.123 -0.072
540.040 0.115 -0.073 -0.020 0.065 -0.124 -0.072
540.261 0.116 -0.073 -0.021 0.065 -0.125 -0.074
540.441 0.116 -0.075 -0.025 0.066 -0.125 -0.076
540.640 0.117 -0.075 -0.028 0.065 -0.126 -0.081
540.861 0.117 -0.074 -0.032 0.065 -0.127 -0.086
541.040 0.118 -0.073 -0.036 0.065 -0.127 -0.091
541.273 0.116 -0.076 -0.042 0.067 -0.124 -0.092
541.453 0.118 -0.073 -0.042 0.065 -0.126 -0.097
541.639 0.118 -0.073 -0.044 0.066 -0.124 -0.097
541.873 0.118 -0.072 -0.045 0.067 -0.123 -0.097
542.053 0.117 -0.072 -0.044 0.066 -0.123 -0.096
542.241 0.116 -0.072 -0.043 0.066 -0.122 -0.095
542.473 0.115 -0.072 -0.041 0.065 -0.122 -0.092
542.653 0.116 -0.070 -0.036 0.063 -0.123 -0.091
542.840 0.113 -0.073 -0.037 0.065 -0.121 -0.086
543.073 0.115 -0.071 -0.032 0.063 -0.123 -0.085
543.253 0.115 -0.072 -0.031 0.064 -0.123 -0.083
543.441 0.123 -0.065 -0.018 0.057 -0.131 -0.088
543.673 0.115 -0.073 -0.029 0.065 -0.123 -0.081
543.858 0.116 -0.074 -0.029 0.065 -0.124 -0.081
544.040 0.115 -0.075 -0.030 0.066 -0.124 -0.081
544.273 0.117 -0.074 -0.030 0.065 -0.126 -0.083
544.453 0.117 -0.075 -0.032 0.066 -0.126 -0.085
544.639 0.118 -0.074 -0.034 0.066 -0.126 -0.087
544.873 0.117 -0.075 -0.036 0.067 -0.125 -0.088
545.053 0.117 -0.074 -0.038 0.067 -0.125 -0.090
545.239 0.117 -0.073 -0.038 0.066 -0.125 -0.091
545.473 0.116 -0.072 -0.039 0.064 -0.125 -0.093
545.653 0.113 -0.074 -0.042 0.065 -0.122 -0.091
545.840 0.114 -0.073 -0.041 0.064 -0.122 -0.092
546.077 0.114 -0.071 -0.039 0.063 -0.122 -0.091
546.253 0.115 -0.072 -0.038 0.064 -0.122 -0.090
546.453 0.115 -0.072 -0.037 0.065 -0.122 -0.088
546.674 0.115 -0.072 -0.035 0.066 -0.122 -0.086
546.853 0.115 -0.073 -0.034 0.067 -0.122 -0.084
547.050 0.116 -0.073 -0.031 0.066 -0.123 -0.083
547.273 0.116 -0.074 -0.030 0.065 -0.124 -0.082
547.453 0.114 -0.076 -0.032 0.067 -0.123 -0.081
547.649 0.115 -0.075 -0.030 0.065 -0.125 -0.082
547.873 0.120 -0.071 -0.024 0.061 -0.130 -0.086
548.054 0.115 -0.076 -0.033 0.066 -0.125 -0.083
548.250 0.116 -0.076 -0.034 0.066 -0.125 -0.085
548.474 0.117 -0.075 -0.035 0.066 -0.126 -0.087
548.653 0.116 -0.075 -0.037 0.066 -0.124 -0.088
548.850 0.116 -0.073 -0.037 0.065 -0.125 -0.090
549.073 0.115 -0.073 -0.039 0.065 -0.124 -0.090
549.253 0.114 -0.073 -0.040 0.065 -0.123 -0.091
549.450 0.116 -0.071 -0.038 0.064 -0.123 -0.092
549.673 0.115 -0.072 -0.039 0.065 -0.122 -0.090
549.857 0.115 -0.072 -0.039 0.066 -0.121 -0.089
550.050 0.123 -0.065 -0.028 0.059 -0.128 -0.094
550.273 0.116 -0.072 -0.036 0.066 -0.122 -0.087
550.457 0.115 -0.072 -0.035 0.066 -0.122 -0.086
550.650 0.116 -0.071 -0.032 0.064 -0.123 -0.086
550.874 0.116 -0.071 -0.031 0.063 -0.124 -0.086
551.053 0.114 -0.073 -0.033 0.066 -0.121 -0.083
551.250 0.117 -0.071 -0.030 0.064 -0.124 -0.085
551.477 0.116 -0.073 -0.033 0.066 -0.123 -0.084
551.653 0.117 -0.073 -0.033 0.066 -0.124 -0.085
551.850 0.117 -0.074 -0.034 0.066 -0.125 -0.086
552.077 0.117 -0.075 -0.034 0.065 -0.126 -0.087
552.257 0.117 -0.074 -0.034 0.064 -0.126 -0.088
552.450 0.120 -0.070 -0.029 0.060 -0.130 -0.090
552.677 0.136 -0.054 -0.005 0.044 -0.146 -0.101
552.853 0.116 -0.074 -0.037 0.066 -0.124 -0.089
553.052 0.118 -0.071 -0.035 0.064 -0.126 -0.091
553.273 0.117 -0.072 -0.037 0.066 -0.123 -0.090
553.453 0.117 -0.071 -0.037 0.065 -0.123 -0.091
553.650 0.115 -0.072 -0.038 0.065 -0.121 -0.089
553.873 0.115 -0.071 -0.036 0.064 -0.122 -0.089
554.053 0.115 -0.071 -0.036 0.064 -0.122 -0.089
554.250 0.115 -0.072 -0.035 0.064 -0.122 -0.087
554.473 0.117 -0.070 -0.032 0.062 -0.124 -0.088
554.657 0.116 -0.072 -0.034 0.065 -0.122 -0.086
554.850 0.117 -0.071 -0.033 0.065 -0.123 -0.086
555.081 0.117 -0.072 -0.033 0.066 -0.123 -0.085
555.263 0.116 -0.073 -0.034 0.067 -0.122 -0.084
555.460 0.117 -0.073 -0.033 0.067 -0.123 -0.085
555.681 0.117 -0.073 -0.033 0.066 -0.124 -0.085
555.862 0.116 -0.074 -0.033 0.066 -0.125 -0.086
556.060 0.116 -0.074 -0.034 0.065 -0.125 -0.087
556.281 0.117 -0.073 -0.033 0.065 -0.125 -0.087
556.463 0.122 -0.067 -0.027 0.059 -0.131 -0.093
556.660 0.116 -0.074 -0.037 0.066 -0.123 -0.088
556.885 0.117 -0.072 -0.036 0.066 -0.123 -0.089
557.072 0.120 -0.069 -0.035 0.064 -0.124 -0.092
557.301 0.118 -0.069 -0.036 0.066 -0.122 -0.090
557.481 0.116 -0.070 -0.037 0.066 -0.120 -0.088
557.670 0.115 -0.069 -0.036 0.065 -0.120 -0.088
557.905 0.116 -0.068 -0.035 0.063 -0.121 -0.090
558.081 0.115 -0.069 -0.036 0.064 -0.119 -0.088
558.270 0.115 -0.068 -0.036 0.065 -0.119 -0.088
558.493 0.123 -0.061 -0.025 0.058 -0.126 -0.094
558.673 0.116 -0.068 -0.035 0.066 -0.118 -0.087
558.870 0.117 -0.067 -0.033 0.065 -0.119 -0.086
559.094 0.117 -0.068 -0.034 0.066 -0.119 -0.086
559.273 0.117 -0.069 -0.034 0.066 -0.119 -0.086
559.470 0.117 -0.069 -0.034 0.066 -0.119 -0.086
559.693 0.117 -0.069 -0.035 0.066 -0.120 -0.087
559.877 0.116 -0.069 -0.035 0.065 -0.120 -0.087
560.070 0.116 -0.069 -0.035 0.065 -0.120 -0.088
560.297 0.115 -0.070 -0.036 0.065 -0.119 -0.087
560.473 0.116 -0.069 -0.035 0.065 -0.120 -0.088
560.670 0.116 -0.069 -0.035 0.065 -0.120 -0.088
560.893 0.115 -0.071 -0.038 0.067 -0.119 -0.087
561.074 0.115 -0.070 -0.038 0.066 -0.119 -0.088
561.270 0.117 -0.069 -0.036 0.065 -0.120 -0.089
561.494 0.116 -0.070 -0.037 0.066 -0.119 -0.088
561.675 0.116 -0.070 -0.037 0.066 -0.120 -0.088
561.870 0.118 -0.068 -0.035 0.065 -0.121 -0.090
562.093 0.117 -0.069 -0.035 0.066 -0.120 -0.088
562.273 0.118 -0.068 -0.033 0.065 -0.121 -0.089
562.470 0.117 -0.069 -0.034 0.066 -0.120 -0.087
562.693 0.122 -0.064 -0.028 0.062 -0.124 -0.090
562.877 0.117 -0.068 -0.035 0.066 -0.120 -0.087
563.070 0.116 -0.069 -0.035 0.067 -0.119 -0.086
563.293 0.117 -0.069 -0.034 0.066 -0.119 -0.086
563.474 0.116 -0.069 -0.034 0.066 -0.119 -0.086
563.670 0.117 -0.068 -0.034 0.065 -0.120 -0.088
563.894 0.117 -0.068 -0.034 0.065 -0.119 -0.087
564.073 0.116 -0.069 -0.035 0.066 -0.119 -0.087
564.270 0.117 -0.068 -0.034 0.065 -0.120 -0.088
564.494 0.117 -0.067 -0.033 0.064 -0.120 -0.088
564.673 0.117 -0.068 -0.035 0.065 -0.120 -0.088
564.870 0.117 -0.068 -0.035 0.065 -0.120 -0.089
565.093 0.118 -0.067 -0.034 0.065 -0.120 -0.090
565.277 0.118 -0.067 -0.035 0.065 -0.120 -0.089
565.470 0.116 -0.069 -0.037 0.067 -0.118 -0.088
565.699 0.117 -0.069 -0.037 0.067 -0.119 -0.088
565.873 0.117 -0.069 -0.037 0.067 -0.118 -0.088
566.069 0.118 -0.067 -0.035 0.065 -0.120 -0.089
566.293 0.118 -0.067 -0.034 0.065 -0.120 -0.088
566.473 0.117 -0.067 -0.035 0.065 -0.119 -0.088
566.670 0.116 -0.069 -0.036 0.066 -0.118 -0.087
566.893 0.120 -0.064 -0.029 0.061 -0.123 -0.090
567.077 0.116 -0.067 -0.034 0.065 -0.119 -0.087
567.270 0.116 -0.067 -0.034 0.065 -0.118 -0.087
567.497 0.115 -0.067 -0.035 0.064 -0.118 -0.087
567.673 0.117 -0.065 -0.032 0.062 -0.120 -0.089
567.870 0.116 -0.067 -0.034 0.064 -0.118 -0.087
568.093 0.116 -0.066 -0.034 0.064 -0.118 -0.087
568.273 0.117 -0.065 -0.033 0.064 -0.118 -0.087
568.473 0.116 -0.066 -0.034 0.064 -0.118 -0.087
568.700 0.116 -0.066 -0.033 0.064 -0.118 -0.087
568.873 0.117 -0.066 -0.033 0.064 -0.118 -0.088
569.069 0.121 -0.061 -0.028 0.061 -0.121 -0.091
569.293 0.117 -0.065 -0.034 0.065 -0.117 -0.087
569.477 0.118 -0.064 -0.033 0.064 -0.118 -0.088
569.670 0.117 -0.064 -0.034 0.064 -0.117 -0.089
569.893 0.114 -0.067 -0.037 0.066 -0.115 -0.086
570.073 0.115 -0.065 -0.036 0.065 -0.115 -0.087
570.313 0.116 -0.064 -0.035 0.065 -0.115 -0.087
570.493 0.115 -0.064 -0.035 0.064 -0.115 -0.087
570.680 0.114 -0.064 -0.036 0.065 -0.114 -0.087
570.916 0.115 -0.063 -0.035 0.064 -0.114 -0.088
571.093 0.116 -0.062 -0.034 0.064 -0.114 -0.088
571.280 0.114 -0.063 -0.035 0.064 -0.113 -0.086
571.513 0.115 -0.062 -0.034 0.063 -0.113 -0.087
571.693 0.116 -0.061 -0.032 0.062 -0.114 -0.087
571.880 0.116 -0.060 -0.032 0.063 -0.114 -0.087
572.117 0.116 -0.060 -0.033 0.063 -0.113 -0.087
572.293 0.115 -0.060 -0.033 0.063 -0.112 -0.087
572.480 0.115 -0.059 -0.033 0.063 -0.112 -0.087
572.713 0.114 -0.060 -0.035 0.064 -0.110 -0.086
572.893 0.114 -0.059 -0.034 0.064 -0.109 -0.086
573.080 0.115 -0.058 -0.034 0.063 -0.110 -0.087
573.313 0.115 -0.059 -0.034 0.063 -0.111 -0.088
573.493 0.115 -0.059 -0.033 0.062 -0.112 -0.088
573.680 0.116 -0.059 -0.033 0.062 -0.113 -0.088
573.913 0.115 -0.060 -0.034 0.063 -0.112 -0.087
574.097 0.116 -0.059 -0.032 0.062 -0.113 -0.088
574.280 0.115 -0.060 -0.034 0.063 -0.111 -0.087
574.515 0.113 -0.061 -0.036 0.065 -0.109 -0.086
574.693 0.115 -0.058 -0.034 0.064 -0.109 -0.087
574.880 0.115 -0.058 -0.035 0.064 -0.109 -0.087
575.117 0.116 -0.057 -0.034 0.063 -0.109 -0.088
575.293 0.115 -0.059 -0.035 0.064 -0.110 -0.088
575.480 0.131 -0.043 -0.011 0.048 -0.126 -0.099
575.713 0.119 -0.056 -0.031 0.062 -0.113 -0.090
575.893 0.116 -0.059 -0.034 0.065 -0.111 -0.088
576.080 0.116 -0.060 -0.036 0.066 -0.109 -0.087
576.314 0.115 -0.060 -0.036 0.066 -0.109 -0.087
576.493 0.115 -0.059 -0.036 0.066 -0.108 -0.086
576.680 0.116 -0.057 -0.034 0.064 -0.109 -0.087
576.914 0.115 -0.057 -0.035 0.064 -0.108 -0.087
577.093 0.117 -0.056 -0.032 0.063 -0.109 -0.088
577.280 0.117 -0.056 -0.032 0.063 -0.110 -0.088
577.513 0.117 -0.057 -0.033 0.064 -0.110 -0.088
577.693 0.116 -0.058 -0.034 0.065 -0.110 -0.087
577.880 0.118 -0.057 -0.032 0.064 -0.112 -0.088
578.113 0.117 -0.059 -0.034 0.065 -0.111 -0.087
578.298 0.115 -0.061 -0.036 0.066 -0.110 -0.086
578.480 0.116 -0.060 -0.035 0.065 -0.111 -0.087
578.713 0.115 -0.060 -0.035 0.066 -0.109 -0.086
578.893 0.117 -0.058 -0.033 0.065 -0.110 -0.087
579.080 0.120 -0.055 -0.029 0.062 -0.112 -0.088
579.313 0.118 -0.056 -0.030 0.063 -0.111 -0.087
579.497 0.116 -0.058 -0.032 0.063 -0.111 -0.087
579.680 0.114 -0.060 -0.033 0.064 -0.110 -0.085
579.917 0.114 -0.060 -0.034 0.065 -0.110 -0.085
580.097 0.116 -0.060 -0.033 0.064 -0.111 -0.086
580.280 0.116 -0.060 -0.034 0.065 -0.111 -0.087
580.517 0.116 -0.059 -0.035 0.066 -0.110 -0.087
580.693 0.118 -0.058 -0.033 0.065 -0.110 -0.087
580.880 0.118 -0.058 -0.033 0.064 -0.111 -0.088
581.117 0.115 -0.060 -0.037 0.065 -0.110 -0.088
581.297 0.116 -0.059 -0.035 0.064 -0.110 -0.088
581.479 0.116 -0.059 -0.034 0.064 -0.111 -0.088
581.713 0.117 -0.059 -0.034 0.064 -0.111 -0.088
581.893 0.129 -0.047 -0.016 0.052 -0.124 -0.097
582.081 0.117 -0.059 -0.034 0.065 -0.112 -0.088
582.313 0.116 -0.060 -0.034 0.066 -0.110 -0.086
582.493 0.116 -0.059 -0.034 0.065 -0.111 -0.087
582.680 0.115 -0.060 -0.034 0.065 -0.109 -0.085
582.922 0.114 -0.060 -0.033 0.064 -0.109 -0.085
583.093 0.114 -0.060 -0.033 0.064 -0.110 -0.084
583.279 0.115 -0.059 -0.031 0.063 -0.111 -0.084
583.513 0.114 -0.060 -0.033 0.064 -0.110 -0.084
583.693 0.115 -0.060 -0.033 0.064 -0.111 -0.085
583.879 0.117 -0.059 -0.032 0.064 -0.111 -0.086
584.113 0.116 -0.060 -0.034 0.066 -0.109 -0.085
584.293 0.117 -0.059 -0.034 0.066 -0.110 -0.086
584.480 0.116 -0.059 -0.035 0.066 -0.109 -0.086
584.720 0.116 -0.059 -0.035 0.065 -0.109 -0.087
584.893 0.114 -0.060 -0.037 0.065 -0.108 -0.086
585.080 0.116 -0.058 -0.034 0.062 -0.111 -0.089
585.317 0.116 -0.058 -0.034 0.062 -0.112 -0.089
585.493 0.115 -0.060 -0.035 0.064 -0.111 -0.088
585.683 0.114 -0.061 -0.035 0.065 -0.110 -0.086
585.914 0.115 -0.061 -0.035 0.065 -0.111 -0.086
586.093 0.116 -0.061 -0.035 0.066 -0.111 -0.086
586.281 0.117 -0.060 -0.034 0.066 -0.111 -0.086
586.513 0.117 -0.059 -0.032 0.065 -0.111 -0.086
586.697 0.115 -0.060 -0.034 0.066 -0.109 -0.084
586.880 0.116 -0.058 -0.032 0.064 -0.110 -0.085
587.117 0.115 -0.058 -0.031 0.063 -0.110 -0.085
587.293 0.114 -0.059 -0.032 0.063 -0.110 -0.085
587.480 0.116 -0.059 -0.032 0.062 -0.112 -0.087
587.717 0.115 -0.060 -0.034 0.064 -0.111 -0.087
587.893 0.116 -0.059 -0.034 0.064 -0.112 -0.088
588.080 0.117 -0.060 -0.035 0.065 -0.112 -0.089
588.313 0.128 -0.048 -0.019 0.054 -0.122 -0.097
588.493 0.117 -0.059 -0.037 0.066 -0.110 -0.089
588.689 0.117 -0.058 -0.035 0.065 -0.110 -0.088
588.917 0.116 -0.058 -0.035 0.064 -0.110 -0.089
589.093 0.116 -0.058 -0.033 0.063 -0.112 -0.089
589.280 0.115 -0.058 -0.034 0.063 -0.111 -0.088
589.517 0.114 -0.059 -0.035 0.064 -0.110 -0.087
589.694 0.114 -0.060 -0.035 0.065 -0.109 -0.086
589.880 0.116 -0.059 -0.034 0.065 -0.110 -0.086
590.113 0.116 -0.060 -0.034 0.066 -0.110 -0.086
590.280 0.117 -0.060 -0.033 0.066 -0.111 -0.085
590.502 0.116 -0.061 -0.033 0.066 -0.111 -0.085
590.683 0.117 -0.060 -0.031 0.064 -0.112 -0.086
590.880 0.117 -0.059 -0.031 0.063 -0.112 -0.086
591.105 0.116 -0.058 -0.032 0.064 -0.111 -0.086
591.285 0.116 -0.058 -0.032 0.064 -0.110 -0.086
591.480 0.116 -0.059 -0.033 0.064 -0.110 -0.085
591.701 0.117 -0.058 -0.032 0.064 -0.110 -0.086
591.887 0.117 -0.058 -0.033 0.065 -0.111 -0.087
592.080 0.118 -0.058 -0.032 0.064 -0.112 -0.088
592.301 0.116 -0.060 -0.036 0.065 -0.110 -0.087
592.485 0.116 -0.060 -0.035 0.064 -0.111 -0.088
592.680 0.115 -0.060 -0.036 0.064 -0.111 -0.088
592.901 0.117 -0.057 -0.032 0.062 -0.112 -0.089
593.081 0.116 -0.059 -0.035 0.064 -0.110 -0.088
593.280 0.116 -0.058 -0.034 0.065 -0.109 -0.087
593.501 0.116 -0.058 -0.035 0.065 -0.109 -0.087
593.682 0.118 -0.057 -0.033 0.064 -0.110 -0.088
593.890 0.117 -0.058 -0.033 0.064 -0.110 -0.087
594.113 0.116 -0.059 -0.033 0.064 -0.111 -0.087
594.293 0.117 -0.058 -0.031 0.063 -0.112 -0.088
594.489 0.116 -0.059 -0.032 0.063 -0.113 -0.088
594.713 0.121 -0.054 -0.025 0.059 -0.116 -0.089
594.909 0.115 -0.060 -0.037 0.067 -0.109 -0.087
595.133 0.119 -0.056 -0.031 0.064 -0.111 -0.088
595.319 0.118 -0.058 -0.033 0.065 -0.110 -0.087
595.553 0.118 -0.058 -0.032 0.064 -0.112 -0.088
595.733 0.116 -0.059 -0.034 0.064 -0.111 -0.087
595.919 0.115 -0.059 -0.033 0.063 -0.111 -0.087
596.154 0.117 -0.057 -0.031 0.061 -0.112 -0.088
596.333 0.114 -0.058 -0.034 0.063 -0.109 -0.086
596.519 0.117 -0.056 -0.030 0.061 -0.111 -0.088
596.753 0.116 -0.057 -0.032 0.063 -0.110 -0.086
596.933 0.117 -0.057 -0.031 0.063 -0.111 -0.087
597.120 0.117 -0.059 -0.033 0.065 -0.111 -0.086
597.353 0.117 -0.059 -0.032 0.065 -0.111 -0.087
597.533 0.115 -0.060 -0.034 0.065 -0.111 -0.086
597.720 0.115 -0.060 -0.034 0.064 -0.111 -0.087
597.953 0.117 -0.058 -0.031 0.062 -0.113 -0.088
598.133 0.115 -0.059 -0.034 0.063 -0.111 -0.087
598.320 0.117 -0.057 -0.032 0.063 -0.111 -0.087
598.553 0.130 -0.044 -0.013 0.050 -0.123 -0.097
598.733 0.117 -0.057 -0.035 0.065 -0.108 -0.088
598.920 0.118 -0.055 -0.033 0.064 -0.110 -0.088
599.157 0.116 -0.058 -0.036 0.065 -0.109 -0.089
599.333 0.114 -0.059 -0.038 0.064 -0.110 -0.089
599.520 0.140 -0.034 0.004 0.037 -0.136 -0.103
599.753 0.115 -0.057 -0.035 0.061 -0.112 -0.091
599.933 0.113 -0.059 -0.038 0.063 -0.110 -0.090
600.120 0.113 -0.059 -0.038 0.063 -0.109 -0.090
600.353 0.114 -0.058 -0.036 0.063 -0.109 -0.089
600.533 0.114 -0.058 -0.035 0.063 -0.109 -0.088
600.720 0.115 -0.058 -0.034 0.064 -0.109 -0.086
600.953 0.114 -0.059 -0.035 0.065 -0.108 -0.085
601.133 0.115 -0.058 -0.032 0.065 -0.108 -0.083
601.320 0.116 -0.057 -0.030 0.063 -0.110 -0.085
601.557 0.114 -0.059 -0.032 0.065 -0.108 -0.083
601.733 0.113 -0.059 -0.031 0.063 -0.109 -0.083
601.924 0.112 -0.060 -0.033 0.064 -0.108 -0.083
602.157 0.112 -0.060 -0.033 0.064 -0.108 -0.083
602.337 0.113 -0.059 -0.033 0.063 -0.108 -0.084
602.520 0.116 -0.055 -0.029 0.060 -0.112 -0.088
602.753 0.113 -0.059 -0.034 0.064 -0.108 -0.086
602.933 0.114 -0.059 -0.035 0.064 -0.108 -0.086
603.120 0.114 -0.059 -0.036 0.065 -0.108 -0.086
603.354 0.115 -0.059 -0.036 0.065 -0.108 -0.087
603.534 0.115 -0.059 -0.036 0.066 -0.108 -0.087
603.720 0.115 -0.060 -0.036 0.066 -0.109 -0.086
603.955 0.115 -0.060 -0.035 0.064 -0.111 -0.087
604.133 0.114 -0.061 -0.035 0.065 -0.111 -0.086
604.320 0.114 -0.062 -0.035 0.065 -0.111 -0.086
604.554 0.115 -0.062 -0.034 0.065 -0.112 -0.086
604.737 0.115 -0.062 -0.034 0.065 -0.113 -0.086
604.920 0.200 0.021 0.153 -0.019 -0.198 -0.023
605.153 0.117 -0.064 -0.043 0.066 -0.114 -0.094
605.334 0.117 -0.066 -0.052 0.069 -0.114 -0.101
605.549 0.119 -0.066 -0.055 0.069 -0.116 -0.107
605.753 0.120 -0.067 -0.057 0.071 -0.116 -0.108
605.933 0.120 -0.067 -0.057 0.072 -0.115 -0.106
606.130 0.120 -0.067 -0.055 0.073 -0.114 -0.103
606.358 0.120 -0.065 -0.049 0.071 -0.115 -0.100
606.533 0.119 -0.065 -0.044 0.069 -0.115 -0.095
606.730 0.116 -0.066 -0.040 0.068 -0.114 -0.089
606.955 0.115 -0.066 -0.035 0.067 -0.114 -0.084
607.137 0.114 -0.065 -0.030 0.065 -0.115 -0.081
607.330 0.115 -0.065 -0.026 0.064 -0.116 -0.079
607.554 0.115 -0.066 -0.025 0.065 -0.116 -0.077
607.737 0.115 -0.067 -0.025 0.066 -0.116 -0.076
607.930 0.116 -0.068 -0.026 0.067 -0.117 -0.077
608.158 0.117 -0.069 -0.029 0.069 -0.117 -0.077
608.335 0.118 -0.069 -0.031 0.070 -0.117 -0.080
608.530 0.120 -0.068 -0.032 0.070 -0.118 -0.084
608.753 0.128 -0.061 -0.024 0.063 -0.125 -0.092
608.933 0.122 -0.067 -0.036 0.071 -0.117 -0.088
609.130 0.120 -0.067 -0.040 0.072 -0.116 -0.090
609.353 0.121 -0.065 -0.039 0.069 -0.117 -0.092
609.537 0.118 -0.066 -0.041 0.069 -0.116 -0.092
609.730 0.118 -0.065 -0.041 0.066 -0.117 -0.094
609.954 0.115 -0.067 -0.042 0.067 -0.115 -0.092
610.134 0.115 -0.066 -0.040 0.066 -0.115 -0.090
610.330 0.115 -0.065 -0.039 0.065 -0.115 -0.090
610.556 0.115 -0.066 -0.037 0.065 -0.115 -0.089
610.734 0.114 -0.067 -0.037 0.066 -0.115 -0.086
610.930 0.115 -0.067 -0.036 0.066 -0.115 -0.086
611.153 0.115 -0.067 -0.034 0.067 -0.115 -0.084
611.334 0.137 -0.045 0.000 0.045 -0.137 -0.096
611.530 0.117 -0.066 -0.032 0.067 -0.116 -0.083
611.757 0.117 -0.067 -0.033 0.069 -0.115 -0.082
611.937 0.118 -0.066 -0.032 0.069 -0.115 -0.083
612.130 0.118 -0.067 -0.035 0.071 -0.114 -0.083
612.354 0.119 -0.066 -0.035 0.070 -0.115 -0.085
612.534 0.118 -0.066 -0.037 0.070 -0.114 -0.085
612.730 0.118 -0.065 -0.037 0.069 -0.114 -0.088
612.957 0.119 -0.063 -0.037 0.067 -0.115 -0.090
613.133 0.125 -0.057 -0.030 0.061 -0.121 -0.096
613.330 0.117 -0.064 -0.039 0.067 -0.113 -0.090
613.554 0.116 -0.064 -0.040 0.067 -0.113 -0.090
613.737 0.115 -0.065 -0.040 0.067 -0.113 -0.090
613.930 0.115 -0.065 -0.039 0.067 -0.113 -0.089
614.153 0.117 -0.064 -0.035 0.065 -0.116 -0.089
614.335 0.115 -0.067 -0.038 0.068 -0.114 -0.087
614.530 0.116 -0.067 -0.036 0.068 -0.116 -0.086
614.755 0.117 -0.068 -0.035 0.069 -0.116 -0.085
614.933 0.118 -0.068 -0.034 0.069 -0.117 -0.084
615.130 0.118 -0.068 -0.034 0.070 -0.116 -0.083
615.354 0.119 -0.067 -0.033 0.070 -0.116 -0.083
615.533 0.119 -0.066 -0.033 0.070 -0.116 -0.084
615.730 0.119 -0.066 -0.034 0.070 -0.115 -0.085
615.954 0.120 -0.064 -0.034 0.069 -0.115 -0.087
616.133 0.118 -0.065 -0.036 0.069 -0.114 -0.086
616.330 0.117 -0.065 -0.037 0.069 -0.113 -0.087
616.557 0.117 -0.065 -0.038 0.069 -0.113 -0.087
616.733 0.116 -0.065 -0.038 0.068 -0.113 -0.087
616.930 0.119 -0.063 -0.034 0.065 -0.117 -0.090
617.153 0.116 -0.065 -0.038 0.067 -0.115 -0.089
617.337 0.116 -0.065 -0.037 0.066 -0.115 -0.088
617.530 0.120 -0.062 -0.031 0.063 -0.118 -0.090
617.754 0.119 -0.062 -0.031 0.063 -0.118 -0.089
617.933 0.114 -0.067 -0.037 0.068 -0.113 -0.085
618.130 0.116 -0.066 -0.035 0.067 -0.115 -0.085
618.354 0.116 -0.065 -0.034 0.067 -0.115 -0.085
618.537 0.116 -0.066 -0.034 0.068 -0.114 -0.084
618.730 0.116 -0.066 -0.034 0.068 -0.114 -0.084
618.953 0.117 -0.065 -0.034 0.068 -0.115 -0.085
619.133 0.117 -0.065 -0.034 0.068 -0.115 -0.085
619.330 0.116 -0.067 -0.037 0.069 -0.114 -0.085
619.553 0.117 -0.066 -0.036 0.068 -0.115 -0.086
619.734 0.117 -0.066 -0.037 0.068 -0.115 -0.087
619.930 0.117 -0.066 -0.037 0.068 -0.115 -0.087
620.153 0.117 -0.066 -0.038 0.067 -0.115 -0.089
620.337 0.117 -0.065 -0.036 0.066 -0.116 -0.088
620.530 0.116 -0.066 -0.037 0.067 -0.115 -0.087
620.757 0.116 -0.066 -0.037 0.067 -0.115 -0.088
620.933 0.115 -0.066 -0.037 0.067 -0.114 -0.087
621.130 0.115 -0.066 -0.036 0.067 -0.115 -0.086
621.353 0.115 -0.066 -0.036 0.066 -0.114 -0.086
621.533 0.124 -0.057 -0.023 0.057 -0.124 -0.094
621.730 0.115 -0.067 -0.036 0.067 -0.114 -0.085
621.957 0.116 -0.065 -0.035 0.066 -0.116 -0.087
622.133 0.115 -0.067 -0.036 0.067 -0.115 -0.085
622.330 0.117 -0.065 -0.035 0.066 -0.116 -0.087
622.555 0.116 -0.066 -0.036 0.067 -0.116 -0.086
622.733 0.116 -0.066 -0.036 0.066 -0.116 -0.087
622.930 0.115 -0.067 -0.037 0.067 -0.115 -0.086
623.156 0.116 -0.066 -0.037 0.067 -0.115 -0.087
623.336 0.115 -0.066 -0.037 0.067 -0.115 -0.087
623.530 0.115 -0.066 -0.036 0.066 -0.115 -0.087
623.755 0.116 -0.064 -0.035 0.065 -0.116 -0.088
623.934 0.115 -0.065 -0.036 0.066 -0.115 -0.087
624.130 0.120 -0.061 -0.030 0.062 -0.119 -0.089
624.353 0.116 -0.064 -0.034 0.065 -0.116 -0.087
624.533 0.115 -0.066 -0.035 0.066 -0.115 -0.086
624.730 0.115 -0.065 -0.035 0.065 -0.115 -0.087
624.954 0.116 -0.065 -0.035 0.065 -0.116 -0.087
625.133 0.116 -0.065 -0.036 0.065 -0.116 -0.088
625.330 0.115 -0.066 -0.036 0.066 -0.115 -0.087
625.553 0.117 -0.065 -0.035 0.065 -0.116 -0.088
625.734 0.116 -0.065 -0.036 0.065 -0.116 -0.088
625.930 0.123 -0.058 -0.026 0.059 -0.123 -0.093
626.155 0.116 -0.066 -0.036 0.066 -0.115 -0.087
626.337 0.116 -0.065 -0.035 0.065 -0.116 -0.088
626.530 0.115 -0.065 -0.036 0.066 -0.115 -0.087
626.753 0.116 -0.065 -0.036 0.065 -0.115 -0.087
626.933 0.115 -0.065 -0.036 0.065 -0.115 -0.087
627.131 0.117 -0.063 -0.032 0.063 -0.117 -0.088
627.353 0.115 -0.066 -0.037 0.066 -0.115 -0.087
627.537 0.115 -0.065 -0.035 0.065 -0.116 -0.087
627.730 0.114 -0.066 -0.036 0.066 -0.115 -0.086
627.953 0.115 -0.066 -0.035 0.065 -0.116 -0.087
628.133 0.115 -0.066 -0.036 0.066 -0.115 -0.086
628.330 0.116 -0.065 -0.035 0.065 -0.116 -0.087
628.553 0.116 -0.064 -0.035 0.065 -0.116 -0.087
628.733 0.116 -0.064 -0.034 0.064 -0.116 -0.088
628.930 0.114 -0.066 -0.037 0.066 -0.114 -0.086
629.157 0.115 -0.065 -0.036 0.066 -0.114 -0.086
629.333 0.115 -0.065 -0.035 0.065 -0.115 -0.087
629.530 0.115 -0.065 -0.036 0.065 -0.115 -0.087
629.753 0.116 -0.065 -0.035 0.064 -0.116 -0.088
629.938 0.116 -0.065 -0.035 0.064 -0.117 -0.088
630.131 0.114 -0.067 -0.037 0.066 -0.115 -0.086
630.353 0.114 -0.068 -0.037 0.066 -0.116 -0.086
630.537 0.136 -0.047 -0.004 0.045 -0.138 -0.101
630.730 0.117 -0.067 -0.035 0.065 -0.118 -0.088
630.954 0.116 -0.067 -0.036 0.066 -0.118 -0.088
631.137 0.116 -0.067 -0.036 0.066 -0.117 -0.087
631.330 0.116 -0.067 -0.037 0.067 -0.116 -0.087
631.557 0.116 -0.066 -0.036 0.066 -0.116 -0.088
631.733 0.116 -0.065 -0.036 0.066 -0.116 -0.088
631.930 0.119 -0.061 -0.031 0.062 -0.119 -0.091
632.155 0.115 -0.064 -0.037 0.065 -0.115 -0.089
632.340 0.115 -0.064 -0.037 0.064 -0.115 -0.088
632.577 0.115 -0.064 -0.037 0.064 -0.115 -0.089
632.753 0.114 -0.065 -0.037 0.064 -0.115 -0.088
632.955 0.118 -0.061 -0.031 0.060 -0.119 -0.091
633.173 0.114 -0.065 -0.036 0.064 -0.115 -0.087
633.353 0.113 -0.066 -0.037 0.065 -0.115 -0.087
633.550 0.114 -0.066 -0.036 0.064 -0.116 -0.087
633.776 0.115 -0.065 -0.035 0.063 -0.117 -0.088
633.954 0.114 -0.066 -0.036 0.065 -0.116 -0.087
634.150 0.115 -0.066 -0.035 0.065 -0.117 -0.087
634.373 0.124 -0.058 -0.023 0.057 -0.125 -0.093
634.554 0.118 -0.065 -0.032 0.064 -0.119 -0.087
634.750 0.117 -0.067 -0.034 0.066 -0.118 -0.087
634.977 0.118 -0.066 -0.034 0.066 -0.118 -0.088
635.153 0.118 -0.066 -0.035 0.067 -0.117 -0.088
635.350 0.118 -0.065 -0.036 0.066 -0.117 -0.089
635.574 0.125 -0.057 -0.025 0.058 -0.124 -0.095
635.764 0.118 -0.063 -0.036 0.065 -0.116 -0.091
635.950 0.115 -0.064 -0.038 0.066 -0.114 -0.089
636.177 0.115 -0.064 -0.039 0.065 -0.113 -0.089
636.354 0.115 -0.063 -0.037 0.064 -0.114 -0.090
636.550 0.114 -0.063 -0.038 0.064 -0.114 -0.089
636.773 0.114 -0.064 -0.037 0.064 -0.114 -0.089
636.953 0.115 -0.063 -0.035 0.063 -0.116 -0.089
637.150 0.115 -0.064 -0.036 0.063 -0.116 -0.089
637.377 0.114 -0.066 -0.037 0.065 -0.115 -0.087
637.558 0.115 -0.065 -0.035 0.064 -0.116 -0.087
637.750 0.118 -0.063 -0.030 0.062 -0.119 -0.088
637.973 0.117 -0.065 -0.033 0.064 -0.117 -0.088
638.154 0.117 -0.065 -0.033 0.064 -0.118 -0.088
638.351 0.116 -0.066 -0.035 0.065 -0.117 -0.087
638.573 0.116 -0.066 -0.036 0.066 -0.116 -0.087
638.753 0.117 -0.065 -0.035 0.066 -0.116 -0.088
638.950 0.116 -0.065 -0.037 0.066 -0.115 -0.088
639.173 0.117 -0.064 -0.037 0.065 -0.115 -0.089
639.353 0.116 -0.063 -0.037 0.065 -0.114 -0.090
639.550 0.117 -0.063 -0.036 0.065 -0.115 -0.090
639.773 0.116 -0.063 -0.036 0.064 -0.115 -0.090
639.957 0.117 -0.061 -0.035 0.063 -0.116 -0.091
640.150 0.116 -0.062 -0.035 0.063 -0.115 -0.090
640.377 0.116 -0.061 -0.034 0.062 -0.116 -0.090
640.553 0.114 -0.064 -0.036 0.064 -0.114 -0.088
640.750 0.123 -0.055 -0.024 0.055 -0.123 -0.094
640.973 0.116 -0.063 -0.034 0.063 -0.116 -0.088
641.153 0.117 -0.062 -0.032 0.062 -0.117 -0.089
641.349 0.117 -0.063 -0.033 0.063 -0.117 -0.088
641.573 0.117 -0.064 -0.034 0.064 -0.117 -0.088
641.753 0.118 -0.064 -0.034 0.064 -0.118 -0.089
641.950 0.117 -0.066 -0.035 0.066 -0.117 -0.088
642.173 0.118 -0.066 -0.035 0.067 -0.117 -0.088
642.354 0.118 -0.065 -0.035 0.066 -0.117 -0.089
642.550 0.117 -0.065 -0.037 0.067 -0.115 -0.088
642.773 0.117 -0.064 -0.037 0.066 -0.115 -0.089
642.957 0.117 -0.063 -0.037 0.065 -0.115 -0.090
643.151 0.117 -0.063 -0.037 0.065 -0.114 -0.090
643.373 0.116 -0.062 -0.036 0.065 -0.114 -0.089
643.555 0.117 -0.062 -0.036 0.064 -0.114 -0.090
643.750 0.117 -0.061 -0.035 0.063 -0.115 -0.090
643.973 0.116 -0.062 -0.035 0.064 -0.114 -0.089
644.153 0.117 -0.061 -0.033 0.062 -0.116 -0.090
644.350 0.117 -0.062 -0.033 0.063 -0.116 -0.089
644.573 0.116 -0.063 -0.034 0.064 -0.115 -0.087
644.753 0.115 -0.064 -0.035 0.065 -0.115 -0.087
644.950 0.120 -0.060 -0.028 0.061 -0.119 -0.090
645.173 0.118 -0.062 -0.032 0.064 -0.116 -0.088
645.354 0.118 -0.062 -0.032 0.064 -0.116 -0.088
645.550 0.118 -0.062 -0.032 0.064 -0.116 -0.088
645.773 0.119 -0.061 -0.032 0.063 -0.116 -0.089
645.954 0.118 -0.061 -0.033 0.064 -0.116 -0.090
646.150 0.116 -0.063 -0.037 0.066 -0.113 -0.088
646.374 0.117 -0.062 -0.036 0.065 -0.115 -0.090
646.557 0.116 -0.063 -0.037 0.065 -0.114 -0.089
646.750 0.117 -0.063 -0.036 0.064 -0.115 -0.090
646.977 0.117 -0.062 -0.036 0.064 -0.116 -0.091
647.154 0.124 -0.055 -0.024 0.056 -0.123 -0.097
647.351 0.116 -0.063 -0.036 0.064 -0.114 -0.089
647.573 0.118 -0.060 -0.031 0.062 -0.117 -0.090
647.753 0.117 -0.062 -0.033 0.063 -0.116 -0.089
647.950 0.117 -0.061 -0.033 0.063 -0.116 -0.089
648.173 0.117 -0.062 -0.032 0.063 -0.116 -0.088
648.353 0.115 -0.063 -0.034 0.065 -0.114 -0.086
648.550 0.120 -0.059 -0.028 0.060 -0.119 -0.090
648.773 0.117 -0.062 -0.032 0.063 -0.116 -0.088
648.953 0.117 -0.062 -0.033 0.063 -0.116 -0.088
649.150 0.117 -0.062 -0.033 0.063 -0.116 -0.089
649.373 0.117 -0.063 -0.035 0.063 -0.116 -0.089
649.553 0.116 -0.063 -0.035 0.064 -0.116 -0.090
649.750 0.119 -0.061 -0.032 0.061 -0.118 -0.091
649.977 0.117 -0.063 -0.035 0.063 -0.117 -0.091
650.154 0.117 -0.062 -0.035 0.062 -0.117 -0.092
650.350 0.116 -0.063 -0.036 0.062 -0.117 -0.091
650.579 0.117 -0.062 -0.035 0.061 -0.118 -0.093
650.757 0.116 -0.063 -0.036 0.062 -0.117 -0.092
650.950 0.116 -0.063 -0.035 0.062 -0.117 -0.091
651.173 0.115 -0.064 -0.036 0.062 -0.116 -0.090
651.353 0.115 -0.064 -0.036 0.063 -0.116 -0.089
651.550 0.115 -0.064 -0.034 0.062 -0.117 -0.089
651.773 0.114 -0.065 -0.035 0.063 -0.116 -0.087
651.954 0.116 -0.063 -0.032 0.061 -0.118 -0.089
652.152 0.116 -0.063 -0.031 0.061 -0.118 -0.088
652.373 0.115 -0.064 -0.033 0.062 -0.117 -0.087
652.553 0.115 -0.064 -0.033 0.062 -0.117 -0.088
652.751 0.115 -0.064 -0.033 0.062 -0.117 -0.088
652.973 0.116 -0.063 -0.032 0.061 -0.119 -0.089
653.157 0.115 -0.064 -0.034 0.062 -0.117 -0.089
653.350 0.116 -0.063 -0.032 0.060 -0.119 -0.090
653.573 0.124 -0.054 -0.021 0.052 -0.127 -0.096
653.754 0.114 -0.064 -0.035 0.061 -0.117 -0.090
653.950 0.114 -0.063 -0.034 0.060 -0.118 -0.090
654.173 0.114 -0.063 -0.034 0.060 -0.118 -0.090
654.357 0.113 -0.064 -0.035 0.060 -0.117 -0.089
654.550 0.114 -0.063 -0.034 0.059 -0.118 -0.090
654.776 0.115 -0.062 -0.032 0.059 -0.118 -0.091
654.953 0.113 -0.063 -0.036 0.061 -0.116 -0.090
655.150 0.116 -0.060 -0.031 0.058 -0.118 -0.091
655.373 0.113 -0.063 -0.036 0.062 -0.114 -0.089
655.555 0.115 -0.060 -0.032 0.060 -0.115 -0.089
655.750 0.115 -0.060 -0.032 0.061 -0.114 -0.088
655.973 0.115 -0.061 -0.033 0.062 -0.114 -0.087
656.153 0.116 -0.061 -0.031 0.062 -0.115 -0.087
656.350 0.115 -0.063 -0.034 0.064 -0.115 -0.087
656.573 0.118 -0.062 -0.031 0.062 -0.118 -0.089
656.753 0.117 -0.064 -0.033 0.063 -0.119 -0.089
656.951 0.116 -0.067 -0.036 0.064 -0.118 -0.088
657.177 0.115 -0.068 -0.038 0.064 -0.118 -0.090
657.357 0.114 -0.067 -0.037 0.063 -0.118 -0.090
657.550 0.113 -0.067 -0.039 0.063 -0.117 -0.090
657.773 0.112 -0.067 -0.039 0.062 -0.117 -0.090
657.957 0.113 -0.065 -0.037 0.061 -0.117 -0.091
658.150 0.112 -0.064 -0.036 0.060 -0.117 -0.091
658.373 0.111 -0.065 -0.037 0.060 -0.115 -0.090
658.554 0.111 -0.064 -0.037 0.060 -0.115 -0.089
658.750 0.110 -0.065 -0.038 0.061 -0.114 -0.088
658.953 0.112 -0.064 -0.036 0.060 -0.115 -0.089
659.151 0.113 -0.063 -0.033 0.059 -0.117 -0.089
659.373 0.112 -0.065 -0.034 0.061 -0.116 -0.087
659.553 0.114 -0.064 -0.031 0.060 -0.118 -0.087
659.749 0.115 -0.064 -0.031 0.061 -0.119 -0.087
659.977 0.118 -0.062 -0.026 0.058 -0.122 -0.089
660.153 0.115 -0.066 -0.033 0.062 -0.119 -0.087
660.349 0.116 -0.066 -0.032 0.062 -0.120 -0.088
660.573 0.115 -0.066 -0.034 0.062 -0.119 -0.089
660.755 0.113 -0.068 -0.037 0.063 -0.118 -0.089
660.950 0.113 -0.067 -0.037 0.061 -0.119 -0.090
661.173 0.113 -0.067 -0.035 0.059 -0.120 -0.091
661.357 0.112 -0.067 -0.036 0.059 -0.121 -0.091
661.550 0.112 -0.067 -0.037 0.059 -0.121 -0.092
661.777 0.111 -0.068 -0.038 0.058 -0.121 -0.092
661.953 0.110 -0.069 -0.038 0.059 -0.121 -0.091
662.151 0.109 -0.070 -0.038 0.059 -0.120 -0.090
662.373 0.110 -0.069 -0.036 0.058 -0.120 -0.089
662.557 0.112 -0.066 -0.031 0.056 -0.123 -0.089
662.750 0.111 -0.067 -0.033 0.057 -0.121 -0.088
662.975 0.111 -0.067 -0.032 0.057 -0.121 -0.088
663.153 0.111 -0.066 -0.031 0.057 -0.121 -0.087
663.358 0.109 -0.069 -0.034 0.059 -0.119 -0.085
663.573 0.112 -0.067 -0.031 0.058 -0.122 -0.087
663.753 0.112 -0.069 -0.034 0.059 -0.122 -0.088
663.952 0.113 -0.069 -0.033 0.059 -0.123 -0.089
664.173 0.115 -0.069 -0.033 0.060 -0.123 -0.089
664.353 0.116 -0.067 -0.032 0.060 -0.124 -0.091
664.550 0.113 -0.069 -0.036 0.061 -0.121 -0.090
664.777 0.115 -0.067 -0.036 0.060 -0.122 -0.092
664.957 0.116 -0.067 -0.035 0.059 -0.123 -0.093
665.150 0.114 -0.068 -0.036 0.060 -0.123 -0.092
665.373 0.114 -0.069 -0.037 0.060 -0.123 -0.092
665.553 0.111 -0.070 -0.039 0.060 -0.121 -0.091
665.753 0.110 -0.071 -0.040 0.061 -0.120 -0.091
665.974 0.114 -0.068 -0.034 0.057 -0.124 -0.092
666.153 0.114 -0.067 -0.032 0.057 -0.124 -0.091
666.350 0.118 -0.061 -0.024 0.051 -0.128 -0.094
666.573 0.109 -0.069 -0.037 0.060 -0.118 -0.087
666.753 0.110 -0.068 -0.034 0.058 -0.120 -0.087
666.950 0.110 -0.069 -0.033 0.058 -0.121 -0.087
667.173 0.110 -0.070 -0.034 0.059 -0.121 -0.086
667.353 0.110 -0.071 -0.034 0.060 -0.122 -0.086
667.550 0.111 -0.072 -0.034 0.061 -0.122 -0.086
667.773 0.112 -0.072 -0.035 0.061 -0.122 -0.086
667.954 0.112 -0.072 -0.035 0.062 -0.121 -0.086
668.150 0.113 -0.071 -0.036 0.062 -0.121 -0.088
668.375 0.113 -0.070 -0.037 0.062 -0.121 -0.089
668.553 0.113 -0.070 -0.037 0.062 -0.120 -0.090
668.759 0.113 -0.069 -0.038 0.062 -0.120 -0.090
668.973 0.114 -0.068 -0.035 0.060 -0.122 -0.090
669.153 0.128 -0.054 -0.014 0.045 -0.138 -0.102
669.350 0.112 -0.070 -0.037 0.060 -0.122 -0.091
669.573 0.110 -0.072 -0.039 0.060 -0.122 -0.090
669.754 0.112 -0.069 -0.036 0.057 -0.124 -0.092
669.950 0.114 -0.068 -0.033 0.056 -0.126 -0.093
670.173 0.113 -0.068 -0.033 0.056 -0.126 -0.092
670.354 0.111 -0.069 -0.035 0.057 -0.123 -0.091
670.552 0.108 -0.071 -0.039 0.058 -0.120 -0.090
670.773 0.109 -0.070 -0.036 0.057 -0.122 -0.089
670.954 0.108 -0.071 -0.037 0.059 -0.121 -0.088
671.149 0.109 -0.071 -0.036 0.059 -0.121 -0.087
671.377 0.113 -0.070 -0.031 0.058 -0.125 -0.088
671.553 0.112 -0.071 -0.033 0.060 -0.123 -0.087
671.755 0.114 -0.070 -0.033 0.060 -0.123 -0.088
671.973 0.114 -0.070 -0.033 0.062 -0.122 -0.086
672.153 0.114 -0.070 -0.034 0.062 -0.121 -0.087
672.350 0.114 -0.069 -0.035 0.062 -0.121 -0.088
672.577 0.112 -0.070 -0.038 0.063 -0.119 -0.088
672.758 0.115 -0.066 -0.033 0.059 -0.123 -0.091
672.950 0.112 -0.069 -0.037 0.060 -0.121 -0.091
673.173 0.110 -0.071 -0.039 0.060 -0.121 -0.090
673.353 0.111 -0.071 -0.038 0.058 -0.123 -0.092
673.550 0.113 -0.070 -0.035 0.056 -0.127 -0.094
673.777 0.110 -0.071 -0.037 0.056 -0.125 -0.092
673.953 0.112 -0.069 -0.033 0.053 -0.127 -0.093
674.150 0.110 -0.069 -0.035 0.054 -0.125 -0.092
674.374 0.108 -0.072 -0.038 0.058 -0.122 -0.090
674.554 0.109 -0.072 -0.037 0.059 -0.122 -0.088
674.750 0.113 -0.069 -0.031 0.057 -0.125 -0.089
674.973 0.113 -0.068 -0.030 0.057 -0.125 -0.088
675.154 0.112 -0.071 -0.033 0.061 -0.121 -0.085
675.350 0.115 -0.068 -0.028 0.059 -0.124 -0.086
675.574 0.114 -0.071 -0.034 0.063 -0.122 -0.086
675.753 0.112 -0.072 -0.037 0.065 -0.119 -0.085
675.954 0.114 -0.070 -0.035 0.062 -0.122 -0.088
676.177 0.113 -0.071 -0.036 0.061 -0.122 -0.089
676.357 0.111 -0.073 -0.038 0.062 -0.122 -0.089
676.593 0.112 -0.071 -0.037 0.059 -0.124 -0.091
676.773 0.110 -0.073 -0.039 0.060 -0.123 -0.091
676.960 0.108 -0.073 -0.040 0.060 -0.122 -0.090
677.199 0.108 -0.073 -0.040 0.059 -0.122 -0.090
677.373 0.110 -0.071 -0.036 0.057 -0.124 -0.092
677.560 0.108 -0.072 -0.037 0.057 -0.123 -0.089
677.793 0.109 -0.072 -0.035 0.057 -0.123 -0.089
677.973 0.110 -0.071 -0.034 0.057 -0.124 -0.088
678.160 0.112 -0.070 -0.030 0.056 -0.126 -0.089
678.397 0.112 -0.072 -0.031 0.059 -0.125 -0.086
678.573 0.112 -0.073 -0.033 0.061 -0.124 -0.086
678.761 0.114 -0.072 -0.030 0.061 -0.126 -0.086
678.997 0.114 -0.072 -0.032 0.062 -0.124 -0.086
679.173 0.123 -0.063 -0.021 0.054 -0.132 -0.094
679.359 0.117 -0.069 -0.025 0.061 -0.125 -0.082
679.594 0.115 -0.072 -0.018 0.066 -0.121 -0.068
679.773 0.115 -0.072 -0.003 0.067 -0.120 -0.053
679.960 0.117 -0.071 0.017 0.067 -0.121 -0.035
680.193 0.121 -0.068 0.042 0.066 -0.123 -0.015
680.373 0.124 -0.066 0.068 0.065 -0.125 0.008
680.560 0.123 -0.067 0.091 0.068 -0.122 0.035
680.793 0.124 -0.065 0.120 0.068 -0.121 0.062
680.973 0.125 -0.063 0.149 0.069 -0.120 0.091
681.160 0.127 -0.061 0.180 0.070 -0.118 0.121
