0.000 0.128 0.165 -0.055 -0.144 -0.107 -0.440
0.210 0.147 0.198 -0.110 -0.169 -0.118 -0.555
0.439 0.163 0.228 -0.171 -0.192 -0.126 -0.673
0.669 0.177 0.258 -0.242 -0.216 -0.135 -0.798
0.869 0.186 0.280 -0.302 -0.238 -0.142 -0.900
1.071 0.191 0.301 -0.365 -0.260 -0.149 -1.002
1.270 0.197 0.321 -0.428 -0.281 -0.155 -1.102
1.470 0.202 0.341 -0.492 -0.300 -0.160 -1.201
1.670 0.207 0.361 -0.558 -0.319 -0.163 -1.299
1.870 0.211 0.378 -0.624 -0.338 -0.169 -1.397
2.071 0.212 0.391 -0.691 -0.359 -0.177 -1.495
2.270 0.212 0.405 -0.758 -0.380 -0.184 -1.592
2.470 0.211 0.418 -0.826 -0.401 -0.191 -1.689
2.670 0.211 0.432 -0.895 -0.420 -0.197 -1.785
2.870 0.211 0.443 -0.964 -0.440 -0.204 -1.881
3.070 0.211 0.452 -1.034 -0.458 -0.213 -1.977
3.271 0.210 0.459 -1.104 -0.478 -0.224 -2.072
3.470 0.207 0.466 -1.175 -0.497 -0.235 -2.167
3.671 0.205 0.473 -1.245 -0.517 -0.244 -2.262
3.869 0.202 0.480 -1.316 -0.536 -0.255 -2.356
4.070 0.201 0.485 -1.387 -0.553 -0.265 -2.450
4.280 0.200 0.489 -1.462 -0.571 -0.278 -2.548
4.480 0.199 0.491 -1.533 -0.587 -0.291 -2.642
4.680 0.199 0.492 -1.605 -0.602 -0.305 -2.735
4.880 0.199 0.493 -1.676 -0.617 -0.319 -2.828
5.080 0.197 0.493 -1.749 -0.633 -0.334 -2.920
5.280 0.196 0.492 -1.820 -0.648 -0.349 -3.013
5.479 0.196 0.490 -1.893 -0.662 -0.365 -3.105
5.680 0.198 0.488 -1.965 -0.673 -0.381 -3.197
5.879 0.202 0.487 -2.038 -0.683 -0.396 -3.289
6.080 0.206 0.485 -2.111 -0.693 -0.412 -3.382
6.280 0.210 0.482 -2.184 -0.702 -0.428 -3.473
6.480 0.211 0.476 -2.262 -0.714 -0.447 -3.570
6.680 0.209 0.456 -2.359 -0.729 -0.480 -3.685
6.880 0.215 0.443 -2.448 -0.736 -0.506 -3.792
7.080 0.231 0.451 3.748 -0.733 -0.511 2.386
7.280 0.245 0.461 3.660 -0.732 -0.514 2.281
7.480 0.250 0.452 3.569 -0.739 -0.535 2.172
7.680 0.252 0.419 3.480 -0.752 -0.581 2.065
7.880 0.264 0.403 3.396 -0.754 -0.609 1.964
8.090 0.275 0.412 3.311 -0.756 -0.613 1.862
8.290 0.287 0.431 3.232 -0.754 -0.605 1.767
8.490 0.302 0.443 3.153 -0.750 -0.605 1.673
8.690 0.316 0.444 3.075 -0.748 -0.616 1.579
8.890 0.331 0.439 3.002 -0.745 -0.632 1.489
9.090 0.347 0.449 2.929 -0.739 -0.635 1.401
9.290 0.363 0.454 2.854 -0.734 -0.641 1.310
9.490 0.377 0.448 2.775 -0.733 -0.657 1.215
9.690 0.395 0.443 2.708 -0.727 -0.674 1.133
9.890 0.417 0.449 2.656 -0.716 -0.678 1.065
10.090 0.426 0.460 2.612 -0.716 -0.678 1.007
10.290 0.413 0.458 2.577 -0.741 -0.691 0.957
10.490 0.398 0.461 2.549 -0.766 -0.699 0.914
10.689 0.386 0.458 2.525 -0.790 -0.712 0.875
10.890 0.390 0.460 2.498 -0.797 -0.720 0.833
11.093 0.400 0.459 2.468 -0.798 -0.731 0.788
11.321 0.408 0.455 2.437 -0.801 -0.745 0.743
11.501 0.415 0.452 2.405 -0.806 -0.758 0.696
11.689 0.418 0.450 2.372 -0.814 -0.769 0.648
11.921 0.421 0.447 2.340 -0.822 -0.782 0.602
12.101 0.430 0.445 2.313 -0.825 -0.795 0.560
12.289 0.447 0.441 2.285 -0.819 -0.808 0.517
12.521 0.480 0.433 2.251 -0.798 -0.826 0.468
12.701 0.521 0.424 2.212 -0.770 -0.844 0.414
12.889 0.556 0.422 2.169 -0.747 -0.855 0.357
13.125 0.577 0.427 2.123 -0.736 -0.859 0.296
13.305 0.590 0.434 2.074 -0.732 -0.861 0.234
13.490 0.605 0.436 2.021 -0.727 -0.868 0.168
13.725 0.629 0.436 1.963 -0.714 -0.879 0.094
13.910 0.656 0.441 1.908 -0.696 -0.882 0.025
14.141 0.680 0.455 1.853 -0.679 -0.877 -0.042
14.321 0.698 0.472 1.797 -0.667 -0.869 -0.110
14.510 0.711 0.486 1.740 -0.660 -0.863 -0.178
14.741 0.726 0.498 1.682 -0.653 -0.860 -0.248
14.922 0.743 0.510 1.615 -0.643 -0.857 -0.328
15.110 0.751 0.509 1.540 -0.646 -0.866 -0.417
15.345 0.770 0.517 1.467 -0.636 -0.866 -0.503
15.521 0.778 0.543 1.392 -0.632 -0.849 -0.589
15.721 0.785 0.587 1.313 -0.628 -0.813 -0.677
15.945 0.794 0.628 1.236 -0.623 -0.780 -0.765
16.121 0.805 0.661 1.157 -0.618 -0.755 -0.856
16.320 0.814 0.682 1.075 -0.617 -0.741 -0.949
16.545 0.821 0.704 0.995 -0.619 -0.728 -1.041
16.725 0.826 0.726 0.918 -0.623 -0.714 -1.130
16.921 0.831 0.757 0.843 -0.626 -0.691 -1.216
17.141 0.837 0.797 0.769 -0.631 -0.660 -1.303
17.321 0.841 0.822 0.690 -0.638 -0.643 -1.394
17.520 0.842 0.835 0.607 -0.646 -0.639 -1.489
17.741 0.841 0.850 0.517 -0.656 -0.633 -1.591
17.925 0.835 0.885 0.417 -0.675 -0.608 -1.704
18.161 0.814 0.926 0.306 -0.713 -0.576 -1.830
18.343 0.792 0.957 0.184 -0.749 -0.554 -1.965
18.530 0.789 0.981 0.054 -0.766 -0.540 -2.108
18.761 0.787 1.000 -0.078 -0.781 -0.531 -2.252
18.946 0.771 1.020 -0.214 -0.809 -0.520 -2.400
19.130 0.737 1.035 -0.348 -0.854 -0.515 -2.547
19.361 0.701 1.041 -0.475 -0.900 -0.517 -2.685
19.545 0.669 1.043 -0.599 -0.939 -0.522 -2.820
19.733 0.641 1.041 -0.717 -0.972 -0.532 -2.948
19.961 0.614 1.037 -0.829 -1.005 -0.543 -3.070
20.141 0.585 1.033 -0.936 -1.039 -0.553 -3.188
20.330 0.555 1.025 -1.038 -1.075 -0.568 -3.300
20.561 0.524 1.012 -1.137 -1.109 -0.587 -3.408
20.741 0.500 0.995 -1.231 -1.136 -0.611 -3.511
20.930 0.484 0.978 -1.320 -1.155 -0.633 -3.610
21.165 0.473 0.963 -1.407 -1.170 -0.654 -3.706
21.345 0.463 0.948 -1.491 -1.184 -0.675 -3.800
21.532 0.450 0.930 -1.572 -1.201 -0.699 -3.890
21.753 0.438 0.911 -1.649 -1.218 -0.726 -3.978
21.935 0.434 0.893 -1.725 -1.228 -0.750 -4.064
22.130 0.433 0.876 -1.800 -1.234 -0.774 -4.148
22.353 0.437 0.858 -1.873 -1.237 -0.798 -4.231
22.534 0.440 0.840 -1.944 -1.241 -0.824 -4.312
22.730 0.442 0.822 4.270 -1.246 -0.849 1.891
22.953 0.445 0.805 4.201 -1.251 -0.874 1.812
23.136 0.451 0.789 4.133 -1.253 -0.897 1.733
23.330 0.461 0.774 4.066 -1.252 -0.920 1.655
23.557 0.475 0.758 4.001 -1.248 -0.944 1.579
23.745 0.495 0.746 3.935 -1.237 -0.964 1.502
23.930 0.517 0.740 3.866 -1.223 -0.978 1.423
24.157 0.551 0.730 3.794 -1.196 -0.996 1.341
24.333 0.587 0.724 3.721 -1.155 -1.008 1.259
24.530 0.617 0.727 3.646 -1.106 -1.012 1.176
24.754 -0.040 -0.005 -2.955 -0.088 -0.054 -3.011
24.941 -0.049 -0.022 -2.955 -0.094 -0.066 -3.007
25.174 -0.055 -0.030 -2.948 -0.101 -0.077 -3.001
25.353 -0.057 -0.036 -2.941 -0.104 -0.084 -2.996
25.540 -0.031 -0.010 -2.914 -0.134 -0.114 -3.055
25.774 0.058 0.122 0.979 -0.075 -0.011 0.806
25.953 0.062 0.158 0.964 -0.143 -0.046 0.685
26.140 1.479 0.403 -2.939 1.386 0.310 -3.046
26.373 1.656 0.454 -2.769 1.567 0.365 -2.885
26.554 1.684 0.552 -2.688 1.502 0.373 -2.936
26.740 1.714 0.645 -2.626 1.469 0.409 -2.957
26.973 -0.031 0.031 0.567 -0.059 0.003 0.536
27.153 -0.001 0.077 0.584 -0.051 0.026 0.525
27.340 0.032 0.111 0.590 -0.025 0.055 0.526
27.576 0.059 0.130 0.604 0.007 0.079 0.546
27.753 0.076 0.138 0.617 0.018 0.081 0.550
27.940 0.089 0.149 0.628 0.030 0.090 0.556
28.174 0.093 0.142 0.621 0.042 0.090 0.561
28.354 0.092 0.130 0.644 0.047 0.085 0.593
28.540 0.098 0.129 0.651 0.055 0.086 0.603
28.773 0.104 0.133 0.662 0.055 0.083 0.605
28.953 0.108 0.138 0.671 0.060 0.090 0.618
29.140 0.110 0.142 0.680 0.065 0.098 0.629
29.377 0.115 0.146 0.689 0.069 0.100 0.637
29.575 0.119 0.147 0.700 0.073 0.102 0.647
29.758 0.115 0.144 0.708 0.070 0.099 0.657
29.940 0.107 0.127 0.715 0.060 0.081 0.662
30.173 0.096 0.098 0.719 0.051 0.052 0.668
30.354 0.085 0.072 0.726 0.037 0.024 0.672
30.540 0.080 0.043 0.734 0.024 -0.013 0.665
30.773 0.074 0.002 0.728 0.028 -0.044 0.676
30.953 0.071 -0.013 0.729 0.025 -0.059 0.676
31.140 0.069 -0.015 0.730 0.023 -0.061 0.678
31.373 0.072 -0.010 0.728 0.025 -0.057 0.674
31.557 0.074 0.002 0.727 0.027 -0.044 0.674
31.740 0.074 0.018 0.731 0.026 -0.029 0.678
31.973 0.079 0.027 0.722 0.032 -0.021 0.668
32.153 0.081 0.033 0.719 0.033 -0.014 0.665
32.346 0.080 0.033 0.717 0.033 -0.015 0.662
32.573 0.075 0.032 0.719 0.029 -0.014 0.667
32.753 0.075 0.021 0.715 0.027 -0.027 0.660
32.940 0.069 0.011 0.713 0.023 -0.035 0.662
33.173 0.070 0.004 0.715 0.023 -0.043 0.662
33.353 0.083 0.005 0.721 0.033 -0.044 0.665
33.540 0.096 0.024 0.732 0.038 -0.035 0.663
33.774 0.100 0.043 0.738 0.053 -0.004 0.684
33.953 0.112 0.065 0.748 0.066 0.020 0.696
34.140 0.125 0.091 0.756 0.078 0.043 0.701
34.373 0.132 0.114 0.768 0.089 0.070 0.719
34.557 0.144 0.134 0.772 0.099 0.088 0.721
34.740 0.149 0.153 0.786 0.103 0.107 0.734
34.977 0.157 0.166 0.794 0.110 0.118 0.740
35.157 0.158 0.177 0.811 0.111 0.130 0.757
35.340 0.154 0.174 0.815 0.108 0.129 0.764
35.573 0.142 0.161 0.821 0.097 0.115 0.770
35.757 0.127 0.139 0.836 0.076 0.087 0.774
35.940 0.100 0.085 0.839 0.054 0.039 0.786
36.173 0.074 0.047 0.850 0.026 -0.000 0.796
36.353 0.054 0.004 0.854 0.007 -0.043 0.800
36.540 0.039 -0.020 0.860 -0.007 -0.066 0.807
36.773 0.032 -0.030 0.863 -0.015 -0.077 0.809
36.953 0.027 -0.027 0.870 -0.019 -0.072 0.819
37.140 0.039 -0.017 0.871 -0.020 -0.076 0.806
37.374 0.039 -0.011 0.869 -0.008 -0.058 0.816
37.553 0.047 0.003 0.873 -0.001 -0.045 0.818
37.740 0.063 0.024 0.880 0.010 -0.029 0.817
37.974 0.078 0.046 0.878 0.032 0.001 0.826
38.154 0.096 0.077 0.884 0.049 0.030 0.831
38.340 0.117 0.104 0.890 0.070 0.057 0.836
38.573 0.133 0.126 0.899 0.087 0.080 0.847
38.757 0.141 0.132 0.898 0.094 0.085 0.846
38.940 0.133 0.118 0.899 0.088 0.073 0.849
39.173 0.116 0.092 0.901 0.070 0.046 0.849
39.353 0.095 0.057 0.907 0.048 0.010 0.854
39.540 0.072 0.022 0.910 0.027 -0.024 0.858
39.773 0.052 -0.002 0.918 0.006 -0.047 0.866
39.955 0.040 -0.016 0.931 -0.016 -0.071 0.863
40.140 0.029 -0.043 0.923 -0.018 -0.090 0.871
40.373 0.025 -0.045 0.927 -0.022 -0.092 0.874
40.553 0.028 -0.036 0.933 -0.024 -0.088 0.871
40.740 0.029 -0.027 0.936 -0.019 -0.075 0.882
40.973 0.033 -0.014 0.939 -0.013 -0.060 0.886
41.153 0.040 -0.002 0.942 -0.006 -0.048 0.889
41.342 0.042 0.006 0.948 -0.003 -0.039 0.897
41.573 0.048 0.011 0.951 0.002 -0.035 0.898
41.753 0.055 0.018 0.955 0.000 -0.037 0.895
41.941 0.051 0.012 0.956 0.006 -0.034 0.904
42.185 0.051 0.007 0.957 0.006 -0.039 0.906
42.353 0.050 0.011 0.967 0.000 -0.039 0.907
42.550 0.048 -0.005 0.961 0.004 -0.049 0.910
42.777 0.046 -0.008 0.962 -0.000 -0.054 0.910
42.954 0.041 -0.005 0.973 -0.006 -0.051 0.920
43.150 0.039 -0.012 0.970 -0.009 -0.060 0.915
43.377 0.033 -0.012 0.974 -0.014 -0.058 0.922
43.555 0.032 -0.003 0.984 -0.017 -0.052 0.928
43.750 0.027 -0.007 0.983 -0.020 -0.054 0.930
43.973 0.019 -0.008 0.987 -0.027 -0.053 0.935
44.154 0.016 -0.011 0.987 -0.029 -0.056 0.936
44.350 0.014 -0.008 0.988 -0.034 -0.056 0.933
44.573 -0.002 -0.006 0.991 -0.046 -0.051 0.940
44.755 0.003 0.003 1.014 -0.050 -0.050 0.952
44.950 -0.003 0.004 1.020 -0.056 -0.049 0.958
45.173 -0.008 0.007 1.026 -0.066 -0.051 0.957
45.357 -0.017 0.007 1.034 -0.073 -0.049 0.970
45.550 -0.026 0.001 1.006 -0.075 -0.048 0.943
45.773 0.026 0.039 1.025 -0.088 -0.076 0.868
45.957 0.066 0.083 0.997 -0.127 -0.110 0.728
46.150 0.083 0.121 0.973 -0.164 -0.127 0.626
46.373 0.099 0.152 0.938 -0.193 -0.140 0.528
46.553 0.124 0.178 0.881 -0.207 -0.153 0.416
46.750 0.148 0.203 0.822 -0.217 -0.162 0.307
46.973 0.173 0.229 0.761 -0.223 -0.168 0.201
47.157 0.198 0.255 0.698 -0.228 -0.170 0.098
47.351 0.220 0.283 0.635 -0.233 -0.171 -0.005
47.573 0.217 0.315 0.611 -0.264 -0.164 -0.065
47.753 0.218 0.346 0.565 -0.287 -0.158 -0.147
47.950 0.205 0.378 0.532 -0.325 -0.148 -0.213
48.177 0.196 0.416 0.464 -0.358 -0.134 -0.314
48.360 0.182 0.439 0.416 -0.395 -0.132 -0.394
48.597 0.181 0.442 0.344 -0.416 -0.149 -0.495
48.773 0.180 0.441 0.271 -0.436 -0.171 -0.595
48.960 0.149 0.465 0.255 -0.487 -0.166 -0.639
49.197 0.124 0.487 0.233 -0.533 -0.163 -0.689
49.378 0.122 0.496 0.157 -0.554 -0.172 -0.790
49.560 0.120 0.501 0.081 -0.573 -0.184 -0.891
49.793 0.104 0.505 0.024 -0.605 -0.198 -0.973
49.973 0.095 0.494 -0.052 -0.629 -0.226 -1.072
50.160 0.088 0.485 -0.128 -0.652 -0.250 -1.171
50.393 0.085 0.483 -0.206 -0.670 -0.269 -1.271
50.573 0.086 0.480 -0.283 -0.684 -0.287 -1.371
50.760 0.042 0.507 -0.296 -0.744 -0.275 -1.406
50.994 0.024 0.479 -0.355 -0.774 -0.318 -1.487
51.177 0.023 0.451 -0.428 -0.789 -0.360 -1.580
51.360 0.025 0.460 -0.509 -0.802 -0.365 -1.683
51.593 0.029 0.476 -0.591 -0.812 -0.363 -1.785
51.773 0.033 0.464 -0.671 -0.821 -0.389 -1.884
51.960 0.025 0.448 -0.742 -0.841 -0.418 -1.976
52.193 0.025 0.418 -0.841 -0.855 -0.460 -2.095
52.375 0.023 0.386 -0.949 -0.871 -0.505 -2.223
52.561 0.033 0.361 -1.003 -0.876 -0.542 -2.297
52.793 0.080 0.338 -1.111 -0.844 -0.578 -2.425
52.973 0.118 0.322 -1.226 -0.821 -0.605 -2.559
53.160 0.102 0.328 -1.280 -0.850 -0.612 -2.630
53.393 0.083 0.324 -1.337 -0.882 -0.627 -2.707
53.577 0.098 0.296 -1.431 -0.884 -0.667 -2.821
53.759 0.117 0.273 -1.526 -0.881 -0.702 -2.935
53.997 0.103 0.275 -1.577 -0.905 -0.712 -3.004
54.185 0.105 0.269 -1.645 -0.915 -0.729 -3.090
54.370 0.117 0.260 -1.719 -0.916 -0.750 -3.181
54.605 0.148 0.238 -1.809 -0.902 -0.784 -3.291
54.782 0.167 0.223 -1.888 -0.899 -0.810 -3.389
54.973 0.182 0.214 -1.965 -0.896 -0.830 -3.483
55.201 0.219 0.201 -2.059 -0.875 -0.854 -3.595
55.381 0.216 0.206 -2.110 -0.887 -0.859 -3.662
55.570 0.258 0.194 -2.203 -0.861 -0.881 -3.774
55.801 0.270 0.196 -2.272 -0.861 -0.890 -3.861
55.981 0.320 0.181 3.911 -0.829 -0.914 2.302
56.180 0.364 0.174 3.816 -0.800 -0.930 2.188
56.405 0.406 0.175 3.721 -0.771 -0.938 2.076
56.585 0.426 0.185 3.649 -0.761 -0.937 1.989
56.780 0.472 0.187 3.554 -0.728 -0.943 1.877
57.001 0.517 0.191 3.459 -0.697 -0.947 1.765
57.181 0.544 0.205 3.377 -0.679 -0.941 1.669
57.380 0.575 0.220 3.289 -0.655 -0.933 1.567
57.601 0.614 0.234 3.195 -0.625 -0.927 1.458
57.781 0.652 0.252 3.102 -0.594 -0.917 1.352
57.980 0.686 0.273 3.010 -0.564 -0.903 1.247
58.205 0.717 0.298 2.920 -0.538 -0.886 1.144
58.381 0.745 0.326 2.832 -0.513 -0.866 1.045
58.580 0.739 0.354 2.795 -0.522 -0.847 0.999
58.802 0.773 0.385 2.713 -0.491 -0.825 0.905
58.985 0.808 0.421 2.632 -0.458 -0.798 0.813
59.180 0.816 0.462 2.589 -0.452 -0.765 0.761
59.401 0.842 0.508 2.520 -0.430 -0.723 0.682
59.585 0.841 0.545 2.486 -0.435 -0.688 0.636
59.780 0.856 0.591 2.421 -0.426 -0.647 0.560
60.001 0.854 0.626 2.380 -0.436 -0.619 0.506
60.182 0.839 0.655 2.354 -0.461 -0.599 0.468
60.381 0.840 0.690 2.291 -0.469 -0.574 0.391
60.601 0.183 0.155 0.669 0.125 0.097 0.604
60.786 0.091 0.105 0.667 0.058 0.072 0.631
60.980 0.103 0.113 0.676 0.045 0.054 0.609
61.201 0.099 0.126 0.692 0.051 0.078 0.635
61.381 0.104 0.136 0.713 0.056 0.087 0.658
61.580 0.103 0.143 0.733 0.055 0.095 0.677
61.801 0.103 0.149 0.749 0.054 0.101 0.694
61.990 0.107 0.157 0.765 0.059 0.109 0.711
62.180 0.116 0.162 0.776 0.066 0.111 0.719
62.401 0.118 0.165 0.795 0.067 0.114 0.736
62.581 0.133 0.171 0.803 0.086 0.124 0.750
62.779 0.163 0.210 0.827 0.056 0.103 0.680
63.001 0.142 0.173 0.828 0.095 0.126 0.775
63.181 0.146 0.177 0.842 0.099 0.130 0.789
63.380 0.147 0.180 0.855 0.099 0.132 0.801
63.601 0.148 0.182 0.865 0.101 0.135 0.812
63.781 0.144 0.184 0.880 0.097 0.136 0.826
63.980 0.146 0.186 0.884 0.100 0.140 0.832
64.201 0.143 0.188 0.895 0.099 0.144 0.845
64.385 0.136 0.192 0.912 0.089 0.145 0.859
64.580 0.134 0.195 0.918 0.087 0.149 0.865
64.801 0.128 0.196 0.924 0.081 0.149 0.871
64.981 0.122 0.198 0.931 0.074 0.150 0.875
65.180 0.118 0.200 0.938 0.073 0.155 0.888
65.403 0.116 0.203 0.946 0.071 0.158 0.896
65.582 0.114 0.204 0.957 0.068 0.158 0.905
65.780 0.111 0.204 0.968 0.064 0.157 0.915
66.001 0.109 0.206 0.982 0.057 0.154 0.920
66.181 0.095 0.193 0.987 0.047 0.145 0.932
66.380 0.079 0.171 1.002 0.029 0.121 0.943
66.602 0.062 0.134 1.025 0.014 0.086 0.971
66.785 0.072 0.143 1.061 0.022 0.093 1.005
66.980 0.086 0.136 1.089 0.040 0.090 1.037
67.201 0.109 0.083 1.095 0.062 0.036 1.042
67.381 0.136 0.015 1.071 0.091 -0.030 1.019
67.580 0.162 -0.044 1.031 0.117 -0.090 0.979
67.801 0.180 -0.062 0.993 0.135 -0.107 0.942
67.981 0.182 -0.052 0.936 0.138 -0.096 0.886
68.185 0.180 -0.010 0.864 0.135 -0.055 0.812
68.401 0.153 0.042 0.778 0.107 -0.003 0.726
68.581 0.143 0.092 0.671 0.089 0.039 0.609
68.780 0.117 0.106 0.559 0.073 0.062 0.510
69.001 0.099 0.109 0.478 0.053 0.064 0.426
69.185 0.088 0.099 0.415 0.042 0.053 0.362
69.381 0.084 0.082 0.367 0.039 0.037 0.317
69.602 0.080 0.061 0.330 0.035 0.016 0.278
69.781 0.075 0.040 0.300 0.028 -0.007 0.246
69.980 0.067 0.017 0.278 0.022 -0.028 0.227
70.201 0.058 0.002 0.265 0.011 -0.045 0.211
70.381 0.050 -0.004 0.252 0.005 -0.050 0.200
70.580 0.048 -0.004 0.242 0.001 -0.050 0.189
70.801 0.048 0.005 0.234 0.002 -0.041 0.182
70.984 0.050 0.015 0.232 0.005 -0.031 0.180
71.180 0.053 0.027 0.233 0.007 -0.020 0.181
71.401 0.056 0.038 0.239 0.010 -0.007 0.188
71.581 0.061 0.051 0.254 0.007 -0.003 0.188
71.780 0.057 0.052 0.253 0.012 0.007 0.202
72.001 0.056 0.051 0.263 0.011 0.006 0.212
72.181 0.055 0.045 0.271 0.008 -0.002 0.218
72.380 0.056 0.040 0.282 0.003 -0.014 0.217
72.601 0.049 0.025 0.278 0.004 -0.020 0.227
72.781 0.046 0.014 0.279 -0.000 -0.032 0.226
72.980 0.042 0.006 0.272 -0.002 -0.038 0.222
73.203 0.040 0.001 0.254 -0.005 -0.044 0.203
73.385 0.033 -0.023 0.244 -0.011 -0.067 0.194
73.580 0.026 -0.058 0.261 -0.020 -0.104 0.209
73.805 0.027 -0.097 0.287 -0.027 -0.151 0.221
73.986 0.032 -0.122 0.294 -0.021 -0.175 0.231
74.180 0.039 -0.166 0.294 -0.005 -0.209 0.245
74.401 0.035 -0.191 0.303 -0.010 -0.237 0.251
74.581 0.029 -0.201 0.312 -0.018 -0.248 0.258
74.781 0.021 -0.195 0.315 -0.029 -0.244 0.258
75.001 0.022 -0.188 0.319 -0.028 -0.238 0.262
75.189 0.046 -0.178 0.329 -0.004 -0.228 0.272
75.380 0.084 -0.160 0.342 0.032 -0.212 0.281
75.602 0.101 -0.154 0.347 0.054 -0.201 0.294
75.785 0.109 -0.160 0.355 0.063 -0.206 0.303
75.980 0.113 -0.172 0.364 0.059 -0.225 0.303
76.205 0.096 -0.176 0.369 0.044 -0.228 0.310
76.385 0.072 -0.170 0.377 0.020 -0.221 0.318
76.580 0.050 -0.132 0.384 -0.001 -0.183 0.326
76.805 0.043 -0.068 0.389 -0.003 -0.114 0.337
76.981 0.025 0.011 0.394 -0.020 -0.034 0.342
77.180 0.009 0.075 0.398 -0.036 0.030 0.347
77.405 -0.001 0.098 0.408 -0.048 0.050 0.354
77.585 0.006 0.095 0.420 -0.054 0.036 0.354
77.780 0.004 0.053 0.416 -0.045 0.003 0.359
78.005 0.016 -0.005 0.418 -0.030 -0.051 0.367
78.181 0.025 -0.049 0.419 -0.023 -0.097 0.363
78.380 0.034 -0.084 0.417 -0.014 -0.132 0.362
78.601 0.044 -0.103 0.415 -0.006 -0.152 0.358
78.781 0.050 -0.102 0.412 0.003 -0.149 0.359
78.980 0.054 -0.087 0.412 0.010 -0.131 0.362
79.205 0.059 -0.057 0.417 0.013 -0.103 0.365
79.382 0.063 -0.026 0.425 0.017 -0.073 0.372
79.580 0.058 0.010 0.434 0.013 -0.036 0.383
79.801 0.053 0.037 0.445 0.007 -0.009 0.393
79.981 0.048 0.057 0.452 0.002 0.012 0.400
80.180 0.046 0.067 0.453 -0.001 0.020 0.401
80.401 0.034 0.064 0.454 -0.011 0.018 0.403
80.581 0.031 0.064 0.451 -0.017 0.016 0.397
80.780 0.024 0.050 0.450 -0.026 0.001 0.393
81.001 0.018 0.032 0.446 -0.028 -0.013 0.394
81.185 0.014 0.015 0.444 -0.031 -0.030 0.393
81.380 0.014 0.004 0.443 -0.033 -0.043 0.389
81.601 0.012 -0.013 0.439 -0.033 -0.058 0.387
81.781 0.018 -0.011 0.437 -0.032 -0.062 0.378
81.980 0.018 -0.014 0.430 -0.030 -0.062 0.375
82.205 0.019 -0.018 0.425 -0.025 -0.062 0.375
82.381 0.024 -0.010 0.421 -0.021 -0.055 0.370
82.580 0.031 0.005 0.421 -0.019 -0.045 0.362
82.805 0.034 0.015 0.416 -0.016 -0.036 0.357
82.981 0.032 0.018 0.406 -0.012 -0.026 0.356
83.180 0.033 0.021 0.402 -0.014 -0.025 0.349
83.401 0.033 0.022 0.398 -0.012 -0.023 0.347
83.581 0.034 0.021 0.397 -0.011 -0.024 0.346
83.780 0.032 0.017 0.400 -0.012 -0.027 0.350
84.001 0.041 0.022 0.407 -0.012 -0.031 0.349
84.181 0.038 0.014 0.408 -0.009 -0.033 0.355
84.380 0.035 0.002 0.407 -0.009 -0.042 0.357
84.605 0.036 -0.002 0.407 -0.010 -0.048 0.354
84.781 0.038 -0.003 0.405 -0.008 -0.049 0.352
84.980 0.038 -0.002 0.400 -0.007 -0.046 0.350
85.201 0.045 0.012 0.402 -0.008 -0.042 0.339
85.385 0.037 0.008 0.391 -0.010 -0.038 0.338
85.580 0.033 0.012 0.382 -0.010 -0.031 0.333
85.801 0.032 0.017 0.374 -0.010 -0.025 0.327
85.981 0.034 0.021 0.365 -0.009 -0.022 0.316
86.180 0.037 0.023 0.358 -0.009 -0.023 0.306
86.401 0.039 0.021 0.351 -0.009 -0.026 0.297
86.581 0.041 0.018 0.343 -0.010 -0.033 0.286
86.780 0.042 0.011 0.334 -0.008 -0.039 0.279
87.001 0.045 0.006 0.326 -0.003 -0.042 0.271
87.182 0.048 0.003 0.316 0.003 -0.042 0.264
87.380 0.052 0.002 0.306 0.005 -0.045 0.252
87.601 0.056 0.005 0.295 0.005 -0.046 0.237
87.785 0.057 0.009 0.287 0.002 -0.046 0.220
87.980 0.053 0.004 0.278 -0.009 -0.059 0.205
88.201 0.048 0.011 0.240 -0.006 -0.043 0.178
88.381 0.031 0.012 0.258 -0.020 -0.040 0.198
88.580 0.014 0.009 0.258 -0.036 -0.042 0.201
88.802 -0.007 0.007 0.274 -0.064 -0.050 0.207
88.981 -0.013 0.009 0.260 -0.067 -0.045 0.197
89.180 0.007 0.015 0.215 -0.045 -0.037 0.156
89.405 -0.029 0.005 0.261 -0.081 -0.047 0.202
89.585 -0.014 0.013 0.270 -0.094 -0.067 0.169
89.780 -0.010 0.002 0.244 -0.073 -0.062 0.170
90.001 -0.009 -0.003 0.236 -0.074 -0.068 0.159
90.181 -0.023 -0.018 0.240 -0.075 -0.070 0.182
90.379 0.011 -0.006 0.220 -0.056 -0.073 0.142
90.601 0.018 -0.009 0.193 -0.042 -0.069 0.125
90.787 0.033 -0.004 0.185 -0.033 -0.070 0.110
90.980 0.032 -0.009 0.163 -0.021 -0.062 0.102
91.201 0.029 -0.007 0.165 -0.025 -0.061 0.103
91.385 0.018 -0.004 0.174 -0.037 -0.060 0.110
91.580 0.017 0.002 0.169 -0.039 -0.054 0.104
91.803 0.018 0.008 0.171 -0.039 -0.049 0.104
91.981 0.026 0.014 0.168 -0.033 -0.045 0.100
92.180 0.039 0.024 0.174 -0.030 -0.045 0.089
92.405 0.037 0.023 0.182 -0.027 -0.041 0.109
92.581 0.042 0.023 0.192 -0.026 -0.044 0.114
92.780 -0.011 -0.001 0.264 -0.073 -0.062 0.192
93.005 0.034 0.035 0.306 -0.096 -0.095 0.132
93.185 -0.003 -0.000 0.281 -0.069 -0.067 0.201
93.380 0.004 0.006 0.275 -0.058 -0.057 0.203
93.601 0.002 0.007 0.267 -0.047 -0.043 0.210
93.781 0.035 0.022 0.230 -0.018 -0.031 0.169
93.980 0.033 0.020 0.231 -0.020 -0.033 0.170
94.201 0.030 0.014 0.241 -0.029 -0.046 0.173
94.385 0.026 0.003 0.239 -0.033 -0.057 0.171
94.580 0.021 -0.006 0.237 -0.036 -0.062 0.174
94.801 -0.033 -0.022 0.307 -0.093 -0.082 0.241
94.981 -0.013 -0.022 0.264 -0.063 -0.072 0.207
95.180 -0.014 -0.019 0.270 -0.066 -0.070 0.212
95.401 -0.038 -0.015 0.307 -0.091 -0.068 0.248
95.581 0.024 0.008 0.232 -0.031 -0.047 0.169
95.780 0.023 0.017 0.245 -0.029 -0.035 0.186
96.002 0.030 0.023 0.249 -0.021 -0.028 0.190
96.181 0.038 0.030 0.258 -0.017 -0.025 0.195
96.380 0.047 0.034 0.266 -0.013 -0.026 0.198
96.605 0.049 0.029 0.274 -0.011 -0.031 0.206
96.781 0.059 0.033 0.293 -0.017 -0.043 0.203
96.980 0.058 0.027 0.309 -0.014 -0.045 0.223
97.202 0.047 0.019 0.336 -0.024 -0.051 0.254
97.381 0.046 0.016 0.338 -0.028 -0.058 0.249
97.580 0.042 0.017 0.343 -0.033 -0.057 0.254
97.805 0.031 0.016 0.354 -0.042 -0.057 0.267
97.985 0.031 0.019 0.346 -0.041 -0.053 0.261
98.180 0.026 0.020 0.335 -0.039 -0.045 0.261
98.401 0.023 0.024 0.335 -0.043 -0.042 0.260
98.582 0.017 0.022 0.334 -0.048 -0.044 0.259
98.780 0.012 0.020 0.345 -0.055 -0.048 0.268
99.001 0.033 0.025 0.329 -0.046 -0.054 0.230
99.186 0.031 0.015 0.315 -0.024 -0.041 0.252
99.380 0.031 0.009 0.324 -0.026 -0.048 0.260
99.601 0.034 0.008 0.335 -0.025 -0.051 0.267
99.781 0.033 0.004 0.342 -0.025 -0.053 0.277
99.980 0.036 0.002 0.342 -0.019 -0.052 0.281
100.202 0.038 0.005 0.340 -0.015 -0.049 0.281
100.381 0.042 0.011 0.336 -0.011 -0.042 0.277
100.580 0.045 0.019 0.330 -0.009 -0.035 0.269
100.801 0.047 0.025 0.321 -0.007 -0.028 0.262
100.985 0.046 0.031 0.315 -0.006 -0.022 0.256
101.180 0.054 0.044 0.324 -0.016 -0.026 0.237
101.405 0.047 0.034 0.310 -0.012 -0.025 0.243
101.585 0.041 0.026 0.309 -0.010 -0.026 0.251
101.780 0.043 0.023 0.318 -0.017 -0.037 0.246
102.005 0.038 0.014 0.314 -0.017 -0.041 0.250
102.181 0.039 0.008 0.312 -0.020 -0.051 0.242
102.380 0.037 0.006 0.310 -0.024 -0.056 0.235
102.601 0.039 0.006 0.301 -0.025 -0.058 0.224
102.785 0.033 0.003 0.286 -0.021 -0.051 0.226
102.980 0.034 0.008 0.282 -0.018 -0.044 0.224
103.201 0.035 0.014 0.278 -0.018 -0.039 0.219
103.385 0.036 0.020 0.276 -0.019 -0.035 0.215
103.580 0.034 0.021 0.270 -0.018 -0.031 0.212
103.801 0.035 0.023 0.267 -0.018 -0.030 0.208
103.981 0.034 0.020 0.264 -0.019 -0.034 0.204
104.180 0.036 0.017 0.262 -0.023 -0.042 0.195
104.402 0.036 0.017 0.254 -0.022 -0.042 0.187
104.581 0.036 0.012 0.248 -0.022 -0.046 0.182
104.780 0.047 0.018 0.259 -0.035 -0.064 0.157
105.006 0.043 0.015 0.252 -0.032 -0.061 0.156
105.181 0.047 0.018 0.248 -0.031 -0.059 0.148
105.380 0.038 0.011 0.228 -0.019 -0.047 0.161
105.601 0.045 0.021 0.233 -0.023 -0.047 0.146
105.781 0.041 0.020 0.220 -0.019 -0.040 0.149
105.980 0.039 0.018 0.208 -0.017 -0.038 0.145
106.202 0.037 0.020 0.199 -0.017 -0.034 0.139
106.381 0.038 0.021 0.193 -0.021 -0.038 0.129
106.580 0.035 0.017 0.186 -0.022 -0.040 0.121
106.801 0.035 0.018 0.182 -0.026 -0.043 0.110
106.981 0.032 0.017 0.176 -0.029 -0.044 0.103
107.180 0.032 0.018 0.174 -0.032 -0.047 0.096
107.401 0.029 0.015 0.164 -0.029 -0.043 0.099
107.582 0.032 0.018 0.167 -0.032 -0.045 0.091
107.780 0.033 0.018 0.166 -0.031 -0.046 0.090
108.001 0.035 0.018 0.165 -0.029 -0.045 0.089
108.181 0.035 0.017 0.164 -0.026 -0.044 0.091
108.380 0.034 0.012 0.159 -0.022 -0.044 0.096
108.601 0.033 0.012 0.156 -0.021 -0.043 0.095
108.781 0.033 0.012 0.154 -0.022 -0.043 0.092
108.980 0.034 0.013 0.152 -0.022 -0.043 0.089
109.201 0.032 0.014 0.150 -0.023 -0.041 0.088
109.383 0.031 0.017 0.150 -0.024 -0.039 0.087
109.580 0.029 0.018 0.149 -0.023 -0.035 0.092
109.801 0.033 0.022 0.158 -0.029 -0.040 0.085
109.990 0.029 0.017 0.154 -0.025 -0.037 0.092
110.221 0.032 0.016 0.158 -0.026 -0.042 0.092
110.401 0.043 0.024 0.175 -0.034 -0.053 0.076
110.590 0.041 0.019 0.165 -0.027 -0.049 0.085
110.825 0.036 0.015 0.155 -0.020 -0.042 0.092
111.001 0.036 0.017 0.155 -0.019 -0.039 0.092
111.190 0.043 0.028 0.166 -0.027 -0.043 0.084
111.421 0.035 0.024 0.157 -0.021 -0.033 0.094
111.602 0.034 0.025 0.156 -0.021 -0.029 0.095
111.790 0.038 0.033 0.160 -0.028 -0.033 0.088
112.024 0.041 0.034 0.169 -0.031 -0.038 0.080
112.201 0.032 0.022 0.155 -0.024 -0.033 0.093
112.390 0.036 0.024 0.161 -0.026 -0.038 0.086
112.621 0.036 0.022 0.161 -0.025 -0.039 0.089
112.801 0.035 0.020 0.163 -0.026 -0.041 0.091
112.989 0.036 0.018 0.166 -0.026 -0.044 0.092
113.225 0.036 0.016 0.170 -0.028 -0.047 0.096
113.401 0.037 0.014 0.175 -0.027 -0.049 0.100
113.590 0.039 0.013 0.178 -0.026 -0.051 0.101
113.825 0.040 0.014 0.177 -0.024 -0.049 0.102
114.005 0.041 0.017 0.177 -0.022 -0.047 0.101
114.190 0.041 0.019 0.175 -0.022 -0.044 0.100
114.425 0.039 0.020 0.172 -0.023 -0.041 0.100
114.601 0.036 0.023 0.171 -0.026 -0.039 0.098
114.789 0.033 0.024 0.172 -0.029 -0.037 0.100
115.021 0.030 0.022 0.173 -0.030 -0.037 0.106
115.201 0.031 0.022 0.183 -0.033 -0.042 0.107
115.390 0.027 0.017 0.188 -0.034 -0.043 0.117
115.621 0.028 0.014 0.193 -0.032 -0.046 0.122
115.805 0.030 0.011 0.196 -0.030 -0.049 0.124
115.990 0.035 0.009 0.199 -0.029 -0.054 0.125
116.225 0.032 0.002 0.191 -0.021 -0.050 0.133
116.401 0.033 0.005 0.191 -0.018 -0.047 0.133
116.591 0.042 0.016 0.202 -0.022 -0.048 0.122
116.821 0.040 0.020 0.200 -0.019 -0.040 0.130
117.005 0.040 0.025 0.201 -0.018 -0.033 0.133
117.190 0.038 0.027 0.204 -0.020 -0.031 0.134
117.421 0.036 0.026 0.206 -0.020 -0.030 0.140
117.601 0.033 0.021 0.205 -0.019 -0.031 0.146
117.790 0.034 0.019 0.213 -0.024 -0.039 0.146
118.021 0.034 0.015 0.216 -0.024 -0.043 0.148
118.205 0.033 0.010 0.215 -0.023 -0.046 0.150
118.391 0.033 0.010 0.216 -0.022 -0.045 0.152
118.625 0.038 0.018 0.223 -0.023 -0.043 0.150
118.801 0.041 0.027 0.226 -0.018 -0.032 0.155
118.990 0.044 0.037 0.229 -0.016 -0.022 0.157
119.221 0.049 0.046 0.229 -0.009 -0.012 0.164
119.401 0.051 0.052 0.233 -0.002 -0.001 0.174
119.590 0.057 0.064 0.240 0.009 0.016 0.187
119.821 0.075 0.095 0.264 0.017 0.038 0.194
120.001 0.080 0.112 0.272 0.034 0.066 0.219
120.191 0.090 0.132 0.293 0.045 0.087 0.241
120.421 0.101 0.147 0.316 0.056 0.101 0.264
120.605 0.113 0.159 0.343 0.064 0.110 0.286
120.790 0.120 0.168 0.367 0.070 0.118 0.310
121.021 0.125 0.173 0.394 0.077 0.125 0.340
121.201 0.133 0.182 0.421 0.082 0.131 0.363
121.390 0.140 0.194 0.446 0.086 0.140 0.384
121.625 0.148 0.208 0.481 0.081 0.141 0.401
121.801 0.143 0.217 0.496 0.089 0.162 0.433
121.990 0.151 0.228 0.521 0.094 0.170 0.451
122.222 0.156 0.232 0.530 0.105 0.181 0.471
122.403 0.159 0.245 0.556 0.106 0.192 0.496
122.590 0.147 0.231 0.565 0.098 0.182 0.511
122.825 0.135 0.201 0.574 0.081 0.147 0.509
123.001 0.116 0.154 0.574 0.072 0.110 0.524
123.190 0.098 0.104 0.577 0.056 0.062 0.529
123.425 0.078 0.049 0.578 0.034 0.005 0.528
123.601 0.068 -0.000 0.583 0.023 -0.045 0.532
123.790 0.068 -0.034 0.583 0.020 -0.082 0.528
124.023 0.062 -0.052 0.590 0.018 -0.097 0.540
124.202 0.061 -0.053 0.602 0.013 -0.101 0.547
124.390 0.060 -0.043 0.609 0.011 -0.092 0.555
124.621 0.060 -0.024 0.619 0.003 -0.080 0.555
124.802 0.058 -0.005 0.618 0.003 -0.060 0.555
124.990 0.049 0.015 0.618 0.001 -0.034 0.565
125.221 0.042 0.034 0.613 -0.006 -0.014 0.559
125.405 0.038 0.049 0.605 -0.011 -0.001 0.550
125.590 0.036 0.057 0.598 -0.014 0.007 0.542
125.821 0.034 0.054 0.586 -0.014 0.006 0.533
126.001 0.034 0.051 0.576 -0.018 -0.001 0.518
126.190 0.042 0.052 0.584 -0.026 -0.015 0.499
126.426 0.043 0.040 0.580 -0.025 -0.028 0.495
126.605 0.036 0.020 0.568 -0.015 -0.031 0.510
126.790 0.051 0.007 0.567 -0.010 -0.054 0.497
127.021 0.043 0.003 0.578 -0.010 -0.050 0.519
127.201 0.044 0.000 0.580 -0.007 -0.051 0.523
127.390 0.044 0.004 0.578 -0.005 -0.045 0.524
127.621 0.048 0.014 0.584 -0.009 -0.043 0.517
127.801 0.046 0.024 0.576 -0.009 -0.031 0.514
127.990 0.044 0.031 0.572 -0.012 -0.025 0.507
128.221 0.042 0.037 0.565 -0.014 -0.019 0.500
128.405 0.044 0.044 0.563 -0.016 -0.017 0.491
128.590 0.039 0.035 0.552 -0.012 -0.016 0.493
128.825 0.039 0.031 0.545 -0.013 -0.020 0.487
129.002 0.040 0.025 0.540 -0.010 -0.025 0.485
129.190 0.043 0.021 0.540 -0.009 -0.031 0.480
129.421 0.045 0.014 0.540 -0.006 -0.037 0.482
129.605 0.047 0.010 0.538 -0.002 -0.039 0.483
129.801 0.057 0.016 0.545 -0.004 -0.045 0.470
130.022 0.061 0.020 0.540 -0.002 -0.043 0.463
130.206 0.060 0.023 0.526 0.005 -0.031 0.462
130.400 0.060 0.032 0.519 0.004 -0.024 0.452
130.621 0.064 0.042 0.513 -0.001 -0.024 0.436
130.805 0.054 0.041 0.505 -0.005 -0.018 0.435
131.000 0.052 0.043 0.501 -0.009 -0.018 0.429
131.221 0.046 0.038 0.491 -0.009 -0.018 0.427
131.401 0.043 0.029 0.487 -0.013 -0.027 0.426
131.600 0.039 0.021 0.482 -0.015 -0.033 0.422
131.825 0.039 0.014 0.478 -0.014 -0.040 0.418
132.001 0.036 0.007 0.472 -0.016 -0.045 0.413
132.199 0.036 0.005 0.464 -0.015 -0.047 0.407
132.421 0.039 0.006 0.461 -0.017 -0.050 0.398
132.601 0.046 0.019 0.469 -0.027 -0.054 0.376
132.799 0.040 0.013 0.451 -0.020 -0.047 0.379
133.021 0.040 0.022 0.443 -0.019 -0.038 0.372
133.201 0.044 0.030 0.436 -0.018 -0.033 0.362
133.399 0.042 0.031 0.424 -0.017 -0.027 0.356
133.621 0.041 0.037 0.415 -0.019 -0.023 0.345
133.801 0.043 0.038 0.408 -0.022 -0.027 0.329
134.000 0.041 0.035 0.398 -0.022 -0.028 0.323
134.225 0.042 0.029 0.388 -0.018 -0.031 0.316
134.405 0.046 0.027 0.382 -0.017 -0.036 0.306
134.599 0.045 0.022 0.370 -0.014 -0.037 0.300
134.821 0.050 0.020 0.363 -0.013 -0.043 0.287
135.001 0.048 0.014 0.343 -0.003 -0.037 0.287
135.199 0.047 0.011 0.331 -0.001 -0.038 0.277
135.421 0.050 0.014 0.323 -0.002 -0.038 0.263
135.602 0.051 0.017 0.311 -0.004 -0.038 0.249
135.799 0.046 0.015 0.298 -0.007 -0.038 0.238
136.021 0.048 0.021 0.295 -0.014 -0.041 0.220
136.201 0.043 0.017 0.285 -0.021 -0.047 0.208
136.399 0.035 0.015 0.270 -0.020 -0.040 0.208
136.621 0.035 0.018 0.264 -0.022 -0.039 0.200
136.805 0.038 0.022 0.266 -0.028 -0.044 0.188
136.999 0.036 0.020 0.262 -0.029 -0.045 0.185
137.221 0.038 0.018 0.242 -0.020 -0.040 0.176
137.401 0.046 0.015 0.234 -0.021 -0.052 0.152
137.600 0.044 0.017 0.226 -0.015 -0.042 0.161
137.821 0.043 0.011 0.216 -0.013 -0.045 0.152
138.001 0.044 0.011 0.207 -0.012 -0.045 0.145
138.200 0.043 0.009 0.199 -0.013 -0.048 0.136
138.421 0.042 0.006 0.190 -0.015 -0.051 0.126
138.601 0.045 0.010 0.189 -0.017 -0.052 0.115
138.800 0.043 0.017 0.183 -0.020 -0.046 0.111
139.021 0.049 0.022 0.187 -0.027 -0.055 0.093
139.201 0.045 0.016 0.168 -0.018 -0.047 0.096
139.399 0.047 0.019 0.158 -0.016 -0.043 0.088
139.621 0.046 0.021 0.152 -0.017 -0.043 0.080
139.801 0.043 0.021 0.144 -0.021 -0.043 0.072
139.999 0.042 0.021 0.136 -0.023 -0.045 0.061
140.221 0.031 0.010 0.126 -0.026 -0.047 0.062
140.405 0.039 0.021 0.130 -0.027 -0.044 0.050
140.599 0.038 0.021 0.124 -0.027 -0.044 0.045
140.825 0.037 0.018 0.124 -0.030 -0.048 0.043
141.001 0.034 0.013 0.120 -0.029 -0.049 0.045
141.200 0.035 0.013 0.122 -0.031 -0.053 0.042
141.421 0.033 0.009 0.117 -0.030 -0.054 0.042
141.601 0.037 0.011 0.116 -0.030 -0.056 0.035
141.799 0.037 0.010 0.107 -0.028 -0.055 0.029
142.021 0.037 0.011 0.098 -0.026 -0.052 0.023
142.201 0.036 0.015 0.090 -0.024 -0.046 0.019
142.399 0.036 0.024 0.089 -0.028 -0.040 0.013
142.621 0.037 0.025 0.089 -0.030 -0.042 0.008
142.801 0.036 0.029 0.086 -0.032 -0.038 0.004
143.000 0.034 0.031 0.084 -0.033 -0.037 0.003
143.221 0.034 0.027 0.080 -0.032 -0.039 0.001
143.401 0.035 0.026 0.077 -0.033 -0.042 -0.005
143.599 0.034 0.024 0.072 -0.032 -0.042 -0.008
143.821 0.033 0.020 0.066 -0.033 -0.046 -0.014
144.001 0.032 0.017 0.062 -0.035 -0.049 -0.018
144.199 0.028 0.013 0.055 -0.033 -0.048 -0.017
144.421 0.029 0.015 0.058 -0.039 -0.053 -0.025
144.601 0.029 0.015 0.055 -0.038 -0.052 -0.025
144.800 0.041 0.027 0.070 -0.048 -0.062 -0.044
145.021 0.033 0.017 0.052 -0.035 -0.050 -0.029
145.201 0.034 0.019 0.050 -0.031 -0.046 -0.029
145.400 0.040 0.024 0.056 -0.035 -0.051 -0.039
145.621 0.032 0.016 0.041 -0.027 -0.043 -0.026
145.801 0.037 0.021 0.048 -0.032 -0.047 -0.036
146.000 0.033 0.019 0.044 -0.033 -0.046 -0.035
146.225 0.028 0.018 0.042 -0.035 -0.045 -0.032
146.401 0.023 0.016 0.037 -0.035 -0.042 -0.027
146.599 0.021 0.015 0.037 -0.035 -0.041 -0.025
146.825 0.023 0.019 0.046 -0.041 -0.045 -0.030
147.001 0.022 0.016 0.046 -0.039 -0.045 -0.023
147.199 0.020 0.012 0.046 -0.037 -0.045 -0.017
147.425 0.021 0.010 0.049 -0.036 -0.047 -0.014
147.605 0.023 0.009 0.052 -0.035 -0.049 -0.014
147.799 0.024 0.009 0.050 -0.032 -0.048 -0.014
148.025 0.029 0.013 0.053 -0.034 -0.050 -0.019
148.205 0.028 0.017 0.049 -0.033 -0.044 -0.021
148.400 0.029 0.021 0.048 -0.031 -0.039 -0.022
148.625 0.028 0.024 0.051 -0.032 -0.037 -0.020
148.801 0.027 0.024 0.053 -0.033 -0.035 -0.016
148.999 0.024 0.022 0.058 -0.035 -0.037 -0.011
149.221 0.022 0.018 0.061 -0.036 -0.040 -0.007
149.401 0.026 0.020 0.070 -0.042 -0.049 -0.013
149.599 0.022 0.011 0.061 -0.036 -0.047 -0.004
149.825 0.026 0.011 0.062 -0.036 -0.051 -0.011
150.002 0.027 0.012 0.060 -0.034 -0.049 -0.011
150.199 0.030 0.016 0.059 -0.031 -0.045 -0.013
150.421 0.032 0.020 0.059 -0.030 -0.042 -0.013
150.601 0.032 0.024 0.057 -0.029 -0.037 -0.015
150.800 0.031 0.026 0.055 -0.029 -0.034 -0.015
151.021 0.031 0.027 0.057 -0.031 -0.034 -0.015
151.201 0.030 0.022 0.060 -0.031 -0.040 -0.013
151.399 0.026 -0.010 0.071 -0.040 -0.076 -0.005
151.625 0.025 -0.040 0.102 -0.052 -0.117 0.005
151.801 -0.148 -0.170 0.217 -0.234 -0.256 0.105
151.999 0.110 -0.380 -2.709 0.040 -0.450 -2.789
152.225 0.117 -0.399 -2.810 0.042 -0.473 -2.897
152.405 1.012 0.190 -3.027 0.964 0.142 -3.083
152.599 0.241 -0.028 0.537 0.174 -0.095 0.458
152.821 0.095 0.038 0.146 0.028 -0.028 0.072
153.001 3.074 0.024 0.293 3.028 -0.022 0.242
153.200 3.087 0.035 0.304 3.020 -0.032 0.225
153.421 3.111 0.073 0.375 2.984 -0.053 0.203
153.601 -0.279 0.000 0.706 -0.320 -0.040 0.660
153.799 -1.477 0.015 2.585 -1.540 -0.048 2.508
154.025 -3.025 0.063 -2.521 -3.071 0.016 -2.573
154.201 -3.051 0.071 -2.536 -3.096 0.026 -2.587
154.399 -0.845 -0.006 0.044 -0.907 -0.068 -0.028
154.625 0.042 -0.100 0.524 -0.021 -0.163 0.451
154.805 -0.057 -0.127 0.667 -0.116 -0.186 0.600
154.999 0.070 -0.041 0.529 0.009 -0.102 0.459
155.221 0.093 0.048 0.572 0.037 -0.007 0.509
155.401 0.097 0.146 0.627 0.044 0.093 0.566
155.600 0.082 0.219 0.652 0.034 0.170 0.597
155.825 0.074 0.251 0.677 0.013 0.189 0.609
156.001 3.123 -0.197 -2.380 3.067 -0.253 -2.444
156.199 3.160 -0.164 -2.330 3.042 -0.282 -2.490
156.421 3.179 -0.138 -2.276 2.984 -0.333 -2.548
156.602 3.168 -0.148 -2.229 2.917 -0.397 -2.578
156.800 3.166 -0.145 -2.172 2.869 -0.438 -2.584
157.025 3.157 -0.170 -2.103 2.819 -0.501 -2.571
157.206 -0.210 0.371 0.515 -0.265 0.317 0.456
157.400 -0.198 0.365 0.477 -0.248 0.316 0.420
157.625 -0.193 0.278 0.440 -0.241 0.230 0.385
157.805 -0.153 0.140 0.415 -0.203 0.090 0.359
158.000 -2.023 0.148 0.480 -2.092 0.080 0.393
158.225 -0.024 -0.055 0.323 -0.123 -0.154 0.189
158.405 0.050 -0.156 0.224 -0.014 -0.221 0.157
158.600 0.101 -0.249 0.139 0.068 -0.281 0.103
158.821 0.118 -0.218 0.109 0.087 -0.249 0.074
159.002 0.092 -0.112 0.147 0.046 -0.158 0.094
159.200 0.109 0.034 0.283 -0.013 -0.088 0.115
159.421 0.105 0.198 0.407 -0.093 0.001 0.130
159.601 0.076 0.385 0.453 -0.181 0.134 0.097
159.800 0.071 0.495 0.457 -0.236 0.200 0.035
160.023 -0.045 -0.282 0.257 -0.176 -0.415 0.077
160.206 -0.256 0.400 0.022 -0.306 0.351 -0.034
160.400 -0.221 0.283 -0.022 -0.269 0.235 -0.077
160.621 -0.139 0.127 -0.061 -0.185 0.081 -0.113
160.810 -0.058 -0.026 -0.119 -0.091 -0.059 -0.155
161.041 -0.022 -0.108 -0.152 -0.058 -0.144 -0.193
161.221 -0.003 -0.114 -0.173 -0.039 -0.150 -0.213
161.410 0.019 -0.055 -0.159 -0.015 -0.088 -0.196
161.645 0.048 0.026 -0.110 0.003 -0.020 -0.168
161.821 0.061 0.086 -0.083 0.027 0.052 -0.121
162.010 0.072 0.136 -0.047 0.046 0.110 -0.075
162.245 0.093 0.177 0.021 0.030 0.113 -0.062
162.425 0.076 0.165 0.044 0.025 0.113 -0.015
162.610 0.059 0.143 0.088 -0.001 0.083 0.020
162.841 0.088 0.149 0.199 -0.077 -0.016 -0.029
163.025 0.054 0.131 0.224 -0.095 -0.019 0.023
163.210 0.024 0.062 0.209 -0.059 -0.021 0.116
163.445 0.021 0.037 0.227 -0.048 -0.031 0.149
163.625 0.023 0.013 0.245 -0.038 -0.048 0.177
163.810 0.030 0.009 0.246 -0.016 -0.037 0.196
164.045 0.045 0.007 0.267 -0.010 -0.048 0.205
164.221 0.053 -0.003 0.294 -0.006 -0.062 0.224
164.410 -2.748 -0.124 -1.570 -2.813 -0.189 -1.644
164.641 0.197 -0.140 -0.663 0.110 -0.227 -0.775
164.821 0.251 -0.131 -0.658 0.168 -0.214 -0.752
165.010 0.013 -0.050 0.410 -0.054 -0.116 0.331
165.241 0.022 -0.050 0.441 -0.051 -0.123 0.354
165.425 0.032 -0.019 0.427 -0.040 -0.091 0.342
165.610 0.021 0.044 0.398 -0.051 -0.027 0.313
165.813 -0.057 0.075 0.373 -0.111 0.021 0.313
166.033 -0.013 0.110 0.237 -0.079 0.045 0.163
166.214 -0.021 0.094 0.167 -0.082 0.033 0.098
166.419 -0.037 0.056 0.127 -0.102 -0.008 0.049
166.641 -0.075 0.002 0.141 -0.136 -0.058 0.068
166.821 -0.067 -0.027 0.125 -0.126 -0.086 0.053
167.020 -0.049 -0.040 0.103 -0.106 -0.096 0.035
167.245 -0.037 -0.039 0.081 -0.088 -0.090 0.020
167.421 -0.026 -0.028 0.067 -0.074 -0.076 0.012
167.620 0.039 -0.010 0.061 -0.004 -0.053 0.009
167.841 0.045 0.011 0.057 0.003 -0.032 0.005
168.021 0.048 0.031 0.062 0.002 -0.015 0.006
168.220 0.047 0.043 0.068 0.001 -0.003 0.012
168.441 0.044 0.047 0.072 -0.001 0.003 0.021
168.625 0.038 0.045 0.076 -0.003 0.003 0.031
168.830 0.038 0.040 0.088 -0.009 -0.007 0.035
169.053 0.037 0.029 0.098 -0.013 -0.020 0.040
169.233 0.032 0.053 0.119 -0.032 -0.011 0.045
169.430 0.032 0.046 0.131 -0.035 -0.021 0.050
169.653 0.025 0.027 0.127 -0.026 -0.024 0.069
169.833 0.025 0.020 0.134 -0.025 -0.029 0.077
170.030 0.025 0.017 0.140 -0.025 -0.033 0.084
170.257 0.023 0.017 0.147 -0.026 -0.032 0.092
170.437 0.021 0.019 0.154 -0.029 -0.031 0.097
170.630 0.026 0.028 0.171 -0.038 -0.036 0.093
170.853 0.015 0.022 0.169 -0.035 -0.028 0.112
171.033 0.019 0.028 0.185 -0.044 -0.035 0.111
171.230 0.019 0.027 0.192 -0.044 -0.037 0.117
171.453 0.039 0.046 0.228 -0.062 -0.055 0.094
171.639 0.085 0.091 0.300 -0.103 -0.097 0.038
171.873 0.033 0.047 0.210 -0.025 -0.011 0.152
172.054 0.032 0.053 0.219 -0.014 0.007 0.167
172.240 0.038 0.062 0.232 -0.013 0.011 0.173
172.473 0.081 0.098 0.297 -0.051 -0.034 0.117
172.657 0.106 0.112 0.351 -0.097 -0.092 0.067
172.840 0.123 0.121 0.391 -0.133 -0.134 0.032
173.077 0.149 0.138 0.428 -0.150 -0.161 0.007
173.253 0.029 -0.001 0.259 -0.028 -0.058 0.196
173.440 0.031 0.007 0.265 -0.012 -0.036 0.215
173.673 0.041 0.020 0.279 -0.008 -0.029 0.220
173.855 0.049 0.050 0.294 -0.022 -0.021 0.208
174.040 2.118 -1.138 -2.806 2.059 -1.197 -2.873
174.277 2.130 -1.145 -2.811 2.081 -1.193 -2.866
174.457 0.478 -0.227 0.664 0.427 -0.278 0.607
174.640 0.039 -0.011 0.360 -0.014 -0.064 0.299
174.873 0.035 -0.016 0.384 -0.034 -0.085 0.297
175.053 0.013 -0.029 0.371 -0.039 -0.081 0.312
175.240 -0.008 -0.037 0.340 -0.060 -0.089 0.280
175.473 -0.015 -0.040 0.341 -0.065 -0.091 0.283
175.653 -0.014 -0.029 0.337 -0.070 -0.086 0.269
175.840 0.008 -0.020 0.295 -0.038 -0.066 0.242
176.073 3.145 0.172 0.432 3.096 0.122 0.376
176.257 3.160 0.198 0.411 3.109 0.147 0.354
176.440 3.116 0.226 0.390 3.070 0.180 0.339
176.677 3.059 0.235 0.377 3.014 0.190 0.326
176.853 2.988 0.221 0.367 2.948 0.181 0.322
177.040 -0.214 -0.015 0.316 -0.262 -0.063 0.260
177.273 -0.265 -0.055 0.349 -0.309 -0.098 0.300
177.458 -0.222 -0.024 0.386 -0.317 -0.119 0.257
177.639 -0.109 0.013 0.278 -0.194 -0.072 0.169
177.873 -0.006 0.112 0.333 -0.183 -0.065 0.088
178.054 0.081 0.174 0.370 -0.155 -0.061 0.042
178.240 0.141 0.223 0.399 -0.141 -0.058 0.004
178.473 0.021 0.140 0.221 -0.044 0.075 0.153
178.655 0.021 0.123 0.225 -0.030 0.072 0.167
178.840 0.027 0.107 0.237 -0.023 0.057 0.179
179.077 0.037 0.096 0.255 -0.013 0.046 0.198
179.253 0.053 0.088 0.279 0.005 0.040 0.224
179.440 0.072 0.076 0.313 0.024 0.028 0.258
179.674 0.085 0.071 0.344 0.036 0.022 0.287
179.853 0.094 0.070 0.366 0.044 0.019 0.309
180.040 1.361 -0.092 1.762 1.298 -0.154 1.687
180.277 1.366 -0.070 1.781 1.302 -0.134 1.707
180.457 -0.007 -0.061 0.369 -0.062 -0.115 0.307
180.640 -0.065 -0.110 0.367 -0.118 -0.163 0.307
180.873 -0.065 -0.059 0.406 -0.185 -0.178 0.244
181.057 -0.097 -0.019 0.319 -0.140 -0.061 0.272
181.240 1.467 0.402 -2.465 1.371 0.305 -2.590
181.473 1.507 0.377 -2.474 1.362 0.230 -2.667
181.653 -0.033 0.135 0.434 -0.080 0.088 0.380
181.840 0.016 0.133 0.445 -0.031 0.086 0.391
182.077 0.071 0.168 0.431 0.021 0.118 0.373
182.253 0.060 0.235 0.396 0.007 0.182 0.335
182.441 0.032 0.288 0.354 -0.038 0.218 0.270
182.677 -0.015 0.278 0.279 -0.060 0.233 0.228
182.854 -0.035 0.225 0.238 -0.079 0.181 0.188
183.040 -0.046 0.104 0.178 -0.093 0.058 0.125
183.277 -0.050 -0.020 0.125 -0.104 -0.073 0.062
183.454 -0.027 -0.123 0.073 -0.087 -0.183 -0.002
183.640 0.004 -0.206 -0.004 -0.046 -0.256 -0.062
183.877 0.056 -0.154 0.030 -0.082 -0.291 -0.160
184.058 0.058 -0.113 0.030 -0.088 -0.260 -0.163
184.240 -0.013 -0.026 -0.021 -0.080 -0.094 -0.106
184.473 -0.019 0.077 -0.009 -0.100 -0.004 -0.116
184.655 -0.037 0.147 -0.027 -0.098 0.085 -0.101
184.840 -0.045 0.189 -0.030 -0.101 0.133 -0.093
185.078 -0.044 0.200 -0.021 -0.098 0.147 -0.080
185.253 -0.032 0.189 -0.002 -0.094 0.127 -0.072
185.440 -0.015 0.144 0.018 -0.081 0.079 -0.062
185.682 -0.001 0.085 0.032 -0.068 0.018 -0.048
185.858 0.009 0.023 0.044 -0.055 -0.041 -0.036
186.040 0.010 -0.035 0.043 -0.040 -0.085 -0.015
186.273 0.040 -0.055 0.076 -0.051 -0.147 -0.043
186.453 0.018 -0.072 0.067 -0.031 -0.121 0.012
186.650 0.020 -0.060 0.080 -0.034 -0.114 0.020
186.875 0.020 -0.030 0.103 -0.043 -0.093 0.027
187.053 0.008 -0.001 0.109 -0.041 -0.050 0.053
187.251 0.008 0.029 0.126 -0.044 -0.023 0.066
187.476 0.010 0.050 0.137 -0.038 0.003 0.083
187.657 0.016 0.069 0.165 -0.044 0.010 0.097
187.851 0.012 0.071 0.173 -0.038 0.022 0.116
188.073 0.008 0.069 0.185 -0.043 0.018 0.127
188.253 0.004 0.058 0.195 -0.046 0.009 0.138
188.450 0.003 0.047 0.208 -0.050 -0.007 0.146
188.673 0.004 0.036 0.219 -0.053 -0.021 0.154
188.857 0.004 0.022 0.231 -0.055 -0.037 0.163
189.050 0.007 0.014 0.240 -0.052 -0.045 0.174
189.273 0.012 0.007 0.245 -0.047 -0.052 0.178
189.455 0.015 0.008 0.248 -0.042 -0.049 0.184
189.656 0.015 0.015 0.258 -0.043 -0.043 0.193
189.875 0.015 0.023 0.260 -0.041 -0.032 0.198
190.060 0.022 0.034 0.273 -0.043 -0.031 0.195
190.293 0.023 0.044 0.268 -0.041 -0.019 0.192
190.473 0.024 0.048 0.270 -0.039 -0.015 0.195
190.660 0.024 0.051 0.271 -0.040 -0.013 0.195
190.894 0.024 0.049 0.273 -0.042 -0.016 0.194
191.077 0.028 0.049 0.280 -0.047 -0.025 0.190
191.261 0.017 0.035 0.267 -0.036 -0.018 0.208
191.497 0.023 0.035 0.280 -0.046 -0.034 0.195
191.673 0.019 0.024 0.278 -0.044 -0.038 0.203
191.859 0.020 0.020 0.282 -0.044 -0.044 0.204
192.097 0.021 0.019 0.281 -0.046 -0.048 0.200
192.277 0.024 0.024 0.278 -0.048 -0.047 0.192
192.459 0.019 0.022 0.273 -0.044 -0.041 0.196
192.697 0.015 0.027 0.269 -0.045 -0.032 0.198
192.873 0.018 0.030 0.265 -0.041 -0.029 0.195
193.060 0.023 0.035 0.265 -0.041 -0.028 0.188
193.293 0.024 0.038 0.263 -0.039 -0.026 0.186
193.473 0.025 0.038 0.260 -0.038 -0.025 0.184
193.659 0.025 0.039 0.258 -0.039 -0.025 0.182
193.893 0.021 0.033 0.252 -0.037 -0.025 0.185
194.073 0.023 0.030 0.257 -0.044 -0.037 0.178
194.259 0.020 0.024 0.254 -0.044 -0.040 0.178
194.493 0.015 0.017 0.251 -0.045 -0.043 0.180
194.673 0.014 0.014 0.247 -0.047 -0.047 0.176
194.859 0.014 0.018 0.244 -0.050 -0.046 0.167
195.093 0.014 0.018 0.235 -0.046 -0.043 0.163
195.273 0.012 0.021 0.226 -0.047 -0.038 0.159
195.459 0.011 0.025 0.218 -0.045 -0.031 0.155
195.693 0.012 0.028 0.213 -0.044 -0.028 0.151
195.873 0.011 0.030 0.207 -0.043 -0.024 0.147
196.059 0.016 0.035 0.211 -0.049 -0.029 0.134
196.297 0.015 0.037 0.207 -0.050 -0.028 0.128
196.477 0.015 0.031 0.206 -0.052 -0.035 0.126
196.659 0.011 0.026 0.193 -0.047 -0.032 0.128
196.893 0.011 0.021 0.188 -0.045 -0.035 0.125
197.077 0.054 0.061 0.249 -0.087 -0.080 0.056
197.259 0.018 0.019 0.183 -0.043 -0.042 0.113
197.497 0.021 0.026 0.184 -0.042 -0.037 0.109
197.673 0.020 0.028 0.180 -0.041 -0.032 0.109
197.859 0.019 0.025 0.179 -0.043 -0.037 0.105
198.093 0.014 0.019 0.169 -0.040 -0.035 0.107
198.273 0.014 0.014 0.166 -0.041 -0.041 0.104
198.459 0.014 0.008 0.162 -0.043 -0.049 0.098
198.693 0.011 0.005 0.156 -0.043 -0.050 0.095
198.873 0.010 0.008 0.152 -0.045 -0.047 0.090
199.059 0.010 0.010 0.149 -0.043 -0.044 0.089
199.297 0.008 0.016 0.150 -0.053 -0.045 0.081
199.473 0.011 0.021 0.146 -0.047 -0.037 0.081
199.659 0.010 0.031 0.143 -0.047 -0.027 0.078
199.897 0.012 0.038 0.141 -0.045 -0.019 0.077
200.073 0.011 0.041 0.139 -0.046 -0.016 0.074
200.260 0.011 0.040 0.137 -0.046 -0.017 0.073
200.493 0.011 0.040 0.140 -0.050 -0.021 0.071
200.673 0.006 0.031 0.138 -0.050 -0.025 0.075
200.859 0.006 0.027 0.140 -0.048 -0.028 0.079
201.093 0.006 0.017 0.141 -0.051 -0.040 0.077
201.277 0.006 0.010 0.146 -0.051 -0.047 0.081
201.459 0.016 0.033 0.183 -0.059 -0.042 0.089
201.693 0.027 0.072 0.214 -0.028 0.017 0.153
201.873 0.051 0.097 0.285 -0.004 0.042 0.223
202.059 0.066 0.133 0.374 0.010 0.077 0.311
202.293 0.079 0.164 0.458 0.021 0.105 0.391
202.473 0.099 0.196 0.546 0.043 0.140 0.483
202.659 0.119 0.222 0.623 0.063 0.166 0.560
202.893 0.126 0.243 0.678 0.075 0.192 0.621
203.073 0.132 0.271 0.735 0.062 0.201 0.648
203.260 0.113 0.252 0.811 0.062 0.201 0.754
203.497 0.093 0.209 0.884 0.025 0.140 0.798
203.677 0.043 0.114 0.914 -0.010 0.061 0.854
203.859 -0.013 0.031 0.956 -0.065 -0.021 0.898
204.093 -0.046 -0.031 0.998 -0.100 -0.085 0.937
204.277 -0.074 -0.063 1.019 -0.124 -0.113 0.962
204.459 -0.078 -0.063 1.018 -0.133 -0.118 0.957
204.693 -0.081 -0.049 1.017 -0.137 -0.106 0.954
204.873 -0.070 -0.025 1.011 -0.125 -0.080 0.950
205.059 -0.052 0.005 0.998 -0.108 -0.050 0.936
205.297 -0.034 0.033 0.979 -0.085 -0.017 0.923
205.473 -0.011 0.060 0.968 -0.063 0.009 0.910
205.659 0.015 0.085 0.969 -0.051 0.019 0.888
205.897 0.031 0.092 0.959 -0.033 0.028 0.880
206.077 0.042 0.091 0.940 -0.009 0.039 0.883
206.259 0.052 0.086 0.930 0.001 0.034 0.872
206.493 0.057 0.074 0.922 0.005 0.021 0.864
206.673 0.055 0.063 0.907 0.003 0.010 0.848
206.859 0.059 0.057 0.903 -0.007 -0.010 0.825
207.093 0.052 0.042 0.887 -0.009 -0.019 0.814
207.273 0.047 0.028 0.865 -0.014 -0.033 0.793
207.459 0.039 0.018 0.847 -0.017 -0.039 0.782
207.697 0.037 0.014 0.836 -0.023 -0.047 0.763
207.873 0.035 0.009 0.825 -0.026 -0.051 0.751
208.059 0.033 0.008 0.811 -0.027 -0.051 0.741
208.293 0.029 0.010 0.796 -0.026 -0.045 0.733
208.477 0.032 0.017 0.790 -0.027 -0.042 0.722
208.659 0.035 0.022 0.782 -0.025 -0.038 0.711
208.897 0.038 0.030 0.779 -0.025 -0.033 0.704
209.077 0.039 0.035 0.768 -0.022 -0.025 0.695
209.259 0.040 0.036 0.756 -0.019 -0.022 0.688
209.497 0.042 0.039 0.751 -0.017 -0.021 0.680
209.677 0.049 0.054 0.763 -0.013 -0.008 0.689
209.860 0.064 0.109 0.801 0.004 0.049 0.729
210.093 0.088 0.170 0.872 0.029 0.111 0.802
210.273 0.111 0.227 0.951 0.051 0.166 0.879
210.459 0.142 0.282 1.038 0.078 0.217 0.961
210.693 0.189 0.328 1.136 0.122 0.262 1.056
210.877 0.229 0.358 1.222 0.177 0.306 1.164
211.059 0.247 0.387 1.288 0.195 0.336 1.231
211.293 0.230 0.426 1.320 0.177 0.373 1.262
211.473 0.179 0.459 1.313 0.126 0.406 1.254
211.659 0.101 0.459 1.278 0.053 0.412 1.223
211.893 0.042 0.411 1.241 -0.003 0.367 1.191
212.077 0.004 0.324 1.211 -0.044 0.275 1.156
212.259 -0.021 0.211 1.178 -0.065 0.167 1.128
212.493 -0.026 0.098 1.152 -0.071 0.053 1.100
212.673 -0.014 0.003 1.130 -0.061 -0.044 1.077
212.859 0.003 -0.072 1.111 -0.044 -0.118 1.059
213.093 0.019 -0.112 1.101 -0.029 -0.160 1.047
213.273 0.043 -0.123 1.105 -0.013 -0.179 1.042
213.460 0.046 -0.118 1.111 0.000 -0.164 1.059
213.697 0.052 -0.089 1.115 0.007 -0.134 1.065
213.873 0.055 -0.046 1.122 0.005 -0.096 1.064
214.060 0.054 0.001 1.115 0.008 -0.045 1.063
214.293 0.058 0.044 1.110 0.008 -0.005 1.053
214.473 0.055 0.076 1.099 0.006 0.027 1.044
214.660 0.052 0.093 1.088 0.002 0.044 1.032
214.893 0.045 0.097 1.072 -0.002 0.051 1.020
215.073 0.043 0.086 1.060 -0.006 0.037 1.004
215.260 0.036 0.064 1.044 -0.013 0.016 0.989
215.493 0.028 0.036 1.033 -0.022 -0.014 0.977
215.673 0.021 0.004 1.022 -0.027 -0.044 0.967
215.860 0.017 -0.022 1.014 -0.030 -0.069 0.961
216.093 0.018 -0.041 1.011 -0.030 -0.089 0.956
216.273 0.026 -0.047 1.010 -0.026 -0.099 0.950
216.460 0.029 -0.047 1.002 -0.017 -0.093 0.949
216.697 0.036 -0.030 0.995 -0.010 -0.076 0.943
216.877 0.043 -0.009 0.991 -0.002 -0.055 0.940
217.061 0.050 0.017 0.988 0.002 -0.031 0.933
217.296 0.056 0.036 0.970 0.011 -0.009 0.919
217.473 0.059 0.053 0.959 0.012 0.006 0.906
217.660 0.056 0.060 0.940 0.012 0.016 0.890
217.894 0.064 0.068 0.931 0.008 0.012 0.861
218.074 0.053 0.054 0.906 0.010 0.011 0.856
218.260 0.052 0.044 0.885 0.008 0.001 0.835
218.497 0.046 0.030 0.878 0.001 -0.015 0.827
218.673 0.044 0.018 0.859 0.000 -0.026 0.810
218.860 0.047 0.010 0.850 -0.001 -0.038 0.794
219.094 0.045 -0.000 0.836 0.001 -0.043 0.787
219.273 0.045 -0.004 0.834 -0.000 -0.048 0.783
219.460 0.045 -0.003 0.831 0.000 -0.048 0.779
219.697 0.045 0.001 0.829 -0.004 -0.048 0.775
219.873 0.043 0.007 0.823 -0.006 -0.042 0.766
220.060 0.040 0.013 0.815 -0.005 -0.033 0.764
220.297 0.038 0.023 0.808 -0.009 -0.025 0.754
220.477 0.035 0.026 0.797 -0.010 -0.018 0.746
220.660 0.035 0.030 0.787 -0.010 -0.014 0.736
220.893 0.034 0.031 0.777 -0.010 -0.014 0.727
221.077 0.035 0.031 0.769 -0.010 -0.014 0.718
221.260 0.038 0.034 0.763 -0.012 -0.016 0.706
221.493 0.036 0.028 0.756 -0.010 -0.018 0.704
221.678 0.039 0.025 0.757 -0.008 -0.021 0.704
221.860 0.039 0.021 0.757 -0.006 -0.023 0.706
222.093 0.040 0.019 0.759 -0.005 -0.026 0.708
222.273 0.040 0.018 0.763 -0.005 -0.027 0.712
222.460 0.040 0.019 0.767 -0.006 -0.028 0.715
222.693 0.038 0.017 0.770 -0.006 -0.027 0.720
222.873 0.038 0.020 0.778 -0.008 -0.026 0.725
223.060 0.035 0.021 0.778 -0.011 -0.025 0.726
223.293 0.031 0.022 0.777 -0.015 -0.024 0.725
223.473 0.029 0.021 0.776 -0.016 -0.023 0.726
223.661 0.028 0.022 0.775 -0.017 -0.023 0.724
223.894 0.029 0.023 0.775 -0.017 -0.022 0.723
224.073 0.030 0.024 0.774 -0.016 -0.021 0.722
224.260 0.032 0.025 0.772 -0.014 -0.021 0.720
224.493 0.036 0.027 0.773 -0.012 -0.021 0.719
224.673 0.038 0.027 0.770 -0.007 -0.018 0.719
224.860 0.040 0.027 0.766 -0.006 -0.018 0.714
225.093 0.043 0.028 0.763 -0.002 -0.018 0.711
225.273 0.044 0.026 0.760 -0.000 -0.018 0.710
225.460 0.046 0.026 0.760 0.000 -0.020 0.707
225.697 0.047 0.024 0.759 0.001 -0.021 0.707
225.873 0.045 0.022 0.757 0.002 -0.021 0.708
226.060 0.047 0.024 0.759 -0.001 -0.024 0.706
226.293 0.046 0.024 0.761 -0.001 -0.023 0.708
226.474 0.046 0.025 0.766 -0.000 -0.020 0.714
226.660 0.052 0.063 0.809 0.005 0.015 0.755
226.893 0.079 0.130 0.885 0.032 0.083 0.832
227.077 0.107 0.194 0.975 0.059 0.146 0.920
227.260 0.134 0.246 1.060 0.084 0.196 1.003
227.497 0.149 0.276 1.141 0.099 0.225 1.083
227.673 0.153 0.270 1.182 0.095 0.211 1.114
227.860 0.101 0.164 1.378 -0.004 0.059 1.233
228.097 0.153 0.107 1.403 -0.034 -0.080 1.140
228.273 0.189 0.047 1.392 -0.054 -0.196 1.049
228.460 0.208 0.022 1.391 -0.082 -0.266 0.983
228.697 0.208 0.002 1.384 -0.121 -0.325 0.920
228.877 0.169 -0.000 1.387 -0.196 -0.362 0.873
229.070 0.115 -0.026 1.372 -0.286 -0.421 0.810
229.293 0.060 -0.040 1.360 -0.372 -0.464 0.756
229.482 -0.030 -0.263 0.885 -0.086 -0.318 0.820
229.717 -0.076 -0.240 0.844 -0.129 -0.292 0.783
229.894 -0.099 -0.185 0.791 -0.165 -0.251 0.707
230.080 -0.124 -0.127 0.690 -0.172 -0.175 0.636
230.313 -0.118 -0.073 0.603 -0.164 -0.119 0.551
230.494 -0.113 0.002 0.500 -0.167 -0.052 0.436
230.680 -0.118 0.051 0.382 -0.168 0.001 0.326
230.913 -0.108 0.077 0.271 -0.157 0.028 0.214
231.094 -0.094 0.088 0.170 -0.142 0.039 0.115
231.280 -0.073 0.077 0.077 -0.124 0.026 0.019
231.514 -0.039 0.029 0.010 -0.083 -0.015 -0.040
231.694 0.008 -0.014 -0.034 -0.038 -0.060 -0.087
231.880 0.053 -0.066 -0.065 0.005 -0.114 -0.120
232.117 0.076 -0.099 -0.095 0.039 -0.136 -0.137
232.294 0.107 -0.101 -0.085 0.037 -0.171 -0.177
232.480 0.158 -0.046 -0.027 -0.012 -0.216 -0.265
232.717 0.178 0.003 0.007 -0.052 -0.227 -0.316
232.894 0.183 0.054 0.036 -0.094 -0.223 -0.355
233.080 0.039 -0.054 -0.146 -0.008 -0.101 -0.200
233.313 0.020 -0.023 -0.143 -0.042 -0.085 -0.221
233.493 -0.014 -0.014 -0.167 -0.058 -0.058 -0.217
233.680 -0.015 0.008 -0.172 -0.072 -0.048 -0.242
233.913 0.032 0.064 -0.098 -0.133 -0.101 -0.329
234.094 0.060 0.088 -0.063 -0.166 -0.138 -0.381
234.279 0.824 0.737 2.717 0.652 0.564 2.492
234.513 2.067 0.049 2.911 2.027 0.009 2.866
234.697 2.109 0.062 2.892 2.061 0.014 2.837
234.880 2.053 0.076 2.886 2.016 0.039 2.845
235.113 2.045 0.091 2.873 2.007 0.053 2.831
235.294 2.080 0.142 2.928 1.962 0.024 2.764
235.479 2.125 0.198 2.988 1.930 0.003 2.714
235.713 2.158 0.243 3.037 1.909 -0.005 2.686
235.889 2.181 0.284 3.080 1.887 -0.009 2.667
236.080 2.199 0.322 3.124 1.866 -0.010 2.656
236.301 2.211 0.359 3.166 1.843 -0.007 2.649
236.485 2.221 0.394 3.209 1.820 -0.003 2.648
236.680 2.232 0.427 3.251 1.801 0.002 2.648
236.905 2.243 0.461 3.293 1.783 0.008 2.651
237.081 2.256 0.494 3.333 1.768 0.016 2.654
237.280 2.269 0.527 3.371 1.755 0.025 2.656
237.501 2.283 0.556 3.405 1.743 0.031 2.657
237.681 2.297 0.582 3.437 1.733 0.035 2.657
237.880 2.313 0.605 3.467 1.726 0.038 2.657
238.104 2.330 0.626 3.495 1.720 0.038 2.654
238.293 2.343 0.647 3.514 1.711 0.039 2.643
238.490 2.361 0.664 3.534 1.708 0.038 2.635
238.717 2.377 0.681 3.552 1.705 0.036 2.627
238.893 2.393 0.697 3.572 1.701 0.035 2.621
239.090 2.403 0.712 3.588 1.692 0.032 2.611
239.313 2.417 0.726 3.608 1.688 0.030 2.607
239.493 2.430 0.741 3.628 1.683 0.028 2.603
239.690 2.441 0.754 3.646 1.676 0.026 2.597
239.918 2.450 0.770 3.663 1.667 0.026 2.591
240.093 2.460 0.784 3.682 1.660 0.025 2.587
240.290 2.467 0.799 3.697 1.650 0.025 2.580
240.513 2.479 0.813 -2.567 1.644 0.024 -3.707
240.693 2.488 0.827 -2.551 1.637 0.023 -3.712
240.890 2.500 0.841 -2.534 1.632 0.022 -3.716
241.114 2.509 0.854 -2.520 1.625 0.021 -3.723
241.294 2.520 0.867 -2.506 1.620 0.020 -3.730
241.490 2.528 0.878 -2.494 1.613 0.018 -3.737
241.713 2.536 0.889 -2.482 1.606 0.016 -3.745
241.893 2.543 0.900 -2.471 1.598 0.013 -3.754
242.090 2.547 0.909 -2.464 1.588 0.010 -3.766
242.313 2.552 0.913 -2.447 1.583 0.001 -3.766
242.494 2.560 0.919 -2.427 1.579 -0.006 -3.764
242.690 2.561 0.932 -2.413 1.568 -0.005 -3.768
242.913 2.560 0.950 -2.410 1.551 0.001 -3.783
243.093 2.566 0.965 -2.402 1.540 0.004 -3.794
243.289 2.574 0.977 -2.396 1.533 0.005 -3.806
243.522 2.587 0.986 -2.383 1.533 0.001 -3.811
243.705 2.601 1.012 -2.365 1.525 0.016 -3.812
243.941 2.601 1.049 -2.371 1.494 0.041 -3.840
244.121 2.605 1.077 -2.378 1.470 0.057 -3.869
244.310 2.612 1.089 -2.366 1.461 0.058 -3.874
244.545 2.627 1.082 -2.327 1.474 0.040 -3.849
244.721 2.640 1.075 -2.294 1.488 0.022 -3.828
244.911 2.651 1.078 -2.277 1.492 0.015 -3.826
245.145 2.655 1.089 -2.273 1.482 0.016 -3.839
245.321 2.662 1.091 -2.266 1.481 0.007 -3.846
245.510 2.656 1.063 -2.277 1.484 -0.032 -3.868
245.741 2.606 0.984 3.929 1.473 -0.122 2.330
245.921 2.545 0.871 3.831 1.448 -0.245 2.215
246.110 2.536 0.706 3.761 1.468 -0.417 2.111
246.345 2.578 0.523 3.691 1.507 -0.601 1.990
246.525 2.615 0.393 3.610 1.512 -0.735 1.854
246.710 2.644 0.322 3.554 1.508 -0.813 1.756
246.941 2.672 0.272 3.532 1.505 -0.870 1.699
247.121 2.691 0.254 3.503 1.503 -0.895 1.648
247.320 2.711 0.241 3.491 1.504 -0.917 1.616
247.553 2.723 0.227 3.489 1.498 -0.940 1.594
247.739 2.735 0.202 3.505 1.487 -0.975 1.583
247.920 2.746 0.178 3.527 1.474 -1.008 1.577
248.157 2.765 0.148 3.543 1.467 -1.046 1.563
248.337 2.857 0.058 3.506 1.490 -1.139 1.466
248.520 3.024 -0.070 3.380 1.521 -1.264 1.238
248.753 3.259 -0.195 3.289 1.568 -1.390 1.011
248.933 3.444 -0.239 3.164 1.620 -1.437 0.801
249.120 3.578 -0.260 3.051 1.688 -1.464 0.653
249.353 3.643 -0.244 2.949 1.766 -1.456 0.574
249.533 3.687 -0.240 2.896 1.804 -1.461 0.521
249.722 3.733 -0.260 2.888 1.798 -1.489 0.473
249.953 3.789 -0.268 2.880 1.805 -1.507 0.426
250.134 3.842 -0.280 2.867 1.808 -1.528 0.375
250.320 3.883 -0.282 2.839 1.824 -1.539 0.330
250.557 3.918 -0.276 2.791 1.856 -1.541 0.283
250.733 3.954 -0.272 2.749 1.885 -1.547 0.237
250.920 4.003 -0.276 2.717 1.907 -1.559 0.187
251.153 4.050 -0.278 2.684 1.928 -1.571 0.136
251.333 4.109 -0.283 2.653 1.953 -1.584 0.082
251.520 4.165 -0.290 2.623 1.973 -1.600 0.027
251.753 4.198 -0.285 2.588 1.999 -1.602 -0.012
251.937 4.215 -0.271 2.545 2.037 -1.597 -0.040
252.120 -2.057 -0.254 2.507 -4.207 -1.588 -0.059
252.353 -2.037 -0.247 2.477 -4.182 -1.589 -0.088
252.533 -2.013 -0.245 2.452 -4.165 -1.594 -0.120
252.730 -1.981 -0.242 2.430 -4.141 -1.599 -0.149
252.957 -1.935 -0.242 2.402 -4.113 -1.607 -0.191
253.143 -1.861 -0.249 2.368 -4.081 -1.621 -0.254
253.373 -1.773 -0.263 2.341 -4.058 -1.641 -0.327
253.553 -1.676 -0.282 2.315 -4.040 -1.666 -0.408
253.740 -1.594 -0.302 2.293 -4.023 -1.689 -0.479
253.973 -1.557 -0.319 2.272 -4.004 -1.699 -0.515
254.153 -1.574 -0.314 2.251 -3.976 -1.679 -0.510
254.340 -1.653 -0.268 2.228 -3.913 -1.626 -0.444
254.573 -1.755 -0.199 2.206 -3.828 -1.558 -0.357
254.753 0.187 -0.018 1.618 0.147 -0.058 1.572
254.940 0.174 -0.008 1.632 0.124 -0.058 1.575
255.173 0.161 -0.007 1.641 0.112 -0.057 1.584
255.355 0.134 0.001 1.655 0.083 -0.051 1.594
255.540 0.104 0.013 1.670 0.055 -0.035 1.614
255.773 0.088 0.033 1.687 0.039 -0.016 1.632
255.953 0.082 0.055 1.708 0.034 0.007 1.652
256.140 0.088 0.077 1.723 0.040 0.029 1.668
256.373 0.097 0.095 1.737 0.050 0.049 1.685
256.553 0.107 0.108 1.750 0.062 0.063 1.699
256.741 0.113 0.113 1.772 0.068 0.068 1.720
256.973 0.111 0.121 1.766 0.067 0.077 1.715
257.153 0.114 0.126 1.783 0.070 0.082 1.733
257.340 0.110 0.129 1.797 0.068 0.087 1.749
257.573 0.107 0.131 1.815 0.064 0.088 1.766
257.754 0.099 0.133 1.835 0.054 0.088 1.783
257.941 0.089 0.138 1.844 0.044 0.092 1.793
258.173 0.078 0.144 1.858 0.031 0.097 1.805
258.360 0.068 0.151 1.870 0.021 0.104 1.815
258.542 0.066 0.160 1.888 0.011 0.105 1.820
258.773 0.066 0.160 1.893 0.018 0.112 1.838
258.954 0.063 0.162 1.903 0.016 0.115 1.850
259.140 0.064 0.166 1.914 0.015 0.117 1.859
259.373 0.064 0.168 1.924 0.013 0.117 1.868
259.553 0.064 0.163 1.934 0.017 0.115 1.879
259.740 0.066 0.158 1.943 0.020 0.112 1.890
259.973 0.071 0.155 1.953 0.021 0.106 1.895
260.154 0.070 0.143 1.956 0.023 0.096 1.903
260.340 0.069 0.118 1.958 0.023 0.072 1.906
260.573 0.087 0.094 1.952 0.039 0.046 1.898
260.754 0.088 0.051 1.922 0.041 0.003 1.868
260.942 0.133 -0.000 1.869 0.086 -0.047 1.816
261.174 0.178 -0.049 1.812 0.129 -0.098 1.755
261.353 0.210 -0.094 1.754 0.165 -0.140 1.702
261.540 0.236 -0.137 1.708 0.191 -0.183 1.657
261.773 0.266 -0.176 1.664 0.217 -0.225 1.608
261.953 0.277 -0.207 1.625 0.231 -0.253 1.573
262.140 0.262 -0.194 1.623 0.213 -0.242 1.567
262.373 0.241 -0.116 1.666 0.192 -0.165 1.610
262.553 0.219 -0.017 1.739 0.169 -0.067 1.682
262.740 0.203 0.059 1.790 0.144 0.001 1.720
262.973 0.190 0.089 1.810 0.128 0.027 1.740
263.153 0.191 0.086 1.806 0.135 0.029 1.740
263.340 0.198 0.066 1.792 0.147 0.015 1.735
263.577 0.204 0.062 1.795 0.150 0.008 1.734
263.753 0.193 0.066 1.779 0.141 0.014 1.721
263.940 0.157 0.083 1.753 0.106 0.032 1.696
264.173 0.100 0.097 1.715 0.048 0.044 1.656
264.357 0.044 0.090 1.655 -0.009 0.037 1.595
264.540 0.002 0.067 1.580 -0.050 0.015 1.522
264.777 -0.024 0.037 1.508 -0.075 -0.015 1.450
264.953 -0.038 0.005 1.452 -0.093 -0.050 1.391
265.140 -0.048 -0.035 1.395 -0.100 -0.086 1.337
265.373 -0.041 -0.057 1.343 -0.103 -0.119 1.269
265.553 -0.034 -0.079 1.279 -0.086 -0.131 1.221
265.740 -0.021 -0.083 1.232 -0.071 -0.132 1.178
265.977 -0.003 -0.073 1.182 -0.055 -0.125 1.124
266.161 0.014 -0.050 1.136 -0.039 -0.103 1.077
266.350 0.026 -0.030 1.102 -0.020 -0.077 1.049
266.585 0.040 -0.004 1.077 -0.005 -0.050 1.025
266.761 0.052 0.016 1.051 0.005 -0.031 0.997
266.950 0.060 0.033 1.025 0.011 -0.015 0.969
267.185 0.060 0.046 0.999 0.011 -0.002 0.943
267.361 0.052 0.054 0.972 0.007 0.009 0.921
267.550 0.046 0.058 0.952 -0.001 0.012 0.900
267.781 0.039 0.054 0.934 -0.005 0.010 0.884
267.965 0.037 0.048 0.921 -0.007 0.003 0.871
268.154 0.039 0.038 0.915 -0.007 -0.008 0.863
268.385 0.044 0.028 0.915 -0.006 -0.022 0.857
268.561 0.042 0.013 0.912 -0.003 -0.033 0.860
268.750 0.041 0.004 0.914 -0.005 -0.043 0.861
268.981 0.040 -0.006 0.918 -0.007 -0.052 0.864
269.161 0.039 -0.008 0.921 -0.009 -0.055 0.866
269.350 0.036 -0.008 0.921 -0.010 -0.054 0.869
269.585 0.042 0.004 0.927 -0.016 -0.054 0.855
269.765 0.036 0.007 0.914 -0.012 -0.041 0.859
269.950 0.035 0.016 0.907 -0.012 -0.032 0.853
270.181 0.035 0.024 0.899 -0.011 -0.022 0.847
270.362 0.036 0.031 0.895 -0.012 -0.017 0.841
270.550 0.036 0.036 0.886 -0.010 -0.010 0.834
270.781 0.038 0.038 0.881 -0.011 -0.010 0.826
270.965 0.036 0.035 0.874 -0.008 -0.010 0.824
271.150 0.035 0.029 0.871 -0.012 -0.018 0.817
271.385 0.029 -0.006 0.868 -0.018 -0.053 0.814
271.561 0.042 -0.065 0.857 -0.005 -0.112 0.804
271.750 0.057 -0.119 0.828 0.009 -0.167 0.773
271.981 0.064 -0.156 0.797 0.017 -0.202 0.743
272.165 0.074 -0.176 0.770 0.024 -0.225 0.716
272.352 0.078 -0.184 0.750 0.029 -0.233 0.695
272.585 0.081 -0.193 0.729 0.033 -0.241 0.674
272.761 0.078 -0.197 0.723 0.029 -0.246 0.667
272.950 0.083 -0.204 0.714 0.037 -0.250 0.662
273.181 0.093 -0.208 0.713 0.046 -0.255 0.660
273.361 0.102 -0.207 0.711 0.054 -0.256 0.655
273.550 0.119 -0.206 0.710 0.065 -0.260 0.649
273.787 0.121 -0.199 0.702 0.072 -0.247 0.646
273.961 0.125 -0.159 0.720 0.074 -0.210 0.660
274.150 0.132 -0.071 0.774 0.080 -0.123 0.714
274.386 0.142 0.029 0.851 0.099 -0.014 0.802
274.561 0.149 0.095 0.934 0.106 0.052 0.886
274.750 0.148 0.118 1.009 0.101 0.071 0.954
274.981 0.134 0.105 1.080 0.089 0.061 1.030
275.165 0.127 0.064 1.172 0.082 0.019 1.121
275.350 0.111 0.015 1.244 0.066 -0.030 1.192
275.581 0.077 0.002 1.278 0.027 -0.048 1.222
275.761 0.038 0.024 1.277 -0.010 -0.023 1.223
275.950 0.025 0.066 1.243 -0.030 0.010 1.174
276.181 0.023 0.105 1.174 -0.032 0.051 1.106
276.361 0.022 0.119 1.091 -0.021 0.075 1.042
276.550 0.036 0.117 1.030 -0.008 0.073 0.980
276.781 0.054 0.100 0.984 0.009 0.055 0.933
276.961 0.069 0.074 0.948 0.026 0.031 0.899
277.150 0.082 0.050 0.921 0.037 0.005 0.870
277.381 0.088 0.022 0.894 0.045 -0.021 0.845
277.561 0.089 0.006 0.877 0.043 -0.039 0.826
277.750 0.080 -0.002 0.861 0.035 -0.047 0.810
277.981 0.068 -0.003 0.848 0.024 -0.046 0.800
278.161 0.055 0.009 0.834 0.012 -0.034 0.785
278.351 0.042 0.026 0.819 -0.001 -0.017 0.770
278.581 0.031 0.047 0.802 -0.014 0.003 0.753
278.765 0.019 0.066 0.783 -0.024 0.023 0.734
278.950 0.010 0.081 0.768 -0.034 0.037 0.718
279.189 0.003 0.087 0.755 -0.041 0.043 0.706
279.361 0.008 0.093 0.757 -0.054 0.031 0.679
279.550 -0.001 0.074 0.734 -0.045 0.030 0.683
279.785 0.004 0.059 0.725 -0.043 0.012 0.671
279.962 0.008 0.041 0.718 -0.040 -0.006 0.664
280.150 0.013 0.025 0.713 -0.034 -0.022 0.659
280.385 0.020 0.012 0.710 -0.027 -0.034 0.658
280.561 0.028 0.008 0.710 -0.021 -0.042 0.654
280.751 0.032 0.006 0.707 -0.013 -0.040 0.654
280.985 0.038 0.011 0.704 -0.008 -0.035 0.652
281.165 0.043 0.020 0.703 -0.004 -0.028 0.649
281.350 0.047 0.032 0.712 -0.008 -0.023 0.645
281.581 0.041 0.013 0.706 -0.005 -0.033 0.654
281.761 0.058 -0.028 0.705 0.008 -0.077 0.647
281.950 0.066 -0.086 0.679 0.023 -0.130 0.630
282.185 0.075 -0.118 0.657 0.032 -0.162 0.608
282.363 0.082 -0.127 0.653 0.027 -0.181 0.586
282.550 0.078 -0.140 0.626 0.037 -0.182 0.579
282.781 0.086 -0.110 0.632 0.032 -0.164 0.564
282.961 0.082 -0.056 0.604 0.039 -0.099 0.555
283.150 0.068 0.041 0.572 0.029 0.002 0.527
283.381 0.036 0.138 0.520 -0.016 0.086 0.461
283.561 -0.010 0.217 0.415 -0.062 0.165 0.355
283.750 -0.034 0.241 0.307 -0.081 0.194 0.254
283.981 -0.040 0.232 0.247 -0.099 0.174 0.177
284.161 -0.031 0.179 0.203 -0.092 0.118 0.131
284.350 -0.010 0.115 0.167 -0.072 0.053 0.092
284.585 0.008 0.012 0.129 -0.047 -0.043 0.067
284.761 0.030 -0.052 0.104 -0.025 -0.107 0.042
284.950 0.050 -0.089 0.085 -0.009 -0.148 0.019
285.185 0.061 -0.104 0.066 0.007 -0.158 0.004
285.361 0.070 -0.089 0.057 0.011 -0.148 -0.011
285.550 0.066 -0.061 0.047 0.011 -0.117 -0.018
285.781 0.067 -0.014 0.051 -0.000 -0.081 -0.031
285.961 0.047 0.013 0.034 -0.002 -0.036 -0.022
286.150 0.044 0.066 0.047 -0.022 0.001 -0.034
286.381 0.026 0.081 0.038 -0.029 0.027 -0.024
286.562 0.014 0.092 0.042 -0.039 0.039 -0.016
286.750 0.003 0.085 0.049 -0.051 0.030 -0.012
286.985 -0.006 0.065 0.056 -0.060 0.012 -0.004
287.161 -0.012 0.041 0.067 -0.066 -0.013 0.007
287.350 -0.015 0.017 0.082 -0.069 -0.037 0.017
287.585 -0.007 -0.002 0.097 -0.072 -0.067 0.020
287.770 -0.008 -0.021 0.099 -0.062 -0.075 0.037
287.950 0.004 -0.027 0.113 -0.057 -0.089 0.040
288.182 0.009 -0.027 0.117 -0.048 -0.085 0.052
288.361 0.021 -0.014 0.129 -0.040 -0.075 0.056
288.550 0.023 -0.003 0.134 -0.034 -0.061 0.069
288.781 0.036 0.023 0.155 -0.034 -0.046 0.069
288.965 0.033 0.038 0.164 -0.031 -0.026 0.085
289.150 0.033 0.050 0.176 -0.032 -0.015 0.098
289.381 0.027 0.052 0.186 -0.036 -0.011 0.110
289.561 0.026 0.050 0.200 -0.039 -0.014 0.122
289.750 0.020 0.041 0.210 -0.044 -0.023 0.132
289.981 0.013 0.029 0.218 -0.051 -0.034 0.142
290.161 0.008 0.020 0.227 -0.057 -0.044 0.149
290.350 0.003 0.013 0.236 -0.062 -0.052 0.158
290.585 0.000 0.006 0.242 -0.061 -0.056 0.171
290.765 0.001 0.005 0.259 -0.065 -0.061 0.179
290.950 0.006 0.006 0.273 -0.061 -0.061 0.192
291.182 0.010 0.010 0.287 -0.058 -0.057 0.205
291.365 0.028 0.030 0.324 -0.067 -0.065 0.197
291.556 0.015 0.017 0.306 -0.043 -0.041 0.240
291.785 0.022 0.023 0.317 -0.037 -0.035 0.252
291.961 0.026 0.025 0.328 -0.031 -0.032 0.264
292.150 0.024 0.023 0.332 -0.025 -0.026 0.276
292.385 0.023 0.023 0.340 -0.026 -0.026 0.285
292.562 0.023 0.023 0.350 -0.029 -0.029 0.291
292.750 0.021 0.020 0.355 -0.031 -0.032 0.296
292.985 0.017 0.016 0.359 -0.033 -0.034 0.302
293.161 0.012 0.023 0.363 -0.039 -0.028 0.305
293.350 0.011 0.024 0.373 -0.042 -0.029 0.311
293.581 0.011 0.023 0.381 -0.042 -0.030 0.320
293.761 0.012 0.023 0.391 -0.040 -0.029 0.331
293.950 0.021 0.032 0.410 -0.046 -0.035 0.330
294.181 0.021 0.032 0.418 -0.039 -0.027 0.350
294.361 0.024 0.034 0.427 -0.034 -0.024 0.363
294.550 0.033 0.030 0.440 -0.025 -0.028 0.375
294.781 0.035 0.030 0.448 -0.024 -0.029 0.382
294.965 0.036 0.029 0.452 -0.022 -0.028 0.387
295.150 0.043 0.036 0.471 -0.031 -0.039 0.379
295.386 0.034 0.026 0.463 -0.025 -0.034 0.396
295.565 0.031 0.018 0.470 -0.029 -0.042 0.402
295.750 0.030 0.015 0.476 -0.031 -0.046 0.407
295.985 0.027 0.011 0.484 -0.034 -0.050 0.415
296.161 0.027 0.009 0.491 -0.031 -0.049 0.426
296.350 0.026 0.010 0.502 -0.033 -0.050 0.435
296.581 0.026 0.008 0.508 -0.031 -0.050 0.443
296.765 0.027 0.014 0.523 -0.033 -0.046 0.455
296.950 0.030 0.018 0.533 -0.031 -0.043 0.464
297.173 0.038 0.026 0.554 -0.035 -0.047 0.463
297.353 0.032 0.024 0.545 -0.026 -0.034 0.480
297.551 0.034 0.026 0.549 -0.024 -0.032 0.484
297.777 0.033 0.024 0.550 -0.021 -0.029 0.490
297.954 0.034 0.027 0.555 -0.024 -0.030 0.490
298.150 0.032 0.025 0.553 -0.024 -0.031 0.491
298.377 0.032 0.023 0.556 -0.027 -0.037 0.488
298.553 0.031 0.023 0.560 -0.030 -0.037 0.492
298.750 0.027 0.019 0.564 -0.031 -0.039 0.499
298.973 0.027 0.018 0.571 -0.032 -0.041 0.504
299.159 0.028 0.017 0.582 -0.035 -0.046 0.509
299.350 0.030 0.018 0.593 -0.036 -0.047 0.517
299.573 0.034 0.017 0.603 -0.033 -0.050 0.524
299.753 0.036 0.018 0.611 -0.030 -0.049 0.532
299.950 0.038 0.021 0.617 -0.028 -0.045 0.539
300.175 0.037 0.024 0.616 -0.027 -0.040 0.541
300.354 0.038 0.021 0.615 -0.023 -0.040 0.546
300.550 0.037 0.022 0.616 -0.025 -0.040 0.545
300.775 0.034 0.004 0.608 -0.027 -0.057 0.540
300.953 0.042 -0.045 0.599 -0.020 -0.108 0.527
301.150 0.055 -0.088 0.583 -0.009 -0.152 0.510
301.375 0.071 -0.089 0.585 -0.017 -0.177 0.474
301.553 0.071 -0.053 0.610 -0.016 -0.139 0.500
301.750 0.060 0.007 0.640 -0.001 -0.054 0.571
301.973 0.091 0.073 0.735 0.027 0.009 0.663
302.153 0.019 0.114 0.742 -0.026 0.069 0.691
302.350 0.011 0.130 0.775 -0.038 0.081 0.719
302.573 -0.003 0.132 0.790 -0.050 0.085 0.736
302.757 -0.029 0.127 0.795 -0.076 0.080 0.741
302.950 -0.061 0.116 0.785 -0.112 0.064 0.726
303.173 -0.083 0.090 0.758 -0.132 0.041 0.702
303.353 -0.095 0.057 0.735 -0.145 0.007 0.678
303.550 -0.088 0.027 0.717 -0.136 -0.021 0.663
303.773 -0.068 0.006 0.706 -0.116 -0.042 0.651
303.957 -0.041 -0.003 0.695 -0.091 -0.053 0.638
304.151 -0.015 -0.002 0.684 -0.069 -0.056 0.624
304.373 0.005 0.003 0.669 -0.046 -0.048 0.610
304.553 0.023 0.012 0.652 -0.025 -0.036 0.597
304.750 0.031 0.024 0.638 -0.013 -0.020 0.588
304.973 0.038 0.039 0.635 -0.015 -0.014 0.570
305.153 0.033 0.048 0.619 -0.012 0.003 0.568
305.350 0.025 0.054 0.608 -0.019 0.010 0.560
305.573 0.018 0.054 0.600 -0.029 0.007 0.547
305.757 0.011 0.053 0.594 -0.036 0.005 0.540
305.950 0.005 0.042 0.585 -0.043 -0.005 0.529
306.177 0.001 0.030 0.572 -0.044 -0.015 0.520
306.353 -0.000 0.020 0.560 -0.044 -0.024 0.510
306.550 0.003 0.013 0.547 -0.043 -0.033 0.495
306.773 0.006 0.013 0.539 -0.040 -0.033 0.486
306.953 0.009 0.014 0.532 -0.037 -0.031 0.481
307.150 0.012 0.020 0.531 -0.035 -0.028 0.476
307.373 0.011 0.023 0.529 -0.033 -0.022 0.478
307.553 0.011 0.027 0.530 -0.034 -0.018 0.478
307.750 0.010 0.029 0.530 -0.035 -0.015 0.479
307.973 0.015 0.038 0.542 -0.043 -0.020 0.469
308.155 0.009 0.031 0.532 -0.038 -0.016 0.477
308.350 0.006 0.029 0.525 -0.038 -0.015 0.474
308.573 0.006 0.028 0.521 -0.039 -0.017 0.470
308.753 0.012 0.030 0.524 -0.042 -0.024 0.458
308.950 0.032 0.047 0.549 -0.057 -0.043 0.428
309.173 0.058 0.070 0.566 -0.074 -0.062 0.389
309.353 0.022 0.086 0.437 -0.033 0.030 0.371
309.550 0.009 0.188 0.377 -0.080 0.099 0.259
309.773 -0.062 0.237 0.245 -0.113 0.187 0.185
309.957 -0.107 0.313 0.145 -0.171 0.249 0.070
310.150 -0.158 0.351 0.029 -0.210 0.299 -0.029
310.378 -0.175 0.351 -0.055 -0.240 0.286 -0.131
310.553 -0.210 0.298 -0.119 -0.262 0.246 -0.178
310.750 -0.210 0.197 -0.103 -0.256 0.151 -0.155
310.973 -0.199 0.062 -0.067 -0.240 0.021 -0.112
311.154 -0.174 -0.080 -0.012 -0.221 -0.127 -0.067
311.350 -0.142 -0.217 0.033 -0.195 -0.271 -0.029
311.575 -0.107 -0.338 0.073 -0.159 -0.390 0.012
311.753 -0.070 -0.379 0.078 -0.122 -0.432 0.017
311.950 -0.043 -0.333 0.039 -0.095 -0.385 -0.020
312.173 0.011 -0.180 0.028 -0.116 -0.307 -0.146
312.354 -0.038 -0.093 -0.123 -0.094 -0.149 -0.186
312.550 -0.047 -0.007 -0.197 -0.096 -0.057 -0.253
312.778 -0.032 0.005 -0.223 -0.086 -0.049 -0.285
312.953 -0.016 -0.038 -0.214 -0.065 -0.087 -0.270
313.150 -0.005 -0.097 -0.197 -0.066 -0.158 -0.268
313.377 0.003 -0.130 -0.198 -0.047 -0.179 -0.254
313.557 0.000 -0.088 -0.221 -0.046 -0.135 -0.273
313.750 -0.004 0.001 -0.273 -0.058 -0.053 -0.338
313.973 -0.015 0.092 -0.355 -0.065 0.042 -0.411
314.153 -0.012 0.155 -0.423 -0.065 0.101 -0.484
314.350 0.003 0.166 -0.481 -0.051 0.111 -0.546
314.573 0.015 0.116 -0.523 -0.036 0.065 -0.582
314.757 0.028 0.045 -0.540 -0.024 -0.007 -0.598
314.950 0.030 -0.028 -0.545 -0.022 -0.080 -0.604
315.173 0.027 -0.091 -0.544 -0.031 -0.149 -0.612
315.357 0.021 -0.134 -0.558 -0.034 -0.189 -0.622
315.550 0.022 -0.122 -0.543 -0.033 -0.177 -0.605
315.773 0.016 -0.081 -0.499 -0.038 -0.136 -0.561
315.957 0.019 -0.045 -0.436 -0.033 -0.097 -0.494
316.150 0.012 -0.055 -0.384 -0.045 -0.111 -0.451
316.374 0.001 -0.103 -0.362 -0.045 -0.150 -0.415
316.553 -0.004 -0.135 -0.350 -0.050 -0.181 -0.402
316.801 -0.007 -0.134 -0.347 -0.056 -0.183 -0.402
316.977 -0.013 -0.109 -0.355 -0.059 -0.154 -0.406
317.160 -0.010 -0.053 -0.365 -0.064 -0.107 -0.424
317.393 -0.014 -0.002 -0.382 -0.065 -0.054 -0.441
317.573 -0.011 0.068 -0.401 -0.066 0.013 -0.464
317.770 -0.014 0.105 -0.426 -0.066 0.052 -0.486
317.995 -0.020 0.127 -0.453 -0.072 0.076 -0.511
318.177 -0.023 0.120 -0.477 -0.077 0.066 -0.539
318.370 -0.025 0.092 -0.501 -0.077 0.040 -0.559
318.593 -0.017 0.061 -0.502 -0.085 -0.007 -0.588
318.773 -0.022 0.008 -0.524 -0.074 -0.043 -0.581
318.970 -0.013 -0.030 -0.523 -0.069 -0.085 -0.590
319.193 -0.005 -0.059 -0.523 -0.062 -0.115 -0.591
319.373 0.001 -0.071 -0.522 -0.056 -0.128 -0.589
319.570 0.006 -0.071 -0.525 -0.045 -0.122 -0.581
319.795 0.017 -0.054 -0.516 -0.041 -0.113 -0.585
319.980 0.022 -0.038 -0.516 -0.029 -0.089 -0.573
320.217 0.027 -0.017 -0.506 -0.024 -0.068 -0.563
320.399 0.030 0.002 -0.494 -0.022 -0.050 -0.552
320.580 0.033 0.018 -0.479 -0.025 -0.040 -0.547
320.813 0.026 0.021 -0.474 -0.024 -0.030 -0.532
320.993 0.019 0.018 -0.468 -0.027 -0.028 -0.519
321.180 0.013 0.011 -0.457 -0.033 -0.035 -0.510
321.413 0.010 0.002 -0.444 -0.040 -0.047 -0.500
321.601 0.014 -0.001 -0.416 -0.052 -0.067 -0.497
321.800 0.006 -0.015 -0.410 -0.046 -0.067 -0.468
322.021 0.008 -0.013 -0.390 -0.051 -0.072 -0.460
322.205 0.008 -0.016 -0.379 -0.044 -0.068 -0.437
322.408 0.012 -0.012 -0.362 -0.041 -0.065 -0.421
322.625 0.017 -0.012 -0.346 -0.031 -0.059 -0.400
322.803 0.027 -0.002 -0.321 -0.033 -0.063 -0.394
323.000 0.030 -0.000 -0.308 -0.031 -0.061 -0.380
323.221 0.027 -0.004 -0.302 -0.025 -0.056 -0.363
323.410 0.030 -0.002 -0.286 -0.029 -0.061 -0.357
323.641 0.021 -0.009 -0.285 -0.025 -0.055 -0.337
323.821 0.020 -0.006 -0.271 -0.032 -0.059 -0.329
324.010 0.017 -0.008 -0.257 -0.035 -0.060 -0.315
324.241 0.014 -0.011 -0.242 -0.034 -0.059 -0.296
324.425 0.018 -0.001 -0.216 -0.044 -0.064 -0.292
324.610 0.021 0.010 -0.193 -0.055 -0.067 -0.293
324.845 0.014 0.007 -0.196 -0.045 -0.052 -0.264
325.021 0.014 0.012 -0.186 -0.044 -0.046 -0.256
325.210 0.015 0.017 -0.177 -0.045 -0.044 -0.250
325.441 0.015 0.016 -0.169 -0.045 -0.044 -0.242
325.625 0.010 0.010 -0.168 -0.041 -0.041 -0.225
325.810 0.014 0.009 -0.155 -0.043 -0.048 -0.222
326.041 0.014 0.005 -0.150 -0.042 -0.051 -0.212
326.221 0.017 0.005 -0.140 -0.044 -0.056 -0.213
326.410 0.017 0.002 -0.133 -0.043 -0.059 -0.206
326.645 0.016 0.001 -0.126 -0.044 -0.059 -0.198
326.821 0.011 -0.002 -0.124 -0.040 -0.053 -0.181
327.010 0.010 0.001 -0.116 -0.041 -0.050 -0.174
327.241 0.016 0.009 -0.100 -0.049 -0.056 -0.179
327.421 0.015 0.009 -0.094 -0.050 -0.055 -0.174
327.610 0.010 0.004 -0.096 -0.045 -0.051 -0.161
327.841 0.010 0.003 -0.093 -0.044 -0.051 -0.155
328.021 0.011 0.001 -0.090 -0.043 -0.053 -0.152
328.209 0.012 -0.001 -0.089 -0.040 -0.052 -0.147
328.445 0.013 -0.002 -0.087 -0.037 -0.052 -0.143
328.626 0.020 0.004 -0.077 -0.040 -0.056 -0.150
328.819 0.021 0.005 -0.075 -0.038 -0.053 -0.146
329.041 0.021 0.008 -0.069 -0.039 -0.052 -0.142
329.221 0.019 0.009 -0.064 -0.039 -0.050 -0.134
329.420 0.018 0.011 -0.059 -0.041 -0.048 -0.129
329.641 0.012 0.008 -0.061 -0.040 -0.044 -0.119
329.825 0.010 0.006 -0.059 -0.040 -0.044 -0.114
330.020 0.010 0.004 -0.059 -0.040 -0.046 -0.115
330.241 0.012 0.003 -0.058 -0.040 -0.048 -0.116
330.423 0.012 0.001 -0.059 -0.038 -0.050 -0.116
330.620 0.014 -0.001 -0.058 -0.038 -0.052 -0.116
330.845 0.023 0.006 -0.041 -0.045 -0.061 -0.127
331.021 0.018 0.002 -0.049 -0.040 -0.056 -0.112
331.220 0.020 0.004 -0.041 -0.041 -0.056 -0.114
331.441 0.014 0.000 -0.049 -0.036 -0.049 -0.105
331.621 0.028 0.015 -0.022 -0.050 -0.063 -0.125
331.820 0.019 0.006 -0.036 -0.040 -0.053 -0.107
332.045 0.019 0.004 -0.033 -0.039 -0.053 -0.104
332.221 0.016 0.001 -0.040 -0.035 -0.049 -0.096
332.420 0.021 0.004 -0.032 -0.037 -0.054 -0.102
332.641 0.019 0.001 -0.036 -0.032 -0.050 -0.093
332.823 0.023 0.007 -0.027 -0.035 -0.051 -0.095
333.020 0.019 0.006 -0.030 -0.031 -0.045 -0.086
333.241 0.022 0.011 -0.024 -0.035 -0.046 -0.092
333.425 0.022 0.013 -0.022 -0.037 -0.045 -0.093
333.620 0.015 0.006 -0.030 -0.031 -0.040 -0.081
333.841 0.016 0.006 -0.026 -0.033 -0.043 -0.081
334.025 0.017 0.003 -0.024 -0.034 -0.048 -0.080
334.220 0.021 0.003 -0.018 -0.037 -0.054 -0.087
334.445 0.019 -0.001 -0.024 -0.035 -0.055 -0.087
334.625 0.019 -0.003 -0.030 -0.033 -0.055 -0.088
334.819 0.028 0.006 -0.021 -0.040 -0.062 -0.106
335.045 0.020 0.000 -0.041 -0.031 -0.051 -0.097
335.225 0.021 0.004 -0.040 -0.032 -0.049 -0.102
335.419 0.020 0.008 -0.040 -0.033 -0.045 -0.102
335.633 0.018 0.010 -0.042 -0.031 -0.040 -0.098
335.829 0.024 0.017 -0.029 -0.040 -0.047 -0.108
336.053 0.017 0.009 -0.039 -0.033 -0.041 -0.094
336.237 0.017 0.007 -0.036 -0.033 -0.043 -0.092
336.430 0.018 0.004 -0.035 -0.033 -0.046 -0.092
336.653 0.018 0.002 -0.038 -0.031 -0.047 -0.093
336.833 0.022 0.003 -0.034 -0.035 -0.054 -0.102
337.029 0.020 0.001 -0.046 -0.031 -0.051 -0.103
337.253 0.020 0.002 -0.051 -0.031 -0.050 -0.108
337.433 0.026 0.010 -0.050 -0.037 -0.053 -0.122
337.629 0.019 0.005 -0.063 -0.032 -0.046 -0.120
337.857 0.018 0.006 -0.068 -0.033 -0.045 -0.125
338.034 0.017 0.008 -0.073 -0.035 -0.043 -0.131
338.230 0.014 0.006 -0.076 -0.035 -0.043 -0.131
338.453 0.014 0.006 -0.073 -0.037 -0.045 -0.131
338.634 0.013 0.003 -0.069 -0.037 -0.047 -0.125
338.833 0.022 0.011 -0.052 -0.046 -0.058 -0.138
339.053 0.014 0.001 -0.067 -0.036 -0.050 -0.123
339.233 0.016 0.000 -0.070 -0.034 -0.050 -0.126
339.430 0.018 0.001 -0.074 -0.032 -0.049 -0.130
339.657 0.020 0.004 -0.078 -0.031 -0.047 -0.135
339.833 0.022 0.007 -0.083 -0.030 -0.044 -0.140
340.030 0.030 0.016 -0.073 -0.037 -0.051 -0.156
340.253 0.025 0.011 -0.082 -0.034 -0.047 -0.150
340.434 0.020 0.006 -0.089 -0.031 -0.045 -0.146
340.630 0.019 0.004 -0.090 -0.032 -0.047 -0.147
340.857 0.020 0.002 -0.090 -0.035 -0.052 -0.153
341.033 0.020 0.002 -0.092 -0.037 -0.055 -0.160
341.230 0.020 0.001 -0.099 -0.037 -0.056 -0.165
341.457 0.017 -0.001 -0.110 -0.034 -0.052 -0.167
341.634 0.017 0.001 -0.116 -0.034 -0.050 -0.173
341.830 0.018 0.005 -0.121 -0.035 -0.048 -0.181
342.054 0.020 0.010 -0.124 -0.038 -0.048 -0.192
342.233 0.016 0.007 -0.134 -0.035 -0.043 -0.190
342.430 0.016 0.007 -0.136 -0.036 -0.045 -0.194
342.657 0.018 0.008 -0.135 -0.038 -0.048 -0.200
342.838 0.017 0.004 -0.140 -0.036 -0.049 -0.199
343.030 0.019 0.003 -0.142 -0.037 -0.052 -0.206
343.253 0.020 0.004 -0.147 -0.036 -0.052 -0.212
343.433 0.018 0.002 -0.159 -0.033 -0.049 -0.215
343.630 0.019 0.003 -0.166 -0.032 -0.047 -0.222
343.857 0.017 0.003 -0.175 -0.030 -0.044 -0.228
344.037 0.018 0.006 -0.180 -0.034 -0.046 -0.239
344.231 0.017 0.006 -0.186 -0.035 -0.046 -0.245
344.453 0.018 0.006 -0.188 -0.038 -0.049 -0.253
344.635 0.017 0.004 -0.192 -0.038 -0.051 -0.255
344.830 0.015 0.000 -0.198 -0.037 -0.052 -0.256
345.053 0.016 -0.002 -0.203 -0.036 -0.054 -0.261
345.234 0.018 -0.002 -0.207 -0.035 -0.055 -0.266
345.430 0.025 0.005 -0.202 -0.039 -0.059 -0.280
345.653 0.026 0.007 -0.205 -0.039 -0.057 -0.285
345.834 0.025 0.009 -0.210 -0.039 -0.055 -0.288
346.030 0.019 0.006 -0.220 -0.036 -0.049 -0.284
346.253 0.016 0.004 -0.223 -0.036 -0.048 -0.284
346.433 0.015 0.002 -0.224 -0.038 -0.051 -0.285
346.630 0.017 0.003 -0.219 -0.042 -0.056 -0.290
346.853 0.013 -0.003 -0.225 -0.039 -0.055 -0.284
347.034 0.016 -0.003 -0.222 -0.042 -0.061 -0.290
347.230 0.015 -0.006 -0.225 -0.040 -0.061 -0.291
347.453 0.013 -0.008 -0.232 -0.039 -0.060 -0.290
347.634 0.021 0.002 -0.221 -0.048 -0.067 -0.308
347.830 0.011 -0.006 -0.238 -0.041 -0.057 -0.296
348.053 0.010 -0.005 -0.239 -0.043 -0.057 -0.298
348.233 0.008 -0.004 -0.240 -0.043 -0.056 -0.298
348.430 0.011 -0.000 -0.235 -0.047 -0.059 -0.305
348.653 0.009 -0.002 -0.243 -0.044 -0.055 -0.302
348.833 0.009 -0.001 -0.247 -0.043 -0.053 -0.304
349.030 0.010 -0.000 -0.249 -0.043 -0.053 -0.308
349.257 0.010 0.000 -0.253 -0.042 -0.052 -0.312
349.437 0.009 -0.000 -0.257 -0.042 -0.051 -0.314
349.630 0.009 -0.001 -0.259 -0.043 -0.053 -0.317
349.857 0.008 -0.005 -0.260 -0.044 -0.057 -0.318
350.037 0.007 -0.008 -0.260 -0.045 -0.060 -0.318
350.230 0.026 0.008 -0.227 -0.065 -0.083 -0.348
350.453 0.008 -0.011 -0.256 -0.047 -0.066 -0.320
350.634 0.009 -0.012 -0.259 -0.046 -0.066 -0.321
350.831 0.010 -0.011 -0.261 -0.045 -0.066 -0.326
351.053 0.007 -0.011 -0.271 -0.042 -0.060 -0.324
351.240 0.014 -0.003 -0.262 -0.048 -0.065 -0.337
351.429 0.008 -0.006 -0.272 -0.044 -0.059 -0.331
351.657 0.012 0.000 -0.263 -0.050 -0.062 -0.340
351.833 0.013 0.001 -0.263 -0.050 -0.062 -0.340
352.030 0.010 -0.004 -0.270 -0.045 -0.058 -0.332
352.254 0.010 -0.005 -0.271 -0.042 -0.057 -0.331
352.435 0.010 -0.006 -0.273 -0.042 -0.058 -0.331
352.630 0.012 -0.000 -0.279 -0.040 -0.052 -0.337
352.859 0.010 0.025 -0.290 -0.041 -0.026 -0.348
353.041 -0.004 0.049 -0.312 -0.056 -0.003 -0.369
353.230 -0.017 0.056 -0.337 -0.069 0.004 -0.396
353.454 -0.024 0.045 -0.361 -0.073 -0.004 -0.415
353.633 -0.024 0.027 -0.374 -0.071 -0.021 -0.426
353.831 -0.019 -0.007 -0.379 -0.067 -0.054 -0.432
354.057 0.000 -0.029 -0.370 -0.061 -0.090 -0.447
354.240 0.013 -0.056 -0.385 -0.036 -0.104 -0.440
354.477 0.030 -0.065 -0.395 -0.017 -0.112 -0.447
354.653 0.050 -0.060 -0.396 -0.006 -0.116 -0.466
354.840 0.054 -0.055 -0.417 0.007 -0.101 -0.470
355.073 0.063 -0.034 -0.419 0.004 -0.093 -0.491
355.253 0.054 -0.019 -0.436 0.003 -0.070 -0.493
355.440 0.048 0.002 -0.439 -0.009 -0.055 -0.506
355.677 0.031 0.009 -0.454 -0.014 -0.037 -0.504
355.853 0.019 0.022 -0.458 -0.030 -0.027 -0.513
356.041 0.011 0.028 -0.458 -0.045 -0.028 -0.523
356.278 -0.003 0.019 -0.467 -0.050 -0.028 -0.520
356.453 -0.005 0.015 -0.466 -0.059 -0.040 -0.527
356.640 -0.005 0.002 -0.467 -0.060 -0.052 -0.527
356.873 0.015 0.008 -0.436 -0.077 -0.084 -0.558
357.053 -0.001 -0.022 -0.464 -0.055 -0.077 -0.527
357.240 0.001 -0.032 -0.464 -0.050 -0.083 -0.522
357.473 0.007 -0.033 -0.459 -0.050 -0.090 -0.526
357.653 0.011 -0.031 -0.456 -0.049 -0.092 -0.531
357.840 0.007 -0.049 -0.477 -0.046 -0.102 -0.537
358.073 0.023 -0.077 -0.478 -0.040 -0.140 -0.554
358.254 0.043 -0.102 -0.492 -0.019 -0.164 -0.566
358.440 0.051 -0.108 -0.505 -0.011 -0.170 -0.580
358.673 0.048 -0.097 -0.531 -0.002 -0.147 -0.587
358.857 0.053 -0.054 -0.538 -0.009 -0.116 -0.613
359.040 0.035 -0.003 -0.565 -0.027 -0.065 -0.640
359.273 0.003 0.038 -0.608 -0.051 -0.016 -0.668
359.454 -0.021 0.067 -0.647 -0.074 0.014 -0.706
359.644 -0.040 0.073 -0.677 -0.086 0.027 -0.729
359.874 -0.043 0.065 -0.694 -0.091 0.017 -0.747
360.053 -0.036 0.039 -0.702 -0.083 -0.009 -0.754
360.246 -0.015 0.009 -0.696 -0.071 -0.047 -0.759
360.473 0.014 -0.016 -0.681 -0.060 -0.091 -0.775
360.653 0.027 -0.048 -0.694 -0.032 -0.107 -0.764
360.840 0.045 -0.066 -0.699 -0.012 -0.122 -0.765
361.073 0.055 -0.072 -0.707 0.002 -0.125 -0.767
361.253 0.061 -0.068 -0.711 0.008 -0.121 -0.770
361.440 0.063 -0.054 -0.708 0.009 -0.108 -0.769
361.677 0.061 -0.039 -0.703 0.006 -0.094 -0.764
361.853 0.053 -0.024 -0.697 0.003 -0.075 -0.754
362.040 0.051 -0.006 -0.678 -0.012 -0.069 -0.754
362.273 0.040 0.002 -0.669 -0.024 -0.061 -0.746
362.453 0.024 0.005 -0.662 -0.039 -0.057 -0.738
362.640 0.008 0.004 -0.655 -0.055 -0.059 -0.731
362.873 -0.010 -0.002 -0.651 -0.067 -0.060 -0.722
363.057 -0.021 -0.009 -0.651 -0.076 -0.064 -0.711
363.240 -0.025 -0.013 -0.642 -0.084 -0.073 -0.712
363.474 -0.026 -0.020 -0.640 -0.083 -0.077 -0.706
363.653 -0.024 -0.027 -0.641 -0.077 -0.080 -0.700
363.850 -0.017 -0.029 -0.637 -0.070 -0.081 -0.696
364.073 -0.008 -0.029 -0.631 -0.061 -0.082 -0.690
364.253 -0.002 -0.029 -0.629 -0.049 -0.077 -0.682
364.450 0.008 -0.022 -0.620 -0.044 -0.074 -0.679
364.678 0.019 -0.012 -0.607 -0.041 -0.073 -0.679
364.853 0.021 -0.012 -0.607 -0.032 -0.065 -0.666
365.050 0.031 0.001 -0.587 -0.039 -0.070 -0.675
365.277 0.020 -0.008 -0.596 -0.030 -0.058 -0.653
365.453 0.021 -0.006 -0.585 -0.033 -0.060 -0.646
365.650 0.023 -0.008 -0.570 -0.037 -0.068 -0.641
365.877 0.024 -0.007 -0.555 -0.045 -0.076 -0.641
366.053 0.012 -0.023 -0.563 -0.037 -0.072 -0.619
366.250 0.011 -0.024 -0.555 -0.043 -0.078 -0.615
366.473 0.006 -0.026 -0.552 -0.045 -0.076 -0.609
366.653 0.006 -0.022 -0.541 -0.052 -0.080 -0.611
366.850 0.002 -0.020 -0.542 -0.054 -0.077 -0.604
367.077 -0.002 -0.019 -0.542 -0.055 -0.071 -0.601
367.253 -0.003 -0.017 -0.540 -0.055 -0.069 -0.598
367.450 -0.002 -0.015 -0.537 -0.055 -0.068 -0.596
367.673 -0.001 -0.012 -0.534 -0.056 -0.067 -0.596
367.857 -0.000 -0.011 -0.533 -0.053 -0.064 -0.593
368.050 0.010 -0.003 -0.518 -0.060 -0.072 -0.606
368.273 0.005 -0.011 -0.529 -0.050 -0.066 -0.591
368.453 0.005 -0.010 -0.529 -0.049 -0.065 -0.590
368.651 0.008 -0.013 -0.529 -0.046 -0.066 -0.589
368.873 0.011 -0.014 -0.526 -0.044 -0.069 -0.587
369.053 0.012 -0.015 -0.525 -0.044 -0.071 -0.588
369.250 0.012 -0.018 -0.523 -0.042 -0.073 -0.584
369.473 0.019 -0.018 -0.508 -0.047 -0.084 -0.587
369.653 0.012 -0.024 -0.511 -0.051 -0.087 -0.586
369.850 0.003 -0.025 -0.512 -0.060 -0.087 -0.587
370.073 -0.006 -0.023 -0.511 -0.070 -0.087 -0.590
370.253 -0.014 -0.020 -0.508 -0.081 -0.086 -0.590
370.450 -0.017 -0.014 -0.502 -0.090 -0.087 -0.589
370.673 -0.019 -0.013 -0.493 -0.090 -0.085 -0.583
370.857 -0.019 -0.014 -0.487 -0.082 -0.078 -0.565
371.050 -0.006 -0.003 -0.471 -0.076 -0.072 -0.553
371.273 -0.003 -0.002 -0.469 -0.058 -0.057 -0.529
371.453 0.011 0.005 -0.458 -0.045 -0.051 -0.520
371.650 0.022 0.012 -0.450 -0.039 -0.048 -0.517
371.873 0.035 0.018 -0.435 -0.037 -0.054 -0.521
372.057 0.034 0.010 -0.441 -0.028 -0.053 -0.509
372.250 0.037 0.006 -0.435 -0.029 -0.060 -0.511
372.473 0.035 -0.000 -0.436 -0.029 -0.065 -0.506
372.653 0.029 -0.011 -0.435 -0.031 -0.071 -0.501
372.853 0.048 0.006 -0.397 -0.056 -0.098 -0.532
373.077 0.036 -0.004 -0.409 -0.048 -0.089 -0.517
373.253 0.037 0.001 -0.402 -0.055 -0.091 -0.520
373.450 0.025 -0.005 -0.414 -0.049 -0.078 -0.506
373.673 0.019 -0.001 -0.417 -0.050 -0.070 -0.502
373.853 0.020 0.009 -0.412 -0.060 -0.071 -0.509
374.050 0.007 0.001 -0.427 -0.054 -0.060 -0.499
374.273 0.004 0.001 -0.431 -0.058 -0.060 -0.501
374.457 0.005 0.005 -0.431 -0.064 -0.064 -0.511
374.650 0.004 0.002 -0.435 -0.065 -0.067 -0.517
374.877 -0.002 -0.008 -0.451 -0.057 -0.064 -0.512
375.054 0.002 -0.010 -0.451 -0.058 -0.070 -0.523
375.250 0.002 -0.017 -0.463 -0.051 -0.070 -0.521
375.474 0.012 -0.015 -0.458 -0.054 -0.080 -0.536
375.653 0.012 -0.020 -0.467 -0.048 -0.080 -0.539
375.850 0.012 -0.022 -0.479 -0.042 -0.076 -0.540
376.073 0.015 -0.022 -0.484 -0.039 -0.076 -0.545
376.253 0.013 -0.021 -0.494 -0.034 -0.067 -0.548
376.450 0.017 -0.013 -0.495 -0.036 -0.066 -0.556
376.673 0.018 -0.009 -0.498 -0.034 -0.061 -0.557
376.857 0.015 -0.019 -0.493 -0.038 -0.072 -0.552
377.050 -0.009 -0.059 -0.464 -0.065 -0.114 -0.529
377.273 -0.038 -0.126 -0.430 -0.084 -0.172 -0.482
377.464 -0.059 -0.185 -0.400 -0.104 -0.229 -0.451
377.650 -0.068 -0.225 -0.375 -0.116 -0.273 -0.429
377.873 -0.078 -0.278 -0.352 -0.124 -0.324 -0.403
378.053 -0.079 -0.311 -0.328 -0.126 -0.358 -0.381
378.250 -0.065 -0.302 -0.319 -0.119 -0.356 -0.386
378.473 -0.061 -0.231 -0.361 -0.105 -0.275 -0.411
378.654 -0.070 -0.111 -0.428 -0.120 -0.161 -0.483
378.859 -0.087 0.017 -0.527 -0.137 -0.032 -0.584
379.078 -0.104 0.113 -0.626 -0.152 0.065 -0.681
379.254 -0.100 0.137 -0.688 -0.148 0.089 -0.742
379.450 -0.084 0.093 -0.699 -0.131 0.046 -0.752
379.673 -0.064 0.012 -0.688 -0.114 -0.038 -0.743
379.860 -0.037 -0.060 -0.696 -0.081 -0.105 -0.746
380.097 -0.010 -0.073 -0.722 -0.053 -0.117 -0.772
380.273 0.008 -0.027 -0.778 -0.049 -0.084 -0.843
380.460 0.019 0.039 -0.845 -0.046 -0.027 -0.924
380.693 0.028 0.082 -0.932 -0.024 0.030 -0.991
380.877 0.057 0.131 -0.961 -0.030 0.043 -1.065
381.060 0.052 0.097 -0.997 -0.008 0.038 -1.063
381.297 0.088 0.092 -0.969 -0.041 -0.037 -1.142
381.474 0.082 0.042 -0.979 -0.030 -0.070 -1.131
381.660 0.056 -0.032 -1.001 -0.006 -0.095 -1.071
381.893 0.039 -0.079 -0.972 -0.010 -0.129 -1.029
382.073 0.031 -0.100 -0.918 -0.018 -0.149 -0.974
382.260 0.017 -0.108 -0.855 -0.033 -0.157 -0.912
382.494 0.004 -0.116 -0.790 -0.047 -0.167 -0.849
382.673 -0.014 -0.111 -0.746 -0.066 -0.163 -0.806
382.860 -0.035 -0.092 -0.692 -0.088 -0.144 -0.753
383.093 -0.043 -0.057 -0.671 -0.093 -0.107 -0.729
383.273 -0.038 -0.018 -0.629 -0.096 -0.076 -0.698
383.460 -0.039 0.013 -0.634 -0.091 -0.039 -0.693
383.693 -0.026 0.044 -0.627 -0.077 -0.007 -0.686
383.874 -0.026 0.064 -0.615 -0.080 0.010 -0.677
384.060 -0.023 0.065 -0.603 -0.072 0.016 -0.659
384.297 -0.024 0.065 -0.590 -0.075 0.013 -0.649
384.473 -0.022 0.043 -0.574 -0.073 -0.008 -0.633
384.660 -0.022 0.026 -0.564 -0.075 -0.027 -0.623
384.894 -0.019 0.005 -0.553 -0.072 -0.047 -0.613
385.073 -0.014 -0.014 -0.542 -0.069 -0.069 -0.606
385.260 -0.042 -0.043 -0.537 -0.079 -0.081 -0.579
385.494 -0.032 -0.051 -0.524 -0.071 -0.090 -0.570
385.673 -0.031 -0.047 -0.524 -0.066 -0.083 -0.564
385.860 -0.018 -0.039 -0.502 -0.059 -0.080 -0.548
386.094 -0.019 -0.023 -0.494 -0.051 -0.054 -0.528
386.274 0.020 0.002 -0.472 -0.031 -0.048 -0.529
386.470 0.025 0.016 -0.463 -0.026 -0.035 -0.521
386.701 0.027 0.023 -0.455 -0.025 -0.029 -0.515
386.885 0.024 0.026 -0.451 -0.025 -0.023 -0.508
387.070 0.020 0.023 -0.442 -0.032 -0.029 -0.503
387.301 0.015 0.022 -0.439 -0.037 -0.030 -0.500
387.481 0.010 0.016 -0.437 -0.042 -0.036 -0.498
387.670 0.009 0.006 -0.455 -0.041 -0.044 -0.511
387.901 -0.001 -0.041 -0.451 -0.049 -0.088 -0.505
388.081 -0.032 -0.102 -0.426 -0.074 -0.144 -0.476
388.270 -0.012 -0.137 -0.407 -0.062 -0.188 -0.465
388.505 -0.012 -0.114 -0.417 -0.058 -0.160 -0.469
388.681 -0.023 -0.028 -0.480 -0.070 -0.075 -0.537
388.870 0.034 0.133 -0.488 -0.120 -0.021 -0.703
389.105 0.071 0.256 -0.484 -0.150 0.037 -0.792
389.285 0.118 0.359 -0.494 -0.155 0.091 -0.873
389.470 0.195 0.433 -0.469 -0.123 0.124 -0.908
389.701 0.291 0.476 -0.413 -0.065 0.130 -0.905
389.885 0.375 0.485 -0.346 -0.012 0.106 -0.884
390.070 0.434 0.475 -0.271 0.020 0.065 -0.852
390.305 0.471 0.454 -0.195 0.033 0.016 -0.815
390.481 0.483 0.424 -0.121 0.023 -0.040 -0.779
390.670 0.481 0.391 -0.044 -0.001 -0.098 -0.738
390.901 0.235 0.187 -0.373 0.184 0.137 -0.431
391.081 0.224 0.166 -0.268 0.164 0.106 -0.342
391.270 0.200 0.147 -0.178 0.153 0.100 -0.231
391.501 0.166 0.165 -0.044 0.118 0.117 -0.099
391.682 0.156 0.188 0.068 0.108 0.140 0.013
391.870 0.162 0.221 0.175 0.115 0.174 0.121
392.105 0.184 0.255 0.292 0.134 0.205 0.234
392.282 0.250 0.293 0.383 0.199 0.241 0.324
392.470 -0.036 0.218 0.699 -0.181 0.073 0.500
392.701 0.009 0.275 0.877 -0.204 0.063 0.581
392.881 0.041 0.315 1.045 -0.222 0.053 0.676
393.070 0.070 0.346 1.211 -0.235 0.042 0.782
393.302 0.095 0.377 1.340 -0.248 0.036 0.858
393.481 0.116 0.412 1.489 -0.261 0.037 0.958
393.671 0.141 0.450 1.652 -0.269 0.045 1.077
393.901 0.163 0.488 1.815 -0.278 0.056 1.198
394.081 0.184 0.523 1.937 -0.287 0.064 1.279
394.279 0.206 0.559 2.101 -0.293 0.075 1.405
394.505 0.224 0.576 2.217 -0.300 0.070 1.485
394.681 0.249 0.605 2.383 -0.302 0.078 1.616
394.880 0.273 0.633 2.551 -0.303 0.086 1.748
395.101 0.294 0.653 2.717 -0.305 0.087 1.881
395.281 0.321 0.670 2.886 -0.301 0.087 2.016
395.480 0.351 0.684 3.054 -0.293 0.085 2.152
395.701 0.382 0.694 3.221 -0.282 0.080 2.287
395.881 0.414 0.697 3.378 -0.268 0.069 2.415
396.080 0.426 0.672 3.502 -0.265 0.030 2.514
396.301 0.412 0.622 3.602 -0.284 -0.031 2.594
396.481 0.384 0.560 -2.596 -0.315 -0.105 -3.621
396.680 0.358 0.503 -2.515 -0.347 -0.175 -3.561
396.905 0.339 0.458 -2.439 -0.376 -0.235 -3.506
397.081 0.327 0.426 -2.367 -0.400 -0.284 -3.456
397.280 0.321 0.409 -2.331 -0.420 -0.318 -3.441
397.501 0.320 0.407 -2.269 -0.435 -0.338 -3.402
397.686 0.325 0.419 -2.213 -0.445 -0.342 -3.367
397.881 0.336 0.437 -2.193 -0.449 -0.340 -3.367
398.102 0.351 0.467 -2.139 -0.449 -0.327 -3.334
398.281 0.370 0.495 -2.109 -0.446 -0.315 -3.325
398.481 0.390 0.520 -2.124 -0.443 -0.303 -3.359
398.701 0.402 0.538 -2.100 -0.445 -0.301 -3.356
398.881 0.417 0.551 -2.067 -0.444 -0.302 -3.342
399.080 0.430 0.559 -2.037 -0.444 -0.309 -3.331
399.305 0.441 0.561 -2.010 -0.447 -0.321 -3.322
399.481 0.449 0.560 -1.986 -0.451 -0.336 -3.316
399.680 0.453 0.557 -1.970 -0.459 -0.353 -3.318
399.901 0.458 0.553 -1.953 -0.466 -0.370 -3.318
400.085 0.462 0.551 -1.937 -0.474 -0.384 -3.320
400.280 0.465 0.553 -1.922 -0.482 -0.396 -3.322
400.505 0.467 0.557 -1.909 -0.492 -0.404 -3.326
400.685 0.470 0.563 -1.897 -0.501 -0.411 -3.331
400.880 0.473 0.570 -1.886 -0.511 -0.416 -3.336
401.101 0.479 0.579 -1.876 -0.516 -0.419 -3.342
401.285 0.488 0.588 -1.865 -0.519 -0.422 -3.347
401.480 0.498 0.598 -1.854 -0.521 -0.424 -3.353
401.701 0.507 0.608 -1.843 -0.523 -0.426 -3.358
401.885 0.515 0.617 -1.835 -0.527 -0.428 -3.366
402.079 0.524 0.625 -1.824 -0.530 -0.432 -3.371
402.301 0.532 0.632 -1.814 -0.533 -0.435 -3.376
402.481 0.539 0.640 -1.805 -0.537 -0.439 -3.383
402.680 0.546 0.645 -1.796 -0.541 -0.444 -3.388
402.905 0.552 0.651 -1.788 -0.546 -0.449 -3.395
403.081 0.557 0.657 -1.779 -0.551 -0.454 -3.402
403.280 0.563 0.662 -1.772 -0.556 -0.459 -3.409
403.505 0.568 0.668 -1.764 -0.561 -0.464 -3.416
403.681 0.573 0.674 -1.756 -0.567 -0.468 -3.423
403.880 0.579 0.679 -1.750 -0.571 -0.473 -3.430
404.101 0.585 0.685 -1.743 -0.576 -0.477 -3.438
404.289 0.590 0.692 -1.736 -0.582 -0.481 -3.446
404.525 0.594 0.698 -1.730 -0.588 -0.485 -3.455
404.701 0.599 0.704 -1.724 -0.593 -0.490 -3.462
404.899 0.604 0.709 -1.718 -0.598 -0.494 -3.470
405.125 0.609 0.714 -1.710 -0.603 -0.499 -3.476
405.301 0.614 0.719 -1.704 -0.607 -0.503 -3.484
405.500 0.619 0.725 -1.698 -0.612 -0.507 -3.491
405.722 0.623 0.731 -1.691 -0.618 -0.511 -3.497
405.901 0.627 0.735 -1.683 -0.623 -0.517 -3.503
406.101 0.629 0.739 -1.675 -0.630 -0.522 -3.507
406.321 0.632 0.745 -1.667 -0.636 -0.526 -3.513
406.501 0.632 0.751 -1.658 -0.646 -0.529 -3.516
406.700 0.634 0.756 -1.645 -0.653 -0.533 -3.517
406.921 0.637 0.759 -1.633 -0.658 -0.540 -3.517
407.105 0.642 0.759 -1.621 -0.662 -0.549 -3.518
407.300 0.646 0.759 -1.610 -0.667 -0.558 -3.520
407.521 0.651 0.758 -1.595 -0.670 -0.568 -3.517
407.709 0.656 0.762 -1.580 -0.673 -0.573 -3.515
407.941 0.660 0.770 -1.570 -0.678 -0.574 -3.517
408.125 0.657 0.786 -1.551 -0.691 -0.566 -3.511
408.310 0.653 0.805 -1.530 -0.706 -0.556 -3.504
408.541 0.648 0.811 -1.517 -0.718 -0.558 -3.503
408.725 0.633 0.809 -1.502 -0.729 -0.565 -3.499
408.910 0.604 0.806 -1.488 -0.739 -0.569 -3.496
409.145 0.584 0.799 -1.481 -0.733 -0.577 -3.502
409.321 0.581 0.802 -1.471 -0.719 -0.580 -3.503
409.510 0.587 0.814 -1.456 -0.712 -0.574 -3.500
409.741 0.591 0.824 -1.448 -0.712 -0.571 -3.504
409.921 0.594 0.824 -1.435 -0.714 -0.578 -3.503
410.110 0.592 0.818 -1.427 -0.721 -0.592 -3.506
410.345 0.595 0.818 -1.420 -0.726 -0.600 -3.511
410.521 0.609 0.847 -1.413 -0.724 -0.579 -3.515
410.710 0.627 0.869 -1.404 -0.719 -0.565 -3.519
410.941 0.635 0.868 -1.395 -0.718 -0.574 -3.521
411.125 0.636 0.866 -1.388 -0.722 -0.583 -3.525
411.310 0.639 0.860 -1.375 -0.726 -0.596 -3.523
411.541 0.644 0.854 -1.365 -0.727 -0.609 -3.523
411.721 0.648 0.844 -1.348 -0.730 -0.626 -3.518
411.910 0.647 0.831 -1.326 -0.737 -0.646 -3.506
412.141 0.647 0.823 -1.299 -0.747 -0.655 -3.490
412.321 0.648 0.819 -1.276 -0.755 -0.659 -3.479
412.510 0.652 0.812 -1.243 -0.761 -0.665 -3.456
412.745 0.657 0.802 -1.211 -0.766 -0.677 -3.435
412.921 0.658 0.785 -1.183 -0.773 -0.696 -3.419
413.120 0.660 0.765 -1.158 -0.779 -0.718 -3.405
413.341 0.660 0.745 -1.139 -0.787 -0.743 -3.398
413.521 0.663 0.723 -1.122 -0.793 -0.770 -3.394
413.720 0.665 0.702 -1.111 -0.800 -0.797 -3.396
413.945 0.668 0.682 -1.101 -0.807 -0.824 -3.399
414.125 0.672 0.663 -1.092 -0.814 -0.849 -3.403
414.320 0.669 0.638 -1.084 -0.830 -0.881 -3.410
414.545 0.675 0.642 -1.078 -0.832 -0.884 -3.415
414.721 0.683 0.671 -1.076 -0.828 -0.860 -3.418
414.920 0.694 0.713 -1.073 -0.820 -0.824 -3.421
415.141 0.708 0.762 -1.072 -0.809 -0.781 -3.426
415.325 0.717 0.808 -1.071 -0.802 -0.722 -3.433
415.520 0.720 0.834 -1.055 -0.803 -0.667 -3.426
415.741 0.704 0.876 -1.188 -0.830 -0.606 -3.570
415.921 0.687 0.898 -1.379 -0.854 -0.593 -3.771
416.120 0.688 0.864 -1.517 -0.854 -0.570 -3.918
416.341 0.684 0.782 -1.570 -0.860 -0.523 -3.981
416.523 0.687 0.704 -1.530 -0.863 -0.501 -3.951
416.720 0.688 0.683 -1.453 -0.870 -0.493 -3.883
416.941 0.688 0.682 -1.350 -0.874 -0.508 -3.790
417.122 0.689 0.667 -1.215 -0.871 -0.540 -3.665
417.320 0.681 0.642 -1.000 -0.842 -0.595 -3.462
417.541 0.661 0.622 -0.776 -0.790 -0.631 -3.250
417.721 0.616 0.585 -0.554 -0.737 -0.676 -3.039
417.920 0.553 0.535 -0.330 -0.686 -0.723 -2.826
418.145 0.473 0.492 -0.101 -0.642 -0.740 -2.606
418.321 0.460 0.407 0.052 -0.603 -0.725 -2.465
418.520 0.369 0.371 0.289 -0.578 -0.759 -2.237
418.742 0.285 0.346 0.531 -0.567 -0.761 -2.003
418.921 0.230 0.345 0.722 -0.562 -0.721 -1.820
419.120 0.212 0.346 0.841 -0.555 -0.682 -1.709
419.345 0.211 0.324 0.883 -0.555 -0.672 -1.677
419.521 0.201 0.294 0.948 -0.568 -0.686 -1.622
419.720 0.199 0.302 0.979 -0.578 -0.675 -1.601
419.942 0.211 0.329 0.992 -0.572 -0.655 -1.596
420.121 0.226 0.350 0.999 -0.567 -0.636 -1.598
420.320 0.236 0.364 1.005 -0.567 -0.626 -1.600
420.541 0.244 0.361 1.004 -0.571 -0.635 -1.610
420.721 0.252 0.357 1.005 -0.578 -0.648 -1.619
420.920 0.265 0.354 1.005 -0.581 -0.660 -1.628
421.141 0.276 0.359 1.003 -0.586 -0.663 -1.639
421.321 0.285 0.370 1.003 -0.590 -0.662 -1.648
421.520 0.294 0.376 1.004 -0.594 -0.666 -1.655
421.745 0.303 0.384 1.009 -0.598 -0.668 -1.660
421.921 0.313 0.393 1.012 -0.601 -0.670 -1.665
422.119 0.323 0.399 1.019 -0.604 -0.676 -1.668
422.341 0.332 0.407 1.030 -0.606 -0.679 -1.666
422.530 0.341 0.435 1.041 -0.606 -0.663 -1.663
422.765 0.350 0.444 1.050 -0.607 -0.665 -1.663
422.941 0.357 0.437 1.061 -0.611 -0.683 -1.661
423.131 0.362 0.428 1.068 -0.620 -0.703 -1.663
423.365 0.367 0.425 1.078 -0.627 -0.717 -1.662
423.546 0.369 0.428 1.084 -0.635 -0.725 -1.665
423.730 0.381 0.439 1.073 -0.637 -0.722 -1.685
423.965 0.390 0.452 1.065 -0.641 -0.717 -1.701
424.141 0.394 0.457 1.036 -0.653 -0.715 -1.738
424.330 0.421 0.461 0.997 -0.645 -0.709 -1.786
424.561 0.451 0.466 0.970 -0.632 -0.705 -1.822
424.741 0.486 0.465 0.929 -0.616 -0.708 -1.871
424.930 0.504 0.457 0.894 -0.602 -0.714 -1.916
425.165 0.495 0.452 0.880 -0.593 -0.722 -1.938
425.345 0.475 0.447 0.849 -0.597 -0.731 -1.978
425.540 0.462 0.447 0.823 -0.606 -0.734 -2.012
425.761 0.461 0.450 0.809 -0.611 -0.727 -2.035
425.941 0.477 0.461 0.807 -0.603 -0.714 -2.045
426.140 0.498 0.467 0.798 -0.595 -0.713 -2.062
426.361 0.506 0.463 0.807 -0.598 -0.727 -2.062
426.545 0.501 0.454 0.846 -0.615 -0.748 -2.031
426.740 0.465 0.460 0.953 -0.640 -0.772 -1.933
426.961 0.441 0.470 1.018 -0.661 -0.781 -1.876
427.145 0.423 0.473 1.068 -0.671 -0.791 -1.834
427.340 0.411 0.470 1.132 -0.663 -0.812 -1.778
427.565 0.386 0.473 1.222 -0.669 -0.829 -1.697
427.741 0.374 0.482 1.272 -0.675 -0.833 -1.655
427.939 0.367 0.490 1.305 -0.684 -0.837 -1.630
428.161 0.363 0.493 1.330 -0.696 -0.844 -1.613
428.341 0.360 0.491 1.350 -0.708 -0.855 -1.602
428.593 0.363 0.495 1.364 -0.716 -0.860 -1.597
428.778 0.367 0.502 1.376 -0.721 -0.862 -1.592
428.960 0.370 0.508 1.400 -0.728 -0.864 -1.577
429.197 0.356 0.496 1.520 -0.755 -0.885 -1.465
429.373 0.332 0.453 1.696 -0.815 -0.925 -1.300
429.560 0.322 0.464 1.807 -0.853 -0.905 -1.198
429.801 0.332 0.512 1.870 -0.855 -0.853 -1.141
429.973 0.351 0.540 1.889 -0.843 -0.830 -1.129
430.160 0.360 0.545 1.914 -0.850 -0.819 -1.112
430.397 0.361 0.526 1.945 -0.866 -0.822 -1.090
430.574 0.359 0.504 1.977 -0.886 -0.836 -1.066
430.760 0.358 0.501 2.006 -0.903 -0.839 -1.046
430.997 0.362 0.517 2.026 -0.910 -0.828 -1.033
431.177 0.369 0.533 2.043 -0.913 -0.816 -1.023
431.360 0.374 0.539 2.061 -0.919 -0.814 -1.013
431.593 0.378 0.536 2.079 -0.928 -0.820 -1.003
431.773 0.378 0.535 2.094 -0.941 -0.826 -0.995
431.960 0.380 0.535 2.101 -0.950 -0.830 -0.996
432.193 0.383 0.545 2.111 -0.955 -0.823 -0.994
432.377 0.388 0.551 2.118 -0.959 -0.819 -0.994
432.560 0.393 0.553 2.126 -0.964 -0.822 -0.995
432.793 0.397 0.553 2.137 -0.970 -0.826 -0.991
432.973 0.400 0.553 2.147 -0.979 -0.832 -0.989
433.160 0.402 0.555 2.155 -0.986 -0.836 -0.988
433.393 0.409 0.562 2.161 -0.989 -0.837 -0.990
433.573 0.414 0.570 2.165 -0.991 -0.837 -0.994
433.760 0.419 0.576 2.170 -0.994 -0.840 -0.997
433.993 0.423 0.578 2.176 -1.000 -0.845 -0.998
434.173 0.426 0.578 2.183 -1.006 -0.853 -0.999
434.360 0.430 0.579 2.189 -1.012 -0.860 -1.001
434.593 0.436 0.585 2.192 -1.014 -0.862 -1.005
434.773 0.441 0.595 2.195 -1.016 -0.860 -1.009
434.961 0.446 0.601 2.198 -1.018 -0.862 -1.014
435.198 0.452 0.602 2.203 -1.021 -0.870 -1.016
435.373 0.475 0.590 2.212 -1.010 -0.888 -1.015
435.560 0.495 0.582 2.222 -1.000 -0.895 -1.013
435.793 0.507 0.554 2.230 -0.991 -0.898 -1.012
435.973 0.527 0.515 2.240 -0.965 -0.891 -1.009
436.160 0.540 0.489 2.246 -0.943 -0.867 -1.010
436.393 0.550 0.481 2.258 -0.929 -0.840 -1.005
436.577 0.562 0.480 2.266 -0.913 -0.829 -1.004
436.760 0.566 0.490 2.277 -0.902 -0.821 -1.000
436.997 0.569 0.506 2.294 -0.891 -0.807 -0.991
437.174 0.566 0.520 2.309 -0.882 -0.794 -0.983
437.360 0.109 0.079 1.147 0.069 0.039 1.102
437.593 0.119 0.092 1.200 0.068 0.041 1.140
437.774 0.118 0.093 1.206 0.069 0.044 1.150
437.960 0.114 0.090 1.216 0.068 0.043 1.163
438.193 0.113 0.087 1.234 0.067 0.041 1.181
438.373 0.102 0.086 1.223 0.057 0.042 1.171
438.560 0.106 0.086 1.256 0.059 0.039 1.202
438.797 0.107 0.085 1.272 0.064 0.042 1.223
438.974 0.108 0.090 1.277 0.064 0.045 1.227
439.160 0.110 0.093 1.299 0.064 0.048 1.247
439.393 0.113 0.099 1.301 0.066 0.051 1.247
439.573 0.117 0.107 1.314 0.071 0.061 1.260
439.760 0.119 0.111 1.321 0.072 0.065 1.269
439.993 0.120 0.116 1.330 0.075 0.071 1.279
440.173 0.123 0.121 1.342 0.078 0.076 1.291
440.360 0.119 0.115 1.348 0.076 0.072 1.300
440.597 0.112 0.097 1.356 0.068 0.053 1.306
440.773 0.145 0.070 1.365 0.102 0.026 1.315
440.960 0.228 0.092 1.405 0.178 0.042 1.348
441.197 0.283 0.142 1.465 0.233 0.092 1.406
441.374 0.310 0.156 1.492 0.262 0.108 1.437
441.560 0.338 0.118 1.486 0.291 0.072 1.433
441.797 0.359 0.065 1.443 0.311 0.017 1.388
441.973 0.376 0.004 1.390 0.326 -0.047 1.333
442.160 0.379 -0.032 1.368 0.316 -0.095 1.292
442.394 0.368 -0.022 1.385 0.298 -0.092 1.297
442.577 0.338 0.006 1.431 0.289 -0.042 1.376
442.760 0.329 0.060 1.500 0.283 0.013 1.446
442.993 0.315 0.074 1.529 0.269 0.028 1.476
443.173 0.317 0.056 1.524 0.267 0.007 1.468
443.360 0.317 0.014 1.498 0.267 -0.035 1.440
443.593 0.309 -0.030 1.466 0.257 -0.083 1.407
443.773 0.285 -0.044 1.455 0.237 -0.091 1.400
443.960 0.277 0.000 1.508 0.203 -0.074 1.410
444.193 0.240 0.029 1.528 0.196 -0.016 1.478
444.377 0.211 0.082 1.569 0.165 0.036 1.518
444.560 0.161 0.136 1.597 0.117 0.092 1.546
444.793 0.093 0.169 1.596 0.050 0.126 1.548
444.977 0.032 0.194 1.590 -0.037 0.126 1.505
445.160 -0.054 0.159 1.543 -0.098 0.115 1.493
445.393 -0.101 0.117 1.506 -0.145 0.073 1.456
445.573 -0.118 0.075 1.479 -0.162 0.032 1.430
445.760 -0.129 0.025 1.453 -0.171 -0.017 1.406
445.997 -0.119 -0.009 1.428 -0.163 -0.054 1.378
446.174 -0.099 -0.030 1.397 -0.142 -0.073 1.349
446.360 -0.071 -0.033 1.368 -0.116 -0.079 1.316
446.593 -0.040 -0.033 1.338 -0.085 -0.078 1.286
446.777 -0.012 -0.028 1.308 -0.056 -0.072 1.259
446.960 0.015 -0.020 1.281 -0.030 -0.065 1.229
447.197 0.038 -0.007 1.257 -0.006 -0.052 1.207
447.373 0.059 0.007 1.234 0.015 -0.037 1.184
447.560 0.072 0.023 1.211 0.028 -0.021 1.162
447.793 0.080 0.039 1.194 0.035 -0.006 1.143
447.977 0.082 0.052 1.179 0.036 0.006 1.126
448.160 0.083 0.065 1.174 0.028 0.010 1.105
448.397 0.072 0.065 1.152 0.027 0.020 1.101
448.577 0.065 0.062 1.139 0.020 0.017 1.087
448.760 0.069 0.063 1.140 0.003 -0.002 1.056
448.993 0.054 0.041 1.113 0.009 -0.004 1.062
449.177 0.054 0.030 1.108 0.005 -0.019 1.053
449.360 0.051 0.018 1.107 0.003 -0.031 1.052
449.593 0.051 0.008 1.108 0.007 -0.036 1.058
449.773 0.052 -0.001 1.105 0.007 -0.045 1.054
449.960 0.054 0.000 1.096 0.009 -0.045 1.044
450.193 0.056 0.008 1.079 0.011 -0.037 1.028
450.373 0.058 0.019 1.059 0.012 -0.027 1.007
450.560 0.054 0.030 1.037 0.008 -0.016 0.985
450.793 0.048 0.038 1.013 0.001 -0.010 0.960
450.977 0.040 0.039 0.990 -0.007 -0.009 0.936
451.160 0.036 0.038 0.976 -0.016 -0.014 0.913
451.393 0.027 0.028 0.955 -0.024 -0.022 0.896
451.573 0.019 0.015 0.939 -0.026 -0.031 0.887
451.760 0.019 0.003 0.933 -0.028 -0.044 0.879
451.995 0.020 -0.008 0.929 -0.027 -0.054 0.876
452.174 0.023 -0.014 0.928 -0.024 -0.061 0.874
452.360 0.025 -0.016 0.925 -0.021 -0.063 0.872
452.593 0.030 -0.012 0.921 -0.018 -0.060 0.866
452.773 0.033 -0.005 0.915 -0.013 -0.051 0.862
452.960 0.035 0.005 0.907 -0.009 -0.040 0.857
453.193 0.039 0.015 0.902 -0.007 -0.031 0.849
453.373 0.040 0.027 0.896 -0.005 -0.017 0.845
453.560 0.039 0.033 0.892 -0.005 -0.011 0.842
453.793 0.040 0.036 0.892 -0.006 -0.010 0.840
453.977 0.038 0.032 0.893 -0.007 -0.013 0.843
454.160 0.038 0.027 0.899 -0.008 -0.019 0.846
454.393 0.037 0.021 0.901 -0.008 -0.025 0.849
454.577 0.037 0.011 0.900 -0.008 -0.033 0.849
454.760 0.038 0.006 0.897 -0.007 -0.039 0.845
454.997 0.041 0.004 0.893 -0.008 -0.044 0.838
455.177 0.045 0.007 0.892 -0.008 -0.047 0.831
455.370 0.041 0.006 0.884 -0.005 -0.039 0.832
455.593 0.044 0.013 0.884 -0.005 -0.035 0.829
455.773 0.043 0.017 0.883 -0.004 -0.030 0.829
455.970 0.044 0.024 0.886 -0.006 -0.026 0.830
456.197 0.045 0.028 0.894 -0.008 -0.025 0.830
456.373 0.041 0.022 0.894 -0.003 -0.021 0.844
456.570 0.041 0.023 0.904 -0.007 -0.025 0.850
456.793 0.041 0.018 0.911 -0.005 -0.028 0.859
456.973 0.040 0.014 0.919 -0.006 -0.031 0.867
457.170 0.041 0.010 0.928 -0.005 -0.036 0.876
457.393 0.042 0.009 0.936 -0.005 -0.039 0.882
457.573 0.042 0.008 0.942 -0.004 -0.038 0.890
457.770 0.044 0.010 0.947 -0.003 -0.038 0.894
457.993 0.048 0.031 0.905 0.002 -0.015 0.853
458.173 0.044 0.111 0.815 -0.001 0.066 0.764
458.370 0.020 0.181 0.709 -0.025 0.136 0.658
458.597 0.002 0.236 0.605 -0.050 0.184 0.542
458.774 -0.027 0.268 0.498 -0.071 0.225 0.448
458.970 -0.040 0.281 0.414 -0.086 0.234 0.361
459.197 -0.066 0.277 0.319 -0.111 0.232 0.268
459.373 -0.081 0.273 0.235 -0.127 0.227 0.183
459.570 -0.095 0.264 0.163 -0.144 0.215 0.107
459.793 -0.098 0.210 0.110 -0.146 0.162 0.055
459.973 -0.105 0.105 0.108 -0.153 0.057 0.052
460.170 -0.107 0.001 0.138 -0.154 -0.047 0.084
460.393 -0.097 -0.088 0.161 -0.147 -0.138 0.104
460.573 -0.091 -0.146 0.185 -0.138 -0.192 0.132
460.770 -0.069 -0.155 0.205 -0.115 -0.202 0.152
460.995 -0.031 -0.108 0.247 -0.080 -0.156 0.191
461.173 -0.004 -0.057 0.306 -0.051 -0.103 0.253
461.370 0.026 -0.027 0.355 -0.023 -0.075 0.300
461.593 0.065 -0.024 0.397 0.011 -0.078 0.337
461.773 0.078 -0.039 0.422 0.031 -0.085 0.369
461.972 0.082 -0.054 0.439 0.038 -0.099 0.389
462.193 0.081 -0.062 0.462 0.034 -0.109 0.408
462.374 0.065 -0.069 0.474 0.021 -0.113 0.424
462.570 0.046 -0.065 0.485 0.002 -0.109 0.435
462.793 0.031 -0.051 0.498 -0.016 -0.098 0.444
462.973 0.020 -0.033 0.509 -0.027 -0.080 0.456
463.170 0.006 -0.016 0.527 -0.044 -0.066 0.469
463.393 -0.007 -0.000 0.541 -0.058 -0.050 0.483
463.573 -0.012 0.017 0.543 -0.062 -0.034 0.485
463.770 -0.013 0.023 0.534 -0.060 -0.024 0.481
463.993 -0.011 0.023 0.548 -0.060 -0.027 0.492
464.177 -0.008 0.014 0.561 -0.053 -0.030 0.511
464.370 0.002 0.001 0.583 -0.047 -0.048 0.528
464.593 0.011 -0.014 0.592 -0.035 -0.060 0.539
464.773 0.025 -0.028 0.624 -0.026 -0.079 0.565
464.970 0.041 -0.024 0.610 -0.008 -0.073 0.553
465.193 0.046 -0.021 0.610 -0.004 -0.071 0.551
465.377 0.057 0.033 0.586 -0.001 -0.024 0.514
465.570 0.037 0.099 0.532 -0.013 0.050 0.475
465.793 0.020 0.153 0.446 -0.017 0.116 0.406
465.977 0.020 0.192 0.382 -0.026 0.146 0.328
466.170 0.051 0.198 0.345 -0.037 0.110 0.229
466.394 0.090 0.173 0.373 -0.087 -0.006 0.125
466.575 0.115 0.107 0.428 -0.120 -0.129 0.096
466.770 0.130 0.029 0.493 -0.153 -0.253 0.093
466.993 0.021 -0.159 0.385 -0.027 -0.207 0.331
467.173 0.040 -0.238 0.420 -0.012 -0.291 0.359
467.370 0.018 -0.250 0.513 -0.043 -0.311 0.444
467.593 0.019 -0.157 0.620 -0.030 -0.207 0.563
467.783 0.081 -0.047 0.800 -0.059 -0.188 0.606
468.013 3.114 0.143 -2.346 3.053 0.082 -2.416
468.193 3.163 0.151 -2.380 2.997 -0.015 -2.610
468.380 0.077 0.090 1.056 0.032 0.045 1.007
468.613 0.125 0.111 1.217 -0.036 -0.050 0.992
468.793 0.150 0.088 1.301 -0.074 -0.136 0.987
468.980 0.146 0.057 1.401 -0.127 -0.215 1.017
469.217 0.148 0.057 1.479 -0.166 -0.256 1.037
469.393 0.153 0.114 1.501 -0.196 -0.235 1.008
469.580 0.158 0.219 1.480 -0.224 -0.163 0.941
469.813 -0.122 0.125 1.218 -0.176 0.072 1.157
469.997 -2.194 -0.041 -1.295 -2.282 -0.129 -1.410
470.180 -2.137 -0.050 -1.175 -2.316 -0.228 -1.423
470.413 -2.042 -0.039 -1.080 -2.280 -0.275 -1.410
470.597 -1.944 -0.016 -1.021 -2.227 -0.299 -1.418
470.780 -1.897 0.014 -1.009 -2.219 -0.308 -1.462
471.017 -1.878 0.061 -1.010 -2.234 -0.296 -1.513
471.193 -1.863 0.128 -1.015 -2.251 -0.261 -1.565
471.380 -1.840 0.229 -1.007 -2.256 -0.191 -1.600
471.617 -1.810 0.345 -0.978 -2.257 -0.102 -1.615
471.793 -1.788 0.443 -0.935 -2.267 -0.030 -1.616
471.980 -1.745 0.528 -0.865 -2.257 0.031 -1.587
472.213 -1.698 0.596 -0.789 -2.245 0.075 -1.553
472.393 -1.644 0.661 -0.719 -2.223 0.117 -1.521
472.580 -1.625 0.711 -0.691 -2.233 0.145 -1.528
472.813 -1.596 0.768 -0.668 -2.237 0.182 -1.543
472.993 -1.582 0.820 -0.657 -2.257 0.214 -1.568
473.180 -1.576 0.872 -0.666 -2.286 0.246 -1.613
473.417 -1.570 0.928 -0.682 -2.318 0.284 -1.667
473.593 -1.571 0.987 -0.710 -2.362 0.324 -1.736
473.780 -1.563 1.044 -0.724 -2.401 0.364 -1.791
474.013 -1.551 1.097 -0.749 -2.438 0.400 -1.861
474.193 -1.549 1.151 -0.785 -2.491 0.438 -1.944
474.380 -1.547 1.204 -0.826 -2.549 0.475 -2.037
474.613 -1.551 1.257 -0.873 -2.623 0.514 -2.142
474.793 -1.559 1.312 -0.924 -2.717 0.557 -2.265
474.981 -1.567 1.365 -0.971 -2.825 0.598 -2.397
475.213 -1.572 1.417 -1.016 -2.947 0.640 -2.542
475.393 -1.571 1.468 -1.055 -3.087 0.683 -2.707
475.582 -1.569 1.517 -1.093 -3.257 0.725 -2.900
475.813 -1.554 1.563 -1.119 -3.453 0.768 -3.123
475.993 -1.545 1.604 -1.138 -3.697 0.809 -3.385
476.180 -1.567 1.636 -1.183 -4.009 0.846 -3.724
476.413 -1.642 1.653 -1.277 -4.353 0.874 -4.109
476.593 4.286 1.608 -1.591 1.754 0.835 -4.307
476.779 3.933 1.550 -1.895 1.733 0.771 -4.346
477.013 3.651 1.487 4.157 1.742 0.695 1.937
477.197 3.447 1.425 4.000 1.747 0.620 1.938
477.380 3.316 1.384 3.888 1.717 0.565 1.891
477.613 3.238 1.358 3.815 1.693 0.527 1.848
477.793 3.162 1.331 3.751 1.681 0.486 1.823
477.980 3.106 1.317 3.697 1.661 0.457 1.784
478.213 3.062 1.310 3.655 1.637 0.436 1.746
478.393 3.030 1.312 3.613 1.611 0.423 1.696
478.580 3.003 1.316 3.580 1.582 0.412 1.650
478.813 2.978 1.322 3.544 1.556 0.403 1.601
478.993 2.954 1.324 3.512 1.534 0.391 1.561
479.180 2.931 1.321 3.485 1.520 0.374 1.530
479.417 2.911 1.315 3.465 1.512 0.355 1.510
479.597 2.899 1.311 3.452 1.509 0.338 1.496
479.780 2.887 1.303 3.446 1.510 0.317 1.491
480.013 2.879 1.296 3.443 1.513 0.298 1.489
480.193 2.873 1.291 3.442 1.514 0.281 1.486
480.380 2.871 1.288 3.445 1.515 0.266 1.484
480.615 2.881 1.288 3.455 1.523 0.255 1.487
480.794 2.910 1.289 3.480 1.548 0.245 1.504
481.033 2.939 1.300 3.504 1.562 0.244 1.514
481.217 2.959 1.313 3.523 1.563 0.246 1.515
481.400 2.972 1.331 3.535 1.549 0.253 1.505
481.633 2.981 1.350 3.546 1.532 0.260 1.493
481.818 2.987 1.371 3.550 1.506 0.271 1.471
482.001 2.991 1.391 3.554 1.480 0.280 1.448
482.233 2.995 1.406 3.557 1.458 0.285 1.428
482.415 3.000 1.415 3.564 1.449 0.284 1.420
482.600 3.004 1.421 3.570 1.440 0.280 1.412
482.835 3.009 1.425 3.578 1.438 0.274 1.409
483.013 3.011 1.425 3.585 1.441 0.264 1.411
483.200 3.013 1.425 3.591 1.445 0.254 1.412
483.433 3.014 1.423 3.598 1.450 0.241 1.415
483.617 3.016 1.421 3.606 1.455 0.230 1.418
483.800 3.021 1.418 3.613 1.466 0.217 1.423
484.033 3.028 1.391 3.633 1.510 0.180 1.457
484.213 3.023 1.380 3.631 1.524 0.160 1.458
484.401 3.009 1.392 3.609 1.496 0.161 1.420
484.633 3.013 1.408 3.594 1.468 0.169 1.378
484.818 3.005 1.439 3.555 1.401 0.194 1.293
485.000 2.998 1.474 3.507 1.319 0.222 1.187
485.234 2.975 1.503 3.456 1.231 0.243 1.083
485.413 2.919 1.519 3.401 1.171 0.254 1.007
485.600 2.858 1.516 3.364 1.160 0.250 0.980
485.833 2.823 1.494 3.362 1.197 0.226 1.004
486.015 2.807 1.456 3.380 1.262 0.185 1.058
486.200 2.797 1.412 3.411 1.332 0.138 1.120
486.436 2.791 1.377 3.421 1.383 0.096 1.143
486.617 2.776 1.349 3.420 1.415 0.061 1.149
486.800 2.766 1.317 3.429 1.442 0.021 1.165
487.037 2.751 1.300 3.420 1.445 -0.005 1.153
487.213 2.737 1.288 3.408 1.440 -0.027 1.135
487.400 2.719 1.279 3.395 1.427 -0.043 1.114
487.633 2.705 1.276 3.374 1.416 -0.056 1.083
487.814 -0.257 -0.255 -2.228 -0.385 -0.383 -2.381
488.000 -0.225 -0.227 -2.151 -0.426 -0.428 -2.418
488.237 -2.704 -0.511 -2.320 -2.828 -0.636 -2.477
488.417 -2.655 -0.461 -2.277 -2.852 -0.660 -2.546
488.600 -0.075 -0.096 -2.612 -0.151 -0.171 -2.694
488.833 0.070 -0.060 -2.547 -0.079 -0.208 -2.749
489.013 0.103 -0.040 -2.500 -0.112 -0.255 -2.798
489.200 0.265 -0.163 -2.745 0.093 -0.336 -2.975
489.434 0.335 -0.063 -2.861 0.105 -0.295 -3.179
489.614 0.177 -0.080 -2.998 0.058 -0.199 -3.154
489.799 0.175 -0.051 3.038 0.092 -0.134 2.928
490.033 0.162 -0.023 2.832 0.082 -0.103 2.731
490.216 0.136 -0.009 2.583 0.083 -0.063 2.523
490.400 0.115 0.010 2.382 0.064 -0.041 2.325
490.633 0.101 0.023 2.166 0.047 -0.031 2.105
490.816 0.072 0.029 1.960 0.020 -0.024 1.901
491.000 0.053 0.041 1.741 -0.014 -0.026 1.654
491.233 0.036 0.030 1.511 -0.018 -0.024 1.446
491.415 0.029 0.030 1.272 -0.019 -0.019 1.217
491.601 0.030 0.028 1.041 -0.022 -0.023 0.983
491.834 0.022 0.033 0.812 -0.028 -0.017 0.753
492.013 0.018 0.033 0.581 -0.026 -0.011 0.531
492.200 0.023 0.018 0.445 -0.023 -0.027 0.393
492.433 0.027 -0.006 0.350 -0.019 -0.053 0.296
492.613 0.029 -0.038 0.268 -0.020 -0.087 0.211
492.800 0.026 -0.066 0.204 -0.018 -0.110 0.154
493.033 0.023 -0.078 0.169 -0.019 -0.120 0.121
493.213 0.016 -0.075 0.149 -0.030 -0.121 0.096
493.400 0.004 -0.069 0.138 -0.046 -0.119 0.081
493.637 -0.003 -0.051 0.138 -0.060 -0.108 0.069
493.814 -0.012 -0.016 0.118 -0.058 -0.062 0.065
494.000 -0.004 0.033 0.118 -0.061 -0.024 0.047
494.233 -0.000 0.060 0.112 -0.057 0.003 0.049
494.414 0.003 0.084 0.107 -0.045 0.036 0.052
494.600 0.010 0.094 0.109 -0.038 0.046 0.055
494.837 0.017 0.088 0.111 -0.031 0.041 0.057
495.017 0.021 0.076 0.113 -0.027 0.029 0.059
495.200 0.030 0.064 0.127 -0.031 0.003 0.054
495.437 0.025 0.027 0.133 -0.030 -0.028 0.070
495.617 0.024 -0.015 0.151 -0.021 -0.060 0.100
495.800 0.025 -0.033 0.157 -0.027 -0.084 0.097
496.033 0.025 -0.047 0.163 -0.025 -0.097 0.105
496.217 0.034 -0.047 0.170 -0.019 -0.099 0.110
496.400 0.035 -0.023 0.175 -0.013 -0.071 0.120
496.637 0.041 0.025 0.190 -0.012 -0.028 0.127
496.814 0.044 0.070 0.197 -0.009 0.018 0.136
497.000 0.049 0.112 0.209 -0.005 0.058 0.146
497.237 0.055 0.151 0.224 -0.003 0.093 0.157
497.414 -0.770 0.987 1.864 -0.847 0.911 1.767
497.600 -1.079 1.275 2.212 -1.130 1.225 2.153
497.833 -1.061 1.297 2.240 -1.112 1.246 2.181
498.014 -1.093 1.317 2.211 -1.145 1.265 2.150
498.200 -1.199 1.326 2.112 -1.254 1.271 2.047
498.433 -1.282 1.326 2.041 -1.337 1.271 1.977
498.613 -1.216 1.373 2.133 -1.368 1.222 1.925
498.800 -1.163 1.409 2.194 -1.382 1.193 1.891
499.033 -1.143 1.439 2.219 -1.415 1.174 1.845
499.213 -2.930 0.519 0.948 -2.984 0.465 0.887
499.400 0.059 0.073 0.348 0.007 0.021 0.288
499.637 0.051 0.097 0.329 0.001 0.048 0.272
499.813 0.053 0.108 0.342 0.003 0.058 0.286
500.000 0.051 0.111 0.350 0.004 0.063 0.297
500.233 0.051 0.116 0.366 0.004 0.069 0.313
500.414 0.053 0.118 0.380 0.006 0.071 0.328
500.600 0.056 0.118 0.395 0.007 0.069 0.339
500.833 0.059 0.113 0.409 0.013 0.067 0.357
501.014 0.063 0.115 0.423 0.016 0.067 0.368
501.200 0.067 0.117 0.435 0.019 0.070 0.381
501.433 0.067 0.120 0.447 0.022 0.075 0.396
501.613 0.076 0.132 0.469 0.019 0.075 0.402
501.800 0.078 0.140 0.482 0.024 0.086 0.418
502.033 0.078 0.146 0.493 0.028 0.096 0.437
502.217 0.076 0.151 0.508 0.032 0.107 0.458
502.400 0.080 0.161 0.529 0.026 0.108 0.466
502.633 0.072 0.158 0.544 0.020 0.107 0.486
502.813 0.064 0.141 0.558 0.010 0.087 0.497
503.000 0.056 0.112 0.568 0.002 0.058 0.505
503.233 0.049 0.071 0.576 -0.002 0.020 0.518
503.413 0.047 0.043 0.590 -0.002 -0.006 0.535
503.600 0.076 0.067 0.631 0.020 0.010 0.566
503.833 0.126 0.139 0.723 0.053 0.066 0.631
504.016 0.170 0.220 0.815 0.102 0.151 0.729
504.200 0.202 0.280 0.897 0.158 0.236 0.848
504.433 0.237 0.331 0.999 0.173 0.267 0.917
504.613 0.304 0.373 1.104 0.248 0.318 1.041
504.800 0.326 0.369 1.190 0.279 0.321 1.136
505.033 0.325 0.325 1.230 0.277 0.277 1.176
505.213 0.294 0.270 1.209 0.248 0.224 1.157
505.400 0.223 0.153 1.166 0.178 0.108 1.114
505.638 0.165 0.007 1.153 0.120 -0.038 1.101
505.814 0.120 -0.115 1.152 0.075 -0.160 1.101
506.000 0.107 -0.159 1.142 0.061 -0.206 1.089
506.233 0.107 -0.138 1.122 0.053 -0.192 1.055
506.413 0.083 -0.058 1.055 0.036 -0.104 1.003
506.600 0.064 0.019 0.992 0.015 -0.031 0.934
506.834 0.044 0.086 0.930 -0.003 0.039 0.875
507.017 0.037 0.140 0.881 -0.010 0.093 0.829
507.200 0.031 0.162 0.848 -0.020 0.110 0.790
507.437 0.032 0.161 0.813 -0.019 0.111 0.757
507.613 0.033 0.135 0.780 -0.017 0.085 0.725
507.800 0.033 0.085 0.746 -0.016 0.035 0.691
508.033 0.039 0.039 0.716 -0.007 -0.007 0.664
508.213 0.048 0.012 0.689 -0.010 -0.045 0.625
508.400 0.051 -0.014 0.655 0.002 -0.062 0.600
508.633 0.053 -0.015 0.634 0.003 -0.064 0.577
508.814 0.048 -0.008 0.614 0.001 -0.054 0.563
509.000 0.049 0.010 0.607 -0.003 -0.042 0.549
509.237 0.051 0.027 0.601 -0.004 -0.028 0.540
509.414 0.049 0.039 0.590 -0.003 -0.014 0.531
509.600 0.049 0.049 0.582 -0.004 -0.005 0.518
509.836 0.047 0.052 0.568 -0.003 0.001 0.512
510.017 0.052 0.057 0.567 -0.007 -0.001 0.496
510.200 0.063 0.063 0.578 -0.013 -0.013 0.479
510.434 0.059 0.049 0.562 -0.000 -0.010 0.491
510.613 0.062 0.043 0.561 0.005 -0.014 0.495
510.800 0.066 0.034 0.564 0.008 -0.024 0.495
511.033 0.066 0.028 0.565 0.009 -0.029 0.498
511.218 0.062 0.019 0.557 0.011 -0.032 0.501
511.400 0.059 0.016 0.551 0.009 -0.034 0.495
511.634 0.055 0.017 0.540 0.006 -0.032 0.486
511.813 0.052 0.019 0.530 0.002 -0.032 0.474
512.000 0.046 0.025 0.520 -0.004 -0.025 0.464
512.237 0.040 0.029 0.516 -0.010 -0.021 0.460
512.413 0.035 0.033 0.514 -0.015 -0.017 0.458
512.600 0.039 0.041 0.528 -0.027 -0.025 0.446
512.833 0.030 0.033 0.516 -0.019 -0.016 0.461
513.014 0.031 0.032 0.522 -0.020 -0.019 0.466
513.201 0.032 0.029 0.528 -0.019 -0.023 0.471
513.433 0.033 0.024 0.535 -0.016 -0.025 0.480
513.618 0.045 0.030 0.556 -0.021 -0.037 0.472
513.800 0.041 0.020 0.552 -0.010 -0.031 0.495
514.033 0.044 0.019 0.563 -0.008 -0.033 0.504
514.213 0.046 0.019 0.574 -0.007 -0.034 0.514
514.400 0.043 0.019 0.583 -0.006 -0.031 0.528
514.634 0.044 0.020 0.596 -0.007 -0.031 0.539
514.817 0.044 0.025 0.609 -0.011 -0.030 0.547
515.000 0.040 0.026 0.619 -0.013 -0.027 0.560
515.233 0.037 0.027 0.628 -0.015 -0.024 0.570
515.413 0.039 0.031 0.645 -0.018 -0.026 0.579
515.600 0.036 0.031 0.653 -0.018 -0.024 0.592
515.837 0.035 0.031 0.660 -0.017 -0.021 0.601
516.017 0.034 0.031 0.661 -0.013 -0.016 0.608
516.200 0.034 0.033 0.656 -0.010 -0.011 0.607
516.437 0.039 0.038 0.655 -0.008 -0.009 0.603
516.613 0.053 0.052 0.675 -0.018 -0.019 0.585
516.800 0.044 0.041 0.663 -0.007 -0.010 0.606
517.033 0.049 0.044 0.677 -0.012 -0.018 0.603
517.213 0.048 0.039 0.681 -0.011 -0.021 0.609
517.400 0.047 0.033 0.682 -0.012 -0.025 0.613
517.637 0.045 0.026 0.687 -0.012 -0.031 0.616
517.817 0.043 0.017 0.685 -0.007 -0.033 0.627
518.000 0.046 0.017 0.692 -0.007 -0.036 0.632
518.233 0.052 0.024 0.708 -0.010 -0.039 0.632
518.414 0.049 0.024 0.709 -0.003 -0.028 0.651
518.600 0.055 0.036 0.728 -0.007 -0.027 0.651
518.833 0.055 0.043 0.739 -0.007 -0.019 0.663
519.017 0.054 0.049 0.748 -0.008 -0.014 0.671
519.210 0.050 0.048 0.749 -0.004 -0.006 0.689
519.448 0.050 0.051 0.760 -0.007 -0.006 0.693
519.617 0.049 0.049 0.765 -0.008 -0.008 0.698
519.810 0.048 0.045 0.771 -0.009 -0.012 0.704
520.033 0.048 0.040 0.779 -0.008 -0.016 0.713
520.214 0.047 0.035 0.786 -0.008 -0.020 0.722
520.411 0.048 0.033 0.794 -0.008 -0.023 0.728
520.633 0.048 0.032 0.802 -0.009 -0.026 0.735
520.813 0.046 0.029 0.804 -0.008 -0.024 0.744
521.010 0.046 0.032 0.813 -0.011 -0.026 0.746
521.233 0.047 0.032 0.819 -0.009 -0.024 0.754
521.413 0.043 0.030 0.821 -0.004 -0.018 0.768
521.610 0.045 0.034 0.830 -0.005 -0.016 0.775
521.833 0.045 0.035 0.837 -0.002 -0.012 0.783
522.013 0.045 0.035 0.845 -0.001 -0.010 0.793
522.210 0.047 0.037 0.852 0.000 -0.009 0.798
522.433 0.048 0.036 0.858 0.002 -0.010 0.806
522.615 0.047 0.035 0.864 0.003 -0.010 0.813
522.810 0.048 0.033 0.872 0.003 -0.012 0.822
523.037 0.064 0.046 0.907 -0.013 -0.031 0.807
523.214 0.048 0.029 0.891 0.003 -0.016 0.839
523.420 0.049 0.030 0.900 0.000 -0.019 0.843
523.641 0.050 0.030 0.907 -0.000 -0.020 0.850
523.825 0.055 0.036 0.922 -0.008 -0.027 0.845
524.021 0.056 0.038 0.929 -0.009 -0.027 0.850
524.245 0.055 0.037 0.933 -0.008 -0.026 0.856
524.421 0.057 0.038 0.937 -0.007 -0.026 0.859
524.621 0.058 0.039 0.946 -0.006 -0.026 0.865
524.841 0.059 0.040 0.954 -0.005 -0.023 0.876
525.021 0.054 0.036 0.954 0.002 -0.016 0.896
525.220 0.055 0.037 0.964 0.003 -0.015 0.907
525.445 0.057 0.038 0.976 0.004 -0.015 0.917
525.621 0.058 0.038 0.984 0.004 -0.016 0.921
525.861 0.055 0.038 0.997 0.003 -0.015 0.936
526.045 0.060 0.043 1.014 -0.006 -0.023 0.932
526.230 0.053 0.035 1.011 -0.001 -0.019 0.950
526.461 0.052 0.033 1.016 -0.001 -0.020 0.957
526.641 0.060 0.039 1.032 -0.008 -0.029 0.947
526.830 0.057 0.036 1.030 -0.005 -0.027 0.952
527.061 0.057 0.035 1.028 -0.004 -0.026 0.954
527.241 0.059 0.035 1.029 -0.003 -0.027 0.954
527.430 0.055 0.030 1.019 0.003 -0.022 0.960
527.661 0.060 0.033 1.023 -0.000 -0.027 0.949
527.841 0.059 0.038 1.026 -0.002 -0.024 0.952
528.030 0.052 0.032 1.015 0.004 -0.016 0.962
528.265 0.054 0.034 1.016 0.004 -0.015 0.962
528.445 0.056 0.037 1.020 0.003 -0.016 0.960
528.630 0.056 0.039 1.023 0.002 -0.015 0.963
528.861 0.056 0.040 1.026 0.002 -0.013 0.966
529.041 0.054 0.037 1.029 0.005 -0.011 0.974
529.230 0.058 0.039 1.035 -0.000 -0.019 0.971
529.466 0.061 0.042 1.047 -0.006 -0.025 0.970
529.645 0.063 0.045 1.062 -0.011 -0.029 0.969
529.830 0.057 0.042 1.061 -0.007 -0.022 0.982
530.061 0.065 0.050 1.074 -0.014 -0.029 0.977
530.241 0.061 0.046 1.070 -0.008 -0.023 0.988
530.430 0.061 0.043 1.066 -0.002 -0.019 0.994
530.662 0.057 0.038 1.056 0.007 -0.012 1.001
530.841 0.064 0.040 1.059 0.006 -0.018 0.994
531.031 0.078 0.051 1.080 -0.006 -0.033 0.972
531.261 0.077 0.044 1.078 -0.003 -0.036 0.975
531.441 0.074 0.038 1.076 -0.002 -0.038 0.979
531.630 0.073 0.034 1.075 -0.001 -0.040 0.982
531.861 0.076 0.036 1.083 -0.010 -0.050 0.973
532.041 0.065 0.025 1.074 -0.005 -0.046 0.985
532.230 0.052 0.016 1.060 -0.003 -0.040 0.998
532.461 0.050 0.017 1.060 -0.004 -0.038 0.999
532.641 0.047 0.020 1.059 -0.006 -0.033 1.001
532.830 0.052 0.029 1.067 -0.009 -0.033 0.998
533.065 0.053 0.038 1.074 -0.008 -0.023 1.005
533.245 0.074 0.065 1.107 -0.024 -0.033 0.980
533.430 0.061 0.054 1.081 -0.009 -0.016 1.009
533.666 0.060 0.061 1.084 0.011 0.012 1.029
533.841 0.061 0.067 1.087 0.014 0.019 1.033
534.030 0.063 0.065 1.088 0.015 0.017 1.033
534.261 0.060 0.053 1.084 0.014 0.007 1.031
534.441 0.057 0.033 1.077 0.011 -0.013 1.024
534.631 0.054 0.014 1.065 0.008 -0.033 1.013
534.853 0.053 -0.005 1.055 0.005 -0.053 1.000
535.034 0.050 -0.020 1.045 0.004 -0.066 0.993
535.230 0.047 -0.025 1.042 -0.000 -0.072 0.989
535.453 0.043 -0.024 1.037 -0.002 -0.069 0.985
535.634 0.042 -0.011 1.036 -0.004 -0.057 0.984
535.830 0.041 0.006 1.035 -0.005 -0.040 0.984
536.053 0.042 0.027 1.037 -0.006 -0.021 0.983
536.233 0.045 0.045 1.037 -0.005 -0.005 0.981
536.430 0.046 0.058 1.038 -0.002 0.011 0.984
536.653 0.049 0.068 1.042 0.000 0.019 0.985
536.837 0.053 0.070 1.041 0.003 0.019 0.984
537.030 0.090 0.101 1.093 -0.030 -0.019 0.928
537.253 0.059 0.055 1.034 0.011 0.007 0.979
537.437 0.064 0.049 1.031 0.016 0.001 0.977
537.630 0.066 0.041 1.026 0.019 -0.005 0.973
537.857 0.066 0.030 1.019 0.019 -0.017 0.965
538.034 0.061 0.019 1.010 0.016 -0.025 0.960
538.237 0.058 0.009 1.003 0.011 -0.038 0.949
538.453 0.052 -0.001 0.994 0.005 -0.048 0.939
538.637 0.046 -0.009 0.986 0.001 -0.054 0.934
538.831 0.042 -0.011 0.979 -0.003 -0.056 0.928
539.053 0.044 -0.002 0.982 -0.013 -0.058 0.913
539.240 0.036 -0.001 0.969 -0.009 -0.046 0.918
539.440 0.038 0.011 0.966 -0.010 -0.037 0.912
539.664 0.050 0.033 0.980 -0.018 -0.035 0.891
539.845 0.040 0.032 0.959 -0.006 -0.014 0.907
540.040 0.045 0.044 0.959 -0.000 -0.001 0.907
540.261 0.049 0.053 0.960 0.003 0.007 0.907
540.441 0.051 0.056 0.958 0.006 0.011 0.908
540.640 0.054 0.057 0.957 0.008 0.010 0.904
540.861 0.056 0.052 0.951 0.009 0.005 0.898
541.040 0.056 0.045 0.946 0.008 -0.003 0.891
541.273 0.054 0.034 0.935 0.010 -0.010 0.885
541.453 0.055 0.027 0.929 0.007 -0.020 0.875
541.639 0.052 0.020 0.920 0.006 -0.026 0.867
541.873 0.049 0.015 0.911 0.003 -0.031 0.859
542.053 0.046 0.013 0.904 0.000 -0.033 0.851
542.241 0.043 0.013 0.898 -0.003 -0.033 0.846
542.473 0.039 0.016 0.894 -0.006 -0.029 0.843
542.653 0.037 0.021 0.894 -0.010 -0.026 0.839
542.840 0.033 0.025 0.890 -0.011 -0.019 0.841
543.073 0.033 0.031 0.891 -0.014 -0.015 0.838
543.253 0.033 0.035 0.890 -0.013 -0.011 0.838
543.441 0.039 0.043 0.900 -0.017 -0.013 0.831
543.673 0.036 0.040 0.892 -0.010 -0.006 0.840
543.858 0.038 0.040 0.892 -0.008 -0.006 0.840
544.040 0.041 0.037 0.888 -0.003 -0.007 0.838
544.273 0.045 0.036 0.884 -0.002 -0.011 0.831
544.453 0.047 0.032 0.878 0.000 -0.014 0.825
544.639 0.047 0.027 0.869 0.000 -0.019 0.816
544.873 0.045 0.023 0.858 0.000 -0.022 0.807
545.053 0.044 0.021 0.850 -0.002 -0.024 0.798
545.239 0.042 0.021 0.843 -0.004 -0.026 0.790
545.473 0.041 0.021 0.838 -0.006 -0.026 0.785
545.653 0.038 0.021 0.832 -0.006 -0.022 0.782
545.840 0.038 0.025 0.829 -0.007 -0.020 0.778
546.077 0.037 0.029 0.827 -0.009 -0.018 0.775
546.253 0.035 0.031 0.825 -0.010 -0.014 0.774
546.453 0.035 0.033 0.824 -0.011 -0.013 0.772
546.674 0.035 0.033 0.819 -0.010 -0.012 0.769
546.853 0.035 0.033 0.816 -0.008 -0.011 0.766
547.050 0.038 0.032 0.813 -0.007 -0.013 0.762
547.273 0.040 0.032 0.811 -0.005 -0.013 0.759
547.453 0.042 0.030 0.807 -0.002 -0.013 0.758
547.649 0.044 0.031 0.806 -0.001 -0.015 0.755
547.873 0.048 0.033 0.808 -0.004 -0.018 0.747
548.054 0.044 0.030 0.802 -0.000 -0.015 0.751
548.250 0.044 0.030 0.798 -0.001 -0.015 0.747
548.474 0.041 0.030 0.794 -0.004 -0.016 0.742
548.653 0.040 0.028 0.790 -0.005 -0.017 0.740
548.850 0.038 0.027 0.790 -0.007 -0.019 0.738
549.073 0.037 0.026 0.790 -0.008 -0.019 0.738
549.253 0.037 0.026 0.789 -0.007 -0.019 0.739
549.450 0.038 0.028 0.791 -0.008 -0.018 0.738
549.673 0.039 0.028 0.792 -0.006 -0.017 0.741
549.857 0.039 0.029 0.793 -0.006 -0.016 0.743
550.050 0.043 0.034 0.804 -0.011 -0.020 0.738
550.273 0.040 0.030 0.800 -0.005 -0.016 0.749
550.457 0.041 0.030 0.805 -0.004 -0.015 0.754
550.650 0.042 0.031 0.812 -0.005 -0.016 0.759
550.874 0.042 0.032 0.816 -0.006 -0.016 0.762
551.053 0.039 0.031 0.819 -0.005 -0.013 0.769
551.250 0.039 0.034 0.825 -0.009 -0.014 0.771
551.477 0.036 0.034 0.828 -0.008 -0.011 0.776
551.653 0.037 0.035 0.832 -0.009 -0.011 0.779
551.850 0.036 0.035 0.833 -0.009 -0.010 0.782
552.077 0.038 0.035 0.838 -0.008 -0.011 0.785
552.257 0.039 0.034 0.843 -0.008 -0.012 0.789
552.450 0.044 0.038 0.848 -0.010 -0.017 0.787
552.677 0.055 0.046 0.864 -0.018 -0.027 0.768
552.853 0.040 0.031 0.839 -0.005 -0.015 0.788
553.052 0.042 0.032 0.839 -0.007 -0.017 0.782
553.273 0.039 0.029 0.834 -0.007 -0.017 0.781
553.453 0.040 0.029 0.835 -0.006 -0.018 0.782
553.650 0.039 0.028 0.836 -0.006 -0.016 0.786
553.873 0.041 0.030 0.840 -0.005 -0.016 0.788
554.053 0.044 0.032 0.844 -0.003 -0.014 0.792
554.250 0.045 0.035 0.849 -0.001 -0.011 0.797
554.473 0.047 0.037 0.855 -0.001 -0.011 0.799
554.657 0.045 0.037 0.857 -0.000 -0.009 0.805
554.850 0.046 0.037 0.860 -0.001 -0.010 0.807
555.081 0.044 0.036 0.862 -0.001 -0.010 0.810
555.263 0.043 0.034 0.861 -0.001 -0.011 0.811
555.460 0.044 0.033 0.863 -0.002 -0.012 0.811
555.681 0.044 0.032 0.865 -0.002 -0.013 0.813
555.862 0.045 0.033 0.869 -0.001 -0.013 0.817
556.060 0.046 0.033 0.872 -0.000 -0.013 0.819
556.281 0.046 0.034 0.873 0.000 -0.012 0.820
556.463 0.050 0.039 0.880 -0.004 -0.015 0.814
556.660 0.044 0.034 0.872 -0.001 -0.010 0.821
556.885 0.044 0.035 0.871 -0.002 -0.012 0.818
557.072 0.046 0.036 0.870 -0.004 -0.014 0.813
557.301 0.045 0.034 0.868 -0.002 -0.014 0.814
557.481 0.046 0.032 0.869 0.001 -0.013 0.817
557.670 0.047 0.034 0.874 0.001 -0.012 0.822
557.905 0.048 0.036 0.879 0.000 -0.012 0.824
558.081 0.047 0.036 0.883 0.002 -0.009 0.831
558.270 0.046 0.037 0.889 0.000 -0.008 0.837
558.493 0.050 0.043 0.902 -0.006 -0.012 0.834
558.673 0.044 0.038 0.899 -0.001 -0.007 0.847
558.870 0.045 0.038 0.903 -0.003 -0.009 0.849
559.094 0.045 0.036 0.904 -0.001 -0.010 0.852
559.273 0.047 0.033 0.906 0.002 -0.012 0.854
559.470 0.050 0.033 0.907 0.004 -0.013 0.856
559.693 0.052 0.032 0.912 0.006 -0.014 0.860
559.877 0.053 0.033 0.916 0.007 -0.013 0.863
560.070 0.054 0.033 0.920 0.008 -0.013 0.868
560.297 0.053 0.034 0.924 0.008 -0.012 0.873
560.473 0.052 0.036 0.930 0.006 -0.010 0.877
560.670 0.052 0.037 0.934 0.006 -0.009 0.881
560.893 0.050 0.036 0.935 0.006 -0.007 0.885
561.074 0.049 0.037 0.938 0.006 -0.007 0.888
561.270 0.051 0.038 0.943 0.005 -0.008 0.890
561.494 0.050 0.037 0.943 0.006 -0.008 0.893
561.675 0.050 0.037 0.947 0.005 -0.009 0.895
561.870 0.051 0.037 0.949 0.003 -0.011 0.895
562.093 0.049 0.034 0.948 0.003 -0.012 0.896
562.273 0.049 0.033 0.950 0.002 -0.014 0.895
562.470 0.048 0.031 0.950 0.002 -0.014 0.897
562.693 0.051 0.035 0.955 -0.001 -0.017 0.893
562.877 0.048 0.032 0.950 0.002 -0.014 0.897
563.070 0.047 0.033 0.948 0.002 -0.012 0.897
563.293 0.048 0.034 0.948 0.002 -0.012 0.896
563.474 0.047 0.035 0.949 0.002 -0.010 0.897
563.670 0.049 0.038 0.949 0.002 -0.009 0.896
563.894 0.049 0.039 0.950 0.003 -0.008 0.898
564.073 0.049 0.039 0.951 0.003 -0.006 0.899
564.270 0.050 0.039 0.954 0.004 -0.007 0.900
564.494 0.050 0.039 0.955 0.003 -0.008 0.900
564.673 0.051 0.036 0.956 0.004 -0.010 0.903
564.870 0.051 0.035 0.957 0.005 -0.011 0.904
565.093 0.051 0.034 0.960 0.003 -0.014 0.904
565.277 0.050 0.032 0.960 0.002 -0.016 0.906
565.470 0.047 0.030 0.959 0.003 -0.015 0.908
565.699 0.047 0.030 0.960 0.002 -0.016 0.908
565.873 0.047 0.030 0.960 0.002 -0.015 0.909
566.069 0.050 0.033 0.961 0.002 -0.015 0.907
566.293 0.049 0.034 0.962 0.002 -0.013 0.908
566.473 0.050 0.036 0.964 0.003 -0.011 0.910
566.670 0.049 0.036 0.964 0.004 -0.009 0.913
566.893 0.052 0.040 0.972 0.001 -0.011 0.911
567.077 0.049 0.039 0.970 0.004 -0.007 0.917
567.270 0.050 0.039 0.974 0.004 -0.007 0.921
567.497 0.050 0.038 0.976 0.004 -0.008 0.923
567.673 0.051 0.038 0.982 0.002 -0.012 0.925
567.870 0.049 0.034 0.984 0.003 -0.013 0.931
568.093 0.048 0.032 0.988 0.002 -0.015 0.935
568.273 0.047 0.031 0.992 0.000 -0.017 0.937
568.473 0.047 0.028 0.991 0.000 -0.019 0.938
568.700 0.047 0.029 0.993 0.000 -0.018 0.939
568.873 0.047 0.029 0.996 0.001 -0.017 0.942
569.069 0.050 0.035 1.007 -0.002 -0.017 0.945
569.293 0.048 0.034 1.004 0.001 -0.013 0.950
569.477 0.050 0.035 1.006 0.002 -0.012 0.951
569.670 0.050 0.037 1.007 0.002 -0.011 0.952
569.893 0.050 0.034 1.001 0.006 -0.010 0.952
570.073 0.052 0.035 1.005 0.007 -0.010 0.953
570.313 0.052 0.037 1.012 0.006 -0.009 0.960
570.493 0.052 0.036 1.013 0.006 -0.010 0.961
570.680 0.051 0.033 1.014 0.007 -0.012 0.963
570.916 0.052 0.032 1.017 0.005 -0.014 0.965
571.093 0.051 0.033 1.025 0.004 -0.014 0.971
571.280 0.051 0.029 1.022 0.005 -0.016 0.970
571.513 0.051 0.029 1.025 0.005 -0.017 0.972
571.693 0.051 0.030 1.028 0.003 -0.018 0.973
571.880 0.051 0.031 1.031 0.004 -0.017 0.976
572.117 0.051 0.031 1.032 0.004 -0.016 0.978
572.293 0.051 0.032 1.034 0.005 -0.015 0.981
572.480 0.052 0.033 1.036 0.005 -0.014 0.982
572.713 0.050 0.033 1.035 0.005 -0.012 0.984
572.893 0.051 0.035 1.040 0.005 -0.011 0.988
573.080 0.051 0.036 1.039 0.005 -0.011 0.985
573.313 0.053 0.036 1.033 0.006 -0.012 0.979
573.493 0.052 0.035 1.030 0.005 -0.012 0.975
573.680 0.051 0.034 1.027 0.004 -0.013 0.972
573.913 0.051 0.033 1.027 0.004 -0.014 0.973
574.097 0.052 0.032 1.028 0.003 -0.016 0.972
574.280 0.050 0.031 1.026 0.004 -0.016 0.973
574.515 0.049 0.028 1.026 0.005 -0.016 0.976
574.693 0.050 0.032 1.033 0.003 -0.015 0.981
574.880 0.049 0.032 1.032 0.003 -0.013 0.980
575.117 0.049 0.034 1.030 0.002 -0.013 0.977
575.293 0.049 0.033 1.022 0.003 -0.013 0.969
575.480 0.059 0.046 1.035 -0.008 -0.021 0.948
575.713 0.049 0.042 1.021 -0.002 -0.009 0.962
575.893 0.046 0.042 1.014 -0.001 -0.005 0.961
576.080 0.044 0.042 1.013 -0.001 -0.003 0.962
576.314 0.044 0.040 1.010 -0.001 -0.005 0.959
576.493 0.043 0.038 1.014 -0.001 -0.006 0.963
576.680 0.044 0.037 1.015 -0.002 -0.009 0.962
576.914 0.045 0.035 1.013 -0.001 -0.011 0.960
577.093 0.047 0.036 1.012 -0.000 -0.012 0.957
577.280 0.049 0.037 1.008 0.002 -0.011 0.952
577.513 0.049 0.038 1.002 0.002 -0.009 0.948
577.693 0.048 0.040 0.995 0.002 -0.006 0.942
577.880 0.048 0.043 0.992 -0.000 -0.005 0.936
578.113 0.046 0.043 0.985 -0.001 -0.004 0.932
578.298 0.044 0.042 0.983 -0.001 -0.003 0.933
578.480 0.044 0.041 0.985 -0.002 -0.005 0.933
578.713 0.043 0.038 0.986 -0.002 -0.007 0.935
578.893 0.043 0.036 0.988 -0.003 -0.011 0.935
579.080 0.045 0.035 0.991 -0.006 -0.016 0.932
579.313 0.043 0.031 0.989 -0.005 -0.017 0.932
579.497 0.044 0.030 0.986 -0.003 -0.017 0.932
579.680 0.044 0.032 0.983 -0.001 -0.014 0.932
579.917 0.045 0.035 0.980 0.000 -0.010 0.929
580.097 0.046 0.040 0.978 0.000 -0.006 0.925
580.280 0.047 0.043 0.976 0.001 -0.003 0.924
580.517 0.047 0.045 0.975 0.001 -0.001 0.923
580.693 0.049 0.045 0.974 0.002 -0.003 0.920
580.880 0.051 0.042 0.973 0.003 -0.006 0.919
581.117 0.050 0.037 0.970 0.005 -0.008 0.919
581.297 0.051 0.036 0.970 0.005 -0.010 0.917
581.479 0.052 0.034 0.968 0.005 -0.013 0.914
581.713 0.052 0.034 0.966 0.004 -0.014 0.912
581.893 0.058 0.042 0.975 -0.005 -0.021 0.895
582.081 0.049 0.035 0.958 0.001 -0.012 0.904
582.313 0.046 0.034 0.954 0.001 -0.011 0.902
582.493 0.045 0.034 0.956 -0.002 -0.012 0.904
582.680 0.042 0.033 0.959 -0.002 -0.012 0.908
582.922 0.042 0.033 0.961 -0.003 -0.013 0.910
583.093 0.043 0.033 0.960 -0.002 -0.012 0.909
583.279 0.045 0.034 0.962 -0.001 -0.012 0.908
583.513 0.046 0.035 0.960 0.001 -0.010 0.909
583.693 0.049 0.037 0.959 0.003 -0.009 0.907
583.879 0.051 0.038 0.960 0.004 -0.009 0.907
584.113 0.051 0.037 0.959 0.006 -0.008 0.908
584.293 0.052 0.036 0.960 0.007 -0.009 0.907
584.480 0.053 0.035 0.959 0.008 -0.011 0.907
584.720 0.054 0.034 0.962 0.009 -0.012 0.910
584.893 0.053 0.032 0.962 0.009 -0.011 0.913
585.080 0.054 0.035 0.966 0.006 -0.013 0.911
585.317 0.053 0.036 0.966 0.005 -0.012 0.911
585.493 0.050 0.036 0.963 0.004 -0.010 0.910
585.683 0.047 0.037 0.961 0.002 -0.008 0.910
585.914 0.046 0.037 0.960 0.001 -0.008 0.909
586.093 0.046 0.036 0.959 0.000 -0.009 0.908
586.281 0.046 0.035 0.961 -0.000 -0.011 0.908
586.513 0.048 0.032 0.962 0.001 -0.015 0.908
586.697 0.048 0.028 0.961 0.004 -0.016 0.911
586.880 0.052 0.028 0.965 0.006 -0.019 0.912
587.117 0.054 0.029 0.965 0.008 -0.018 0.912
587.293 0.055 0.031 0.963 0.010 -0.015 0.911
587.480 0.057 0.037 0.964 0.009 -0.011 0.909
587.717 0.056 0.040 0.962 0.009 -0.007 0.910
587.893 0.056 0.043 0.964 0.009 -0.004 0.910
588.080 0.054 0.045 0.963 0.007 -0.002 0.909
588.313 0.060 0.051 0.977 -0.001 -0.011 0.900
588.493 0.052 0.040 0.966 0.006 -0.006 0.913
588.689 0.052 0.036 0.967 0.005 -0.011 0.914
588.917 0.051 0.032 0.969 0.004 -0.015 0.916
589.093 0.050 0.029 0.972 0.002 -0.019 0.916
589.280 0.049 0.028 0.972 0.002 -0.019 0.918
589.517 0.048 0.028 0.972 0.002 -0.017 0.920
589.694 0.047 0.030 0.971 0.002 -0.015 0.920
589.880 0.048 0.033 0.971 0.002 -0.013 0.919
590.113 0.048 0.034 0.969 0.003 -0.011 0.917
590.280 0.050 0.035 0.965 0.004 -0.011 0.913
590.502 0.051 0.035 0.965 0.005 -0.011 0.913
590.683 0.052 0.035 0.969 0.005 -0.012 0.915
590.880 0.053 0.035 0.974 0.005 -0.013 0.920
591.105 0.053 0.034 0.978 0.005 -0.013 0.924
591.285 0.051 0.034 0.981 0.004 -0.013 0.928
591.480 0.050 0.033 0.981 0.003 -0.014 0.929
591.701 0.049 0.033 0.983 0.002 -0.014 0.929
591.887 0.048 0.033 0.982 0.000 -0.015 0.928
592.080 0.047 0.034 0.984 -0.001 -0.014 0.929
592.301 0.046 0.035 0.985 0.000 -0.010 0.934
592.485 0.047 0.037 0.987 0.001 -0.009 0.935
592.680 0.047 0.038 0.991 0.001 -0.008 0.938
592.901 0.048 0.040 0.997 -0.001 -0.010 0.941
593.081 0.046 0.036 1.000 0.000 -0.010 0.947
593.280 0.048 0.034 1.003 0.001 -0.012 0.951
593.501 0.048 0.031 1.003 0.003 -0.014 0.951
593.682 0.052 0.031 1.006 0.004 -0.017 0.951
593.890 0.054 0.031 1.005 0.007 -0.016 0.952
594.113 0.055 0.032 1.008 0.008 -0.015 0.955
594.293 0.055 0.035 1.011 0.007 -0.013 0.955
594.489 0.054 0.036 1.009 0.006 -0.012 0.953
594.713 0.056 0.042 1.017 -0.000 -0.014 0.954
594.909 0.047 0.037 1.016 0.003 -0.007 0.967
595.133 0.048 0.038 1.024 -0.000 -0.010 0.967
595.319 0.048 0.035 1.027 0.001 -0.012 0.973
595.553 0.050 0.034 1.032 0.002 -0.014 0.976
595.733 0.050 0.031 1.038 0.004 -0.015 0.985
595.919 0.051 0.031 1.047 0.004 -0.016 0.993
596.154 0.051 0.030 1.057 0.002 -0.019 1.000
596.333 0.050 0.027 1.062 0.004 -0.019 1.010
596.519 0.051 0.027 1.070 0.002 -0.021 1.012
596.753 0.051 0.027 1.071 0.003 -0.020 1.017
596.933 0.051 0.029 1.074 0.004 -0.019 1.018
597.120 0.052 0.030 1.076 0.005 -0.017 1.022
597.353 0.051 0.031 1.083 0.004 -0.016 1.029
597.533 0.051 0.032 1.091 0.005 -0.014 1.039
597.720 0.050 0.032 1.102 0.004 -0.014 1.049
597.953 0.051 0.034 1.114 0.003 -0.015 1.057
598.133 0.051 0.032 1.122 0.004 -0.015 1.069
598.320 0.053 0.032 1.133 0.004 -0.017 1.078
598.553 0.062 0.039 1.159 -0.004 -0.026 1.076
598.733 0.052 0.028 1.156 0.005 -0.018 1.103
598.920 0.056 0.030 1.166 0.006 -0.020 1.111
599.157 0.057 0.030 1.174 0.011 -0.017 1.121
599.333 0.059 0.030 1.184 0.013 -0.015 1.133
599.520 0.077 0.050 1.224 -0.003 -0.031 1.117
599.753 0.062 0.036 1.212 0.012 -0.014 1.156
599.933 0.058 0.033 1.223 0.012 -0.013 1.171
600.120 0.057 0.031 1.235 0.012 -0.014 1.183
600.353 0.056 0.029 1.247 0.010 -0.017 1.195
600.533 0.056 0.026 1.258 0.010 -0.020 1.206
600.720 0.058 0.023 1.266 0.012 -0.023 1.214
600.953 0.058 0.021 1.272 0.013 -0.023 1.221
601.133 0.059 0.021 1.279 0.013 -0.024 1.227
601.320 0.061 0.023 1.288 0.014 -0.025 1.234
601.557 0.061 0.024 1.298 0.017 -0.020 1.247
601.733 0.062 0.027 1.310 0.017 -0.018 1.258
601.924 0.061 0.031 1.320 0.017 -0.013 1.270
602.157 0.060 0.033 1.330 0.016 -0.010 1.281
602.337 0.061 0.036 1.342 0.016 -0.009 1.291
602.520 0.063 0.038 1.356 0.013 -0.012 1.297
602.753 0.060 0.035 1.362 0.015 -0.010 1.311
602.933 0.060 0.032 1.371 0.015 -0.013 1.321
603.120 0.059 0.029 1.379 0.015 -0.014 1.330
603.354 0.059 0.026 1.387 0.014 -0.018 1.337
603.534 0.058 0.023 1.393 0.013 -0.021 1.343
603.720 0.058 0.020 1.400 0.014 -0.024 1.350
603.955 0.059 0.020 1.409 0.014 -0.026 1.357
604.133 0.060 0.020 1.415 0.015 -0.025 1.364
604.320 0.061 0.022 1.421 0.016 -0.023 1.371
604.554 0.062 0.025 1.428 0.016 -0.021 1.376
604.737 0.063 0.028 1.433 0.018 -0.017 1.381
604.920 0.119 0.085 1.518 -0.035 -0.069 1.304
605.153 0.068 0.037 1.445 0.022 -0.009 1.393
605.334 0.067 0.042 1.450 0.024 -0.001 1.401
605.549 0.066 0.044 1.455 0.021 -0.001 1.404
605.753 0.063 0.038 1.455 0.019 -0.005 1.404
605.933 0.060 0.029 1.449 0.016 -0.015 1.399
606.130 0.057 0.017 1.438 0.014 -0.025 1.390
606.358 0.056 0.005 1.428 0.011 -0.040 1.377
606.533 0.054 -0.006 1.419 0.010 -0.051 1.367
606.730 0.054 -0.013 1.411 0.010 -0.056 1.362
606.955 0.055 -0.011 1.407 0.011 -0.055 1.358
607.137 0.058 -0.004 1.405 0.013 -0.048 1.354
607.330 0.062 0.010 1.404 0.016 -0.036 1.352
607.554 0.066 0.023 1.403 0.020 -0.023 1.352
607.737 0.068 0.037 1.404 0.024 -0.007 1.354
607.930 0.069 0.050 1.406 0.025 0.006 1.355
608.158 0.069 0.057 1.407 0.025 0.014 1.359
608.335 0.067 0.058 1.410 0.023 0.014 1.360
608.530 0.064 0.054 1.410 0.019 0.009 1.359
608.753 0.065 0.049 1.414 0.010 -0.005 1.347
608.933 0.059 0.032 1.400 0.013 -0.013 1.348
609.130 0.058 0.019 1.392 0.014 -0.025 1.342
609.353 0.062 0.011 1.388 0.015 -0.036 1.335
609.537 0.063 0.003 1.385 0.019 -0.042 1.334
609.730 0.068 0.002 1.387 0.021 -0.044 1.334
609.954 0.069 0.005 1.387 0.025 -0.039 1.338
610.134 0.070 0.012 1.390 0.026 -0.032 1.340
610.330 0.071 0.021 1.396 0.026 -0.025 1.344
610.556 0.071 0.029 1.401 0.026 -0.016 1.350
610.734 0.070 0.036 1.407 0.027 -0.008 1.357
610.930 0.071 0.041 1.413 0.027 -0.003 1.364
611.153 0.072 0.043 1.421 0.028 -0.001 1.371
611.334 0.087 0.058 1.452 0.013 -0.016 1.355
611.530 0.073 0.040 1.440 0.028 -0.005 1.388
611.757 0.071 0.035 1.446 0.028 -0.008 1.397
611.937 0.071 0.029 1.453 0.027 -0.015 1.403
612.130 0.070 0.024 1.457 0.027 -0.019 1.409
612.354 0.070 0.021 1.460 0.026 -0.023 1.410
612.534 0.069 0.018 1.460 0.026 -0.025 1.412
612.730 0.070 0.018 1.462 0.025 -0.027 1.411
612.957 0.070 0.019 1.463 0.023 -0.027 1.410
613.133 0.075 0.024 1.470 0.022 -0.030 1.404
613.330 0.071 0.023 1.463 0.026 -0.022 1.412
613.554 0.072 0.024 1.463 0.028 -0.020 1.413
613.737 0.074 0.026 1.466 0.030 -0.018 1.416
613.930 0.075 0.027 1.470 0.031 -0.017 1.421
614.153 0.077 0.030 1.477 0.031 -0.017 1.423
614.335 0.076 0.028 1.481 0.033 -0.015 1.432
614.530 0.077 0.028 1.488 0.032 -0.016 1.438
614.755 0.076 0.026 1.494 0.032 -0.018 1.444
614.933 0.073 0.024 1.498 0.029 -0.020 1.448
615.130 0.070 0.021 1.499 0.026 -0.023 1.450
615.354 0.067 0.018 1.499 0.023 -0.027 1.448
615.533 0.065 0.016 1.495 0.020 -0.029 1.445
615.730 0.063 0.015 1.491 0.019 -0.030 1.441
615.954 0.064 0.017 1.488 0.018 -0.029 1.436
616.133 0.064 0.018 1.481 0.020 -0.026 1.431
616.330 0.065 0.020 1.476 0.021 -0.024 1.427
616.557 0.068 0.024 1.473 0.024 -0.019 1.423
616.733 0.070 0.028 1.470 0.026 -0.015 1.421
616.930 0.074 0.034 1.471 0.026 -0.015 1.416
617.153 0.073 0.034 1.469 0.028 -0.011 1.418
617.337 0.074 0.035 1.471 0.029 -0.010 1.419
617.530 0.077 0.036 1.476 0.027 -0.014 1.418
617.754 0.077 0.034 1.479 0.025 -0.017 1.421
617.933 0.070 0.027 1.477 0.028 -0.016 1.429
618.130 0.071 0.024 1.481 0.026 -0.020 1.431
618.354 0.069 0.021 1.484 0.025 -0.024 1.433
618.537 0.067 0.018 1.485 0.023 -0.026 1.435
618.730 0.065 0.016 1.486 0.022 -0.028 1.437
618.953 0.065 0.016 1.488 0.021 -0.028 1.437
619.133 0.066 0.018 1.488 0.021 -0.027 1.437
619.330 0.066 0.021 1.486 0.023 -0.022 1.438
619.553 0.068 0.025 1.486 0.024 -0.019 1.436
619.734 0.070 0.028 1.485 0.026 -0.016 1.435
619.930 0.073 0.030 1.485 0.029 -0.014 1.435
620.153 0.075 0.031 1.485 0.030 -0.014 1.434
620.337 0.076 0.030 1.486 0.030 -0.015 1.433
620.530 0.075 0.027 1.486 0.031 -0.017 1.435
620.757 0.075 0.025 1.487 0.030 -0.019 1.437
620.933 0.073 0.021 1.488 0.029 -0.022 1.439
621.130 0.072 0.020 1.490 0.028 -0.024 1.441
621.353 0.071 0.017 1.491 0.028 -0.026 1.442
621.533 0.078 0.023 1.502 0.021 -0.034 1.432
621.730 0.072 0.017 1.492 0.028 -0.026 1.444
621.957 0.073 0.021 1.495 0.027 -0.025 1.443
622.133 0.071 0.022 1.495 0.028 -0.021 1.446
622.330 0.072 0.026 1.497 0.026 -0.020 1.445
622.555 0.071 0.027 1.497 0.026 -0.018 1.447
622.733 0.070 0.028 1.498 0.025 -0.017 1.447
622.930 0.069 0.027 1.498 0.026 -0.017 1.449
623.156 0.071 0.026 1.499 0.027 -0.018 1.449
623.336 0.073 0.024 1.499 0.029 -0.020 1.450
623.530 0.074 0.023 1.500 0.030 -0.021 1.450
623.755 0.076 0.021 1.502 0.030 -0.025 1.449
623.934 0.075 0.019 1.502 0.031 -0.025 1.451
624.130 0.079 0.023 1.507 0.026 -0.030 1.448
624.353 0.076 0.020 1.505 0.030 -0.027 1.453
624.533 0.075 0.019 1.505 0.030 -0.026 1.455
624.730 0.075 0.020 1.507 0.030 -0.025 1.456
624.954 0.075 0.022 1.509 0.030 -0.024 1.457
625.133 0.075 0.023 1.510 0.029 -0.023 1.458
625.330 0.074 0.023 1.510 0.029 -0.021 1.460
625.553 0.074 0.024 1.512 0.028 -0.023 1.459
625.734 0.073 0.023 1.511 0.027 -0.023 1.459
625.930 0.078 0.026 1.519 0.023 -0.028 1.451
626.155 0.073 0.021 1.510 0.028 -0.024 1.459
626.337 0.074 0.020 1.510 0.028 -0.025 1.458
626.530 0.073 0.020 1.509 0.028 -0.025 1.458
626.753 0.074 0.020 1.510 0.029 -0.026 1.458
626.933 0.074 0.020 1.510 0.029 -0.025 1.459
627.131 0.075 0.022 1.512 0.027 -0.026 1.456
627.353 0.073 0.022 1.510 0.028 -0.022 1.460
627.537 0.073 0.024 1.510 0.027 -0.022 1.458
627.730 0.072 0.023 1.508 0.028 -0.020 1.459
627.953 0.072 0.025 1.509 0.027 -0.021 1.457
628.133 0.071 0.024 1.508 0.027 -0.020 1.458
628.330 0.071 0.026 1.509 0.025 -0.021 1.456
628.553 0.070 0.025 1.509 0.024 -0.021 1.456
628.733 0.071 0.025 1.509 0.024 -0.022 1.456
628.930 0.069 0.021 1.507 0.026 -0.022 1.458
629.157 0.071 0.021 1.507 0.027 -0.023 1.456
629.333 0.073 0.021 1.506 0.027 -0.024 1.454
629.530 0.073 0.021 1.505 0.029 -0.024 1.454
629.753 0.076 0.022 1.506 0.029 -0.024 1.453
629.938 0.077 0.023 1.508 0.030 -0.024 1.455
630.131 0.075 0.022 1.507 0.032 -0.021 1.458
630.353 0.076 0.023 1.510 0.033 -0.020 1.461
630.537 0.091 0.039 1.537 0.018 -0.034 1.441
630.730 0.078 0.027 1.519 0.031 -0.020 1.466
630.954 0.077 0.027 1.520 0.032 -0.019 1.468
631.137 0.077 0.026 1.519 0.032 -0.019 1.468
631.330 0.077 0.024 1.517 0.032 -0.021 1.466
631.557 0.077 0.021 1.515 0.033 -0.024 1.463
631.733 0.078 0.019 1.512 0.034 -0.026 1.460
631.930 0.082 0.020 1.513 0.032 -0.031 1.453
632.155 0.081 0.017 1.508 0.035 -0.029 1.455
632.340 0.080 0.016 1.507 0.035 -0.029 1.455
632.577 0.080 0.017 1.508 0.034 -0.028 1.456
632.753 0.078 0.019 1.510 0.033 -0.026 1.459
632.955 0.080 0.025 1.518 0.029 -0.026 1.458
633.173 0.076 0.024 1.518 0.031 -0.021 1.467
633.353 0.074 0.026 1.522 0.031 -0.018 1.473
633.550 0.074 0.029 1.528 0.029 -0.016 1.477
633.776 0.075 0.031 1.534 0.028 -0.016 1.481
633.954 0.074 0.030 1.539 0.029 -0.015 1.488
634.150 0.075 0.030 1.545 0.029 -0.016 1.493
634.373 0.079 0.033 1.559 0.024 -0.023 1.490
634.554 0.075 0.027 1.558 0.027 -0.021 1.503
634.750 0.075 0.023 1.560 0.028 -0.024 1.507
634.977 0.075 0.020 1.562 0.028 -0.026 1.509
635.153 0.074 0.018 1.561 0.029 -0.028 1.508
635.350 0.075 0.016 1.558 0.029 -0.030 1.506
635.574 0.081 0.020 1.564 0.024 -0.037 1.494
635.764 0.077 0.015 1.554 0.029 -0.033 1.499
635.950 0.076 0.015 1.550 0.032 -0.030 1.499
636.177 0.077 0.016 1.548 0.033 -0.028 1.498
636.354 0.079 0.020 1.550 0.034 -0.025 1.498
636.550 0.080 0.024 1.552 0.034 -0.022 1.500
636.773 0.080 0.025 1.556 0.035 -0.020 1.504
636.953 0.082 0.028 1.562 0.034 -0.020 1.508
637.150 0.080 0.028 1.568 0.034 -0.019 1.514
637.377 0.079 0.026 1.572 0.034 -0.018 1.521
637.558 0.079 0.025 1.578 0.034 -0.020 1.527
637.750 0.082 0.026 1.587 0.032 -0.024 1.529
637.973 0.081 0.023 1.592 0.034 -0.024 1.538
638.154 0.081 0.022 1.597 0.034 -0.025 1.543
638.351 0.079 0.020 1.599 0.034 -0.026 1.547
638.573 0.078 0.019 1.602 0.033 -0.026 1.551
638.753 0.077 0.020 1.603 0.031 -0.027 1.551
638.950 0.076 0.018 1.602 0.031 -0.027 1.551
639.173 0.075 0.018 1.602 0.029 -0.028 1.549
639.353 0.075 0.018 1.600 0.029 -0.028 1.547
639.550 0.075 0.017 1.598 0.029 -0.029 1.545
639.773 0.075 0.016 1.596 0.028 -0.030 1.543
639.957 0.075 0.017 1.597 0.027 -0.032 1.541
640.150 0.075 0.017 1.597 0.027 -0.031 1.542
640.377 0.075 0.018 1.599 0.027 -0.030 1.543
640.553 0.074 0.019 1.600 0.029 -0.026 1.548
640.750 0.081 0.027 1.614 0.024 -0.031 1.543
640.973 0.077 0.023 1.610 0.029 -0.024 1.557
641.153 0.078 0.025 1.618 0.030 -0.024 1.561
641.349 0.078 0.025 1.624 0.030 -0.022 1.569
641.573 0.078 0.025 1.631 0.030 -0.022 1.577
641.753 0.077 0.025 1.638 0.029 -0.023 1.583
641.950 0.075 0.022 1.641 0.029 -0.024 1.588
642.173 0.074 0.019 1.643 0.027 -0.027 1.591
642.354 0.073 0.015 1.643 0.026 -0.032 1.589
642.550 0.072 0.011 1.639 0.027 -0.034 1.588
642.773 0.073 0.009 1.636 0.027 -0.036 1.584
642.957 0.074 0.010 1.633 0.028 -0.037 1.580
643.151 0.075 0.011 1.630 0.028 -0.036 1.577
643.373 0.076 0.013 1.628 0.029 -0.034 1.576
643.555 0.077 0.016 1.629 0.030 -0.031 1.575
643.750 0.078 0.020 1.630 0.031 -0.028 1.575
643.973 0.078 0.022 1.631 0.032 -0.024 1.578
644.153 0.079 0.027 1.635 0.030 -0.022 1.578
644.350 0.078 0.028 1.637 0.030 -0.020 1.582
644.573 0.076 0.026 1.639 0.030 -0.020 1.587
644.753 0.075 0.024 1.642 0.030 -0.021 1.591
644.950 0.078 0.025 1.651 0.026 -0.027 1.589
645.173 0.077 0.020 1.651 0.029 -0.028 1.595
645.354 0.077 0.018 1.653 0.029 -0.030 1.598
645.550 0.078 0.016 1.656 0.029 -0.032 1.601
645.773 0.078 0.016 1.659 0.029 -0.034 1.601
645.954 0.078 0.015 1.660 0.029 -0.034 1.604
646.150 0.076 0.014 1.659 0.031 -0.031 1.608
646.374 0.078 0.016 1.660 0.031 -0.031 1.606
646.557 0.077 0.017 1.660 0.032 -0.029 1.608
646.750 0.078 0.020 1.661 0.031 -0.028 1.607
646.977 0.079 0.021 1.662 0.031 -0.027 1.607
647.154 0.084 0.027 1.672 0.026 -0.031 1.600
647.351 0.078 0.021 1.664 0.032 -0.026 1.612
647.573 0.080 0.021 1.669 0.029 -0.029 1.611
647.753 0.078 0.018 1.669 0.030 -0.030 1.613
647.950 0.079 0.017 1.671 0.029 -0.032 1.615
648.173 0.078 0.014 1.672 0.030 -0.034 1.617
648.353 0.077 0.013 1.671 0.031 -0.033 1.619
648.550 0.081 0.016 1.678 0.029 -0.036 1.617
648.773 0.080 0.015 1.678 0.032 -0.033 1.623
648.953 0.080 0.017 1.680 0.031 -0.031 1.625
649.150 0.079 0.019 1.683 0.031 -0.029 1.627
649.373 0.079 0.020 1.685 0.031 -0.028 1.630
649.553 0.079 0.021 1.687 0.032 -0.027 1.633
649.750 0.081 0.023 1.691 0.029 -0.029 1.632
649.977 0.080 0.020 1.692 0.032 -0.028 1.636
650.154 0.081 0.020 1.694 0.033 -0.029 1.638
650.350 0.083 0.019 1.696 0.034 -0.030 1.641
650.579 0.084 0.017 1.699 0.034 -0.033 1.641
650.757 0.083 0.015 1.700 0.034 -0.034 1.644
650.950 0.082 0.013 1.703 0.035 -0.035 1.647
651.173 0.081 0.012 1.705 0.034 -0.036 1.651
651.353 0.080 0.011 1.708 0.033 -0.036 1.655
651.550 0.080 0.011 1.713 0.032 -0.037 1.658
651.773 0.080 0.010 1.715 0.034 -0.036 1.663
651.954 0.082 0.012 1.722 0.033 -0.037 1.665
652.152 0.083 0.012 1.726 0.034 -0.037 1.669
652.373 0.082 0.013 1.729 0.035 -0.035 1.675
652.553 0.082 0.013 1.733 0.035 -0.034 1.679
652.751 0.082 0.013 1.737 0.035 -0.034 1.683
652.973 0.083 0.014 1.742 0.033 -0.035 1.685
653.157 0.082 0.014 1.745 0.034 -0.034 1.690
653.350 0.082 0.013 1.750 0.033 -0.036 1.693
653.573 0.088 0.019 1.763 0.026 -0.043 1.688
653.754 0.082 0.012 1.758 0.034 -0.035 1.703
653.950 0.083 0.012 1.764 0.034 -0.037 1.708
654.173 0.082 0.012 1.769 0.034 -0.036 1.713
654.357 0.082 0.012 1.775 0.035 -0.036 1.721
654.550 0.083 0.013 1.784 0.034 -0.036 1.727
654.776 0.083 0.013 1.794 0.034 -0.037 1.736
654.953 0.084 0.013 1.800 0.037 -0.035 1.746
655.150 0.086 0.013 1.813 0.035 -0.038 1.753
655.373 0.084 0.010 1.820 0.037 -0.037 1.767
655.555 0.085 0.010 1.834 0.036 -0.039 1.777
655.750 0.084 0.009 1.843 0.036 -0.039 1.787
655.973 0.083 0.010 1.852 0.036 -0.037 1.799
656.153 0.084 0.013 1.863 0.035 -0.036 1.808
656.350 0.083 0.014 1.871 0.036 -0.033 1.818
656.573 0.085 0.016 1.881 0.036 -0.033 1.823
656.753 0.085 0.016 1.886 0.037 -0.032 1.830
656.951 0.086 0.013 1.890 0.039 -0.033 1.837
657.177 0.086 0.009 1.893 0.041 -0.037 1.842
657.357 0.087 0.005 1.898 0.041 -0.041 1.846
657.550 0.087 0.000 1.902 0.043 -0.044 1.851
657.773 0.088 -0.002 1.908 0.043 -0.047 1.857
657.957 0.089 -0.002 1.917 0.043 -0.049 1.863
658.150 0.089 -0.001 1.926 0.042 -0.048 1.872
658.373 0.088 0.000 1.935 0.042 -0.045 1.882
658.554 0.088 0.003 1.944 0.042 -0.042 1.892
658.750 0.087 0.005 1.954 0.043 -0.040 1.904
658.953 0.088 0.009 1.967 0.041 -0.038 1.914
659.151 0.089 0.013 1.980 0.041 -0.036 1.924
659.373 0.089 0.011 1.991 0.043 -0.035 1.939
659.553 0.090 0.012 2.006 0.043 -0.035 1.950
659.749 0.091 0.011 2.018 0.043 -0.037 1.962
659.977 0.091 0.011 2.033 0.039 -0.041 1.970
660.153 0.090 0.007 2.036 0.043 -0.041 1.982
660.349 0.092 0.002 2.044 0.044 -0.046 1.988
660.573 0.092 -0.001 2.049 0.045 -0.048 1.995
660.755 0.092 -0.005 2.051 0.046 -0.051 1.999
660.950 0.092 -0.007 2.057 0.046 -0.053 2.003
661.173 0.094 -0.005 2.062 0.046 -0.053 2.007
661.357 0.095 -0.004 2.068 0.047 -0.052 2.013
661.550 0.096 -0.002 2.075 0.049 -0.049 2.020
661.777 0.096 -0.001 2.080 0.048 -0.049 2.026
661.953 0.097 0.002 2.087 0.051 -0.044 2.034
662.151 0.097 0.005 2.094 0.052 -0.040 2.042
662.373 0.097 0.007 2.098 0.051 -0.039 2.045
662.557 0.098 0.009 2.103 0.047 -0.042 2.046
662.750 0.095 0.007 2.105 0.047 -0.041 2.049
662.975 0.093 0.006 2.109 0.044 -0.043 2.053
663.153 0.091 0.007 2.116 0.042 -0.042 2.060
663.358 0.089 0.003 2.119 0.043 -0.043 2.067
663.573 0.092 0.004 2.129 0.042 -0.046 2.073
663.753 0.091 0.002 2.136 0.043 -0.045 2.082
663.952 0.092 -0.000 2.139 0.044 -0.049 2.084
664.173 0.093 -0.001 2.143 0.044 -0.050 2.087
664.353 0.094 -0.002 2.145 0.044 -0.052 2.087
664.550 0.092 0.000 2.149 0.045 -0.047 2.096
664.777 0.092 -0.001 2.151 0.044 -0.049 2.095
664.957 0.094 -0.004 2.148 0.043 -0.055 2.090
665.150 0.093 -0.008 2.148 0.044 -0.057 2.092
665.373 0.094 -0.010 2.151 0.045 -0.059 2.096
665.553 0.091 -0.008 2.158 0.045 -0.053 2.106
665.753 0.090 -0.008 2.160 0.046 -0.052 2.109
665.974 0.095 -0.008 2.158 0.045 -0.058 2.099
666.153 0.096 -0.007 2.157 0.045 -0.059 2.099
666.350 0.098 0.001 2.168 0.041 -0.057 2.098
666.573 0.091 -0.003 2.160 0.047 -0.048 2.110
666.753 0.092 -0.001 2.164 0.045 -0.047 2.111
666.950 0.092 -0.000 2.171 0.046 -0.046 2.117
667.173 0.092 -0.001 2.177 0.046 -0.046 2.126
667.353 0.092 -0.000 2.183 0.047 -0.046 2.132
667.550 0.092 -0.001 2.188 0.047 -0.046 2.137
667.773 0.092 -0.000 2.191 0.047 -0.046 2.139
667.954 0.091 -0.001 2.190 0.046 -0.045 2.140
668.150 0.092 -0.001 2.188 0.046 -0.047 2.136
668.375 0.089 -0.002 2.187 0.043 -0.048 2.135
668.553 0.088 -0.005 2.183 0.042 -0.051 2.131
668.759 0.087 -0.008 2.178 0.042 -0.054 2.126
668.973 0.089 -0.010 2.179 0.040 -0.059 2.124
669.153 0.100 -0.003 2.195 0.032 -0.071 2.107
669.350 0.090 -0.014 2.177 0.044 -0.061 2.123
669.573 0.090 -0.014 2.174 0.045 -0.059 2.122
669.754 0.091 -0.010 2.173 0.042 -0.058 2.117
669.950 0.093 -0.009 2.164 0.042 -0.060 2.104
670.173 0.091 -0.006 2.158 0.040 -0.057 2.099
670.354 0.088 -0.002 2.156 0.039 -0.051 2.101
670.552 0.084 0.000 2.154 0.039 -0.045 2.103
670.773 0.085 0.003 2.153 0.039 -0.043 2.100
670.954 0.085 0.004 2.152 0.040 -0.041 2.101
671.149 0.086 0.004 2.152 0.041 -0.041 2.100
671.377 0.091 0.002 2.149 0.042 -0.048 2.092
671.553 0.090 0.002 2.152 0.044 -0.045 2.099
671.755 0.092 0.002 2.151 0.043 -0.047 2.096
671.973 0.092 -0.002 2.145 0.045 -0.048 2.093
672.153 0.091 -0.003 2.142 0.045 -0.049 2.089
672.350 0.091 -0.005 2.135 0.044 -0.052 2.082
672.577 0.090 -0.009 2.129 0.045 -0.053 2.079
672.758 0.092 -0.009 2.130 0.043 -0.058 2.072
672.950 0.092 -0.011 2.125 0.045 -0.058 2.072
673.173 0.091 -0.013 2.124 0.046 -0.058 2.073
673.353 0.093 -0.009 2.125 0.046 -0.057 2.071
673.550 0.097 -0.007 2.119 0.046 -0.058 2.060
673.777 0.094 -0.004 2.118 0.046 -0.052 2.063
673.953 0.095 0.001 2.115 0.043 -0.051 2.054
674.150 0.091 0.008 2.114 0.042 -0.041 2.057
674.374 0.089 0.009 2.104 0.044 -0.036 2.053
674.554 0.088 0.010 2.100 0.043 -0.035 2.048
674.750 0.089 0.009 2.096 0.040 -0.041 2.038
674.973 0.087 0.013 2.102 0.037 -0.037 2.044
675.154 0.085 0.010 2.098 0.039 -0.036 2.046
675.350 0.087 0.010 2.098 0.035 -0.042 2.041
675.574 0.087 -0.002 2.084 0.041 -0.048 2.031
675.753 0.085 -0.007 2.077 0.042 -0.049 2.029
675.954 0.088 -0.007 2.076 0.042 -0.054 2.024
676.177 0.090 -0.010 2.074 0.043 -0.056 2.021
676.357 0.090 -0.012 2.070 0.046 -0.056 2.020
676.593 0.094 -0.009 2.068 0.047 -0.056 2.014
676.773 0.094 -0.006 2.061 0.048 -0.051 2.010
676.960 0.092 -0.002 2.055 0.048 -0.046 2.005
677.199 0.091 -0.001 2.048 0.046 -0.045 1.997
677.373 0.090 0.005 2.044 0.043 -0.043 1.989
677.560 0.085 0.010 2.039 0.039 -0.036 1.987
677.793 0.084 0.013 2.034 0.038 -0.033 1.981
677.973 0.084 0.015 2.030 0.037 -0.032 1.977
678.160 0.085 0.016 2.031 0.035 -0.033 1.973
678.397 0.084 0.014 2.029 0.036 -0.033 1.974
678.573 0.083 0.011 2.025 0.037 -0.035 1.973
678.761 0.084 0.009 2.024 0.037 -0.038 1.969
678.997 0.085 0.006 2.018 0.038 -0.041 1.964
679.173 0.090 0.005 2.019 0.032 -0.053 1.947
679.359 0.083 -0.004 2.009 0.034 -0.053 1.951
679.594 0.079 -0.015 2.001 0.035 -0.059 1.951
679.773 0.076 -0.022 1.999 0.033 -0.066 1.950
679.960 0.074 -0.027 1.998 0.028 -0.073 1.946
680.193 0.072 -0.033 1.998 0.024 -0.081 1.941
680.373 0.072 -0.036 1.993 0.020 -0.087 1.933
680.560 0.070 -0.036 1.991 0.021 -0.085 1.935
680.793 0.070 -0.034 1.993 0.020 -0.084 1.936
680.973 0.072 -0.030 1.994 0.021 -0.080 1.937
681.160 0.072 -0.027 1.997 0.021 -0.078 1.938
