-0.002 0.163 0.163 1.835 -0.163 -0.163 1.661
0.208 0.198 0.198 1.833 -0.198 -0.198 1.657
0.448 0.236 0.236 1.837 -0.236 -0.236 1.660
0.688 0.275 0.275 1.839 -0.275 -0.275 1.660
0.887 0.309 0.309 1.837 -0.309 -0.309 1.658
1.088 0.345 0.345 1.838 -0.345 -0.345 1.657
1.287 0.384 0.384 1.838 -0.384 -0.384 1.656
1.488 0.427 0.427 1.838 -0.427 -0.427 1.656
1.697 0.475 0.475 1.836 -0.475 -0.475 1.654
1.897 0.526 0.526 1.838 -0.526 -0.526 1.655
2.098 0.581 0.581 1.839 -0.581 -0.581 1.655
2.298 0.641 0.641 1.840 -0.641 -0.641 1.656
2.498 0.706 0.706 1.840 -0.706 -0.706 1.655
2.700 0.777 0.777 1.839 -0.777 -0.777 1.655
2.908 0.857 0.857 1.837 -0.857 -0.857 1.653
3.108 0.940 0.940 1.841 -0.940 -0.940 1.656
3.309 1.028 1.028 1.840 -1.028 -1.028 1.655
3.508 1.123 1.123 1.840 -1.123 -1.123 1.654
3.708 1.225 1.225 1.838 -1.224 -1.224 1.653
3.920 1.338 1.338 1.836 -1.338 -1.338 1.651
4.128 1.460 1.460 1.838 -1.460 -1.460 1.653
4.338 1.589 1.589 1.837 -1.589 -1.589 1.652
4.538 1.719 1.719 1.838 -1.719 -1.719 1.653
4.738 1.857 1.857 1.840 -1.857 -1.857 1.655
4.938 2.002 2.002 1.841 -2.002 -2.002 1.656
5.138 2.155 2.155 1.841 -2.155 -2.155 1.656
5.337 2.316 2.316 1.841 -2.316 -2.316 1.656
5.537 2.485 2.485 1.839 -2.484 -2.484 1.654
5.737 2.662 2.661 1.840 -2.661 -2.661 1.654
5.937 2.847 2.847 1.836 -2.847 -2.847 1.651
6.177 3.080 3.080 1.841 -3.080 -3.080 1.655
6.378 3.285 3.284 1.838 -3.284 -3.284 1.653
6.578 3.497 3.497 1.838 -3.497 -3.497 1.653
6.778 3.719 3.719 1.840 -3.718 -3.718 1.654
6.978 3.950 3.949 1.837 -3.948 -3.949 1.652
7.178 4.189 4.189 1.838 -4.188 -4.188 1.653
7.378 4.438 4.437 1.838 -4.437 -4.437 1.653
7.580 4.696 4.696 1.838 -4.695 -4.695 1.653
7.789 4.977 4.977 1.839 -4.976 -4.976 1.653
7.989 5.255 5.254 1.838 -5.253 -5.254 1.652
8.198 5.557 5.556 1.837 -5.555 -5.555 1.652
8.412 5.869 5.869 1.839 -5.868 -5.869 1.654
8.608 6.000 6.000 1.840 -6.000 -6.000 1.655
8.808 6.000 6.000 1.840 -6.000 -6.000 1.655
9.008 6.000 6.000 1.839 -6.000 -6.000 1.654
9.208 6.000 6.000 1.837 -6.000 -6.000 1.651
9.408 6.000 6.000 1.839 -6.000 -6.000 1.653
9.608 6.000 6.000 1.839 -6.000 -6.000 1.654
9.808 6.000 6.000 1.839 -6.000 -6.000 1.653
10.008 6.000 6.000 1.840 -6.000 -6.000 1.655
10.207 6.000 6.000 1.839 -6.000 -6.000 1.654
10.408 6.000 6.000 1.840 -6.000 -6.000 1.655
10.608 6.000 6.000 1.840 -6.000 -6.000 1.654
10.829 6.000 6.000 1.837 -6.000 -6.000 1.652
11.037 6.000 6.000 1.841 -6.000 -6.000 1.656
11.269 6.000 6.000 1.841 -6.000 -6.000 1.656
11.457 6.000 6.000 1.841 -6.000 -6.000 1.655
11.693 6.000 6.000 1.841 -6.000 -6.000 1.655
11.873 6.000 6.000 1.838 -6.000 -6.000 1.652
12.057 6.000 6.000 1.842 -6.000 -6.000 1.656
12.289 6.000 6.000 1.840 -6.000 -6.000 1.655
12.475 6.000 6.000 1.843 -6.000 -6.000 1.658
12.657 6.000 6.000 1.839 -6.000 -6.000 1.654
12.893 6.000 6.000 1.839 -6.000 -6.000 1.654
13.069 6.000 6.000 1.837 -6.000 -6.000 1.651
13.270 6.000 6.000 1.838 -6.000 -6.000 1.652
13.489 6.000 6.000 1.838 -6.000 -6.000 1.653
13.687 6.000 6.000 1.839 -6.000 -6.000 1.653
13.921 6.000 6.000 1.840 -6.000 -6.000 1.655
14.101 6.000 6.000 1.838 -6.000 -6.000 1.653
14.298 6.000 6.000 1.836 -6.000 -6.000 1.651
14.529 6.000 6.000 1.840 -6.000 -6.000 1.655
14.713 6.000 6.000 1.839 -6.000 -6.000 1.653
14.898 6.000 6.000 1.841 -6.000 -6.000 1.656
15.129 6.000 6.000 1.839 -6.000 -6.000 1.654
15.309 6.000 6.000 1.840 -6.000 -6.000 1.654
15.507 6.000 6.000 1.839 -6.000 -6.000 1.654
15.741 6.000 6.000 1.839 -6.000 -6.000 1.654
15.938 6.000 6.000 1.840 -6.000 -6.000 1.655
16.169 6.000 6.000 1.840 -6.000 -6.000 1.654
16.349 6.000 6.000 1.837 -6.000 -6.000 1.652
16.593 6.000 6.000 1.839 -6.000 -6.000 1.653
16.769 6.000 6.000 1.838 -6.000 -6.000 1.653
16.957 6.000 6.000 1.839 -6.000 -6.000 1.654
17.189 6.000 6.000 1.838 -6.000 -6.000 1.653
17.369 6.000 6.000 1.840 -6.000 -6.000 1.654
17.559 6.000 6.000 1.840 -6.000 -6.000 1.654
17.793 6.000 6.000 1.841 -6.000 -6.000 1.655
17.982 6.000 6.000 1.843 -6.000 -6.000 1.657
18.177 6.000 6.000 1.843 -6.000 -6.000 1.658
18.401 6.000 6.000 1.840 -6.000 -6.000 1.655
18.587 6.000 6.000 1.837 -6.000 -6.000 1.652
18.821 6.000 6.000 1.839 -6.000 -6.000 1.653
19.001 6.000 6.000 1.839 -6.000 -6.000 1.654
19.188 6.000 6.000 1.840 -6.000 -6.000 1.654
19.421 6.000 6.000 1.841 -6.000 -6.000 1.655
19.601 6.000 6.000 1.837 -6.000 -6.000 1.651
19.797 6.000 6.000 1.835 -6.000 -6.000 1.650
20.029 6.000 6.000 1.838 -6.000 -6.000 1.653
20.209 6.000 6.000 1.840 -6.000 -6.000 1.655
20.398 6.000 6.000 1.841 -6.000 -6.000 1.656
20.629 6.000 6.000 1.840 -6.000 -6.000 1.654
20.809 6.000 6.000 1.837 -6.000 -6.000 1.651
20.998 6.000 6.000 1.840 -6.000 -6.000 1.654
21.229 6.000 6.000 1.840 -6.000 -6.000 1.655
21.409 6.000 6.000 1.839 -6.000 -6.000 1.654
21.598 6.000 6.000 1.839 -6.000 -6.000 1.654
21.829 6.000 6.000 1.839 -6.000 -6.000 1.654
22.009 6.000 6.000 1.840 -6.000 -6.000 1.655
22.198 6.000 6.000 1.840 -6.000 -6.000 1.654
22.429 6.000 6.000 1.841 -6.000 -6.000 1.656
22.609 6.000 6.000 1.841 -6.000 -6.000 1.656
22.798 6.000 6.000 1.839 -6.000 -6.000 1.654
23.029 6.000 6.000 1.838 -6.000 -6.000 1.652
23.209 6.000 6.000 1.838 -6.000 -6.000 1.652
23.407 6.000 6.000 1.837 -6.000 -6.000 1.651
23.633 6.000 6.000 1.838 -6.000 -6.000 1.652
23.829 6.000 6.000 1.841 -6.000 -6.000 1.655
24.027 6.000 6.000 1.838 -6.000 -6.000 1.653
24.249 6.000 6.000 1.840 -6.000 -6.000 1.655
24.428 6.000 6.000 1.840 -6.000 -6.000 1.655
24.661 6.000 6.000 1.838 -6.000 -6.000 1.652
24.841 6.000 6.000 1.840 -6.000 -6.000 1.654
25.028 6.000 6.000 1.838 -6.000 -6.000 1.652
25.265 6.000 6.000 1.839 -6.000 -6.000 1.653
25.441 6.000 6.000 1.839 -6.000 -6.000 1.653
25.628 0.438 0.335 1.416 0.362 0.248 1.329
25.865 0.442 0.352 1.409 0.347 0.252 1.305
26.041 0.471 0.429 1.662 0.267 0.204 1.479
26.238 0.498 0.556 1.867 0.133 0.130 1.673
26.465 0.520 0.681 1.887 0.001 0.062 1.697
26.645 0.543 0.814 1.882 -0.140 -0.007 1.695
26.838 0.569 0.955 1.874 -0.290 -0.078 1.688
27.063 0.598 1.103 1.869 -0.450 -0.151 1.684
27.241 0.631 1.261 1.860 -0.620 -0.227 1.675
27.437 0.669 1.427 1.855 -0.800 -0.307 1.670
27.669 0.719 1.629 1.848 -1.022 -0.405 1.664
27.921 0.775 1.841 1.845 -1.259 -0.509 1.661
28.107 0.832 2.046 1.843 -1.489 -0.612 1.659
28.341 0.893 2.249 1.841 -1.720 -0.716 1.656
28.530 0.963 2.471 1.843 -1.977 -0.835 1.658
28.717 1.036 2.692 1.842 -2.234 -0.954 1.657
28.949 1.115 2.923 1.839 -2.503 -1.080 1.654
29.129 1.199 3.163 1.837 -2.786 -1.215 1.652
29.318 1.290 3.411 1.838 -3.083 -1.359 1.653
29.549 1.388 3.671 1.833 -3.393 -1.509 1.649
29.733 1.491 3.940 1.834 -3.719 -1.670 1.649
29.918 1.600 4.219 1.831 -4.057 -1.838 1.646
30.149 1.716 4.508 1.831 -4.411 -2.015 1.646
30.329 1.836 4.806 1.834 -4.781 -2.203 1.649
30.518 1.964 5.117 1.834 -5.164 -2.399 1.649
30.756 2.099 5.437 1.836 -5.563 -2.605 1.651
30.942 2.249 5.787 1.837 -5.997 -2.831 1.653
31.127 2.399 6.000 1.837 -6.000 -3.054 1.652
31.365 2.557 6.000 1.835 -6.000 -3.285 1.650
31.545 2.719 6.000 1.837 -6.000 -3.529 1.652
31.728 2.893 6.000 1.835 -6.000 -3.780 1.650
31.961 3.070 6.000 1.838 -6.000 -4.046 1.653
32.145 3.256 6.000 1.842 -6.000 -4.324 1.657
32.328 3.457 6.000 1.837 -6.000 -4.602 1.652
32.561 3.677 6.000 1.834 -6.000 -4.906 1.649
32.741 3.888 6.000 1.836 -6.000 -5.215 1.651
32.937 4.109 6.000 1.837 -6.000 -5.531 1.652
33.165 4.350 6.000 1.839 -6.000 -5.875 1.654
33.347 4.591 6.000 1.839 -6.000 -6.000 1.654
33.589 4.868 6.000 1.838 -6.000 -6.000 1.653
33.778 5.144 6.000 1.839 -6.000 -6.000 1.653
34.010 5.447 6.000 1.836 -6.000 -6.000 1.651
34.208 5.739 6.000 1.840 -6.000 -6.000 1.655
34.445 6.000 6.000 1.840 -6.000 -6.000 1.655
34.626 6.000 6.000 1.839 -6.000 -6.000 1.653
34.818 6.000 6.000 1.842 -6.000 -6.000 1.656
35.041 6.000 6.000 1.841 -6.000 -6.000 1.655
35.221 6.000 6.000 1.838 -6.000 -6.000 1.652
35.418 6.000 6.000 1.838 -6.000 -6.000 1.652
35.641 6.000 6.000 1.841 -6.000 -6.000 1.655
35.829 6.000 6.000 1.840 -6.000 -6.000 1.654
36.028 6.000 6.000 1.840 -6.000 -6.000 1.654
36.253 6.000 6.000 1.842 -6.000 -6.000 1.656
36.457 6.000 6.000 1.839 -6.000 -6.000 1.653
36.701 6.000 6.000 1.841 -6.000 -6.000 1.654
36.893 6.000 6.000 1.839 -6.000 -6.000 1.653
37.125 6.000 6.000 1.841 -6.000 -6.000 1.655
37.305 6.000 6.000 1.839 -6.000 -6.000 1.652
37.498 6.000 6.000 1.840 -6.000 -6.000 1.653
37.721 6.000 6.000 1.842 -6.000 -6.000 1.656
37.902 6.000 6.000 1.841 -6.000 -6.000 1.654
38.098 6.000 6.000 1.841 -6.000 -6.000 1.654
38.321 6.000 6.000 1.844 -6.000 -6.000 1.657
38.501 6.000 6.000 1.842 -6.000 -6.000 1.655
38.697 6.000 6.000 1.841 -6.000 -6.000 1.654
38.925 6.000 6.000 1.843 -6.000 -6.000 1.655
39.101 6.000 6.000 1.841 -6.000 -6.000 1.653
39.298 6.000 6.000 1.837 -6.000 -6.000 1.650
39.525 6.000 6.000 1.838 -6.000 -6.000 1.650
39.702 6.000 6.000 1.841 -6.000 -6.000 1.653
39.897 6.000 6.000 1.840 -6.000 -6.000 1.652
40.125 6.000 6.000 1.840 -6.000 -6.000 1.653
40.307 6.000 6.000 1.838 -6.000 -6.000 1.650
40.541 6.000 6.000 1.841 -6.000 -6.000 1.653
40.724 6.000 6.000 1.840 -6.000 -6.000 1.652
40.919 6.000 6.000 1.837 -6.000 -6.000 1.649
41.141 6.000 6.000 1.839 -6.000 -6.000 1.651
41.329 6.000 6.000 1.841 -6.000 -6.000 1.653
41.565 6.000 6.000 1.844 -6.000 -6.000 1.656
41.741 6.000 6.000 1.842 -6.000 -6.000 1.654
41.931 6.000 6.000 1.844 -6.000 -6.000 1.655
42.187 6.000 6.000 1.840 -6.000 -6.000 1.651
42.385 6.000 6.000 1.840 -6.000 -6.000 1.652
42.568 6.000 6.000 1.841 -6.000 -6.000 1.653
42.809 6.000 6.000 1.840 -6.000 -6.000 1.651
42.993 6.000 6.000 1.842 -6.000 -6.000 1.653
43.188 6.000 6.000 1.841 -6.000 -6.000 1.653
43.409 6.000 6.000 1.840 -6.000 -6.000 1.652
43.593 6.000 6.000 1.840 -6.000 -6.000 1.651
43.797 6.000 6.000 1.844 -6.000 -6.000 1.655
44.025 6.000 6.000 1.841 -6.000 -6.000 1.652
44.209 6.000 6.000 1.839 -6.000 -6.000 1.649
44.445 6.000 6.000 1.841 -6.000 -6.000 1.652
44.621 6.000 6.000 1.839 -6.000 -6.000 1.650
44.808 6.000 6.000 1.841 -6.000 -6.000 1.651
45.045 6.000 6.000 1.843 -6.000 -6.000 1.653
45.221 6.000 6.000 1.840 -6.000 -6.000 1.650
45.409 6.000 6.000 1.842 -6.000 -6.000 1.652
45.641 6.000 6.000 1.842 -6.000 -6.000 1.653
45.825 6.000 6.000 1.842 -6.000 -6.000 1.652
46.008 -0.168 0.271 1.333 -0.221 0.217 1.280
46.254 -0.151 0.397 1.530 -0.353 0.191 1.364
46.433 -0.223 0.627 1.788 -0.634 0.202 1.598
46.628 -0.282 0.846 1.843 -0.899 0.200 1.654
46.861 -0.330 1.075 1.855 -1.173 0.185 1.668
47.045 -0.368 1.295 1.854 -1.437 0.161 1.667
47.237 -0.400 1.520 1.849 -1.709 0.129 1.663
47.477 -0.434 1.800 1.845 -2.049 0.081 1.660
47.709 -0.458 2.041 1.846 -2.345 0.033 1.661
47.889 -0.477 2.287 1.848 -2.650 -0.024 1.662
48.129 -0.492 2.567 1.843 -2.999 -0.097 1.657
48.317 -0.500 2.841 1.844 -3.344 -0.177 1.658
48.508 -0.503 3.109 1.842 -3.684 -0.263 1.657
48.733 -0.499 3.385 1.843 -4.034 -0.359 1.657
48.913 -0.488 3.668 1.843 -4.396 -0.465 1.657
49.110 -0.470 3.959 1.841 -4.769 -0.581 1.655
49.329 -0.445 4.256 1.841 -5.153 -0.708 1.655
49.509 -0.413 4.562 1.840 -5.549 -0.846 1.654
49.708 -0.373 4.876 1.839 -5.957 -0.995 1.653
49.929 -0.325 5.196 1.841 -6.000 -1.158 1.655
50.109 -0.271 5.527 1.839 -6.000 -1.330 1.653
50.308 -0.206 5.865 1.842 -6.000 -1.515 1.656
50.529 -0.135 6.000 1.840 -6.000 -1.711 1.654
50.713 -0.054 6.000 1.838 -6.000 -1.918 1.653
50.908 0.036 6.000 1.839 -6.000 -2.139 1.653
51.129 0.134 6.000 1.839 -6.000 -2.372 1.654
51.313 0.242 6.000 1.841 -6.000 -2.618 1.655
51.508 0.358 6.000 1.838 -6.000 -2.876 1.652
51.730 0.483 6.000 1.837 -6.000 -3.147 1.651
51.913 0.618 6.000 1.837 -6.000 -3.431 1.651
52.108 0.763 6.000 1.837 -6.000 -3.729 1.652
52.329 0.917 6.000 1.838 -6.000 -4.040 1.652
52.509 1.082 6.000 1.836 -6.000 -4.362 1.651
52.755 1.285 6.000 1.835 -6.000 -4.747 1.649
52.938 1.470 6.000 1.839 -6.000 -5.102 1.653
53.169 1.676 6.000 1.839 -6.000 -5.487 1.653
53.354 1.882 6.000 1.840 -6.000 -5.869 1.654
53.548 2.099 6.000 1.841 -6.000 -6.000 1.655
53.773 2.338 6.000 1.841 -6.000 -6.000 1.655
53.957 2.578 6.000 1.839 -6.000 -6.000 1.653
54.189 2.829 6.000 1.837 -6.000 -6.000 1.651
54.369 3.090 6.000 1.838 -6.000 -6.000 1.652
54.557 3.363 6.000 1.839 -6.000 -6.000 1.653
54.789 3.647 6.000 1.840 -6.000 -6.000 1.654
54.970 3.942 6.000 1.838 -6.000 -6.000 1.652
55.168 4.265 6.000 1.838 -6.000 -6.000 1.652
55.401 4.618 6.000 1.838 -6.000 -6.000 1.652
55.588 4.946 6.000 1.841 -6.000 -6.000 1.654
55.821 5.328 6.000 1.839 -6.000 -6.000 1.653
56.018 5.706 6.000 1.838 -6.000 -6.000 1.652
56.245 6.000 6.000 1.835 -6.000 -6.000 1.648
56.421 6.000 6.000 1.837 -6.000 -6.000 1.651
56.631 6.000 6.000 1.841 -6.000 -6.000 1.654
56.849 6.000 6.000 1.840 -6.000 -6.000 1.654
57.029 6.000 6.000 1.839 -6.000 -6.000 1.652
57.228 6.000 6.000 1.839 -6.000 -6.000 1.653
57.449 6.000 6.000 1.838 -6.000 -6.000 1.652
57.629 6.000 6.000 1.836 -6.000 -6.000 1.650
57.828 6.000 6.000 1.841 -6.000 -6.000 1.655
58.049 6.000 6.000 1.840 -6.000 -6.000 1.654
58.235 6.000 6.000 1.839 -6.000 -6.000 1.652
58.427 6.000 6.000 1.838 -6.000 -6.000 1.651
58.665 6.000 6.000 1.839 -6.000 -6.000 1.653
58.841 6.000 6.000 1.839 -6.000 -6.000 1.653
59.038 6.000 6.000 1.838 -6.000 -6.000 1.651
59.261 6.000 6.000 1.838 -6.000 -6.000 1.651
59.448 6.000 6.000 1.839 -6.000 -6.000 1.652
59.681 6.000 6.000 1.837 -6.000 -6.000 1.651
59.866 6.000 6.000 1.841 -6.000 -6.000 1.654
60.048 6.000 6.000 1.839 -6.000 -6.000 1.652
60.281 6.000 6.000 1.840 -6.000 -6.000 1.654
60.461 6.000 6.000 1.839 -6.000 -6.000 1.652
60.648 6.000 6.000 1.837 -6.000 -6.000 1.651
60.881 6.000 6.000 1.837 -6.000 -6.000 1.650
61.066 6.000 6.000 1.839 -6.000 -6.000 1.652
61.258 6.000 6.000 1.841 -6.000 -6.000 1.654
61.485 6.000 6.000 1.840 -6.000 -6.000 1.653
61.669 6.000 6.000 1.837 -6.000 -6.000 1.650
61.868 6.000 6.000 1.837 -6.000 -6.000 1.650
62.105 6.000 6.000 1.838 -6.000 -6.000 1.651
62.281 6.000 6.000 1.838 -6.000 -6.000 1.651
62.478 6.000 6.000 1.838 -6.000 -6.000 1.650
62.701 6.000 6.000 1.838 -6.000 -6.000 1.651
62.882 6.000 6.000 1.839 -6.000 -6.000 1.652
63.077 6.000 6.000 1.840 -6.000 -6.000 1.653
63.301 6.000 6.000 1.839 -6.000 -6.000 1.652
63.481 6.000 6.000 1.840 -6.000 -6.000 1.652
63.678 6.000 6.000 1.840 -6.000 -6.000 1.653
63.901 6.000 6.000 1.839 -6.000 -6.000 1.652
64.088 6.000 6.000 1.840 -6.000 -6.000 1.652
64.321 6.000 6.000 1.839 -6.000 -6.000 1.651
64.501 6.000 6.000 1.838 -6.000 -6.000 1.650
64.688 6.000 6.000 1.838 -6.000 -6.000 1.650
64.933 6.000 6.000 1.841 -6.000 -6.000 1.653
65.109 6.000 6.000 1.841 -6.000 -6.000 1.654
65.298 6.000 6.000 1.842 -6.000 -6.000 1.654
65.521 6.000 6.000 1.841 -6.000 -6.000 1.654
65.708 6.000 6.000 1.843 -6.000 -6.000 1.655
65.953 6.000 6.000 1.841 -6.000 -6.000 1.654
66.133 6.000 6.000 1.837 -6.000 -6.000 1.650
66.381 6.000 6.000 1.839 -6.000 -6.000 1.651
66.565 6.000 6.000 1.837 -6.000 -6.000 1.650
66.809 6.000 6.000 1.839 -6.000 -6.000 1.651
66.989 6.000 6.000 1.839 -6.000 -6.000 1.651
67.178 6.000 6.000 1.840 -6.000 -6.000 1.652
67.409 6.000 6.000 1.840 -6.000 -6.000 1.652
67.589 6.000 6.000 1.839 -6.000 -6.000 1.651
67.778 6.000 6.000 1.840 -6.000 -6.000 1.652
68.009 6.000 6.000 1.837 -6.000 -6.000 1.649
68.199 6.000 6.000 1.837 -6.000 -6.000 1.649
68.434 6.000 6.000 1.838 -6.000 -6.000 1.650
68.609 6.000 6.000 1.842 -6.000 -6.000 1.654
68.797 6.000 6.000 1.843 -6.000 -6.000 1.655
69.041 6.000 6.000 1.841 -6.000 -6.000 1.653
69.221 6.000 6.000 1.840 -6.000 -6.000 1.652
69.462 6.000 6.000 1.839 -6.000 -6.000 1.651
69.642 6.000 6.000 1.840 -6.000 -6.000 1.652
69.901 6.000 6.000 1.838 -6.000 -6.000 1.650
70.081 6.000 6.000 1.840 -6.000 -6.000 1.652
70.268 6.000 6.000 1.842 -6.000 -6.000 1.653
70.501 6.000 6.000 1.840 -6.000 -6.000 1.652
70.685 6.000 6.000 1.840 -6.000 -6.000 1.652
70.869 6.000 6.000 1.841 -6.000 -6.000 1.652
71.101 6.000 6.000 1.839 -6.000 -6.000 1.650
71.281 6.000 6.000 1.839 -6.000 -6.000 1.651
71.468 6.000 6.000 1.838 -6.000 -6.000 1.649
71.701 6.000 6.000 1.840 -6.000 -6.000 1.652
71.881 6.000 6.000 1.840 -6.000 -6.000 1.651
72.068 6.000 6.000 1.838 -6.000 -6.000 1.650
72.305 6.000 6.000 1.839 -6.000 -6.000 1.650
72.481 6.000 6.000 1.839 -6.000 -6.000 1.650
72.668 6.000 6.000 1.840 -6.000 -6.000 1.651
72.901 6.000 6.000 1.843 -6.000 -6.000 1.654
73.081 6.000 6.000 1.844 -6.000 -6.000 1.655
73.281 6.000 6.000 1.841 -6.000 -6.000 1.652
73.501 6.000 6.000 1.840 -6.000 -6.000 1.651
73.681 6.000 6.000 1.840 -6.000 -6.000 1.651
73.878 6.000 6.000 1.839 -6.000 -6.000 1.650
74.109 6.000 6.000 1.837 -6.000 -6.000 1.647
74.298 6.000 6.000 1.838 -6.000 -6.000 1.649
74.529 6.000 6.000 1.841 -6.000 -6.000 1.652
74.709 6.000 6.000 1.842 -6.000 -6.000 1.652
74.907 6.000 6.000 1.842 -6.000 -6.000 1.653
75.141 6.000 6.000 1.843 -6.000 -6.000 1.654
75.321 6.000 6.000 1.837 -6.000 -6.000 1.648
75.518 6.000 6.000 1.837 -6.000 -6.000 1.647
75.745 6.000 6.000 1.839 -6.000 -6.000 1.650
75.926 6.000 6.000 1.839 -6.000 -6.000 1.649
76.119 6.000 6.000 1.841 -6.000 -6.000 1.651
76.341 6.000 6.000 1.838 -6.000 -6.000 1.648
76.529 6.000 6.000 1.843 -6.000 -6.000 1.653
76.761 6.000 6.000 1.841 -6.000 -6.000 1.651
76.941 6.000 6.000 1.839 -6.000 -6.000 1.649
77.138 6.000 6.000 1.842 -6.000 -6.000 1.650
77.363 6.000 6.000 1.841 -6.000 -6.000 1.651
77.548 6.000 6.000 1.841 -6.000 -6.000 1.651
77.748 6.000 6.000 1.841 -6.000 -6.000 1.651
77.970 6.000 6.000 1.839 -6.000 -6.000 1.649
78.161 6.000 6.000 1.837 -6.000 -6.000 1.647
78.358 6.000 6.000 1.839 -6.000 -6.000 1.649
78.585 6.000 6.000 1.837 -6.000 -6.000 1.647
78.761 6.000 6.000 1.838 -6.000 -6.000 1.648
78.958 6.000 6.000 1.841 -6.000 -6.000 1.651
79.185 6.000 6.000 1.841 -6.000 -6.000 1.651
79.362 6.000 6.000 1.841 -6.000 -6.000 1.651
79.558 6.000 6.000 1.840 -6.000 -6.000 1.650
79.781 6.000 6.000 1.840 -6.000 -6.000 1.649
79.961 6.000 6.000 1.839 -6.000 -6.000 1.649
80.158 6.000 6.000 1.840 -6.000 -6.000 1.650
80.382 6.000 6.000 1.841 -6.000 -6.000 1.651
80.562 6.000 6.000 1.840 -6.000 -6.000 1.650
80.759 6.000 6.000 1.839 -6.000 -6.000 1.649
80.985 6.000 6.000 1.838 -6.000 -6.000 1.648
81.161 6.000 6.000 1.839 -6.000 -6.000 1.649
81.358 6.000 6.000 1.840 -6.000 -6.000 1.650
81.581 6.000 6.000 1.840 -6.000 -6.000 1.649
81.761 6.000 6.000 1.842 -6.000 -6.000 1.652
81.958 6.000 6.000 1.841 -6.000 -6.000 1.651
82.193 6.000 6.000 1.839 -6.000 -6.000 1.649
82.369 6.000 6.000 1.838 -6.000 -6.000 1.648
82.558 6.000 6.000 1.842 -6.000 -6.000 1.652
82.789 6.000 6.000 1.843 -6.000 -6.000 1.652
82.969 6.000 6.000 1.841 -6.000 -6.000 1.651
83.158 6.000 6.000 1.854 -6.000 -6.000 1.636
83.389 6.000 6.000 1.882 -6.000 -6.000 1.623
83.569 6.000 6.000 1.863 -6.000 -6.000 1.619
83.757 6.000 6.000 1.851 -6.000 -6.000 1.612
83.989 6.000 6.000 1.840 -6.000 -6.000 1.613
84.169 6.000 6.000 1.849 -6.000 -6.000 1.637
84.358 6.000 6.000 1.841 -6.000 -6.000 1.639
84.589 6.000 6.000 1.841 -6.000 -6.000 1.643
84.773 6.000 6.000 1.843 -6.000 -6.000 1.645
84.958 6.000 6.000 1.840 -6.000 -6.000 1.640
85.189 6.000 6.000 1.841 -6.000 -6.000 1.642
85.369 6.000 6.000 1.826 -6.000 -6.000 1.636
85.558 6.000 6.000 1.819 -6.000 -6.000 1.626
85.789 6.000 6.000 1.810 -6.000 -6.000 1.615
85.969 6.000 6.000 1.791 -6.000 -6.000 1.590
86.158 6.000 6.000 1.764 -6.000 -6.000 1.549
86.389 6.000 6.000 1.724 -6.000 -6.000 1.511
86.569 6.000 6.000 1.671 -6.000 -6.000 1.464
86.758 1.050 0.013 0.161 0.941 -0.094 0.030
86.989 1.626 0.730 1.860 1.054 0.408 1.617
87.170 1.245 -0.176 0.937 1.086 -0.334 0.799
87.358 2.062 -0.666 1.859 1.646 -1.101 1.663
87.602 1.099 0.053 0.522 0.994 -0.052 0.427
87.785 1.789 -0.021 1.424 1.506 -0.311 1.234
87.968 2.562 -0.121 1.528 2.103 -0.630 1.331
88.201 3.459 -0.258 1.408 2.820 -1.030 1.210
88.381 4.405 -0.400 1.279 3.583 -1.481 1.079
88.568 5.353 -0.512 1.176 4.336 -1.952 0.976
88.801 6.000 -0.570 1.113 5.149 -2.465 0.912
88.987 6.000 -0.584 1.060 5.887 -2.942 0.859
89.225 6.000 -0.516 1.032 6.000 -3.383 0.831
89.405 6.000 -0.226 0.997 6.000 -3.644 0.793
89.588 0.985 0.137 0.047 0.917 0.068 -0.023
89.821 0.730 0.075 -0.092 0.635 -0.019 -0.189
90.001 0.764 0.005 -0.128 0.689 -0.070 -0.204
90.187 0.694 0.117 0.118 0.539 -0.038 -0.031
90.425 0.782 0.065 0.021 0.671 -0.046 -0.087
90.601 0.798 0.015 -0.099 0.714 -0.069 -0.184
90.789 0.812 0.026 -0.094 0.721 -0.064 -0.186
91.021 0.803 0.079 0.204 0.635 -0.088 0.048
91.201 0.794 0.271 0.696 0.482 -0.038 0.511
91.387 0.802 0.491 0.787 0.350 0.046 0.601
91.621 0.834 0.755 0.788 0.230 0.169 0.602
91.805 0.901 1.067 0.764 0.129 0.335 0.577
92.008 1.060 0.126 0.227 0.956 0.022 0.124
92.229 1.036 0.105 0.077 0.965 0.034 0.005
92.409 1.039 0.111 0.091 0.958 0.030 0.007
92.608 1.039 0.109 0.079 0.959 0.030 -0.004
92.829 1.037 0.109 0.068 0.959 0.030 -0.014
93.009 1.028 0.094 0.021 0.973 0.039 -0.036
93.208 1.030 0.100 0.024 0.965 0.035 -0.042
93.430 1.042 0.124 0.090 0.934 0.015 -0.022
93.609 1.063 0.177 0.383 0.861 -0.025 0.212
93.809 1.082 0.254 0.632 0.746 -0.082 0.447
94.034 1.095 0.334 0.669 0.628 -0.134 0.483
94.209 1.107 0.421 0.657 0.503 -0.184 0.471
94.408 1.039 0.114 0.024 0.950 0.025 -0.067
94.629 1.056 0.130 0.088 0.930 0.005 -0.039
94.814 1.095 0.136 0.120 0.962 0.004 -0.012
95.049 1.158 0.212 0.455 0.873 -0.073 0.272
95.234 1.210 0.274 0.514 0.795 -0.141 0.329
95.418 1.114 0.094 0.046 1.022 0.002 -0.047
95.649 1.105 0.086 0.008 1.024 0.005 -0.076
95.834 1.134 0.125 0.192 0.957 -0.052 0.030
96.027 1.177 0.178 0.451 0.856 -0.143 0.267
96.266 -0.485 -0.360 0.310 -0.541 -0.416 0.254
96.441 -0.481 -0.342 0.315 -0.537 -0.398 0.257
96.628 -0.479 -0.319 0.350 -0.561 -0.401 0.264
96.873 -0.469 -0.308 0.335 -0.530 -0.369 0.272
97.049 -0.463 -0.290 0.350 -0.530 -0.356 0.281
97.238 -0.460 -0.277 0.350 -0.525 -0.343 0.282
97.469 -0.460 -0.268 0.329 -0.523 -0.331 0.264
97.649 -0.464 -0.260 0.302 -0.528 -0.324 0.235
97.838 -0.471 -0.254 0.271 -0.535 -0.318 0.205
98.072 -0.460 -0.233 0.277 -0.553 -0.326 0.180
98.249 -0.453 -0.241 0.223 -0.505 -0.293 0.169
98.438 -0.410 -0.226 0.218 -0.470 -0.286 0.156
98.669 -0.387 -0.224 0.207 -0.439 -0.276 0.154
98.849 -0.370 -0.216 0.206 -0.425 -0.270 0.151
99.038 -0.353 -0.203 0.201 -0.423 -0.273 0.130
99.269 -0.350 -0.198 0.170 -0.418 -0.266 0.100
99.453 -0.357 -0.200 0.137 -0.410 -0.253 0.083
99.638 -0.357 -0.198 0.122 -0.408 -0.249 0.070
99.869 -0.353 -0.195 0.116 -0.407 -0.248 0.061
100.049 -0.331 -0.180 0.132 -0.416 -0.265 0.044
100.239 -0.326 -0.181 0.128 -0.411 -0.266 0.040
100.473 -0.340 -0.194 0.095 -0.396 -0.251 0.037
100.654 -0.336 -0.190 0.079 -0.400 -0.254 0.012
100.838 -0.331 -0.184 0.073 -0.406 -0.259 -0.005
101.069 -0.342 -0.194 0.051 -0.394 -0.246 -0.003
101.249 -0.342 -0.191 0.045 -0.392 -0.241 -0.006
101.439 -0.336 -0.187 0.045 -0.387 -0.238 -0.008
101.669 -0.318 -0.172 0.062 -0.395 -0.249 -0.019
101.849 -0.322 -0.176 0.050 -0.379 -0.233 -0.009
102.038 -0.308 -0.174 0.052 -0.362 -0.229 -0.005
102.269 -0.298 -0.171 0.055 -0.352 -0.225 -0.002
102.449 -0.291 -0.168 0.055 -0.346 -0.223 -0.002
102.638 -0.287 -0.166 0.060 -0.341 -0.220 0.004
102.873 -0.275 -0.154 0.077 -0.347 -0.226 0.001
103.049 -0.271 -0.149 0.081 -0.343 -0.222 0.004
103.238 -0.269 -0.148 0.088 -0.343 -0.221 0.011
103.469 -0.271 -0.150 0.093 -0.342 -0.221 0.018
103.649 -0.263 -0.148 0.103 -0.335 -0.219 0.027
103.838 -0.254 -0.147 0.112 -0.324 -0.217 0.038
104.069 -0.221 -0.162 0.121 -0.292 -0.233 0.046
104.249 -0.194 -0.177 0.128 -0.264 -0.247 0.054
104.438 -0.172 -0.186 0.129 -0.242 -0.256 0.055
104.673 -0.142 -0.181 0.138 -0.238 -0.276 0.038
104.849 -0.151 -0.201 0.100 -0.213 -0.263 0.036
105.037 -0.148 -0.205 0.094 -0.206 -0.262 0.035
105.269 -0.150 -0.211 0.091 -0.199 -0.260 0.040
105.449 -0.105 -0.174 0.158 -0.232 -0.301 0.028
105.638 -0.142 -0.212 0.107 -0.197 -0.267 0.052
105.873 -0.128 -0.204 0.128 -0.203 -0.279 0.051
106.049 -0.126 -0.209 0.134 -0.197 -0.280 0.061
106.238 -0.105 -0.195 0.168 -0.204 -0.294 0.064
106.469 -0.118 -0.216 0.151 -0.178 -0.275 0.089
106.649 -0.098 -0.205 0.182 -0.183 -0.290 0.093
106.838 -0.105 -0.225 0.164 -0.162 -0.281 0.106
107.069 -0.086 -0.216 0.177 -0.171 -0.300 0.089
107.254 -0.095 -0.233 0.156 -0.156 -0.293 0.094
107.438 -0.093 -0.236 0.158 -0.152 -0.295 0.097
107.669 -0.092 -0.240 0.162 -0.149 -0.297 0.103
107.853 -0.086 -0.238 0.175 -0.150 -0.302 0.109
108.038 -0.087 -0.242 0.181 -0.143 -0.297 0.123
108.269 -0.082 -0.240 0.196 -0.142 -0.300 0.134
108.454 -0.083 -0.245 0.202 -0.134 -0.297 0.150
108.638 -0.080 -0.247 0.198 -0.133 -0.300 0.144
108.869 -0.065 -0.235 0.212 -0.145 -0.316 0.128
109.049 -0.074 -0.248 0.198 -0.133 -0.307 0.138
109.238 -0.070 -0.253 0.196 -0.128 -0.311 0.137
109.469 -0.070 -0.259 0.176 -0.126 -0.315 0.119
109.654 -0.076 -0.268 0.141 -0.124 -0.317 0.091
109.848 -0.074 -0.268 0.111 -0.134 -0.328 0.048
110.069 -0.079 -0.272 0.075 -0.138 -0.331 0.013
110.249 -0.058 -0.250 0.093 -0.167 -0.359 -0.020
110.448 -0.079 -0.272 0.043 -0.143 -0.336 -0.022
110.669 -0.080 -0.272 0.034 -0.147 -0.340 -0.036
110.849 -0.066 -0.259 0.046 -0.166 -0.358 -0.058
111.048 -0.084 -0.275 0.005 -0.155 -0.345 -0.067
111.273 -0.092 -0.281 -0.010 -0.154 -0.342 -0.073
111.449 -0.088 -0.276 -0.010 -0.164 -0.352 -0.090
111.648 -0.100 -0.285 -0.032 -0.162 -0.346 -0.094
111.869 -0.106 -0.286 -0.038 -0.168 -0.348 -0.103
112.054 -0.093 -0.268 -0.012 -0.193 -0.367 -0.116
112.248 -0.099 -0.265 -0.010 -0.202 -0.368 -0.118
112.473 -0.125 -0.285 -0.042 -0.188 -0.347 -0.107
112.654 -0.129 -0.285 -0.038 -0.193 -0.348 -0.104
112.848 -0.134 -0.287 -0.036 -0.194 -0.347 -0.097
113.069 -0.133 -0.285 -0.024 -0.200 -0.352 -0.094
113.257 -0.132 -0.283 -0.011 -0.205 -0.356 -0.087
113.489 -0.134 -0.283 0.000 -0.208 -0.358 -0.078
113.669 -0.136 -0.283 0.013 -0.211 -0.358 -0.066
113.868 -0.150 -0.294 0.012 -0.203 -0.347 -0.043
114.093 -0.151 -0.293 0.028 -0.207 -0.349 -0.029
114.269 -0.153 -0.290 0.047 -0.213 -0.350 -0.015
114.521 -0.158 -0.291 0.062 -0.214 -0.347 0.005
114.701 -0.146 -0.275 0.102 -0.233 -0.362 0.011
114.888 -0.164 -0.289 0.099 -0.221 -0.346 0.041
115.125 -0.152 -0.273 0.140 -0.238 -0.359 0.049
115.301 -0.168 -0.286 0.141 -0.226 -0.345 0.081
115.498 -0.163 -0.278 0.172 -0.233 -0.349 0.098
115.733 -0.161 -0.275 0.198 -0.236 -0.350 0.119
115.909 -0.162 -0.273 0.221 -0.236 -0.348 0.143
116.098 -0.160 -0.269 0.247 -0.237 -0.347 0.166
116.329 -0.167 -0.275 0.261 -0.229 -0.336 0.197
116.510 -0.167 -0.274 0.285 -0.227 -0.334 0.223
116.698 -0.163 -0.269 0.313 -0.228 -0.333 0.247
116.929 -0.156 -0.260 0.349 -0.232 -0.336 0.269
117.113 -0.157 -0.260 0.374 -0.231 -0.334 0.296
117.298 -0.156 -0.257 0.401 -0.229 -0.330 0.324
117.533 -0.155 -0.255 0.427 -0.226 -0.326 0.352
117.709 -0.151 -0.250 0.457 -0.225 -0.324 0.379
117.898 -0.150 -0.248 0.485 -0.222 -0.320 0.408
118.135 -0.146 -0.243 0.515 -0.220 -0.317 0.437
118.309 -0.147 -0.243 0.537 -0.211 -0.307 0.469
118.498 -0.153 -0.250 0.553 -0.198 -0.294 0.508
118.733 -0.149 -0.246 0.584 -0.193 -0.290 0.539
118.913 -0.148 -0.245 0.610 -0.187 -0.284 0.570
119.098 -0.141 -0.239 0.643 -0.183 -0.281 0.600
119.333 -0.121 -0.219 0.693 -0.194 -0.293 0.615
119.510 -0.103 -0.205 0.739 -0.198 -0.301 0.640
119.698 -0.079 -0.184 0.803 -0.210 -0.316 0.672
119.933 0.006 -0.102 0.954 -0.277 -0.386 0.771
120.109 0.081 -0.030 1.009 -0.332 -0.443 0.823
120.361 0.167 0.051 1.041 -0.393 -0.508 0.856
120.541 0.251 0.131 1.069 -0.451 -0.570 0.884
120.728 0.342 0.217 1.100 -0.513 -0.637 0.915
120.961 1.075 0.110 0.402 0.920 -0.044 0.254
121.145 1.372 0.267 1.074 1.072 -0.035 0.889
121.328 1.672 0.434 1.246 1.232 -0.018 1.059
121.565 -0.039 -0.222 0.993 -0.109 -0.292 0.921
121.741 -0.056 -0.314 1.155 -0.258 -0.516 0.984
121.938 -0.020 -0.251 1.165 -0.200 -0.431 1.004
122.173 -0.060 -0.358 1.281 -0.389 -0.684 1.096
122.349 -0.115 -0.464 1.312 -0.584 -0.927 1.126
122.557 1.054 0.050 0.298 0.979 -0.024 0.223
122.782 1.200 0.110 0.521 1.049 -0.040 0.377
122.962 0.243 -0.159 0.936 0.153 -0.249 0.843
123.158 0.498 -0.054 0.721 0.348 -0.199 0.581
123.381 0.019 -0.170 1.018 -0.094 -0.283 0.903
123.565 -0.006 0.012 1.172 -0.275 -0.259 0.989
123.758 -0.058 0.183 1.191 -0.463 -0.227 1.005
123.986 -0.120 0.362 1.172 -0.664 -0.194 0.985
124.172 1.123 0.062 0.629 0.921 -0.142 0.460
124.405 -0.014 -0.304 0.805 -0.068 -0.358 0.750
124.581 0.023 -0.294 0.779 -0.048 -0.366 0.704
124.770 0.052 -0.280 0.747 -0.031 -0.362 0.661
125.001 0.060 -0.271 0.676 0.004 -0.328 0.618
125.181 0.099 -0.253 0.630 0.054 -0.298 0.584
125.368 0.159 -0.225 0.608 0.105 -0.278 0.553
125.601 0.213 -0.193 0.586 0.158 -0.248 0.529
125.782 0.260 -0.165 0.589 0.182 -0.244 0.506
125.968 0.268 -0.172 0.567 0.218 -0.222 0.516
126.202 0.283 -0.172 0.558 0.235 -0.220 0.509
126.381 0.296 -0.172 0.539 0.245 -0.223 0.487
126.568 0.301 -0.176 0.510 0.251 -0.226 0.459
126.802 0.286 -0.188 0.475 0.239 -0.236 0.426
127.002 0.265 -0.196 0.448 0.202 -0.259 0.383
127.197 0.231 -0.212 0.415 0.167 -0.276 0.349
127.421 0.189 -0.233 0.378 0.132 -0.290 0.319
127.609 0.158 -0.249 0.335 0.105 -0.303 0.280
127.808 0.141 -0.255 0.297 0.079 -0.316 0.234
128.033 0.116 -0.269 0.242 0.064 -0.322 0.189
128.209 0.100 -0.276 0.195 0.040 -0.335 0.134
128.408 0.097 -0.271 0.159 0.016 -0.353 0.073
128.635 0.095 -0.281 0.099 0.039 -0.337 0.042
128.809 0.095 -0.285 0.069 0.046 -0.334 0.019
129.008 0.093 -0.282 0.044 0.037 -0.338 -0.013
129.229 0.088 -0.281 0.008 0.026 -0.343 -0.055
129.409 0.074 -0.288 -0.041 0.019 -0.343 -0.097
129.608 0.061 -0.296 -0.078 0.015 -0.342 -0.125
129.837 0.054 -0.298 -0.099 0.007 -0.346 -0.147
130.009 0.045 -0.300 -0.121 -0.004 -0.348 -0.171
130.241 0.049 -0.290 -0.121 -0.027 -0.366 -0.201
130.422 0.041 -0.292 -0.139 -0.032 -0.365 -0.216
130.608 0.033 -0.295 -0.164 -0.038 -0.366 -0.239
130.845 0.027 -0.297 -0.182 -0.044 -0.368 -0.257
131.025 0.022 -0.295 -0.192 -0.050 -0.368 -0.267
131.207 0.021 -0.291 -0.192 -0.060 -0.372 -0.277
131.441 0.010 -0.296 -0.204 -0.063 -0.370 -0.279
131.625 -0.003 -0.305 -0.217 -0.064 -0.366 -0.281
131.807 -0.009 -0.306 -0.219 -0.072 -0.368 -0.284
132.041 -0.014 -0.308 -0.219 -0.079 -0.373 -0.286
132.221 -0.023 -0.310 -0.222 -0.086 -0.373 -0.288
132.407 -0.031 -0.314 -0.225 -0.093 -0.376 -0.289
132.645 -0.023 -0.302 -0.204 -0.115 -0.394 -0.301
132.821 -0.047 -0.324 -0.234 -0.103 -0.380 -0.291
133.008 -0.056 -0.330 -0.240 -0.107 -0.381 -0.292
133.241 -0.061 -0.333 -0.244 -0.113 -0.384 -0.296
133.425 -0.068 -0.337 -0.248 -0.117 -0.386 -0.298
133.607 -0.074 -0.340 -0.252 -0.123 -0.390 -0.302
133.841 -0.079 -0.342 -0.255 -0.129 -0.393 -0.306
134.025 -0.084 -0.344 -0.259 -0.135 -0.395 -0.310
134.207 -0.090 -0.347 -0.262 -0.141 -0.398 -0.315
134.441 -0.095 -0.349 -0.266 -0.146 -0.400 -0.318
134.621 -0.099 -0.350 -0.268 -0.153 -0.404 -0.323
134.807 -0.104 -0.351 -0.270 -0.159 -0.406 -0.327
135.045 -0.103 -0.348 -0.266 -0.169 -0.414 -0.335
135.225 -0.108 -0.351 -0.269 -0.173 -0.416 -0.337
135.407 -0.112 -0.353 -0.271 -0.178 -0.419 -0.340
135.641 -0.116 -0.355 -0.273 -0.182 -0.422 -0.342
135.821 -0.119 -0.356 -0.274 -0.188 -0.425 -0.345
136.007 -0.115 -0.350 -0.264 -0.198 -0.433 -0.350
136.245 -0.121 -0.355 -0.269 -0.199 -0.434 -0.352
136.421 -0.131 -0.365 -0.279 -0.198 -0.432 -0.349
136.607 -0.136 -0.367 -0.281 -0.202 -0.433 -0.350
136.841 -0.134 -0.364 -0.274 -0.211 -0.440 -0.354
137.021 -0.135 -0.363 -0.272 -0.215 -0.443 -0.355
137.207 -0.141 -0.369 -0.277 -0.217 -0.444 -0.355
137.441 -0.144 -0.371 -0.277 -0.220 -0.446 -0.356
137.625 -0.156 -0.382 -0.290 -0.215 -0.441 -0.350
137.807 -0.158 -0.382 -0.288 -0.219 -0.443 -0.351
138.041 -0.161 -0.383 -0.288 -0.223 -0.446 -0.353
138.221 -0.164 -0.385 -0.288 -0.227 -0.448 -0.353
138.407 -0.160 -0.380 -0.280 -0.236 -0.456 -0.359
138.641 -0.171 -0.390 -0.293 -0.231 -0.450 -0.354
138.821 -0.169 -0.387 -0.286 -0.238 -0.456 -0.357
139.007 -0.159 -0.376 -0.266 -0.253 -0.470 -0.365
139.245 -0.173 -0.389 -0.285 -0.244 -0.460 -0.358
139.421 -0.177 -0.394 -0.287 -0.245 -0.462 -0.357
139.607 -0.180 -0.396 -0.287 -0.248 -0.464 -0.357
139.845 -0.182 -0.397 -0.287 -0.250 -0.464 -0.357
140.025 -0.182 -0.396 -0.284 -0.253 -0.467 -0.358
140.207 -0.186 -0.399 -0.286 -0.255 -0.468 -0.357
140.441 -0.192 -0.404 -0.291 -0.253 -0.466 -0.354
140.621 -0.194 -0.405 -0.290 -0.257 -0.469 -0.354
140.807 -0.197 -0.408 -0.291 -0.258 -0.469 -0.353
141.045 -0.197 -0.407 -0.290 -0.260 -0.470 -0.354
141.221 -0.199 -0.409 -0.288 -0.263 -0.473 -0.354
141.407 -0.203 -0.412 -0.290 -0.265 -0.474 -0.353
141.641 -0.204 -0.413 -0.287 -0.268 -0.477 -0.353
141.821 -0.194 -0.403 -0.269 -0.281 -0.491 -0.360
142.007 -0.207 -0.416 -0.287 -0.271 -0.480 -0.352
142.241 -0.209 -0.419 -0.287 -0.272 -0.482 -0.351
142.425 -0.210 -0.419 -0.285 -0.274 -0.484 -0.351
142.607 -0.212 -0.422 -0.285 -0.277 -0.487 -0.350
142.845 -0.213 -0.423 -0.284 -0.277 -0.488 -0.350
143.021 -0.214 -0.424 -0.283 -0.279 -0.489 -0.349
143.207 -0.215 -0.426 -0.283 -0.280 -0.490 -0.349
143.445 -0.215 -0.425 -0.283 -0.281 -0.491 -0.350
143.621 -0.215 -0.426 -0.282 -0.283 -0.494 -0.350
143.807 -0.216 -0.425 -0.282 -0.284 -0.493 -0.351
144.041 -0.218 -0.427 -0.283 -0.285 -0.494 -0.352
144.221 -0.218 -0.427 -0.282 -0.288 -0.496 -0.353
144.407 -0.220 -0.430 -0.284 -0.289 -0.499 -0.354
144.645 -0.221 -0.431 -0.284 -0.291 -0.501 -0.355
144.821 -0.194 -0.405 -0.236 -0.320 -0.530 -0.363
145.008 -0.214 -0.425 -0.272 -0.302 -0.513 -0.363
145.241 -0.216 -0.427 -0.275 -0.303 -0.514 -0.366
145.421 -0.202 -0.414 -0.257 -0.309 -0.521 -0.367
145.607 -0.213 -0.425 -0.276 -0.299 -0.511 -0.364
145.845 -0.218 -0.431 -0.284 -0.296 -0.509 -0.364
146.021 -0.222 -0.436 -0.290 -0.295 -0.509 -0.364
146.207 -0.213 -0.428 -0.276 -0.304 -0.518 -0.369
146.441 -0.217 -0.432 -0.282 -0.302 -0.517 -0.368
146.621 -0.227 -0.444 -0.294 -0.299 -0.515 -0.367
146.807 -0.219 -0.437 -0.280 -0.310 -0.528 -0.373
147.041 -0.223 -0.441 -0.284 -0.310 -0.528 -0.373
147.225 -0.227 -0.445 -0.288 -0.308 -0.527 -0.371
147.407 -0.228 -0.447 -0.289 -0.309 -0.528 -0.371
147.641 -0.228 -0.448 -0.288 -0.309 -0.529 -0.371
147.821 -0.229 -0.449 -0.287 -0.310 -0.531 -0.371
148.007 -0.226 -0.446 -0.279 -0.316 -0.537 -0.371
148.245 -0.228 -0.450 -0.282 -0.316 -0.537 -0.372
148.421 -0.228 -0.450 -0.281 -0.317 -0.539 -0.372
148.608 -0.230 -0.452 -0.280 -0.319 -0.540 -0.371
148.841 -0.231 -0.454 -0.280 -0.319 -0.541 -0.370
149.021 -0.232 -0.455 -0.278 -0.321 -0.543 -0.370
149.207 -0.232 -0.456 -0.278 -0.321 -0.545 -0.370
149.441 -0.240 -0.464 -0.288 -0.316 -0.540 -0.365
149.625 -0.236 -0.460 -0.279 -0.323 -0.547 -0.368
149.807 -0.234 -0.459 -0.275 -0.326 -0.551 -0.370
150.041 -0.233 -0.460 -0.275 -0.326 -0.552 -0.370
150.221 -0.235 -0.462 -0.276 -0.328 -0.554 -0.371
150.407 -0.236 -0.463 -0.276 -0.329 -0.556 -0.371
150.641 -0.236 -0.465 -0.275 -0.330 -0.559 -0.371
150.825 -0.237 -0.466 -0.276 -0.331 -0.560 -0.372
151.007 -0.239 -0.467 -0.276 -0.332 -0.560 -0.371
151.241 -0.238 -0.469 -0.276 -0.333 -0.564 -0.373
151.425 -0.241 -0.470 -0.276 -0.336 -0.565 -0.373
151.607 -0.245 -0.474 -0.281 -0.334 -0.564 -0.372
151.845 -0.265 -0.491 -0.309 -0.322 -0.548 -0.367
152.021 -0.214 -0.438 -0.211 -0.380 -0.604 -0.368
152.207 1.295 0.158 0.040 1.217 0.081 -0.039
152.445 -0.254 -0.482 -0.267 -0.332 -0.560 -0.348
152.621 -0.308 -0.504 -0.240 -0.380 -0.575 -0.315
152.807 -0.307 -0.506 -0.252 -0.371 -0.569 -0.317
153.041 -0.311 -0.461 -0.074 -0.541 -0.691 -0.251
153.225 0.926 0.150 -0.138 0.871 0.095 -0.194
153.407 0.954 0.161 -0.156 0.893 0.100 -0.218
153.645 1.069 0.344 -0.169 0.856 0.129 -0.343
153.825 1.049 0.146 -0.133 0.984 0.081 -0.199
154.007 1.090 0.141 -0.119 1.011 0.062 -0.200
154.241 1.150 0.170 -0.130 1.017 0.037 -0.263
154.421 1.165 0.214 -0.125 1.024 0.072 -0.264
154.607 1.280 0.336 -0.346 0.995 0.049 -0.529
154.841 1.390 0.452 -0.441 0.975 0.033 -0.626
155.025 1.504 0.572 -0.487 0.956 0.018 -0.672
155.207 1.626 0.702 -0.511 0.935 0.002 -0.697
155.441 1.755 0.842 -0.527 0.911 -0.014 -0.712
155.621 1.901 1.000 -0.537 0.883 -0.031 -0.722
155.838 2.064 1.178 -0.543 0.849 -0.052 -0.729
156.061 2.220 1.350 -0.544 0.813 -0.074 -0.730
156.242 2.385 1.529 -0.545 0.772 -0.103 -0.731
156.438 1.178 -0.040 0.010 1.103 -0.115 -0.061
156.665 1.217 0.020 -0.302 1.010 -0.186 -0.473
156.841 1.264 0.095 -0.579 0.909 -0.259 -0.763
157.081 1.317 0.172 -0.592 0.790 -0.353 -0.777
157.268 1.365 0.237 -0.546 0.679 -0.447 -0.730
157.501 1.415 0.300 -0.488 0.560 -0.554 -0.672
157.682 1.477 0.367 -0.436 0.440 -0.668 -0.621
157.868 1.565 0.450 -0.384 0.334 -0.778 -0.568
158.104 1.667 0.539 -0.324 0.228 -0.894 -0.509
158.281 1.782 0.634 -0.267 0.109 -1.029 -0.452
158.478 1.906 0.736 -0.227 -0.002 -1.160 -0.412
158.701 2.033 0.844 -0.206 -0.124 -1.300 -0.391
158.885 2.166 0.957 -0.185 -0.254 -1.449 -0.370
159.078 2.302 1.071 -0.166 -0.403 -1.616 -0.351
159.301 2.444 1.189 -0.156 -0.567 -1.795 -0.340
159.481 2.595 1.314 -0.143 -0.738 -1.984 -0.327
159.678 2.756 1.444 -0.125 -0.917 -2.181 -0.310
159.905 2.926 1.578 -0.102 -1.098 -2.382 -0.287
160.083 3.119 1.734 -0.087 -1.250 -2.560 -0.273
160.277 3.319 1.897 -0.070 -1.369 -2.731 -0.258
160.505 3.511 2.060 -0.051 -1.469 -2.908 -0.239
160.681 3.699 2.225 -0.028 -1.569 -3.100 -0.216
160.921 3.906 2.407 -0.003 -1.687 -3.321 -0.189
161.101 4.125 2.593 0.023 -1.818 -3.549 -0.163
161.297 4.365 2.793 0.054 -1.987 -3.812 -0.131
161.521 -0.328 -0.401 0.043 -0.572 -0.639 -0.132
161.705 -0.357 -0.450 -0.013 -0.434 -0.527 -0.092
161.897 -0.260 -0.382 0.038 -0.421 -0.542 -0.114
162.121 -0.177 -0.300 0.160 -0.494 -0.612 -0.026
162.305 -0.256 -0.415 0.018 -0.331 -0.490 -0.059
162.497 -0.244 -0.412 0.042 -0.318 -0.486 -0.035
162.725 -0.242 -0.416 0.054 -0.294 -0.468 0.000
162.918 -0.228 -0.406 0.084 -0.281 -0.459 0.030
163.145 -0.219 -0.402 0.109 -0.269 -0.452 0.058
163.328 -0.175 -0.363 0.185 -0.289 -0.478 0.066
163.561 -0.184 -0.377 0.182 -0.260 -0.454 0.102
163.745 -0.172 -0.372 0.210 -0.249 -0.448 0.130
163.927 -0.162 -0.366 0.235 -0.237 -0.441 0.157
164.165 -0.153 -0.362 0.248 -0.228 -0.437 0.170
164.346 -0.154 -0.368 0.230 -0.213 -0.427 0.169
164.537 -0.151 -0.368 0.214 -0.208 -0.426 0.155
164.761 -0.151 -0.369 0.191 -0.213 -0.431 0.126
164.941 -0.165 -0.382 0.148 -0.211 -0.427 0.101
165.138 -0.174 -0.387 0.115 -0.221 -0.434 0.067
165.362 -0.172 -0.378 0.103 -0.246 -0.453 0.025
165.545 -0.182 -0.383 0.084 -0.257 -0.458 0.006
165.739 -0.201 -0.399 0.051 -0.252 -0.450 -0.001
165.965 -0.201 -0.396 0.050 -0.266 -0.460 -0.017
166.141 -0.203 -0.395 0.050 -0.274 -0.467 -0.024
166.347 -0.212 -0.401 0.042 -0.275 -0.464 -0.023
166.582 -0.215 -0.401 0.045 -0.281 -0.467 -0.023
166.765 -0.220 -0.402 0.052 -0.288 -0.471 -0.019
166.958 -0.226 -0.404 0.061 -0.295 -0.474 -0.011
167.185 -0.221 -0.395 0.088 -0.315 -0.490 -0.011
167.361 -0.246 -0.416 0.075 -0.304 -0.474 0.016
167.557 -0.251 -0.416 0.092 -0.314 -0.479 0.027
167.781 -0.259 -0.418 0.104 -0.323 -0.482 0.038
167.961 -0.272 -0.426 0.092 -0.327 -0.480 0.036
168.158 -0.277 -0.425 0.088 -0.339 -0.487 0.024
168.381 -0.286 -0.431 0.089 -0.343 -0.488 0.032
168.565 -0.295 -0.444 0.089 -0.348 -0.497 0.035
168.801 -0.295 -0.442 0.099 -0.360 -0.507 0.031
168.985 -0.300 -0.444 0.104 -0.363 -0.507 0.038
169.167 -0.303 -0.445 0.112 -0.367 -0.509 0.046
169.405 -0.306 -0.445 0.119 -0.368 -0.507 0.055
169.581 -0.306 -0.443 0.129 -0.373 -0.510 0.059
169.768 -0.232 -0.367 0.277 -0.458 -0.593 0.099
170.005 -0.173 -0.306 0.330 -0.530 -0.663 0.145
170.185 -0.115 -0.245 0.348 -0.602 -0.732 0.163
170.368 0.106 -0.447 0.247 -0.050 -0.603 0.124
170.605 1.117 0.107 0.106 1.049 0.039 0.038
170.781 1.126 0.132 0.189 0.986 -0.007 0.051
170.968 1.127 0.114 0.110 1.054 0.042 0.035
171.201 1.130 0.118 0.111 1.055 0.043 0.034
171.381 1.129 0.113 0.103 1.066 0.049 0.038
171.571 1.133 0.121 0.105 1.061 0.049 0.030
171.805 1.126 0.110 0.082 1.072 0.056 0.026
171.981 1.152 0.144 0.159 1.027 0.019 0.033
172.168 1.199 0.206 0.478 0.923 -0.067 0.295
172.401 1.238 0.257 0.577 0.830 -0.145 0.392
172.581 1.283 0.310 0.611 0.738 -0.225 0.426
172.778 1.170 0.090 -0.113 1.079 -0.000 -0.206
173.001 1.153 0.071 0.088 1.055 -0.028 -0.014
173.181 1.320 0.075 0.485 1.060 -0.190 0.305
173.378 1.173 -0.050 0.273 0.944 -0.264 0.102
173.605 1.279 0.004 0.521 0.913 -0.338 0.338
173.785 1.396 0.058 0.582 0.891 -0.418 0.398
173.978 1.432 0.015 0.070 1.371 -0.046 0.008
174.201 1.457 0.086 0.223 1.294 -0.076 0.071
174.385 1.473 0.194 0.502 1.161 -0.112 0.319
174.578 1.481 0.297 0.560 1.026 -0.147 0.376
174.804 1.490 0.404 0.555 0.886 -0.184 0.371
174.981 1.502 0.521 0.535 0.737 -0.221 0.351
175.178 1.520 0.650 0.516 0.578 -0.256 0.332
175.401 1.304 0.015 0.001 1.214 -0.076 -0.083
175.589 1.173 0.057 -0.075 1.061 -0.056 -0.191
175.787 1.394 0.194 0.375 1.133 -0.068 0.193
176.009 1.615 0.312 0.488 1.221 -0.088 0.302
176.189 1.852 0.421 0.493 1.320 -0.124 0.307
176.388 2.108 0.534 0.486 1.429 -0.170 0.299
176.609 1.384 0.321 0.374 1.218 0.156 0.243
176.797 1.664 0.494 0.507 1.358 0.193 0.327
177.053 1.467 0.215 0.484 1.272 0.021 0.315
177.231 1.456 0.358 0.622 1.109 0.015 0.436
177.438 1.443 0.510 0.648 0.943 0.018 0.461
177.661 -0.081 -0.397 0.398 -0.164 -0.480 0.313
177.849 -0.186 -0.575 0.593 -0.439 -0.828 0.412
178.048 -0.321 -0.791 0.642 -0.730 -1.195 0.454
178.273 -0.453 -1.008 0.654 -1.024 -1.566 0.465
178.458 1.393 0.143 0.449 1.243 -0.008 0.311
178.695 1.412 0.146 0.639 1.154 -0.116 0.459
178.869 1.439 0.224 0.723 1.046 -0.178 0.539
179.058 1.468 0.323 0.749 0.935 -0.226 0.564
179.293 1.502 0.443 0.765 0.820 -0.262 0.580
179.473 1.281 0.083 0.620 1.042 -0.158 0.443
179.658 1.302 0.161 0.784 0.928 -0.219 0.600
179.889 1.104 -0.108 0.580 0.865 -0.353 0.404
180.073 1.355 0.032 0.033 1.279 -0.044 -0.045
180.258 1.411 0.060 0.189 1.268 -0.083 0.049
180.493 1.542 0.116 0.729 1.251 -0.174 0.546
180.673 1.668 0.169 0.892 1.242 -0.256 0.707
180.858 1.795 0.226 0.944 1.229 -0.339 0.759
181.093 1.066 0.019 -0.044 1.004 -0.043 -0.102
181.269 1.037 0.180 0.724 0.808 -0.047 0.549
181.457 1.084 0.095 0.026 1.004 0.015 -0.060
181.693 1.100 0.252 0.745 0.852 0.004 0.564
181.869 1.098 0.393 1.046 0.715 0.013 0.860
182.057 1.094 0.537 1.129 0.575 0.021 0.943
182.289 1.092 0.688 1.165 0.427 0.028 0.979
182.473 0.679 -0.049 0.169 0.603 -0.125 0.091
182.657 0.774 0.050 0.571 0.596 -0.125 0.412
182.889 1.007 0.269 1.157 0.673 -0.055 0.973
183.069 1.237 0.479 1.300 0.752 0.014 1.115
183.268 1.483 0.702 1.349 0.835 0.083 1.164
183.489 0.888 0.215 0.498 0.750 0.077 0.371
183.674 0.964 0.386 1.148 0.682 0.105 0.967
183.913 1.058 0.587 1.374 0.625 0.160 1.189
184.089 1.155 0.783 1.422 0.575 0.217 1.237
184.288 1.257 0.993 1.435 0.517 0.276 1.250
184.514 1.083 -0.006 0.260 0.977 -0.111 0.165
184.689 1.037 -0.034 -0.058 0.967 -0.104 -0.130
184.888 1.033 -0.028 -0.054 0.956 -0.105 -0.133
185.109 1.034 -0.011 0.005 0.935 -0.110 -0.098
185.289 1.031 -0.021 -0.065 0.957 -0.095 -0.140
185.529 1.037 -0.016 -0.045 0.959 -0.094 -0.125
185.733 1.044 -0.011 -0.022 0.962 -0.093 -0.108
185.909 0.198 -0.509 0.934 0.054 -0.653 0.792
186.107 0.169 -0.674 1.218 -0.131 -0.970 1.033
186.329 0.141 -0.875 1.202 -0.312 -1.314 1.015
186.527 0.127 -1.112 1.130 -0.496 -1.698 0.942
186.761 0.118 -1.365 1.057 -0.685 -2.099 0.868
186.941 -0.148 -0.591 0.680 -0.215 -0.658 0.611
187.128 -0.156 -0.575 0.791 -0.347 -0.766 0.624
187.362 -0.189 -0.592 0.834 -0.520 -0.922 0.649
187.546 -0.234 -0.608 0.817 -0.701 -1.073 0.631
187.728 -0.292 -0.612 0.731 -0.901 -1.221 0.545
187.961 -0.350 -0.604 0.673 -1.110 -1.369 0.487
188.145 -0.408 -0.588 0.607 -1.330 -1.521 0.421
188.327 -0.461 -0.564 0.559 -1.557 -1.681 0.372
188.565 -0.155 -0.399 0.246 -0.195 -0.439 0.205
188.741 -0.129 -0.373 0.201 -0.178 -0.422 0.151
188.927 -0.107 -0.353 0.180 -0.168 -0.414 0.118
189.163 -0.095 -0.346 0.153 -0.149 -0.399 0.098
189.341 -0.075 -0.336 0.139 -0.125 -0.386 0.087
189.528 -0.053 -0.324 0.130 -0.103 -0.373 0.079
189.773 -0.035 -0.310 0.129 -0.094 -0.369 0.068
189.953 -0.015 -0.291 0.138 -0.094 -0.371 0.055
190.147 -0.007 -0.279 0.140 -0.091 -0.363 0.052
190.369 -0.026 -0.291 0.122 -0.075 -0.340 0.073
190.549 -0.025 -0.283 0.119 -0.076 -0.335 0.067
190.748 -0.022 -0.274 0.112 -0.080 -0.332 0.053
190.981 -0.015 -0.261 0.118 -0.087 -0.332 0.044
191.166 -0.020 -0.259 0.118 -0.087 -0.326 0.047
191.358 -0.018 -0.252 0.123 -0.087 -0.320 0.050
191.581 -0.020 -0.247 0.123 -0.082 -0.309 0.059
191.765 -0.015 -0.238 0.132 -0.082 -0.305 0.062
191.957 -0.020 -0.239 0.127 -0.078 -0.297 0.067
192.181 -0.017 -0.233 0.129 -0.077 -0.292 0.067
192.361 -0.016 -0.227 0.129 -0.077 -0.288 0.065
192.557 -0.018 -0.226 0.123 -0.074 -0.282 0.065
192.785 -0.005 -0.209 0.140 -0.088 -0.292 0.053
192.961 -0.019 -0.219 0.119 -0.078 -0.277 0.058
193.157 -0.019 -0.215 0.118 -0.081 -0.277 0.054
193.381 -0.018 -0.209 0.120 -0.086 -0.277 0.049
193.561 -0.023 -0.209 0.113 -0.087 -0.273 0.047
193.757 -0.026 -0.208 0.109 -0.089 -0.271 0.043
193.985 -0.030 -0.207 0.104 -0.091 -0.269 0.040
194.161 -0.031 -0.205 0.101 -0.094 -0.268 0.036
194.357 -0.033 -0.204 0.097 -0.096 -0.267 0.032
194.581 -0.036 -0.205 0.091 -0.096 -0.264 0.030
194.765 -0.034 -0.199 0.093 -0.100 -0.266 0.024
194.958 -0.033 -0.197 0.092 -0.102 -0.266 0.020
195.181 -0.036 -0.198 0.087 -0.102 -0.263 0.019
195.361 -0.045 -0.203 0.074 -0.096 -0.255 0.022
195.557 -0.045 -0.201 0.074 -0.099 -0.254 0.019
195.785 -0.048 -0.200 0.072 -0.101 -0.253 0.017
195.965 -0.050 -0.199 0.070 -0.103 -0.251 0.016
196.157 -0.049 -0.193 0.075 -0.111 -0.255 0.011
196.381 -0.052 -0.192 0.074 -0.114 -0.254 0.009
196.561 -0.056 -0.192 0.072 -0.116 -0.252 0.009
196.757 -0.050 -0.182 0.084 -0.127 -0.260 0.002
196.985 -0.040 -0.170 0.103 -0.142 -0.271 -0.003
197.165 0.035 -0.091 0.261 -0.222 -0.348 0.080
197.357 -0.067 -0.191 0.065 -0.124 -0.248 0.006
197.581 -0.069 -0.191 0.058 -0.126 -0.248 -0.001
197.761 -0.071 -0.191 0.052 -0.128 -0.248 -0.008
197.957 -0.075 -0.193 0.044 -0.128 -0.246 -0.010
198.181 -0.076 -0.193 0.041 -0.130 -0.247 -0.014
198.361 -0.078 -0.193 0.038 -0.131 -0.247 -0.017
198.557 -0.076 -0.190 0.040 -0.136 -0.250 -0.021
198.785 -0.082 -0.196 0.033 -0.132 -0.246 -0.018
198.961 -0.070 -0.182 0.052 -0.147 -0.260 -0.030
199.157 -0.069 -0.181 0.053 -0.150 -0.261 -0.031
199.385 -0.085 -0.196 0.033 -0.137 -0.248 -0.020
199.565 -0.086 -0.196 0.034 -0.138 -0.248 -0.019
199.758 -0.087 -0.196 0.034 -0.138 -0.248 -0.019
199.985 -0.073 -0.182 0.056 -0.154 -0.264 -0.029
200.161 -0.089 -0.197 0.035 -0.140 -0.249 -0.018
200.357 -0.075 -0.183 0.056 -0.155 -0.264 -0.028
200.581 -0.090 -0.198 0.037 -0.143 -0.250 -0.017
200.761 -0.090 -0.197 0.038 -0.144 -0.251 -0.017
200.957 -0.091 -0.198 0.038 -0.143 -0.251 -0.015
201.181 -0.091 -0.199 0.039 -0.144 -0.252 -0.015
201.365 -0.090 -0.198 0.042 -0.146 -0.254 -0.016
201.557 -0.093 -0.200 0.040 -0.146 -0.253 -0.015
201.781 -0.095 -0.203 0.038 -0.144 -0.252 -0.013
201.965 -0.094 -0.202 0.040 -0.146 -0.254 -0.014
202.157 -0.095 -0.202 0.040 -0.148 -0.255 -0.014
202.381 -0.097 -0.205 0.039 -0.147 -0.255 -0.012
202.561 -0.097 -0.205 0.040 -0.149 -0.257 -0.013
202.757 -0.097 -0.207 0.041 -0.150 -0.260 -0.013
202.981 -0.098 -0.209 0.041 -0.151 -0.262 -0.013
203.161 -0.090 -0.203 0.061 -0.168 -0.280 -0.021
203.357 -0.102 -0.215 0.066 -0.181 -0.294 -0.016
203.585 -0.114 -0.229 0.070 -0.193 -0.307 -0.012
203.765 -0.125 -0.241 0.072 -0.202 -0.318 -0.009
203.957 -0.148 -0.262 0.057 -0.202 -0.316 0.002
204.181 -0.159 -0.271 0.056 -0.209 -0.321 0.005
204.365 -0.169 -0.277 0.056 -0.218 -0.326 0.006
204.558 -0.174 -0.280 0.059 -0.227 -0.333 0.005
204.782 -0.171 -0.273 0.075 -0.245 -0.347 -0.003
204.961 -0.177 -0.276 0.074 -0.251 -0.350 -0.004
205.158 -0.182 -0.279 0.074 -0.256 -0.353 -0.004
205.385 -0.200 -0.294 0.054 -0.248 -0.342 0.005
205.565 -0.181 -0.271 0.091 -0.279 -0.370 -0.013
205.757 -0.206 -0.292 0.059 -0.264 -0.350 -0.001
205.981 -0.207 -0.289 0.063 -0.274 -0.356 -0.007
206.165 -0.213 -0.290 0.061 -0.279 -0.356 -0.008
206.357 -0.218 -0.289 0.062 -0.285 -0.357 -0.009
206.581 -0.224 -0.289 0.062 -0.291 -0.357 -0.009
206.761 -0.230 -0.288 0.062 -0.298 -0.357 -0.009
206.957 -0.239 -0.291 0.057 -0.300 -0.352 -0.007
207.181 -0.247 -0.293 0.055 -0.303 -0.349 -0.004
207.361 -0.252 -0.292 0.056 -0.308 -0.349 -0.003
207.557 -0.255 -0.290 0.059 -0.315 -0.350 -0.003
207.781 -0.260 -0.290 0.059 -0.319 -0.349 -0.002
207.961 -0.266 -0.292 0.058 -0.321 -0.346 0.002
208.157 -0.268 -0.290 0.061 -0.325 -0.347 0.001
208.381 -0.267 -0.285 0.068 -0.332 -0.350 0.001
208.561 -0.273 -0.287 0.067 -0.333 -0.347 0.005
208.757 -0.274 -0.284 0.071 -0.339 -0.349 0.004
208.981 -0.276 -0.282 0.076 -0.345 -0.351 0.005
209.161 -0.280 -0.282 0.076 -0.347 -0.349 0.006
209.358 -0.283 -0.281 0.076 -0.350 -0.348 0.007
209.585 -0.289 -0.283 0.075 -0.351 -0.345 0.011
209.761 -0.292 -0.283 0.076 -0.353 -0.344 0.012
209.957 -0.295 -0.283 0.077 -0.357 -0.345 0.014
210.185 -0.299 -0.284 0.079 -0.359 -0.345 0.015
210.361 -0.301 -0.285 0.083 -0.365 -0.348 0.017
210.557 -0.313 -0.292 0.089 -0.378 -0.357 0.022
210.781 -0.345 -0.322 0.097 -0.406 -0.382 0.035
210.961 -0.374 -0.349 0.107 -0.432 -0.408 0.047
211.157 -0.400 -0.379 0.114 -0.457 -0.436 0.055
211.381 -0.421 -0.407 0.127 -0.486 -0.472 0.061
211.561 -0.408 -0.401 0.193 -0.541 -0.533 0.060
211.757 -0.357 -0.349 0.322 -0.635 -0.627 0.139
211.981 -0.316 -0.307 0.350 -0.723 -0.714 0.165
212.161 -0.275 -0.265 0.349 -0.814 -0.805 0.163
212.357 -0.231 -0.221 0.348 -0.911 -0.902 0.162
212.581 -0.184 -0.174 0.339 -1.014 -1.006 0.153
212.765 -0.131 -0.125 0.324 -1.124 -1.119 0.138
212.960 -0.073 -0.071 0.309 -1.240 -1.240 0.123
213.185 -0.008 -0.014 0.293 -1.364 -1.370 0.107
213.361 0.061 0.049 0.279 -1.497 -1.507 0.093
213.557 0.135 0.119 0.270 -1.639 -1.650 0.085
213.781 0.216 0.196 0.263 -1.789 -1.800 0.077
213.961 0.303 0.281 0.258 -1.948 -1.955 0.073
214.157 0.398 0.376 0.258 -2.113 -2.117 0.073
214.385 0.502 0.478 0.262 -2.283 -2.287 0.076
214.571 0.619 0.593 0.267 -2.469 -2.476 0.081
214.801 0.739 0.708 0.275 -2.654 -2.666 0.089
214.981 0.867 0.829 0.287 -2.847 -2.868 0.101
215.168 1.000 0.954 0.301 -3.053 -3.082 0.115
215.401 1.141 1.084 0.319 -3.269 -3.306 0.133
215.581 1.285 1.223 0.335 -3.499 -3.539 0.149
215.768 1.436 1.369 0.352 -3.741 -3.780 0.167
216.001 1.594 1.525 0.368 -3.992 -4.029 0.182
216.181 1.757 1.687 0.390 -4.256 -4.290 0.205
216.368 1.929 1.862 0.408 -4.529 -4.557 0.223
216.625 2.127 2.064 0.434 -4.842 -4.864 0.248
216.805 2.314 2.258 0.452 -5.138 -5.150 0.266
216.988 2.510 2.462 0.473 -5.444 -5.447 0.287
217.221 2.711 2.675 0.493 -5.762 -5.754 0.308
217.405 2.923 2.897 0.519 -6.000 -6.000 0.333
217.588 3.140 3.129 0.540 -6.000 -6.000 0.354
217.825 3.367 3.370 0.565 -6.000 -6.000 0.379
218.002 3.602 3.619 0.593 -6.000 -6.000 0.407
218.188 3.845 3.881 0.617 -6.000 -6.000 0.432
218.421 4.097 4.149 0.647 -6.000 -6.000 0.461
218.601 4.358 4.431 0.673 -6.000 -6.000 0.488
218.788 4.627 4.726 0.698 -6.000 -6.000 0.512
219.021 4.904 5.029 0.723 -6.000 -6.000 0.537
219.201 5.190 5.340 0.751 -6.000 -6.000 0.566
219.388 5.483 5.664 0.777 -6.000 -6.000 0.591
219.625 5.790 5.995 0.808 -6.000 -6.000 0.623
219.801 6.000 6.000 0.837 -6.000 -6.000 0.651
219.988 6.000 6.000 0.867 -6.000 -6.000 0.681
220.225 6.000 6.000 0.894 -6.000 -6.000 0.708
220.406 6.000 6.000 0.925 -6.000 -6.000 0.740
220.588 6.000 6.000 0.952 -6.000 -6.000 0.766
220.821 6.000 6.000 0.982 -6.000 -6.000 0.796
221.005 6.000 6.000 1.011 -6.000 -6.000 0.826
221.188 6.000 6.000 1.042 -6.000 -6.000 0.856
221.421 6.000 6.000 1.073 -6.000 -6.000 0.887
221.601 6.000 6.000 1.104 -6.000 -6.000 0.918
221.841 6.000 6.000 1.134 -6.000 -6.000 0.948
222.021 6.000 6.000 1.158 -6.000 -6.000 0.972
222.208 6.000 6.000 1.187 -6.000 -6.000 1.001
222.441 6.000 6.000 1.218 -6.000 -6.000 1.032
222.621 6.000 6.000 1.246 -6.000 -6.000 1.060
222.817 6.000 6.000 1.275 -6.000 -6.000 1.089
223.041 6.000 6.000 1.303 -6.000 -6.000 1.117
223.221 6.000 6.000 1.332 -6.000 -6.000 1.145
223.418 6.000 6.000 1.354 -6.000 -6.000 1.167
223.641 6.000 6.000 1.383 -6.000 -6.000 1.194
223.821 6.000 6.000 1.408 -6.000 -6.000 1.219
224.019 6.000 6.000 1.435 -6.000 -6.000 1.246
224.241 6.000 6.000 1.458 -6.000 -6.000 1.270
224.422 6.000 6.000 1.482 -6.000 -6.000 1.294
224.665 6.000 6.000 1.509 -6.000 -6.000 1.321
224.845 6.000 6.000 1.532 -6.000 -6.000 1.345
225.027 6.000 6.000 1.555 -6.000 -6.000 1.367
225.265 6.000 6.000 1.583 -6.000 -6.000 1.396
225.441 6.000 6.000 1.607 -6.000 -6.000 1.419
225.628 6.000 6.000 1.633 -6.000 -6.000 1.446
225.865 6.000 6.000 1.662 -6.000 -6.000 1.475
226.048 6.000 6.000 1.688 -6.000 -6.000 1.502
226.285 6.000 6.000 1.716 -6.000 -6.000 1.530
226.469 6.000 6.000 1.738 -6.000 -6.000 1.552
226.658 6.000 6.000 1.768 -6.000 -6.000 1.582
226.889 6.000 6.000 1.798 -6.000 -6.000 1.612
227.069 6.000 6.000 1.820 -6.000 -6.000 1.633
227.278 6.000 6.000 1.840 -6.000 -6.000 1.654
227.501 6.000 6.000 1.853 -6.000 -6.000 1.667
227.681 6.000 6.000 1.858 -6.000 -6.000 1.672
227.878 -0.551 -0.080 0.650 -0.724 -0.242 0.495
228.101 -0.876 -0.186 2.068 -1.298 -0.645 1.866
228.285 -0.917 -0.554 2.198 -1.621 -1.340 2.001
228.477 -1.092 -1.332 2.105 -2.111 -2.434 1.907
228.701 -1.456 -2.467 1.988 -2.833 -3.836 1.783
228.885 -1.777 -3.539 1.907 -3.577 -5.151 1.700
229.133 -1.989 -4.531 1.865 -4.347 -6.000 1.659
229.309 -2.108 -5.367 1.847 -5.051 -6.000 1.642
229.501 -2.193 -6.000 1.845 -5.786 -6.000 1.640
229.729 -2.261 -6.000 1.846 -6.000 -6.000 1.640
229.909 -2.300 -6.000 1.847 -6.000 -6.000 1.640
230.108 -2.310 -6.000 1.846 -6.000 -6.000 1.638
230.333 -2.288 -6.000 1.849 -6.000 -6.000 1.641
230.509 -2.238 -6.000 1.844 -6.000 -6.000 1.636
230.708 -2.166 -6.000 1.841 -6.000 -6.000 1.632
230.933 -2.069 -6.000 1.841 -6.000 -6.000 1.631
231.109 -1.945 -6.000 1.844 -6.000 -6.000 1.633
231.308 -1.795 -6.000 1.847 -6.000 -6.000 1.636
231.529 -1.611 -6.000 1.852 -6.000 -6.000 1.640
231.709 -1.394 -6.000 1.850 -6.000 -6.000 1.637
231.908 -1.150 -6.000 1.848 -6.000 -6.000 1.635
232.134 -0.878 -6.000 1.850 -6.000 -6.000 1.636
232.309 -0.575 -6.000 1.847 -6.000 -6.000 1.633
232.509 -0.240 -6.000 1.846 -6.000 -6.000 1.631
232.729 0.145 -6.000 1.849 -6.000 -6.000 1.633
232.918 0.547 -6.000 1.850 -6.000 -6.000 1.633
233.153 0.984 -6.000 1.851 -6.000 -6.000 1.633
233.331 1.456 -6.000 1.852 -6.000 -6.000 1.634
233.517 1.963 -6.000 1.848 -6.000 -6.000 1.630
233.753 2.503 -6.000 1.851 -6.000 -6.000 1.632
233.929 3.082 -6.000 1.852 -6.000 -6.000 1.633
234.117 -1.075 0.177 0.198 -1.191 0.039 0.071
234.349 -3.417 2.504 1.971 -3.918 1.845 1.737
234.529 -6.000 4.410 2.023 -6.000 2.986 1.789
234.769 -6.000 6.000 1.886 -6.000 4.071 1.647
234.973 -6.000 6.000 1.858 -6.000 5.157 1.619
235.157 -6.000 6.000 1.858 -6.000 6.000 1.617
235.389 -6.000 6.000 1.864 -6.000 6.000 1.621
235.569 -6.000 6.000 1.859 -6.000 6.000 1.616
235.778 -6.000 6.000 1.860 -6.000 6.000 1.616
236.001 -6.000 6.000 1.859 -6.000 6.000 1.613
236.197 -6.000 6.000 1.862 -6.000 6.000 1.615
236.425 -6.000 6.000 1.866 -6.000 6.000 1.618
236.602 -6.000 6.000 1.863 -6.000 6.000 1.613
236.798 -6.000 6.000 1.863 -6.000 6.000 1.612
237.021 -6.000 6.000 1.862 -6.000 6.000 1.610
237.202 -6.000 6.000 1.864 -6.000 6.000 1.611
237.397 -6.000 6.000 1.864 -6.000 6.000 1.610
237.625 -6.000 6.000 1.866 -6.000 6.000 1.612
237.805 -6.000 6.000 1.871 -6.000 6.000 1.616
238.008 -6.000 6.000 1.869 -6.000 6.000 1.612
238.233 -6.000 6.000 1.868 -6.000 6.000 1.610
238.428 -6.000 6.000 1.866 -6.000 6.000 1.607
238.649 -6.000 6.000 1.869 -6.000 6.000 1.609
238.833 -6.000 6.000 1.875 -6.000 6.000 1.614
239.028 -6.000 6.000 1.872 -6.000 6.000 1.610
239.261 -6.000 6.000 1.870 -6.000 6.000 1.607
239.458 -6.000 6.000 1.874 -6.000 6.000 1.610
239.681 -6.000 6.000 1.874 -6.000 6.000 1.609
239.862 -6.000 6.000 1.877 -6.000 6.000 1.611
240.058 -6.000 6.000 1.873 -6.000 6.000 1.606
240.281 -6.000 6.000 1.875 -6.000 6.000 1.608
240.461 -6.000 6.000 1.874 -6.000 6.000 1.604
240.659 -6.000 6.000 1.878 -6.000 6.000 1.608
240.883 -6.000 6.000 1.875 -6.000 6.000 1.603
241.061 -6.000 6.000 1.879 -6.000 6.000 1.608
241.258 -6.000 6.000 1.879 -6.000 6.000 1.607
241.481 -6.000 6.000 1.875 -6.000 6.000 1.602
241.661 -6.000 6.000 1.881 -6.000 6.000 1.607
241.857 -6.000 6.000 1.878 -6.000 6.000 1.603
242.082 -6.000 6.000 1.877 -6.000 6.000 1.601
242.261 -6.000 6.000 1.884 -6.000 6.000 1.609
242.458 -6.000 6.000 1.882 -6.000 6.000 1.606
242.681 -6.000 6.000 1.880 -6.000 6.000 1.602
242.861 -6.000 6.000 1.882 -6.000 6.000 1.603
243.058 -6.000 6.000 1.879 -6.000 6.000 1.600
243.285 -6.000 6.000 1.883 -6.000 6.000 1.604
243.469 -6.000 6.000 1.882 -6.000 6.000 1.602
243.714 -6.000 6.000 1.882 -6.000 6.000 1.601
243.918 -6.000 6.000 1.873 -6.000 6.000 1.591
244.141 -6.000 6.000 1.882 -6.000 5.511 1.599
244.325 -6.000 6.000 1.883 -6.000 4.232 1.600
244.518 -6.000 6.000 1.884 -6.000 2.868 1.600
244.741 -6.000 6.000 1.888 -6.000 1.429 1.603
244.925 -6.000 6.000 1.888 -6.000 -0.083 1.602
245.118 -6.000 6.000 1.890 -6.000 -1.650 1.604
245.345 -6.000 6.000 1.888 -6.000 -3.276 1.601
245.521 -6.000 6.000 1.890 -6.000 -4.958 1.603
245.718 -6.000 6.000 1.891 -6.000 -6.000 1.603
245.945 -6.000 6.000 1.890 -6.000 -6.000 1.602
246.121 -6.000 6.000 1.893 -6.000 -6.000 1.604
246.317 -6.000 6.000 1.888 -6.000 -6.000 1.598
246.545 -6.000 6.000 1.888 -6.000 -6.000 1.597
246.725 -6.000 6.000 1.891 -6.000 -6.000 1.600
246.918 -6.000 6.000 1.892 -6.000 -6.000 1.601
247.141 -6.000 6.000 1.891 -6.000 -6.000 1.599
247.325 -6.000 6.000 1.895 -6.000 -6.000 1.602
247.518 -6.000 6.000 1.894 -6.000 -6.000 1.601
247.741 -6.000 6.000 1.892 -6.000 -6.000 1.598
247.927 -6.000 6.000 1.893 -6.000 -6.000 1.599
248.161 -6.000 6.000 1.889 -6.000 -6.000 1.594
248.341 -6.000 6.000 1.893 -6.000 -6.000 1.598
248.528 -6.000 6.000 1.897 -6.000 -6.000 1.601
248.765 -6.000 6.000 1.895 -6.000 -6.000 1.599
248.941 -6.000 6.000 1.890 -6.000 -6.000 1.593
249.127 -6.000 6.000 1.896 -6.000 -6.000 1.598
249.361 -6.000 6.000 1.889 -6.000 -6.000 1.591
249.541 -6.000 6.000 1.893 -6.000 -6.000 1.594
249.739 -6.000 6.000 1.898 -6.000 -6.000 1.598
249.961 -6.000 6.000 1.895 -6.000 -6.000 1.595
250.141 -6.000 6.000 1.890 -6.000 -6.000 1.590
250.337 -6.000 6.000 1.894 -6.000 -6.000 1.593
250.565 -6.000 6.000 1.895 -6.000 -6.000 1.594
250.745 -6.000 6.000 1.897 -6.000 -6.000 1.595
250.937 -6.000 6.000 1.896 -6.000 -6.000 1.594
251.165 -6.000 6.000 1.899 -6.000 -6.000 1.597
251.341 -6.000 6.000 1.897 -6.000 -6.000 1.594
251.538 -6.000 6.000 1.895 -6.000 -6.000 1.591
251.765 -6.000 6.000 1.895 -6.000 -6.000 1.591
251.947 -6.000 6.000 1.892 -6.000 -6.000 1.588
252.181 -6.000 6.000 1.900 -6.000 -6.000 1.594
252.365 -6.000 6.000 1.900 -6.000 -6.000 1.594
252.557 -6.000 6.000 1.896 -6.000 -6.000 1.590
252.785 -6.000 6.000 1.896 -6.000 -6.000 1.589
252.961 -6.000 6.000 1.899 -6.000 -6.000 1.591
253.158 -6.000 6.000 1.893 -6.000 -6.000 1.586
253.385 -6.000 6.000 1.894 -6.000 -6.000 1.586
253.561 -6.000 6.000 1.897 -6.000 -6.000 1.587
253.757 -6.000 6.000 1.897 -6.000 -6.000 1.588
253.985 -6.000 6.000 1.900 -6.000 -6.000 1.590
254.165 -6.000 6.000 1.899 -6.000 -6.000 1.589
254.357 -6.000 6.000 1.895 -6.000 -6.000 1.584
254.585 -6.000 6.000 1.898 -6.000 -6.000 1.587
254.765 -6.000 6.000 1.894 -6.000 -6.000 1.583
254.957 -6.000 6.000 1.900 -6.000 -6.000 1.588
255.181 -6.000 6.000 1.898 -6.000 -6.000 1.585
255.367 -6.000 6.000 1.906 -6.000 -6.000 1.593
255.605 -6.000 6.000 1.900 -6.000 -6.000 1.586
255.785 -6.000 6.000 1.897 -6.000 -6.000 1.583
255.968 -6.000 6.000 1.897 -6.000 -6.000 1.582
256.201 -6.000 6.000 1.896 -6.000 -6.000 1.581
256.381 -6.000 6.000 1.907 -6.000 -6.000 1.589
256.577 -6.000 6.000 1.905 -6.000 -6.000 1.589
256.809 -6.000 6.000 1.902 -6.000 -6.000 1.587
256.997 -6.000 6.000 1.899 -6.000 -6.000 1.582
257.233 -6.000 6.000 1.900 -6.000 -6.000 1.583
257.413 -6.000 6.000 1.904 -6.000 -6.000 1.586
257.598 -6.000 6.000 1.900 -6.000 -6.000 1.582
257.829 -6.000 6.000 1.898 -6.000 -6.000 1.579
258.021 -6.000 6.000 1.902 -6.000 -6.000 1.583
258.207 -6.000 6.000 1.901 -6.000 -6.000 1.582
258.441 -6.000 6.000 1.906 -6.000 -6.000 1.586
258.633 -6.000 6.000 1.901 -6.000 -6.000 1.581
258.827 -6.000 6.000 1.900 -6.000 -6.000 1.579
259.049 -6.000 6.000 1.904 -6.000 -6.000 1.582
259.233 -6.000 6.000 1.904 -6.000 -6.000 1.582
259.428 -6.000 6.000 1.902 -6.000 -6.000 1.580
259.654 -6.000 6.000 1.906 -6.000 -6.000 1.583
259.829 -6.000 6.000 1.906 -6.000 -6.000 1.583
260.027 -6.000 6.000 1.904 -6.000 -6.000 1.581
260.251 -6.000 6.000 1.907 -6.000 -6.000 1.583
260.434 -6.000 6.000 1.906 -6.000 -6.000 1.582
260.627 -6.000 6.000 1.903 -6.000 -6.000 1.578
260.849 -6.000 6.000 1.908 -6.000 -6.000 1.583
261.037 -6.000 6.000 1.902 -6.000 -6.000 1.577
261.269 -6.000 6.000 1.915 -6.000 -6.000 1.589
261.449 -6.000 6.000 1.909 -6.000 -6.000 1.583
261.637 -6.000 6.000 1.930 -6.000 -6.000 1.604
261.889 -6.000 6.000 1.909 -6.000 -6.000 1.583
262.069 -6.000 6.000 1.913 -6.000 -6.000 1.587
262.269 -6.000 6.000 1.908 -6.000 -6.000 1.582
262.489 -6.000 6.000 1.907 -6.000 -6.000 1.580
262.674 -6.000 6.000 1.911 -6.000 -6.000 1.584
262.868 0.087 0.140 0.282 0.025 0.078 0.219
263.089 0.054 0.156 0.308 -0.026 0.076 0.226
263.278 0.008 0.165 0.207 -0.051 0.105 0.145
263.510 -0.023 0.168 0.191 -0.084 0.107 0.129
263.689 -0.042 0.170 0.152 -0.101 0.111 0.091
263.879 -0.037 0.183 0.166 -0.120 0.100 0.079
264.113 -0.031 0.178 0.072 -0.092 0.117 0.010
264.289 -0.005 0.187 0.051 -0.075 0.118 -0.021
264.488 0.017 0.190 0.030 -0.045 0.127 -0.034
264.713 0.041 0.193 0.009 -0.019 0.133 -0.053
264.889 0.062 0.195 0.011 0.001 0.133 -0.052
265.088 0.080 0.195 0.021 0.017 0.132 -0.044
265.313 0.091 0.192 0.023 0.030 0.131 -0.039
265.489 0.117 0.200 0.090 0.031 0.114 -0.000
265.688 0.109 0.181 0.024 0.049 0.122 -0.037
265.909 0.124 0.182 0.078 0.051 0.109 0.003
266.090 0.127 0.176 0.077 0.052 0.102 -0.001
266.288 0.199 0.217 0.786 0.023 0.040 0.625
266.513 0.312 0.262 1.764 -0.008 -0.058 1.579
266.689 0.435 0.311 1.964 -0.032 -0.155 1.778
266.889 0.578 0.366 1.981 -0.044 -0.257 1.795
267.114 0.745 0.423 1.959 -0.043 -0.366 1.773
267.289 0.934 0.483 1.934 -0.029 -0.483 1.748
267.488 1.145 0.546 1.912 -0.002 -0.608 1.726
267.709 1.376 0.613 1.894 0.034 -0.743 1.708
267.890 1.623 0.686 1.880 0.075 -0.886 1.694
268.097 1.898 0.768 1.866 0.119 -1.047 1.680
268.329 2.199 0.863 1.857 0.162 -1.227 1.670
268.518 2.484 0.957 1.849 0.197 -1.402 1.662
268.749 2.780 1.058 1.842 0.226 -1.589 1.655
268.933 3.088 1.167 1.837 0.250 -1.787 1.651
269.128 3.426 1.290 1.832 0.272 -2.007 1.645
269.349 3.762 1.415 1.830 0.288 -2.230 1.643
269.529 4.115 1.547 1.829 0.302 -2.466 1.643
269.728 4.487 1.688 1.828 0.317 -2.716 1.641
269.953 4.878 1.836 1.825 0.331 -2.979 1.638
270.134 5.287 1.989 1.830 0.347 -3.257 1.643
270.328 5.716 2.151 1.831 0.363 -3.549 1.643
270.549 6.000 2.320 1.830 0.380 -3.856 1.642
270.742 6.000 2.505 1.830 0.399 -4.195 1.642
270.938 6.000 2.686 1.830 0.417 -4.536 1.642
271.161 6.000 2.885 1.831 0.437 -4.911 1.644
271.348 6.000 3.085 1.832 0.456 -5.282 1.644
271.589 6.000 3.305 1.829 0.470 -5.687 1.641
271.769 6.000 3.532 1.830 0.485 -6.000 1.642
271.978 6.000 3.769 1.831 0.499 -6.000 1.643
272.201 6.000 4.003 1.829 0.507 -6.000 1.641
272.387 6.000 4.256 1.831 0.514 -6.000 1.642
272.625 6.000 4.505 1.834 0.518 -6.000 1.645
272.801 6.000 4.764 1.837 0.519 -6.000 1.648
272.987 6.000 5.035 1.833 0.509 -6.000 1.644
273.225 6.000 5.312 1.834 0.499 -6.000 1.644
273.401 6.000 5.597 1.835 0.484 -6.000 1.645
273.598 6.000 5.907 1.839 0.466 -6.000 1.649
273.827 6.000 6.000 1.835 0.437 -6.000 1.645
274.018 6.000 6.000 1.835 0.406 -6.000 1.645
274.245 6.000 6.000 1.838 0.371 -6.000 1.647
274.428 6.000 6.000 1.839 0.331 -6.000 1.648
274.661 6.000 6.000 1.838 0.287 -6.000 1.648
274.845 6.000 6.000 1.838 0.238 -6.000 1.647
275.028 6.000 6.000 1.839 0.183 -6.000 1.648
275.265 6.000 6.000 1.838 0.123 -6.000 1.647
275.447 6.000 6.000 1.837 0.059 -6.000 1.646
275.641 6.000 6.000 1.837 -0.015 -6.000 1.645
275.861 6.000 6.000 1.835 -0.089 -6.000 1.643
276.045 6.000 6.000 1.836 -0.169 -6.000 1.645
276.238 6.000 6.000 1.838 -0.253 -6.000 1.646
276.461 6.000 6.000 1.838 -0.344 -6.000 1.646
276.641 6.000 6.000 1.842 -0.443 -6.000 1.649
276.838 6.000 6.000 1.839 -0.544 -6.000 1.647
277.062 6.000 6.000 1.836 -0.650 -6.000 1.644
277.242 6.000 6.000 1.839 -0.764 -6.000 1.646
277.438 6.000 6.000 1.840 -0.884 -6.000 1.645
277.661 6.000 6.000 1.841 -1.008 -6.000 1.648
277.841 6.000 6.000 1.841 -1.138 -6.000 1.647
278.039 6.000 6.000 1.844 -1.277 -6.000 1.650
278.261 6.000 6.000 1.838 -1.414 -6.000 1.644
278.441 6.000 6.000 1.840 -1.565 -6.000 1.646
278.637 6.000 6.000 1.843 -1.721 -6.000 1.649
278.865 6.000 6.000 1.842 -1.881 -6.000 1.648
279.045 6.000 6.000 1.843 -2.047 -6.000 1.649
279.281 6.000 6.000 1.843 -2.229 -6.000 1.648
279.461 6.000 6.000 1.838 -2.409 -6.000 1.643
279.648 6.000 6.000 1.842 -2.595 -6.000 1.647
279.885 6.000 6.000 1.843 -2.787 -6.000 1.648
280.062 6.000 6.000 1.840 -2.991 -6.000 1.645
280.248 6.000 6.000 1.842 -3.189 -6.000 1.646
280.481 6.000 6.000 1.845 -3.392 -6.000 1.649
280.665 6.000 6.000 1.845 -3.607 -6.000 1.649
280.849 6.000 6.000 1.844 -3.827 -6.000 1.648
281.081 6.000 6.000 1.843 -4.054 -6.000 1.646
281.265 6.000 6.000 1.843 -4.290 -6.000 1.646
281.448 6.000 6.000 1.840 -4.536 -6.000 1.643
281.681 6.000 6.000 1.840 -4.784 -6.000 1.643
281.865 6.000 6.000 1.843 -5.030 -6.000 1.645
282.048 6.000 6.000 1.842 -5.286 -6.000 1.645
282.281 6.000 6.000 1.843 -5.547 -6.000 1.645
282.465 6.000 6.000 1.841 -5.813 -6.000 1.643
282.648 6.000 6.000 1.843 -6.000 -6.000 1.645
282.881 6.000 6.000 1.843 -6.000 -6.000 1.645
283.073 6.000 6.000 1.847 -6.000 -6.000 1.649
283.257 6.000 6.000 1.842 -6.000 -6.000 1.643
283.493 6.000 6.000 1.842 -6.000 -6.000 1.644
283.686 6.000 6.000 1.841 -6.000 -6.000 1.642
283.878 0.082 1.326 0.261 0.006 1.251 0.192
284.113 0.035 1.323 0.159 -0.033 1.255 0.092
284.291 0.023 1.328 0.158 -0.051 1.254 0.082
284.488 0.012 1.334 0.088 -0.055 1.267 0.020
284.709 0.012 1.343 0.059 -0.055 1.276 -0.009
284.893 0.020 1.355 0.104 -0.060 1.276 0.023
285.088 0.027 1.367 0.110 -0.059 1.281 0.022
285.313 0.036 1.379 0.125 -0.058 1.285 0.028
285.493 0.045 1.393 0.150 -0.059 1.288 0.042
285.688 0.050 1.403 0.207 -0.061 1.292 0.095
285.909 0.064 1.430 0.392 -0.080 1.286 0.249
286.089 0.024 1.384 -0.016 -0.048 1.312 -0.091
286.289 0.011 1.374 -0.048 -0.043 1.319 -0.104
286.509 0.011 1.374 -0.044 -0.047 1.316 -0.103
286.690 0.025 1.389 0.010 -0.061 1.303 -0.080
286.888 0.024 1.380 -0.017 -0.053 1.304 -0.097
287.109 0.028 1.378 -0.015 -0.049 1.301 -0.095
287.293 0.047 1.401 0.152 -0.069 1.285 0.033
287.488 0.046 1.394 0.236 -0.062 1.286 0.127
287.713 0.078 1.436 0.646 -0.095 1.263 0.487
287.901 0.030 1.373 0.021 -0.045 1.298 -0.055
288.145 0.025 1.368 -0.013 -0.043 1.300 -0.082
288.321 0.026 1.372 0.009 -0.049 1.296 -0.069
288.508 0.017 1.364 -0.023 -0.046 1.300 -0.088
288.741 0.014 1.363 -0.022 -0.050 1.300 -0.087
288.922 0.017 1.370 0.013 -0.059 1.294 -0.066
289.108 0.014 1.369 0.012 -0.061 1.294 -0.066
289.341 0.013 1.368 0.008 -0.062 1.293 -0.069
289.521 0.013 1.365 0.005 -0.060 1.293 -0.070
289.708 0.015 1.364 0.005 -0.058 1.291 -0.070
289.941 0.019 1.364 0.015 -0.058 1.288 -0.064
290.125 0.020 1.361 0.006 -0.055 1.286 -0.071
290.307 0.020 1.359 0.009 -0.054 1.285 -0.068
290.541 0.021 1.357 0.015 -0.055 1.282 -0.064
290.722 0.020 1.356 0.020 -0.056 1.280 -0.058
290.908 0.019 1.354 0.013 -0.056 1.279 -0.064
291.142 0.020 1.355 0.033 -0.059 1.276 -0.049
291.325 0.020 1.355 0.042 -0.061 1.274 -0.042
291.508 0.014 1.349 0.005 -0.057 1.278 -0.067
291.745 0.017 1.353 0.039 -0.063 1.273 -0.042
291.928 0.022 1.358 0.087 -0.070 1.266 -0.008
292.165 0.087 1.430 1.358 -0.152 1.191 1.179
292.341 0.145 1.496 1.903 -0.231 1.120 1.718
292.529 0.210 1.567 1.994 -0.310 1.047 1.809
292.761 0.282 1.644 1.987 -0.392 0.972 1.802
292.945 0.357 1.727 1.962 -0.478 0.893 1.776
293.128 0.438 1.816 1.937 -0.567 0.814 1.752
293.365 0.525 1.910 1.917 -0.657 0.731 1.732
293.541 0.619 2.011 1.904 -0.751 0.645 1.718
293.738 0.725 2.124 1.884 -0.853 0.550 1.698
293.961 0.013 1.336 -0.019 -0.054 1.269 -0.087
294.142 0.014 1.339 -0.004 -0.062 1.263 -0.082
294.338 0.007 1.333 -0.014 -0.060 1.266 -0.082
294.565 0.010 1.338 0.001 -0.066 1.261 -0.077
294.742 0.010 1.336 0.004 -0.066 1.260 -0.074
294.938 0.007 1.333 -0.002 -0.066 1.260 -0.078
295.165 0.009 1.333 -0.001 -0.064 1.259 -0.077
295.345 0.009 1.330 -0.011 -0.062 1.259 -0.084
295.538 0.010 1.328 -0.005 -0.061 1.257 -0.078
295.765 0.013 1.330 0.006 -0.062 1.254 -0.072
295.946 0.013 1.328 0.004 -0.062 1.254 -0.074
296.138 0.009 1.324 -0.001 -0.060 1.255 -0.072
296.365 0.012 1.326 0.011 -0.062 1.251 -0.066
296.545 0.010 1.323 0.005 -0.061 1.252 -0.068
296.738 0.007 1.320 -0.003 -0.061 1.252 -0.073
296.965 0.007 1.320 0.003 -0.063 1.250 -0.069
297.158 0.001 1.315 -0.016 -0.060 1.254 -0.078
297.385 0.005 1.319 0.011 -0.065 1.248 -0.062
297.565 0.004 1.317 0.002 -0.065 1.248 -0.068
297.758 0.002 1.314 -0.010 -0.062 1.250 -0.076
297.985 0.005 1.316 0.006 -0.063 1.247 -0.065
298.165 0.007 1.316 0.010 -0.064 1.245 -0.063
298.357 0.008 1.315 0.009 -0.062 1.245 -0.063
298.581 0.009 1.314 0.007 -0.061 1.244 -0.065
298.765 0.007 1.312 -0.001 -0.061 1.244 -0.070
298.957 0.008 1.311 0.005 -0.062 1.241 -0.067
299.181 0.014 1.316 0.044 -0.069 1.233 -0.042
299.378 0.015 1.316 0.052 -0.071 1.231 -0.037
299.613 0.012 1.313 0.036 -0.070 1.231 -0.050
299.789 0.014 1.314 0.056 -0.073 1.228 -0.034
299.979 0.012 1.312 0.048 -0.072 1.228 -0.039
300.213 0.011 1.311 0.035 -0.071 1.228 -0.051
300.389 0.003 1.301 -0.007 -0.062 1.236 -0.073
300.578 0.009 1.306 0.006 -0.065 1.233 -0.069
300.810 0.017 1.325 0.021 -0.062 1.246 -0.060
300.989 0.024 1.364 -0.008 -0.045 1.295 -0.078
301.177 0.041 1.418 0.015 -0.038 1.340 -0.066
301.413 0.031 1.455 -0.027 -0.035 1.389 -0.094
301.589 0.006 1.485 -0.022 -0.059 1.421 -0.087
301.777 -0.029 1.513 0.004 -0.102 1.439 -0.072
302.013 -0.062 1.531 0.013 -0.139 1.453 -0.067
302.189 0.002 1.638 1.414 -0.243 1.393 1.234
302.378 0.050 1.730 1.926 -0.333 1.347 1.741
302.609 0.100 1.834 2.006 -0.431 1.303 1.821
302.790 0.148 1.951 1.997 -0.538 1.265 1.811
302.978 0.196 2.082 1.970 -0.654 1.232 1.785
303.209 0.242 2.227 1.945 -0.778 1.206 1.759
303.389 0.289 2.385 1.921 -0.911 1.185 1.736
303.578 0.337 2.555 1.902 -1.052 1.167 1.716
303.813 0.388 2.735 1.886 -1.201 1.149 1.700
303.989 0.444 2.922 1.873 -1.356 1.127 1.688
304.178 0.507 3.117 1.866 -1.519 1.099 1.681
304.413 0.576 3.319 1.856 -1.690 1.066 1.670
304.597 0.652 3.529 1.848 -1.868 1.025 1.662
304.788 0.740 3.756 1.842 -2.064 0.973 1.656
305.009 0.833 3.981 1.838 -2.259 0.915 1.652
305.193 0.932 4.214 1.834 -2.464 0.850 1.648
305.388 1.039 4.456 1.836 -2.679 0.776 1.650
305.609 1.153 4.710 1.832 -2.905 0.696 1.646
305.789 1.273 4.975 1.828 -3.143 0.610 1.642
305.988 1.401 5.251 1.827 -3.391 0.517 1.641
306.225 1.555 5.584 1.830 -3.691 0.402 1.644
306.418 1.695 5.886 1.829 -3.966 0.297 1.643
306.642 1.841 6.000 1.829 -4.253 0.185 1.643
306.825 1.994 6.000 1.830 -4.554 0.068 1.644
307.018 2.154 6.000 1.828 -4.865 -0.056 1.642
307.245 2.322 6.000 1.827 -5.189 -0.187 1.641
307.425 2.496 6.000 1.828 -5.525 -0.323 1.642
307.618 2.677 6.000 1.827 -5.875 -0.467 1.641
307.842 2.863 6.000 1.830 -6.000 -0.618 1.644
308.022 3.059 6.000 1.830 -6.000 -0.778 1.644
308.218 3.265 6.000 1.827 -6.000 -0.947 1.641
308.445 3.478 6.000 1.830 -6.000 -1.122 1.644
308.621 3.697 6.000 1.831 -6.000 -1.305 1.645
308.818 3.925 6.000 1.831 -6.000 -1.498 1.645
309.045 4.162 6.000 1.831 -6.000 -1.699 1.644
309.225 4.406 6.000 1.833 -6.000 -1.908 1.647
309.422 4.658 6.000 1.834 -6.000 -2.128 1.647
309.645 4.934 6.000 1.832 -6.000 -2.368 1.646
309.828 5.207 6.000 1.831 -6.000 -2.606 1.645
310.061 5.490 6.000 1.834 -6.000 -2.853 1.648
310.245 5.796 6.000 1.833 -6.000 -3.123 1.646
310.438 6.000 6.000 1.833 -6.000 -3.391 1.646
310.661 6.000 6.000 1.833 -6.000 -3.668 1.646
310.845 6.000 6.000 1.831 -6.000 -3.955 1.644
311.039 0.197 0.970 0.865 0.021 0.792 0.697
311.261 0.577 0.777 2.163 0.144 0.348 1.961
311.443 1.304 0.330 2.229 0.579 -0.379 2.031
311.638 2.289 -0.223 2.115 1.250 -1.241 1.918
311.862 3.427 -0.709 2.002 2.048 -2.076 1.804
312.042 4.588 -1.098 1.922 2.845 -2.872 1.721
312.238 5.683 -1.473 1.877 3.542 -3.713 1.676
312.469 6.000 -1.891 1.850 4.174 -4.685 1.649
312.649 6.000 -2.307 1.837 4.722 -5.692 1.637
312.849 0.175 0.528 -0.013 0.095 0.447 -0.092
313.069 0.213 0.460 -0.022 0.123 0.368 -0.114
313.249 0.245 0.400 -0.039 0.165 0.319 -0.120
313.448 0.279 0.348 0.156 0.161 0.229 0.039
313.673 0.273 0.288 0.352 0.145 0.161 0.230
313.849 0.267 0.238 0.776 0.079 0.050 0.613
314.048 0.177 0.161 0.182 0.067 0.051 0.074
314.273 0.117 0.092 -0.011 0.037 0.012 -0.093
314.453 0.087 0.029 0.026 0.004 -0.054 -0.058
314.648 0.065 -0.029 0.080 -0.028 -0.122 -0.014
314.869 0.045 -0.089 0.066 -0.036 -0.170 -0.015
315.053 0.036 -0.126 0.120 -0.051 -0.214 0.031
315.248 0.035 -0.151 0.172 -0.063 -0.249 0.073
315.469 0.020 -0.164 0.142 -0.063 -0.246 0.059
315.649 0.016 -0.138 0.248 -0.090 -0.244 0.141
315.889 0.001 -0.111 0.166 -0.090 -0.202 0.073
316.069 -0.002 -0.081 0.153 -0.083 -0.162 0.071
316.258 0.024 -0.031 0.379 -0.101 -0.156 0.254
316.493 0.059 0.022 0.942 -0.122 -0.158 0.782
316.669 0.065 0.001 0.263 -0.031 -0.095 0.165
316.868 0.079 0.004 0.257 -0.006 -0.081 0.173
317.089 0.091 0.005 0.221 0.006 -0.079 0.134
317.280 0.093 -0.005 0.207 0.017 -0.081 0.131
317.509 0.100 -0.005 0.226 0.010 -0.095 0.135
317.689 0.096 -0.015 0.213 0.008 -0.103 0.123
317.877 0.093 -0.022 0.222 0.002 -0.112 0.130
318.109 0.083 -0.032 0.200 -0.003 -0.118 0.112
318.298 0.073 -0.039 0.217 -0.009 -0.121 0.135
318.529 0.066 -0.043 0.187 -0.017 -0.125 0.103
318.713 0.062 -0.045 0.197 -0.021 -0.129 0.112
318.898 0.060 -0.047 0.197 -0.024 -0.130 0.112
319.129 0.058 -0.047 0.204 -0.027 -0.132 0.117
319.309 0.056 -0.047 0.183 -0.026 -0.128 0.100
319.498 0.061 -0.040 0.252 -0.032 -0.133 0.158
319.729 0.063 -0.037 0.236 -0.033 -0.132 0.139
319.901 0.064 -0.037 0.228 -0.030 -0.131 0.132
320.098 0.066 -0.037 0.225 -0.027 -0.131 0.130
320.321 0.066 -0.040 0.206 -0.020 -0.127 0.118
320.501 0.088 -0.023 0.389 -0.034 -0.145 0.268
320.699 0.093 -0.021 0.413 -0.034 -0.148 0.287
320.921 0.102 -0.014 0.549 -0.039 -0.154 0.413
321.108 0.113 -0.006 0.685 -0.044 -0.163 0.537
321.341 0.196 0.062 1.697 -0.103 -0.239 1.515
321.521 0.080 -0.043 0.198 -0.003 -0.126 0.114
321.713 0.080 -0.041 0.189 -0.001 -0.123 0.106
321.949 0.081 -0.039 0.186 -0.000 -0.121 0.102
322.133 0.078 -0.042 0.162 0.005 -0.115 0.089
322.328 0.084 -0.036 0.176 0.003 -0.117 0.093
322.561 0.089 -0.032 0.204 0.002 -0.119 0.116
322.745 0.097 -0.026 0.234 -0.000 -0.122 0.135
322.928 0.087 -0.036 0.140 0.013 -0.109 0.066
323.161 0.084 -0.038 0.107 0.019 -0.104 0.040
323.358 0.124 0.000 0.490 -0.015 -0.139 0.354
323.581 0.103 -0.022 0.232 0.011 -0.115 0.139
323.765 0.102 -0.026 0.189 0.019 -0.110 0.104
323.958 0.107 -0.022 0.212 0.019 -0.110 0.123
324.185 0.106 -0.023 0.182 0.025 -0.105 0.098
324.361 0.109 -0.019 0.185 0.025 -0.103 0.100
324.558 0.115 -0.012 0.226 0.021 -0.106 0.129
324.785 0.105 -0.020 0.159 0.030 -0.095 0.083
324.961 0.109 -0.017 0.176 0.027 -0.099 0.092
325.158 0.104 -0.022 0.141 0.032 -0.094 0.067
325.381 0.105 -0.022 0.136 0.033 -0.094 0.064
325.561 0.116 -0.012 0.202 0.024 -0.103 0.108
325.758 0.107 -0.021 0.140 0.035 -0.093 0.067
325.986 0.107 -0.021 0.127 0.038 -0.091 0.056
326.166 0.108 -0.021 0.128 0.037 -0.091 0.056
326.401 0.111 -0.018 0.148 0.035 -0.094 0.070
326.582 0.113 -0.015 0.157 0.033 -0.095 0.075
326.768 0.107 -0.020 0.126 0.038 -0.089 0.056
327.001 0.107 -0.018 0.123 0.037 -0.088 0.052
327.182 0.127 0.003 0.288 0.016 -0.108 0.175
327.368 0.110 -0.014 0.151 0.034 -0.089 0.074
327.601 0.116 -0.008 0.182 0.030 -0.094 0.093
327.781 0.110 -0.015 0.143 0.038 -0.087 0.070
327.967 0.109 -0.015 0.138 0.039 -0.085 0.067
328.205 0.117 -0.009 0.181 0.032 -0.093 0.094
328.381 0.114 -0.012 0.169 0.035 -0.091 0.088
328.567 0.115 -0.012 0.170 0.036 -0.091 0.089
328.813 0.115 -0.012 0.172 0.034 -0.092 0.090
328.989 0.115 -0.012 0.164 0.036 -0.091 0.084
329.178 0.115 -0.012 0.159 0.036 -0.090 0.078
329.409 0.115 -0.011 0.158 0.036 -0.089 0.078
329.589 0.111 -0.014 0.129 0.040 -0.085 0.057
329.778 0.114 -0.012 0.158 0.040 -0.086 0.083
330.013 0.113 -0.013 0.130 0.042 -0.084 0.058
330.208 0.118 -0.008 0.163 0.037 -0.090 0.080
330.429 0.120 -0.007 0.178 0.035 -0.092 0.091
330.609 0.119 -0.008 0.177 0.035 -0.092 0.091
330.807 0.120 -0.006 0.206 0.031 -0.095 0.116
331.029 0.129 0.004 0.280 0.021 -0.103 0.170
331.209 0.113 -0.012 0.151 0.038 -0.087 0.075
331.408 0.113 -0.011 0.159 0.038 -0.087 0.083
331.629 0.128 0.004 0.276 0.023 -0.101 0.169
331.809 0.112 -0.013 0.133 0.040 -0.084 0.060
332.008 0.114 -0.011 0.148 0.040 -0.085 0.074
332.229 0.118 -0.009 0.167 0.038 -0.088 0.085
332.409 0.114 -0.013 0.136 0.042 -0.085 0.062
332.608 0.118 -0.008 0.170 0.037 -0.089 0.087
332.834 0.114 -0.012 0.142 0.041 -0.085 0.067
333.009 0.116 -0.009 0.164 0.038 -0.087 0.085
333.208 0.113 -0.011 0.138 0.040 -0.084 0.063
333.433 0.113 -0.011 0.136 0.040 -0.084 0.062
333.609 0.123 -0.001 0.219 0.029 -0.094 0.124
333.808 0.122 -0.001 0.246 0.030 -0.093 0.155
334.029 0.116 -0.006 0.169 0.036 -0.087 0.088
334.209 0.113 -0.010 0.137 0.041 -0.083 0.062
334.408 0.116 -0.008 0.155 0.039 -0.086 0.077
334.629 0.117 -0.007 0.173 0.036 -0.088 0.090
334.813 0.117 -0.008 0.174 0.036 -0.089 0.091
335.008 0.119 -0.007 0.189 0.034 -0.092 0.102
335.233 0.119 -0.007 0.181 0.033 -0.093 0.093
335.409 0.122 -0.005 0.213 0.031 -0.096 0.120
335.645 0.119 -0.007 0.180 0.034 -0.092 0.092
335.827 0.120 -0.006 0.186 0.034 -0.093 0.097
336.061 0.120 -0.006 0.179 0.034 -0.091 0.091
336.245 0.124 -0.001 0.211 0.031 -0.094 0.115
336.427 0.114 -0.011 0.135 0.042 -0.083 0.061
336.665 0.122 -0.003 0.196 0.033 -0.092 0.104
336.845 0.118 -0.007 0.171 0.036 -0.089 0.088
337.027 0.113 -0.012 0.135 0.040 -0.086 0.061
337.265 0.123 -0.002 0.213 0.029 -0.097 0.116
337.441 0.117 -0.009 0.189 0.033 -0.093 0.104
337.627 0.121 -0.007 0.198 0.030 -0.097 0.105
337.861 0.120 -0.008 0.189 0.032 -0.096 0.099
338.045 0.119 -0.009 0.182 0.032 -0.096 0.092
338.228 0.116 -0.011 0.171 0.034 -0.093 0.088
338.461 0.120 -0.007 0.187 0.032 -0.095 0.097
338.641 0.120 -0.006 0.188 0.032 -0.093 0.098
338.829 0.123 -0.002 0.212 0.030 -0.094 0.118
339.065 0.112 -0.012 0.135 0.040 -0.084 0.062
339.245 0.111 -0.012 0.128 0.040 -0.083 0.056
339.428 0.109 -0.013 0.122 0.039 -0.083 0.051
339.668 0.108 -0.013 0.127 0.037 -0.085 0.055
339.845 0.118 -0.004 0.196 0.027 -0.095 0.102
340.027 0.117 -0.006 0.203 0.027 -0.096 0.110
340.265 0.113 -0.010 0.175 0.031 -0.091 0.093
340.445 0.117 -0.005 0.190 0.027 -0.095 0.098
340.628 0.116 -0.006 0.184 0.029 -0.092 0.095
340.861 0.109 -0.012 0.148 0.035 -0.086 0.073
341.045 0.110 -0.011 0.145 0.035 -0.086 0.069
341.228 0.110 -0.011 0.150 0.034 -0.086 0.073
341.461 0.116 -0.005 0.196 0.027 -0.094 0.104
341.645 0.115 -0.006 0.192 0.026 -0.095 0.100
341.838 0.112 -0.008 0.182 0.026 -0.094 0.094
342.069 0.113 -0.008 0.189 0.024 -0.096 0.098
342.253 0.106 -0.015 0.147 0.032 -0.090 0.071
342.438 0.105 -0.016 0.142 0.032 -0.089 0.067
342.669 0.111 -0.010 0.173 0.027 -0.094 0.087
342.861 0.111 -0.010 0.171 0.027 -0.094 0.085
343.109 0.112 -0.009 0.178 0.026 -0.095 0.090
343.289 0.111 -0.009 0.176 0.026 -0.095 0.088
343.478 0.105 -0.015 0.145 0.031 -0.090 0.069
343.709 0.104 -0.017 0.142 0.030 -0.090 0.068
343.893 0.103 -0.017 0.143 0.029 -0.090 0.068
344.078 0.111 -0.008 0.208 0.019 -0.100 0.114
344.313 0.101 -0.017 0.147 0.027 -0.091 0.072
344.489 0.108 -0.009 0.195 0.019 -0.098 0.104
344.678 0.102 -0.015 0.159 0.026 -0.091 0.081
344.909 0.102 -0.015 0.150 0.026 -0.091 0.073
345.091 0.114 -0.003 0.233 0.014 -0.102 0.131
345.277 0.105 -0.011 0.181 0.020 -0.096 0.094
345.509 0.099 -0.016 0.149 0.024 -0.091 0.073
345.695 0.097 -0.017 0.144 0.023 -0.090 0.070
345.878 0.095 -0.018 0.136 0.024 -0.089 0.064
346.113 0.105 -0.008 0.217 0.013 -0.100 0.124
346.289 0.099 -0.013 0.170 0.019 -0.093 0.090
346.478 0.110 -0.002 0.249 0.009 -0.103 0.146
346.714 0.097 -0.014 0.134 0.023 -0.088 0.058
346.889 0.100 -0.010 0.164 0.020 -0.091 0.082
347.078 0.095 -0.014 0.132 0.023 -0.087 0.058
347.313 0.095 -0.013 0.136 0.021 -0.088 0.061
347.489 0.104 -0.004 0.220 0.010 -0.098 0.123
347.678 0.097 -0.011 0.181 0.016 -0.091 0.099
347.909 0.103 -0.003 0.219 0.009 -0.098 0.123
348.089 0.095 -0.011 0.158 0.017 -0.089 0.078
348.277 0.109 0.002 0.253 0.005 -0.101 0.148
348.509 0.101 -0.006 0.190 0.014 -0.093 0.101
348.689 0.096 -0.010 0.164 0.017 -0.089 0.084
348.878 0.096 -0.010 0.163 0.017 -0.089 0.083
349.113 0.097 -0.008 0.172 0.015 -0.090 0.089
349.289 0.097 -0.008 0.172 0.014 -0.091 0.086
349.477 0.097 -0.008 0.176 0.013 -0.092 0.090
349.713 0.097 -0.008 0.179 0.012 -0.092 0.092
349.893 0.095 -0.009 0.171 0.014 -0.091 0.088
350.078 0.097 -0.008 0.175 0.013 -0.091 0.090
350.309 0.101 -0.004 0.233 0.009 -0.095 0.141
350.489 0.106 0.002 0.257 0.003 -0.101 0.152
350.697 0.091 -0.013 0.150 0.018 -0.086 0.076
350.921 0.098 -0.006 0.192 0.010 -0.094 0.102
351.105 0.090 -0.014 0.144 0.016 -0.088 0.069
351.297 0.102 -0.002 0.229 0.004 -0.100 0.129
351.521 0.100 -0.004 0.226 0.007 -0.097 0.131
351.705 0.091 -0.014 0.140 0.018 -0.087 0.066
351.898 0.103 -0.002 0.221 0.007 -0.098 0.123
352.121 0.093 -0.012 0.154 0.018 -0.088 0.078
352.305 0.098 -0.007 0.185 0.012 -0.094 0.096
352.498 0.092 -0.014 0.148 0.017 -0.088 0.072
352.726 0.095 -0.007 0.236 -0.002 -0.105 0.136
352.914 0.062 -0.031 0.109 -0.010 -0.103 0.036
353.108 0.048 -0.038 0.138 -0.027 -0.113 0.062
353.329 0.039 -0.039 0.176 -0.045 -0.123 0.090
353.528 0.025 -0.046 0.156 -0.052 -0.123 0.078
353.761 0.025 -0.041 0.202 -0.060 -0.126 0.117
353.949 0.021 -0.040 0.174 -0.056 -0.118 0.096
354.138 0.022 -0.037 0.157 -0.053 -0.113 0.080
354.377 0.054 -0.005 0.503 -0.085 -0.143 0.367
354.549 0.025 -0.033 0.177 -0.052 -0.110 0.099
354.747 0.056 -0.003 0.495 -0.082 -0.140 0.360
354.973 0.039 -0.020 0.274 -0.062 -0.121 0.171
355.149 0.033 -0.027 0.188 -0.051 -0.111 0.103
355.349 0.044 -0.018 0.273 -0.057 -0.119 0.171
355.573 0.043 -0.021 0.216 -0.051 -0.114 0.120
355.753 0.052 -0.012 0.302 -0.055 -0.119 0.194
355.947 0.082 0.016 0.694 -0.079 -0.146 0.543
356.169 0.048 -0.015 0.207 -0.045 -0.108 0.113
356.353 0.064 0.002 0.400 -0.061 -0.123 0.275
356.548 0.041 -0.017 0.210 -0.047 -0.105 0.121
356.773 0.035 -0.020 0.184 -0.047 -0.102 0.101
356.950 0.045 -0.014 0.244 -0.048 -0.106 0.150
357.148 0.038 -0.020 0.187 -0.043 -0.101 0.105
357.373 0.038 -0.019 0.205 -0.045 -0.103 0.120
357.549 0.050 -0.008 0.319 -0.059 -0.117 0.210
357.748 0.084 0.022 0.820 -0.089 -0.151 0.663
357.969 0.056 -0.024 0.146 -0.017 -0.096 0.073
358.153 0.090 -0.021 0.143 0.016 -0.095 0.069
358.348 0.120 -0.022 0.141 0.045 -0.097 0.065
358.573 0.140 -0.027 0.160 0.064 -0.103 0.083
358.753 0.158 -0.022 0.239 0.060 -0.120 0.140
358.948 0.140 -0.044 0.150 0.065 -0.119 0.074
359.169 0.142 -0.043 0.224 0.046 -0.139 0.125
359.349 0.124 -0.057 0.173 0.043 -0.139 0.090
359.548 0.170 -0.019 0.801 -0.003 -0.193 0.643
359.769 0.112 -0.051 0.234 0.018 -0.145 0.137
359.957 0.097 -0.053 0.158 0.020 -0.130 0.080
360.194 0.094 -0.049 0.148 0.019 -0.123 0.073
360.369 0.094 -0.043 0.161 0.019 -0.118 0.085
360.568 0.100 -0.036 0.209 0.015 -0.120 0.123
360.793 0.104 -0.029 0.226 0.012 -0.121 0.132
360.969 0.100 -0.032 0.192 0.018 -0.114 0.109
361.225 0.099 -0.034 0.159 0.024 -0.109 0.083
361.405 0.104 -0.032 0.164 0.026 -0.109 0.085
361.588 0.130 -0.008 0.358 0.008 -0.130 0.236
361.821 0.119 -0.022 0.245 0.025 -0.116 0.151
362.009 0.123 -0.021 0.218 0.026 -0.118 0.119
362.198 0.117 -0.029 0.171 0.033 -0.113 0.085
362.435 0.118 -0.030 0.176 0.032 -0.116 0.088
362.613 0.119 -0.031 0.179 0.033 -0.117 0.091
362.798 0.131 -0.020 0.287 0.022 -0.129 0.175
363.033 0.132 -0.020 0.289 0.023 -0.129 0.178
363.209 0.119 -0.031 0.171 0.036 -0.113 0.087
363.397 0.118 -0.031 0.169 0.037 -0.112 0.086
363.629 0.114 -0.035 0.138 0.041 -0.107 0.064
363.833 0.116 -0.034 0.154 0.040 -0.110 0.077
364.028 0.113 -0.034 0.134 0.041 -0.107 0.061
364.249 0.115 -0.034 0.165 0.039 -0.110 0.088
364.429 0.113 -0.036 0.130 0.043 -0.106 0.058
364.681 0.119 -0.031 0.168 0.039 -0.111 0.086
364.861 0.114 -0.035 0.128 0.043 -0.106 0.056
365.048 0.124 -0.024 0.192 0.034 -0.114 0.099
365.289 0.143 -0.007 0.412 0.019 -0.132 0.288
365.469 0.122 -0.026 0.171 0.041 -0.107 0.089
365.658 0.119 -0.028 0.143 0.045 -0.102 0.067
365.889 0.136 -0.012 0.272 0.030 -0.118 0.164
366.069 0.125 -0.023 0.199 0.040 -0.108 0.114
366.258 0.122 -0.027 0.168 0.043 -0.106 0.088
366.489 0.124 -0.025 0.192 0.041 -0.108 0.108
366.673 0.129 -0.020 0.219 0.036 -0.114 0.123
366.857 0.127 -0.023 0.214 0.039 -0.111 0.126
367.093 0.123 -0.027 0.164 0.044 -0.106 0.084
367.274 0.123 -0.027 0.167 0.044 -0.106 0.086
367.468 0.121 -0.029 0.138 0.048 -0.103 0.063
367.705 0.131 -0.019 0.213 0.039 -0.112 0.118
367.881 0.131 -0.019 0.212 0.039 -0.111 0.117
368.068 0.131 -0.019 0.207 0.040 -0.110 0.114
368.301 0.126 -0.025 0.169 0.046 -0.104 0.088
368.481 0.125 -0.025 0.165 0.047 -0.103 0.085
368.678 0.127 -0.023 0.177 0.044 -0.106 0.092
368.901 0.123 -0.026 0.156 0.046 -0.103 0.078
369.088 0.121 -0.029 0.145 0.047 -0.102 0.071
369.325 0.132 -0.019 0.229 0.036 -0.116 0.130
369.501 0.130 -0.028 0.213 0.039 -0.120 0.120
369.688 0.130 -0.037 0.196 0.041 -0.127 0.105
369.933 0.130 -0.044 0.203 0.040 -0.134 0.111
370.109 0.130 -0.048 0.196 0.041 -0.137 0.105
370.308 0.130 -0.051 0.194 0.042 -0.139 0.104
370.531 0.129 -0.055 0.202 0.045 -0.139 0.117
370.709 0.166 -0.022 0.642 0.011 -0.177 0.495
370.908 0.143 -0.040 0.323 0.031 -0.152 0.208
371.141 0.139 -0.043 0.287 0.037 -0.145 0.184
371.327 0.149 -0.031 0.394 0.028 -0.153 0.273
371.561 0.140 -0.037 0.282 0.035 -0.142 0.175
371.741 0.151 -0.026 0.391 0.027 -0.150 0.267
371.937 0.142 -0.034 0.294 0.038 -0.138 0.190
372.169 0.148 -0.026 0.352 0.032 -0.141 0.236
372.358 0.157 -0.015 0.465 0.025 -0.147 0.335
372.589 0.143 -0.026 0.272 0.040 -0.129 0.168
372.769 0.156 -0.013 0.440 0.031 -0.138 0.317
372.957 0.138 -0.029 0.216 0.049 -0.118 0.126
373.189 0.134 -0.034 0.179 0.053 -0.114 0.099
373.369 0.133 -0.035 0.204 0.052 -0.116 0.124
373.557 0.141 -0.028 0.259 0.043 -0.126 0.161
373.789 0.134 -0.036 0.214 0.048 -0.122 0.128
373.969 0.136 -0.034 0.270 0.045 -0.125 0.181
374.160 0.136 -0.035 0.255 0.044 -0.126 0.165
374.401 0.136 -0.035 0.239 0.044 -0.127 0.148
374.581 0.136 -0.035 0.272 0.043 -0.127 0.181
374.768 0.132 -0.038 0.208 0.047 -0.124 0.122
375.001 0.147 -0.025 0.317 0.033 -0.138 0.202
375.181 0.135 -0.035 0.222 0.043 -0.127 0.130
375.368 0.143 -0.027 0.288 0.034 -0.136 0.177
375.601 0.131 -0.039 0.185 0.045 -0.124 0.098
375.785 0.130 -0.040 0.178 0.047 -0.124 0.094
375.968 0.135 -0.034 0.217 0.041 -0.128 0.121
376.205 0.131 -0.038 0.200 0.045 -0.125 0.113
376.382 0.134 -0.034 0.232 0.040 -0.129 0.135
376.568 0.139 -0.029 0.283 0.033 -0.135 0.175
376.810 0.136 -0.045 0.213 0.044 -0.138 0.118
376.981 0.146 -0.085 0.166 0.064 -0.166 0.084
377.177 0.174 -0.120 0.193 0.080 -0.214 0.097
377.405 0.197 -0.175 0.188 0.112 -0.260 0.103
377.581 0.244 -0.212 0.325 0.126 -0.331 0.207
377.778 0.273 -0.283 0.267 0.170 -0.385 0.163
378.001 0.329 -0.326 0.490 0.191 -0.464 0.355
378.181 0.390 -0.371 0.848 0.214 -0.546 0.691
378.378 0.450 -0.415 1.235 0.234 -0.631 1.063
378.605 0.569 -0.412 1.849 0.214 -0.765 1.665
378.781 0.686 -0.406 1.961 0.190 -0.900 1.776
378.978 0.318 -0.619 0.431 0.194 -0.743 0.312
379.205 0.332 -0.575 1.537 0.059 -0.851 1.356
379.385 0.341 -0.539 1.868 -0.067 -0.952 1.684
379.578 0.344 -0.495 1.924 -0.204 -1.054 1.740
379.801 0.342 -0.443 1.922 -0.355 -1.160 1.738
379.981 0.337 -0.383 1.911 -0.520 -1.270 1.727
380.188 0.330 -0.310 1.897 -0.710 -1.392 1.713
380.409 0.169 -1.047 -0.027 0.096 -1.120 -0.101
380.589 0.196 -1.066 0.305 0.058 -1.205 0.168
380.788 0.288 -1.109 1.081 0.074 -1.322 0.908
381.009 0.504 -1.179 1.839 0.146 -1.535 1.653
381.189 0.726 -1.281 1.980 0.213 -1.786 1.793
381.387 0.977 -1.420 1.980 0.293 -2.088 1.792
381.613 1.266 -1.599 1.957 0.394 -2.441 1.769
381.789 1.591 -1.812 1.932 0.513 -2.840 1.744
381.988 1.949 -2.049 1.908 0.646 -3.275 1.718
382.214 2.334 -2.297 1.887 0.782 -3.736 1.697
382.407 2.782 -2.569 1.873 0.928 -4.263 1.682
382.641 3.211 -2.814 1.863 1.055 -4.761 1.671
382.821 3.662 -3.056 1.854 1.175 -5.278 1.662
383.007 4.134 -3.296 1.845 1.290 -5.817 1.654
383.241 4.628 -3.532 1.844 1.396 -6.000 1.651
383.425 5.147 -3.768 1.843 1.499 -6.000 1.651
383.608 5.692 -4.006 1.841 1.598 -6.000 1.648
383.842 6.000 -4.245 1.842 1.693 -6.000 1.649
384.025 6.000 -4.499 1.842 1.790 -6.000 1.648
384.218 6.000 -4.743 1.840 1.880 -6.000 1.646
384.445 6.000 -4.991 1.839 1.966 -6.000 1.644
384.621 6.000 -5.240 1.838 2.048 -6.000 1.643
384.818 6.000 -5.492 1.835 2.126 -6.000 1.640
385.041 6.000 -5.758 1.837 2.205 -6.000 1.641
385.238 6.000 -6.000 1.838 2.279 -6.000 1.642
385.461 6.000 -6.000 1.838 2.344 -6.000 1.642
385.641 6.000 -6.000 1.838 2.404 -6.000 1.641
385.837 6.000 -6.000 1.841 2.461 -6.000 1.644
386.061 6.000 -6.000 1.843 2.511 -6.000 1.645
386.242 -0.011 -0.637 0.756 -0.150 -0.786 0.618
386.481 -0.092 0.215 2.116 -0.516 -0.247 1.913
386.677 0.006 1.771 2.161 -0.784 1.013 1.956
386.858 0.270 3.565 2.008 -0.968 2.584 1.797
387.089 0.678 5.316 1.905 -1.135 4.127 1.694
387.273 1.102 6.000 1.870 -1.353 5.481 1.660
387.468 1.562 6.000 1.855 -1.623 6.000 1.645
387.689 2.066 6.000 1.851 -1.935 6.000 1.640
387.873 2.615 6.000 1.853 -2.285 6.000 1.642
388.068 3.210 6.000 1.854 -2.672 6.000 1.642
388.289 3.854 6.000 1.851 -3.094 6.000 1.638
388.473 4.544 6.000 1.853 -3.554 6.000 1.639
388.668 5.283 6.000 1.850 -4.048 6.000 1.635
388.889 6.000 6.000 1.851 -4.584 6.000 1.635
389.073 6.000 6.000 1.848 -5.155 6.000 1.632
389.268 6.000 6.000 1.853 -5.766 6.000 1.636
389.489 6.000 6.000 1.853 -6.000 6.000 1.635
389.673 6.000 6.000 1.853 -6.000 6.000 1.635
389.868 6.000 6.000 1.853 -6.000 6.000 1.634
390.089 6.000 6.000 1.853 -6.000 6.000 1.633
390.273 6.000 6.000 1.854 -6.000 6.000 1.633
390.468 6.000 6.000 1.851 -6.000 6.000 1.630
390.693 6.000 6.000 1.855 -6.000 6.000 1.633
390.869 6.000 6.000 1.855 -6.000 6.000 1.632
391.068 6.000 6.000 1.852 -6.000 6.000 1.628
391.289 6.000 6.000 1.856 -6.000 6.000 1.631
391.469 6.000 6.000 1.855 -6.000 6.000 1.630
391.668 6.000 6.000 1.853 -6.000 6.000 1.627
391.889 6.000 6.000 1.851 -6.000 6.000 1.624
392.069 6.000 6.000 1.850 -6.000 6.000 1.623
392.309 6.000 6.000 1.854 -6.000 6.000 1.627
392.493 6.000 6.000 1.857 -6.000 6.000 1.628
392.677 6.000 6.000 1.853 -6.000 6.000 1.624
392.910 6.000 6.000 1.861 -6.000 6.000 1.630
393.089 6.000 6.000 1.856 -6.000 6.000 1.625
393.277 6.000 6.000 1.857 -6.000 6.000 1.625
393.513 6.000 6.000 1.856 -6.000 6.000 1.624
393.693 6.000 6.000 1.855 -6.000 6.000 1.621
393.887 6.000 6.000 1.855 -6.000 6.000 1.621
394.109 6.000 6.000 1.862 -6.000 6.000 1.627
394.297 6.000 6.000 1.861 -6.000 6.000 1.625
394.533 6.000 6.000 1.863 -6.000 6.000 1.626
394.709 6.000 6.000 1.864 -6.000 6.000 1.627
394.898 6.000 6.000 1.861 -6.000 6.000 1.623
395.133 6.000 6.000 1.861 -6.000 6.000 1.622
395.313 6.000 6.000 1.860 -6.000 6.000 1.621
395.498 6.000 6.000 1.861 -6.000 6.000 1.621
395.729 6.000 6.000 1.862 -6.000 6.000 1.622
395.909 6.000 6.000 1.864 -6.000 6.000 1.623
396.097 6.000 6.000 1.863 -6.000 6.000 1.621
396.329 6.000 6.000 1.865 -6.000 6.000 1.622
396.513 6.000 6.000 1.868 -6.000 6.000 1.625
396.698 6.000 6.000 1.865 -6.000 6.000 1.622
396.929 6.000 6.000 1.867 -6.000 6.000 1.623
397.109 6.000 6.000 1.865 -6.000 6.000 1.621
397.298 6.000 6.000 1.866 -6.000 6.000 1.621
397.529 6.000 6.000 1.865 -6.000 6.000 1.620
397.709 6.000 6.000 1.867 -6.000 6.000 1.621
397.898 6.000 6.000 1.861 -6.000 6.000 1.614
398.134 6.000 6.000 1.865 -6.000 6.000 1.618
398.328 6.000 6.000 1.868 -6.000 6.000 1.620
398.549 6.000 6.000 1.868 -6.000 6.000 1.619
398.729 6.000 6.000 1.869 -6.000 6.000 1.620
398.928 6.000 6.000 1.870 -6.000 6.000 1.621
399.149 6.000 6.000 1.867 -6.000 6.000 1.617
399.329 6.000 6.000 1.861 -6.000 6.000 1.611
399.528 6.000 6.000 1.866 -6.000 6.000 1.615
399.762 6.000 6.000 1.869 -6.000 6.000 1.618
399.945 6.000 6.000 1.867 -6.000 6.000 1.615
400.137 6.000 6.000 1.870 -6.000 6.000 1.617
400.361 6.000 6.000 1.872 -6.000 6.000 1.619
400.541 6.000 6.000 1.869 -6.000 6.000 1.616
400.737 6.000 6.000 1.872 -6.000 6.000 1.618
400.961 6.000 6.000 1.869 -6.000 6.000 1.614
401.141 6.000 6.000 1.871 -6.000 6.000 1.616
401.337 6.000 6.000 1.870 -6.000 6.000 1.615
401.565 6.000 6.000 1.868 -6.000 6.000 1.612
401.745 6.000 6.000 1.875 -6.000 6.000 1.618
401.937 6.000 6.000 1.872 -6.000 6.000 1.615
402.165 6.000 6.000 1.870 -6.000 6.000 1.613
402.341 6.000 6.000 1.872 -6.000 6.000 1.614
402.537 6.000 6.000 1.871 -6.000 6.000 1.613
402.765 6.000 6.000 1.874 -6.000 6.000 1.616
402.945 6.000 6.000 1.873 -6.000 6.000 1.614
403.138 6.000 6.000 1.871 -6.000 6.000 1.611
403.369 6.000 6.000 1.871 -6.000 6.000 1.611
403.549 6.000 6.000 1.892 -6.000 6.000 1.631
403.747 6.000 6.000 1.870 -6.000 6.000 1.606
403.969 6.000 6.000 1.822 -6.000 6.000 1.559
404.158 6.000 6.000 1.835 -6.000 6.000 1.565
404.390 6.000 6.000 1.825 -6.000 6.000 1.566
404.569 6.000 6.000 1.801 -6.000 6.000 1.542
404.814 6.000 6.000 1.792 -6.000 6.000 1.524
404.989 6.000 6.000 1.825 -6.000 6.000 1.557
405.177 6.000 6.000 1.839 -6.000 6.000 1.574
405.409 6.000 6.000 1.851 -6.000 6.000 1.582
405.589 6.000 6.000 1.869 -6.000 6.000 1.591
405.778 6.000 6.000 1.866 -6.000 6.000 1.590
406.009 6.000 6.000 1.870 -6.000 6.000 1.603
406.189 6.000 6.000 1.866 -6.000 6.000 1.604
406.377 6.000 6.000 1.853 -6.000 6.000 1.593
406.613 6.000 6.000 1.851 -6.000 6.000 1.592
406.790 6.000 6.000 1.831 -6.000 6.000 1.571
406.987 6.000 6.000 1.823 -6.000 6.000 1.563
407.209 6.000 6.000 1.824 -6.000 6.000 1.562
407.398 6.000 6.000 1.819 -6.000 6.000 1.555
407.637 6.000 6.000 1.835 -6.000 6.000 1.569
407.813 6.000 6.000 1.854 -6.000 6.000 1.590
407.997 6.000 6.000 1.870 -6.000 6.000 1.605
408.229 6.000 6.000 1.878 -6.000 6.000 1.613
408.413 6.000 6.000 1.890 -6.000 6.000 1.623
408.597 6.000 6.000 1.890 -6.000 6.000 1.623
408.821 6.000 6.000 1.883 -6.000 6.000 1.615
409.001 6.000 6.000 1.872 -6.000 6.000 1.604
409.198 6.000 6.000 1.866 -6.000 6.000 1.597
409.421 6.000 6.000 1.865 -6.000 6.000 1.596
409.605 6.000 6.000 1.865 -6.000 6.000 1.596
409.798 6.000 6.000 1.875 -6.000 6.000 1.605
410.021 6.000 6.000 1.883 -6.000 6.000 1.613
410.208 6.000 6.000 1.876 -6.000 6.000 1.605
410.441 6.000 6.000 1.883 -6.000 6.000 1.611
410.621 6.000 6.000 1.883 -6.000 6.000 1.610
410.808 6.000 6.000 1.879 -6.000 6.000 1.605
411.041 6.000 6.000 1.877 -6.000 6.000 1.604
411.221 6.000 6.000 1.880 -6.000 6.000 1.606
411.407 6.000 6.000 1.885 -6.000 6.000 1.610
411.641 6.000 6.000 1.880 -6.000 6.000 1.605
411.821 6.000 6.000 1.890 -6.000 6.000 1.614
412.017 6.000 6.000 1.883 -6.000 6.000 1.608
412.241 6.000 6.000 1.884 -6.000 6.000 1.608
412.425 6.000 6.000 1.883 -6.000 6.000 1.607
412.618 6.000 6.000 1.886 -6.000 6.000 1.609
412.842 6.000 6.000 1.883 -6.000 6.000 1.606
413.037 6.000 6.000 1.884 -6.000 6.000 1.606
413.261 6.000 6.000 1.891 -6.000 6.000 1.612
413.441 6.000 6.000 1.892 -6.000 6.000 1.613
413.638 6.000 6.000 1.888 -6.000 6.000 1.609
413.865 6.000 6.000 1.886 -6.000 6.000 1.607
414.041 6.000 6.000 1.882 -6.000 6.000 1.603
414.238 6.000 6.000 1.887 -6.000 6.000 1.607
414.461 6.000 6.000 1.891 -6.000 6.000 1.610
414.648 6.000 6.000 1.887 -6.000 6.000 1.606
414.881 6.000 6.000 1.890 -6.000 6.000 1.609
415.065 2.940 6.000 1.888 -6.000 6.000 1.607
415.258 -4.863 6.000 1.885 -6.000 6.000 1.602
415.485 -6.000 6.000 1.894 -6.000 6.000 1.611
415.665 -6.000 6.000 1.888 -6.000 6.000 1.606
415.858 -6.000 6.000 1.886 -6.000 -2.269 1.604
416.085 -6.000 6.000 1.891 -6.000 -6.000 1.607
416.269 -6.000 6.000 1.889 -6.000 -6.000 1.607
416.470 -6.000 6.000 1.890 -6.000 -6.000 1.606
416.689 -6.000 6.000 1.887 -6.000 -6.000 1.603
416.878 -6.000 6.000 1.889 -6.000 -6.000 1.604
417.109 -6.000 6.000 1.890 -6.000 -6.000 1.606
417.289 -6.000 6.000 1.888 -6.000 -6.000 1.603
417.478 -6.000 6.000 1.889 -6.000 -6.000 1.604
417.713 -6.000 6.000 1.884 -6.000 -6.000 1.599
417.889 -6.000 6.000 1.892 -6.000 -6.000 1.606
418.077 -6.000 6.000 1.893 -6.000 -6.000 1.607
418.314 -6.000 6.000 1.890 -6.000 -6.000 1.603
418.489 -6.000 6.000 1.889 -6.000 -6.000 1.603
418.677 -6.000 6.000 1.887 -6.000 -6.000 1.600
418.909 -6.000 6.000 1.894 -6.000 -6.000 1.607
419.089 -6.000 6.000 1.893 -6.000 -6.000 1.605
419.278 -6.000 6.000 1.891 -6.000 -6.000 1.603
419.509 -6.000 6.000 1.892 -6.000 -6.000 1.604
419.693 -6.000 6.000 1.893 -6.000 -6.000 1.604
419.877 -6.000 6.000 1.886 -6.000 -6.000 1.598
420.113 -6.000 6.000 1.890 -6.000 -6.000 1.601
420.293 -6.000 6.000 1.893 -6.000 -6.000 1.604
420.477 -6.000 6.000 1.891 -6.000 -6.000 1.602
420.714 -6.000 6.000 1.888 -6.000 -6.000 1.599
420.889 -6.000 6.000 1.892 -6.000 -6.000 1.602
421.078 -6.000 6.000 1.890 -6.000 -6.000 1.597
421.313 -6.000 6.000 1.889 -6.000 -6.000 1.598
421.489 -6.000 6.000 1.886 -6.000 -6.000 1.595
421.678 -6.000 6.000 1.891 -6.000 -6.000 1.600
421.909 -6.000 6.000 1.893 -6.000 -6.000 1.602
422.093 -6.000 6.000 1.895 -6.000 -6.000 1.603
422.288 -6.000 6.000 1.889 -6.000 -6.000 1.598
422.509 -6.000 6.000 1.889 -6.000 -6.000 1.597
422.689 -6.000 6.000 1.889 -6.000 -6.000 1.597
422.888 -6.000 6.000 1.892 -6.000 -6.000 1.599
423.109 -6.000 6.000 1.893 -6.000 -6.000 1.600
423.293 -6.000 6.000 1.899 -6.000 -6.000 1.606
423.488 -6.000 6.000 1.897 -6.000 -6.000 1.603
423.709 -6.000 6.000 1.892 -6.000 -6.000 1.599
423.889 -6.000 6.000 1.896 -6.000 -6.000 1.602
424.087 -6.000 6.000 1.890 -6.000 -6.000 1.596
424.313 -6.000 6.000 1.892 -6.000 -6.000 1.598
424.498 -6.000 6.000 1.891 -6.000 -6.000 1.597
424.735 -6.000 6.000 1.895 -6.000 -6.000 1.601
424.913 -6.000 6.000 1.894 -6.000 -6.000 1.599
425.098 -6.000 6.000 1.894 -6.000 -6.000 1.599
425.329 -6.000 6.000 1.890 -6.000 -6.000 1.595
425.509 -6.000 6.000 1.896 -6.000 -6.000 1.600
425.708 -6.000 6.000 1.892 -6.000 -6.000 1.596
425.929 -6.000 6.000 1.890 -6.000 -6.000 1.594
426.109 -6.000 6.000 1.894 -6.000 -6.000 1.597
426.308 -6.000 6.000 1.892 -6.000 -6.000 1.595
426.533 -6.000 6.000 1.894 -6.000 -6.000 1.596
426.709 -6.000 6.000 1.894 -6.000 -6.000 1.596
426.949 -6.000 6.000 1.890 -6.000 -6.000 1.593
427.129 -6.000 6.000 1.893 -6.000 -6.000 1.595
427.318 -6.000 6.000 1.897 -6.000 -6.000 1.598
427.553 -6.000 6.000 1.895 -6.000 -6.000 1.596
427.729 -6.000 6.000 1.895 -6.000 -6.000 1.597
427.918 -6.000 6.000 1.896 -6.000 -6.000 1.597
428.149 -6.000 6.000 1.897 -6.000 -6.000 1.598
428.329 -6.000 6.000 1.889 -6.000 -6.000 1.590
428.569 -6.000 6.000 1.897 -6.000 -6.000 1.598
428.749 -6.000 6.000 1.890 -6.000 -6.000 1.589
428.938 -6.000 6.000 1.896 -6.000 -6.000 1.596
429.173 -6.000 6.000 1.893 -6.000 -6.000 1.593
429.349 -6.000 6.000 1.891 -6.000 -6.000 1.591
429.537 -6.000 6.000 1.891 -6.000 -6.000 1.591
429.770 -6.000 6.000 1.896 -6.000 -6.000 1.595
429.965 -6.000 6.000 1.897 -6.000 -6.000 1.596
430.157 -6.000 6.000 1.896 -6.000 -6.000 1.594
430.381 -6.000 6.000 1.893 -6.000 -6.000 1.591
430.561 -6.000 6.000 1.895 -6.000 -6.000 1.593
430.757 -6.000 6.000 1.897 -6.000 -6.000 1.594
430.981 -6.000 6.000 1.891 -6.000 -6.000 1.588
431.165 -6.000 6.000 1.896 -6.000 -6.000 1.593
431.357 -6.000 6.000 1.894 -6.000 -6.000 1.591
431.581 -6.000 6.000 1.900 -6.000 -6.000 1.597
431.765 -6.000 6.000 1.900 -6.000 -6.000 1.596
431.957 -6.000 6.000 1.897 -6.000 -6.000 1.592
432.181 -6.000 6.000 1.899 -6.000 -6.000 1.595
432.365 -6.000 6.000 1.898 -6.000 -6.000 1.594
432.557 -6.000 6.000 1.896 -6.000 -6.000 1.592
432.781 -6.000 6.000 1.898 -6.000 -6.000 1.593
432.961 -6.000 6.000 1.898 -6.000 -6.000 1.593
433.157 -6.000 6.000 1.897 -6.000 -6.000 1.592
433.385 -6.000 6.000 1.896 -6.000 -6.000 1.590
433.561 -6.000 6.000 1.898 -6.000 -6.000 1.592
433.759 -6.000 6.000 1.894 -6.000 -6.000 1.588
433.981 -6.000 6.000 1.894 -6.000 -6.000 1.587
434.162 -6.000 6.000 1.895 -6.000 -6.000 1.588
434.358 -6.000 6.000 1.898 -6.000 -6.000 1.591
434.581 -6.000 6.000 1.902 -6.000 -6.000 1.596
434.765 -6.000 6.000 1.897 -6.000 -6.000 1.589
435.005 -6.000 6.000 1.902 -6.000 -6.000 1.595
435.187 -6.000 6.000 1.896 -6.000 -6.000 1.587
435.367 -6.000 6.000 1.900 -6.000 -6.000 1.592
435.601 -6.000 6.000 1.897 -6.000 -6.000 1.589
435.781 -6.000 6.000 1.902 -6.000 -6.000 1.594
435.968 -6.000 6.000 1.898 -6.000 -6.000 1.589
436.205 -6.000 6.000 1.899 -6.000 -6.000 1.590
436.385 -6.000 6.000 1.898 -6.000 -6.000 1.589
436.578 -6.000 6.000 1.901 -6.000 -6.000 1.592
436.801 -6.000 6.000 1.900 -6.000 -6.000 1.590
436.981 -6.000 6.000 1.895 -6.000 -6.000 1.586
437.178 -6.000 6.000 1.895 -6.000 -6.000 1.585
437.405 -6.000 6.000 1.893 -6.000 -6.000 1.583
437.581 -6.000 6.000 1.900 -6.000 -6.000 1.590
437.777 -6.000 6.000 1.901 -6.000 -6.000 1.590
438.001 -6.000 6.000 1.901 -6.000 -6.000 1.590
438.183 -6.000 6.000 1.901 -6.000 -6.000 1.589
438.377 -6.000 6.000 1.897 -6.000 -6.000 1.586
438.601 -6.000 6.000 1.899 -6.000 -6.000 1.587
438.781 -6.000 6.000 1.898 -6.000 -6.000 1.586
438.977 -6.000 6.000 1.903 -6.000 -6.000 1.591
439.205 -6.000 6.000 1.903 -6.000 -6.000 1.590
439.381 -6.000 6.000 1.899 -6.000 -6.000 1.587
439.578 -6.000 6.000 1.903 -6.000 -6.000 1.591
439.805 -6.000 6.000 1.901 -6.000 -6.000 1.588
439.997 -6.000 6.000 1.901 -6.000 -6.000 1.588
440.221 -6.000 6.000 1.899 -6.000 -6.000 1.586
440.405 -6.000 6.000 1.902 -6.000 -6.000 1.588
440.641 -6.000 6.000 1.906 -6.000 -6.000 1.592
440.848 -6.000 6.000 1.899 -6.000 -6.000 1.585
441.074 -6.000 6.000 1.903 -6.000 -6.000 1.588
441.253 -6.000 6.000 1.902 -6.000 -6.000 1.588
441.448 -6.000 6.000 1.904 -6.000 -6.000 1.590
441.669 -6.000 6.000 1.903 -6.000 -6.000 1.587
441.849 -6.000 6.000 1.900 -6.000 -6.000 1.585
442.047 0.782 0.057 0.600 0.658 -0.067 0.484
442.269 0.708 0.091 0.480 0.620 0.004 0.392
442.449 0.660 0.091 0.609 0.552 -0.017 0.503
442.660 0.641 0.214 1.448 0.397 -0.030 1.264
442.881 0.539 0.083 0.760 0.397 -0.060 0.621
443.068 0.487 0.101 0.951 0.325 -0.062 0.803
443.305 0.411 0.102 0.608 0.294 -0.015 0.493
443.481 0.392 0.166 1.184 0.189 -0.040 1.014
443.668 0.353 0.202 1.301 0.135 -0.018 1.128
443.901 0.365 0.296 1.855 -0.010 -0.091 1.667
444.082 0.379 0.391 1.951 -0.164 -0.181 1.763
444.268 0.400 0.490 1.949 -0.330 -0.291 1.761
444.501 0.428 0.590 1.930 -0.512 -0.422 1.742
444.681 0.464 0.690 1.910 -0.710 -0.578 1.723
444.867 0.508 0.792 1.894 -0.925 -0.758 1.706
445.101 0.562 0.899 1.880 -1.154 -0.958 1.693
445.285 0.628 1.013 1.870 -1.398 -1.180 1.683
445.480 0.707 1.139 1.857 -1.673 -1.437 1.670
445.701 0.795 1.267 1.849 -1.949 -1.701 1.663
445.881 0.897 1.407 1.844 -2.239 -1.985 1.658
446.077 1.012 1.557 1.841 -2.543 -2.286 1.656
446.301 1.141 1.717 1.837 -2.861 -2.609 1.652
446.481 1.285 1.888 1.834 -3.191 -2.950 1.649
446.677 1.444 2.068 1.830 -3.535 -3.313 1.645
446.905 1.618 2.254 1.830 -3.892 -3.700 1.644
447.085 1.806 2.441 1.830 -4.265 -4.116 1.644
447.278 2.009 2.629 1.831 -4.652 -4.560 1.645
447.502 2.226 2.823 1.826 -5.055 -5.028 1.640
447.681 2.460 3.007 1.827 -5.471 -5.532 1.641
447.878 2.706 3.187 1.827 -5.906 -6.000 1.641
448.101 2.966 3.366 1.827 -6.000 -6.000 1.641
448.281 3.242 3.544 1.828 -6.000 -6.000 1.642
448.477 3.527 3.714 1.828 -6.000 -6.000 1.642
448.701 3.820 3.857 1.830 -6.000 -6.000 1.644
448.883 4.124 3.994 1.833 -6.000 -6.000 1.646
449.078 4.448 4.160 1.830 -6.000 -6.000 1.644
449.301 4.788 4.323 1.833 -6.000 -6.000 1.647
449.485 5.141 4.492 1.834 -6.000 -6.000 1.648
449.677 5.505 4.660 1.835 -6.000 -6.000 1.649
449.901 0.259 0.155 0.401 0.121 0.015 0.273
450.081 0.674 0.170 1.485 0.316 -0.210 1.301
450.277 1.132 0.190 1.826 0.549 -0.450 1.638
450.501 1.555 0.225 1.886 0.736 -0.701 1.698
450.681 1.987 0.269 1.888 0.913 -0.970 1.700
450.878 2.450 0.320 1.878 1.102 -1.257 1.690
451.109 2.977 0.384 1.870 1.321 -1.577 1.681
451.293 3.516 0.458 1.864 1.549 -1.900 1.675
451.488 4.086 0.542 1.856 1.790 -2.243 1.666
451.709 4.680 0.636 1.854 2.038 -2.605 1.664
451.897 5.301 0.741 1.852 2.293 -2.990 1.662
452.088 5.949 0.859 1.848 2.555 -3.394 1.657
452.313 6.000 0.991 1.843 2.824 -3.819 1.652
452.502 6.000 1.145 1.844 3.108 -4.287 1.653
452.698 6.000 1.307 1.844 3.385 -4.753 1.652
452.921 6.000 1.482 1.841 3.668 -5.241 1.648
453.103 6.000 1.670 1.844 3.952 -5.754 1.652
453.299 6.000 1.873 1.845 4.243 -6.000 1.652
453.521 6.000 2.089 1.847 4.538 -6.000 1.654
453.705 6.000 2.322 1.841 4.838 -6.000 1.647
453.898 6.000 2.570 1.841 5.144 -6.000 1.647
454.121 6.000 2.848 1.843 5.470 -6.000 1.648
454.308 6.000 3.131 1.845 5.787 -6.000 1.650
454.541 6.000 3.431 1.847 6.000 -6.000 1.651
454.725 6.000 3.748 1.847 6.000 -6.000 1.651
454.907 6.000 4.081 1.844 6.000 -6.000 1.648
455.145 6.000 4.430 1.845 6.000 -6.000 1.649
455.325 6.000 4.797 1.845 6.000 -6.000 1.648
455.508 6.000 5.181 1.850 6.000 -6.000 1.652
455.741 6.000 5.589 1.847 6.000 -6.000 1.650
455.922 6.000 6.000 1.842 6.000 -6.000 1.644
456.108 6.000 6.000 1.846 6.000 -6.000 1.647
456.341 6.000 6.000 1.845 6.000 -6.000 1.646
456.521 6.000 6.000 1.845 6.000 -6.000 1.646
456.707 6.000 6.000 1.847 6.000 -6.000 1.647
456.941 6.000 6.000 1.845 6.000 -6.000 1.645
457.127 6.000 6.000 1.848 6.000 -6.000 1.647
457.366 6.000 6.000 1.849 6.000 -6.000 1.648
457.541 6.000 6.000 1.847 6.000 -6.000 1.646
457.728 6.000 6.000 1.847 6.000 -6.000 1.646
457.961 6.000 6.000 1.847 6.000 -6.000 1.645
458.141 6.000 6.000 1.850 6.000 -6.000 1.648
458.328 6.000 6.000 1.848 6.000 -6.000 1.645
458.561 6.000 6.000 1.850 6.000 -6.000 1.647
458.742 6.000 6.000 1.846 6.000 -6.000 1.643
458.927 6.000 6.000 1.849 6.000 -6.000 1.645
459.165 6.000 6.000 1.848 6.000 -6.000 1.644
459.345 6.000 6.000 1.848 6.000 -6.000 1.644
459.527 6.000 6.000 1.850 6.000 -6.000 1.645
459.761 6.000 6.000 1.848 6.000 -6.000 1.643
459.941 6.000 6.000 1.847 6.000 -6.000 1.642
460.127 6.000 6.000 1.852 6.000 -6.000 1.646
460.361 6.000 6.000 1.851 6.000 -6.000 1.644
460.541 6.000 6.000 1.848 6.000 -6.000 1.641
460.727 6.000 6.000 1.849 6.000 -6.000 1.642
460.969 6.000 6.000 1.847 6.000 -6.000 1.640
461.153 6.000 6.000 1.848 6.000 -6.000 1.640
461.368 6.000 6.000 1.852 6.000 -6.000 1.645
461.589 6.000 6.000 1.852 6.000 -6.000 1.644
461.788 6.000 6.000 1.849 6.000 -6.000 1.641
462.025 6.000 6.000 1.851 6.000 -6.000 1.642
462.205 6.000 6.000 1.849 6.000 -6.000 1.640
462.387 6.000 6.000 1.852 6.000 -6.000 1.642
462.625 6.000 6.000 1.851 6.000 -6.000 1.641
462.801 6.000 6.000 1.851 6.000 -6.000 1.641
462.989 6.000 6.000 1.851 6.000 -6.000 1.640
463.221 6.000 6.000 1.851 6.000 -6.000 1.640
463.405 6.000 6.000 1.851 6.000 -6.000 1.640
463.587 6.000 6.000 1.850 6.000 -6.000 1.639
463.821 6.000 6.000 1.851 6.000 -6.000 1.639
464.005 6.000 6.000 1.853 6.000 -6.000 1.641
464.187 6.000 6.000 1.852 6.000 -6.000 1.640
464.421 6.000 6.000 1.849 6.000 -6.000 1.637
464.601 6.000 6.000 1.853 6.000 -6.000 1.641
464.787 6.000 6.000 1.853 6.000 -6.000 1.640
465.025 6.000 6.000 1.853 6.000 -6.000 1.640
465.201 6.000 6.000 1.851 6.000 -6.000 1.638
465.387 6.000 6.000 1.853 6.000 -6.000 1.639
465.621 6.000 6.000 1.854 6.000 -6.000 1.640
465.801 6.000 6.000 1.855 6.000 -6.000 1.640
465.987 6.000 6.000 1.854 6.000 -6.000 1.639
466.229 6.000 6.000 1.854 6.000 -6.000 1.639
466.416 6.000 6.000 1.853 6.000 -6.000 1.637
466.598 6.000 6.000 1.852 6.000 -6.000 1.637
466.829 6.000 6.000 1.851 6.000 -6.000 1.635
467.013 6.000 6.000 1.856 6.000 -6.000 1.640
467.197 6.000 6.000 1.854 6.000 -6.000 1.638
467.433 0.468 -0.818 0.122 0.403 -0.882 0.056
467.613 0.940 -0.210 1.113 0.731 -0.412 0.930
467.853 2.030 1.094 2.149 1.499 0.607 1.940
468.035 3.356 2.563 2.070 2.461 1.759 1.856
468.219 4.731 4.086 1.931 3.398 2.899 1.715
468.453 6.000 5.575 1.876 4.231 3.939 1.660
468.633 6.000 6.000 1.863 5.023 4.928 1.647
468.820 6.000 6.000 1.854 5.798 5.893 1.638
469.049 6.000 6.000 1.857 6.000 6.000 1.641
469.233 6.000 6.000 1.858 6.000 6.000 1.641
469.418 6.000 6.000 1.854 6.000 6.000 1.638
469.653 6.000 6.000 1.854 6.000 6.000 1.638
469.829 6.000 6.000 1.855 6.000 6.000 1.638
470.028 6.000 6.000 1.855 6.000 6.000 1.637
470.261 6.000 6.000 1.856 6.000 6.000 1.639
470.445 6.000 6.000 1.857 6.000 6.000 1.639
470.628 6.000 6.000 1.855 6.000 6.000 1.637
470.861 6.000 6.000 1.855 6.000 6.000 1.637
471.041 6.000 6.000 1.856 6.000 6.000 1.638
471.228 6.000 6.000 1.858 6.000 6.000 1.640
471.465 6.000 6.000 1.855 6.000 6.000 1.636
471.641 6.000 6.000 1.856 6.000 6.000 1.637
471.828 6.000 6.000 1.861 6.000 6.000 1.642
472.061 6.000 6.000 1.858 6.000 6.000 1.638
472.241 6.000 6.000 1.859 6.000 6.000 1.639
472.428 6.000 6.000 1.856 6.000 6.000 1.636
472.661 6.000 6.000 1.857 6.000 6.000 1.637
472.858 6.000 6.000 1.856 6.000 6.000 1.636
473.093 6.000 6.000 1.856 6.000 6.000 1.635
473.269 6.000 6.000 1.860 6.000 6.000 1.639
473.459 6.000 6.000 1.853 6.000 6.000 1.631
473.689 6.000 6.000 1.857 6.000 6.000 1.636
473.877 6.000 6.000 1.856 6.000 6.000 1.634
474.109 6.000 6.000 1.857 6.000 6.000 1.635
474.289 6.000 6.000 1.859 6.000 6.000 1.636
474.477 6.000 6.000 1.859 6.000 6.000 1.636
474.709 6.000 6.000 1.858 6.000 6.000 1.635
474.889 6.000 6.000 1.853 6.000 6.000 1.630
475.077 6.000 6.000 1.854 6.000 6.000 1.631
475.313 6.000 6.000 1.856 6.000 6.000 1.633
475.493 6.000 6.000 1.859 6.000 6.000 1.635
475.677 6.000 6.000 1.860 6.000 6.000 1.636
475.913 6.000 6.000 1.859 6.000 6.000 1.635
476.089 6.000 6.000 1.860 6.000 6.000 1.635
476.287 6.000 6.000 1.856 6.000 6.000 1.631
476.521 6.000 6.000 1.856 6.000 6.000 1.631
476.713 6.000 6.000 1.858 6.000 6.000 1.634
476.907 6.000 6.000 1.858 6.000 6.000 1.633
477.134 6.000 6.000 1.859 6.000 6.000 1.634
477.309 6.000 6.000 1.862 6.000 6.000 1.636
477.520 6.000 6.000 1.862 6.000 6.000 1.635
477.741 6.000 6.000 1.860 6.000 6.000 1.634
477.921 6.000 6.000 1.854 6.000 6.000 1.628
478.118 6.000 6.000 1.860 6.000 6.000 1.634
478.349 6.000 6.000 1.862 6.000 6.000 1.636
478.537 6.000 6.000 1.863 6.000 6.000 1.635
478.769 6.000 6.000 1.860 6.000 6.000 1.633
478.949 6.000 6.000 1.857 6.000 6.000 1.630
479.138 6.000 6.000 1.859 6.000 6.000 1.631
479.373 6.000 6.000 1.860 6.000 6.000 1.632
479.549 6.000 6.000 1.862 6.000 6.000 1.634
479.738 6.000 6.000 1.858 6.000 6.000 1.629
479.974 6.000 6.000 1.856 6.000 6.000 1.628
480.149 6.000 6.000 1.862 6.000 6.000 1.633
480.348 6.000 6.000 1.861 6.000 6.000 1.631
480.574 6.000 6.000 1.859 6.000 6.000 1.630
480.749 6.000 6.000 1.861 6.000 6.000 1.631
480.957 6.000 6.000 1.857 6.000 6.000 1.628
481.181 6.000 6.000 1.857 6.000 6.000 1.627
481.362 6.000 6.000 1.863 6.000 6.000 1.632
481.601 6.000 6.000 1.864 6.000 6.000 1.633
481.781 6.000 6.000 1.864 6.000 6.000 1.633
481.968 6.000 6.000 1.861 6.000 6.000 1.630
482.201 6.000 6.000 1.864 6.000 6.000 1.633
482.381 6.000 6.000 1.860 6.000 6.000 1.629
482.577 6.000 6.000 1.864 6.000 6.000 1.633
482.801 6.000 6.000 1.863 6.000 6.000 1.631
482.981 6.000 6.000 1.859 6.000 6.000 1.627
483.177 6.000 6.000 1.861 6.000 6.000 1.629
483.405 6.000 6.000 1.864 6.000 6.000 1.632
483.581 6.000 6.000 1.865 6.000 6.000 1.632
483.779 6.000 6.000 1.863 6.000 6.000 1.630
484.001 6.000 6.000 1.865 6.000 6.000 1.632
484.182 6.000 6.000 1.864 6.000 6.000 1.631
484.378 6.000 6.000 1.866 6.000 4.929 1.632
484.605 6.000 6.000 1.864 6.000 3.660 1.631
484.785 6.000 6.000 1.863 6.000 2.347 1.629
484.987 6.000 6.000 1.866 6.000 0.933 1.632
485.213 6.000 6.000 1.866 6.000 -0.476 1.632
485.389 6.000 6.000 1.866 6.000 -1.904 1.631
485.587 6.000 6.000 1.866 6.000 -3.364 1.632
485.809 6.000 6.000 1.866 6.000 -4.863 1.632
485.989 6.000 6.000 1.868 6.000 -6.000 1.633
486.187 6.000 6.000 1.863 6.000 -6.000 1.628
486.419 6.000 6.000 1.864 6.000 -6.000 1.629
486.607 6.000 6.000 1.861 6.000 -6.000 1.626
486.841 6.000 6.000 1.863 6.000 -6.000 1.627
487.025 6.000 6.000 1.865 6.000 -6.000 1.629
487.207 6.000 6.000 1.863 6.000 -6.000 1.627
487.445 6.000 6.000 1.868 6.000 -6.000 1.632
487.625 6.000 6.000 1.866 6.000 -6.000 1.629
487.808 6.000 6.000 1.865 6.000 -6.000 1.628
488.041 6.000 6.000 1.864 6.000 -6.000 1.627
488.221 6.000 6.000 1.866 6.000 -6.000 1.629
488.408 6.000 6.000 1.867 6.000 -6.000 1.629
488.645 -0.928 0.407 2.076 -1.215 -0.135 1.843
488.825 -0.243 -0.142 0.634 -0.305 -0.205 0.570
489.018 -0.227 0.044 0.880 -0.371 -0.104 0.736
489.241 -0.341 0.621 1.758 -0.681 0.278 1.564
489.425 -0.418 1.205 1.936 -0.975 0.669 1.743
489.628 -0.479 1.851 1.930 -1.300 1.103 1.738
489.849 -0.519 2.496 1.899 -1.623 1.538 1.707
490.036 -0.530 3.162 1.874 -1.948 1.982 1.682
490.269 -0.503 3.880 1.855 -2.288 2.452 1.662
490.459 -0.435 4.576 1.843 -2.602 2.899 1.650
490.638 -0.329 5.293 1.835 -2.911 3.353 1.641
490.870 -0.181 6.000 1.830 -3.215 3.816 1.636
491.049 0.007 6.000 1.831 -3.513 4.292 1.637
491.237 0.236 6.000 1.830 -3.808 4.784 1.635
491.470 0.505 6.000 1.825 -4.101 5.290 1.630
491.654 0.832 6.000 1.830 -4.404 5.842 1.634
491.847 1.186 6.000 1.832 -4.690 6.000 1.635
492.069 1.581 6.000 1.831 -4.976 6.000 1.634
492.253 2.019 6.000 1.829 -5.261 6.000 1.632
492.447 2.498 6.000 1.830 -5.546 6.000 1.632
492.669 3.019 6.000 1.835 -5.831 6.000 1.636
492.854 3.581 6.000 1.837 -6.000 6.000 1.638
493.048 4.186 6.000 1.836 -6.000 6.000 1.636
493.274 4.834 6.000 1.839 -6.000 6.000 1.638
493.449 5.524 6.000 1.837 -6.000 6.000 1.636
493.648 6.000 6.000 1.840 -6.000 6.000 1.639
493.873 6.000 6.000 1.842 -6.000 6.000 1.641
494.053 0.460 0.118 1.055 0.367 0.024 0.962
494.248 0.549 -0.020 1.040 0.489 -0.081 0.978
494.469 0.536 0.251 1.375 0.334 0.047 1.203
494.658 0.444 0.708 1.779 0.055 0.319 1.588
494.893 0.364 1.142 1.859 -0.212 0.574 1.668
495.069 0.291 1.590 1.867 -0.494 0.831 1.677
495.258 0.911 -0.013 1.307 0.859 -0.065 1.254
495.489 1.033 0.023 1.545 0.908 -0.101 1.419
495.669 0.863 -0.389 1.794 0.617 -0.625 1.616
495.858 0.916 -0.777 1.933 0.501 -1.156 1.745
496.089 0.985 -1.198 1.933 0.376 -1.725 1.743
496.278 1.081 -1.695 1.904 0.220 -2.394 1.712
496.505 1.182 -2.166 1.880 0.057 -3.031 1.688
496.686 1.294 -2.645 1.860 -0.130 -3.689 1.667
496.878 1.418 -3.130 1.848 -0.340 -4.367 1.654
497.105 1.557 -3.620 1.842 -0.569 -5.067 1.648
497.288 1.720 -4.143 1.839 -0.832 -5.828 1.644
497.521 1.889 -4.651 1.835 -1.103 -6.000 1.641
497.705 2.070 -5.170 1.834 -1.398 -6.000 1.639
497.887 2.265 -5.701 1.836 -1.716 -6.000 1.640
498.121 2.475 -6.000 1.831 -2.055 -6.000 1.635
498.301 2.697 -6.000 1.831 -2.418 -6.000 1.635
498.488 2.933 -6.000 1.834 -2.805 -6.000 1.637
498.725 3.184 -6.000 1.835 -3.215 -6.000 1.638
498.902 3.463 -6.000 1.834 -3.673 -6.000 1.636
499.098 3.741 -6.000 1.839 -4.136 -6.000 1.640
499.321 0.657 -0.544 1.631 0.390 -0.807 1.433
499.509 0.349 -1.257 1.868 -0.180 -1.744 1.663
499.741 0.077 -1.929 1.883 -0.761 -2.655 1.680
499.937 -0.252 -2.724 1.868 -1.514 -3.762 1.666
500.161 -0.550 -3.437 1.856 -2.237 -4.783 1.653
500.345 -0.853 -4.164 1.845 -3.016 -5.853 1.641
500.538 -1.158 -4.906 1.844 -3.850 -6.000 1.639
500.761 -1.465 -5.663 1.848 -4.741 -6.000 1.642
500.941 -1.779 -6.000 1.845 -5.691 -6.000 1.639
501.137 -2.098 -6.000 1.845 -6.000 -6.000 1.637
501.361 -2.418 -6.000 1.849 -6.000 -6.000 1.640
501.541 0.642 -0.190 0.584 0.537 -0.297 0.480
501.738 0.755 -0.134 0.484 0.680 -0.210 0.408
501.966 0.759 -0.122 0.463 0.673 -0.208 0.375
502.141 0.770 -0.107 0.472 0.684 -0.193 0.387
502.338 0.777 -0.097 0.357 0.705 -0.168 0.285
502.561 0.765 -0.089 0.350 0.680 -0.173 0.265
502.741 0.761 -0.084 0.296 0.684 -0.160 0.218
502.938 0.758 -0.072 0.325 0.666 -0.164 0.231
503.161 0.754 -0.065 0.326 0.659 -0.159 0.229
503.357 0.733 -0.070 0.276 0.660 -0.142 0.203
503.581 0.694 -0.061 0.250 0.621 -0.134 0.176
503.761 0.656 -0.029 0.316 0.555 -0.130 0.213
503.958 0.581 -0.018 0.247 0.491 -0.109 0.153
504.183 0.503 -0.008 0.238 0.410 -0.101 0.143
504.361 0.444 0.028 0.635 0.297 -0.118 0.498
504.558 0.352 0.008 0.497 0.229 -0.114 0.378
504.781 0.271 0.005 0.460 0.137 -0.129 0.327
504.965 0.278 0.119 1.624 -0.006 -0.165 1.442
505.173 0.278 0.246 1.930 -0.143 -0.180 1.745
505.393 0.286 0.407 1.976 -0.284 -0.176 1.792
505.569 0.306 0.594 1.971 -0.417 -0.151 1.787
505.813 0.347 0.833 1.951 -0.555 -0.094 1.767
505.989 0.405 1.104 1.928 -0.683 -0.005 1.744
506.188 0.488 1.433 1.911 -0.817 0.122 1.726
506.413 0.589 1.785 1.898 -0.945 0.274 1.712
506.589 0.712 2.171 1.884 -1.076 0.453 1.698
506.788 0.853 2.583 1.870 -1.213 0.649 1.683
507.009 1.009 3.009 1.861 -1.365 0.850 1.673
507.189 -0.013 -0.112 -0.009 -0.079 -0.178 -0.077
507.388 -0.015 -0.109 -0.004 -0.085 -0.179 -0.075
507.613 -0.015 -0.105 -0.005 -0.086 -0.176 -0.077
507.789 -0.016 -0.100 -0.019 -0.083 -0.167 -0.087
507.987 -0.024 0.001 1.251 -0.252 -0.227 1.073
508.209 0.002 -0.062 0.183 -0.106 -0.169 0.073
508.393 0.021 -0.029 0.539 -0.131 -0.181 0.393
508.588 0.036 -0.030 0.407 -0.106 -0.171 0.267
508.813 0.029 -0.058 0.064 -0.061 -0.147 -0.029
508.993 0.029 -0.061 0.042 -0.050 -0.140 -0.039
509.187 0.031 -0.061 0.029 -0.047 -0.138 -0.050
509.414 0.031 -0.061 0.032 -0.046 -0.138 -0.047
509.594 0.046 -0.043 0.204 -0.065 -0.154 0.091
509.788 0.029 -0.062 0.033 -0.048 -0.138 -0.046
510.009 0.022 -0.066 0.005 -0.045 -0.133 -0.063
510.189 0.030 -0.055 0.074 -0.058 -0.144 -0.018
510.388 0.016 -0.067 -0.006 -0.049 -0.132 -0.073
510.609 0.025 -0.055 0.071 -0.063 -0.143 -0.021
510.791 0.022 -0.055 0.063 -0.064 -0.141 -0.027
510.987 0.010 -0.064 -0.009 -0.055 -0.130 -0.076
511.217 0.013 -0.059 0.029 -0.060 -0.132 -0.046
511.405 0.010 -0.062 -0.007 -0.055 -0.127 -0.073
511.608 0.014 -0.058 0.018 -0.057 -0.130 -0.056
511.829 0.016 -0.059 0.010 -0.055 -0.130 -0.063
512.009 0.017 -0.060 0.006 -0.053 -0.129 -0.065
512.208 0.019 -0.060 0.014 -0.053 -0.131 -0.059
512.429 0.020 -0.061 0.012 -0.052 -0.132 -0.061
512.609 0.018 -0.064 0.006 -0.049 -0.131 -0.062
512.808 0.019 -0.064 0.007 -0.049 -0.132 -0.063
513.029 0.022 -0.063 0.017 -0.050 -0.135 -0.056
513.209 0.022 -0.064 0.019 -0.049 -0.136 -0.055
513.449 0.030 -0.059 0.060 -0.055 -0.144 -0.028
513.629 0.029 -0.061 0.052 -0.053 -0.143 -0.033
513.832 0.024 -0.067 0.020 -0.047 -0.139 -0.054
514.061 0.039 -0.055 0.125 -0.060 -0.153 0.023
514.245 0.037 -0.058 0.100 -0.057 -0.152 0.002
514.437 0.025 -0.071 0.020 -0.045 -0.141 -0.051
514.661 0.031 -0.066 0.046 -0.049 -0.147 -0.037
514.842 0.037 -0.063 0.079 -0.052 -0.152 -0.013
515.037 0.057 -0.045 0.299 -0.071 -0.173 0.169
515.265 0.030 -0.075 0.018 -0.040 -0.144 -0.054
515.444 0.030 -0.076 0.012 -0.040 -0.146 -0.059
515.696 0.044 -0.065 0.093 -0.050 -0.159 -0.005
515.869 0.044 -0.066 0.105 -0.052 -0.161 0.007
516.068 0.044 -0.067 0.118 -0.053 -0.164 0.018
516.293 0.032 -0.080 0.083 -0.045 -0.157 0.005
516.477 0.028 -0.086 0.021 -0.042 -0.156 -0.050
516.713 0.028 -0.087 0.028 -0.043 -0.159 -0.045
516.894 0.027 -0.090 0.004 -0.042 -0.158 -0.066
517.078 0.040 -0.079 0.104 -0.054 -0.173 0.007
517.310 0.039 -0.080 0.095 -0.052 -0.172 0.000
517.489 0.030 -0.089 0.020 -0.041 -0.160 -0.053
517.689 0.043 -0.074 0.129 -0.053 -0.171 0.030
517.925 0.055 -0.060 0.299 -0.066 -0.181 0.177
518.101 0.031 -0.082 0.030 -0.042 -0.155 -0.043
518.288 0.036 -0.075 0.061 -0.048 -0.159 -0.025
518.521 0.034 -0.077 0.042 -0.046 -0.157 -0.041
518.701 0.029 -0.083 0.006 -0.039 -0.150 -0.063
518.898 0.030 -0.082 0.008 -0.038 -0.150 -0.062
519.125 0.030 -0.083 0.004 -0.036 -0.150 -0.064
519.301 0.041 -0.074 0.064 -0.045 -0.160 -0.025
519.498 0.041 -0.075 0.062 -0.044 -0.161 -0.027
519.721 0.041 -0.076 0.064 -0.044 -0.161 -0.025
519.903 0.042 -0.077 0.060 -0.043 -0.162 -0.028
520.098 0.041 -0.079 0.057 -0.044 -0.163 -0.031
520.321 0.040 -0.081 0.053 -0.043 -0.163 -0.033
520.501 0.039 -0.083 0.035 -0.040 -0.162 -0.047
520.698 0.041 -0.083 0.041 -0.040 -0.164 -0.043
520.922 0.042 -0.084 0.047 -0.040 -0.166 -0.039
521.102 0.041 -0.087 0.037 -0.038 -0.166 -0.045
521.298 0.043 -0.085 0.053 -0.040 -0.169 -0.034
521.521 0.091 -0.040 0.883 -0.091 -0.223 0.719
521.705 0.085 -0.047 0.703 -0.083 -0.216 0.546
521.898 0.150 0.012 1.753 -0.159 -0.297 1.569
522.122 0.217 0.075 1.977 -0.231 -0.373 1.792
522.305 0.292 0.148 1.995 -0.306 -0.450 1.810
522.497 0.373 0.227 1.977 -0.383 -0.529 1.791
522.721 0.458 0.313 1.953 -0.463 -0.608 1.767
522.902 0.547 0.405 1.933 -0.547 -0.689 1.747
523.141 0.645 0.509 1.912 -0.639 -0.777 1.726
523.321 0.745 0.614 1.895 -0.732 -0.864 1.709
523.507 0.049 -0.091 0.065 -0.041 -0.181 -0.026
523.741 0.061 -0.079 0.143 -0.052 -0.192 0.028
523.921 0.041 -0.101 0.001 -0.030 -0.172 -0.071
524.110 0.041 -0.101 0.006 -0.031 -0.173 -0.067
524.345 0.048 -0.095 0.050 -0.036 -0.179 -0.036
524.522 0.041 -0.102 0.006 -0.029 -0.172 -0.065
524.708 0.041 -0.104 0.004 -0.028 -0.173 -0.066
524.941 0.042 -0.103 0.013 -0.029 -0.175 -0.060
525.122 0.048 -0.099 0.084 -0.036 -0.182 -0.000
525.308 0.043 -0.105 0.022 -0.031 -0.178 -0.053
525.541 0.043 -0.106 0.021 -0.030 -0.179 -0.053
525.722 0.051 -0.100 0.064 -0.037 -0.188 -0.026
525.908 0.052 -0.101 0.072 -0.035 -0.188 -0.018
526.141 0.051 -0.104 0.059 -0.032 -0.187 -0.026
526.321 0.065 -0.091 0.188 -0.045 -0.202 0.074
526.507 0.068 -0.090 0.220 -0.046 -0.204 0.104
526.741 0.049 -0.110 0.036 -0.025 -0.185 -0.040
526.921 0.049 -0.111 0.044 -0.025 -0.184 -0.030
527.108 0.053 -0.106 0.059 -0.029 -0.189 -0.025
527.341 0.053 -0.106 0.060 -0.030 -0.188 -0.025
527.521 0.047 -0.111 0.023 -0.025 -0.183 -0.050
527.708 0.049 -0.108 0.045 -0.028 -0.184 -0.033
527.941 0.047 -0.109 0.023 -0.025 -0.181 -0.051
528.125 0.059 -0.096 0.148 -0.038 -0.193 0.050
528.308 0.071 -0.084 0.253 -0.050 -0.204 0.130
528.541 0.056 -0.099 0.079 -0.034 -0.189 -0.014
528.722 0.056 -0.100 0.078 -0.033 -0.189 -0.014
528.965 0.055 -0.101 0.070 -0.032 -0.188 -0.020
529.141 0.073 -0.084 0.274 -0.051 -0.207 0.149
529.328 0.067 -0.091 0.202 -0.044 -0.203 0.087
529.561 0.072 -0.087 0.260 -0.048 -0.208 0.137
529.741 0.071 -0.090 0.301 -0.047 -0.208 0.183
529.928 0.070 -0.093 0.262 -0.043 -0.206 0.149
530.161 0.065 -0.099 0.215 -0.038 -0.202 0.111
530.341 0.054 -0.112 0.096 -0.025 -0.191 0.017
530.528 0.059 -0.107 0.109 -0.029 -0.195 0.020
530.765 0.054 -0.111 0.066 -0.024 -0.190 -0.013
530.941 0.050 -0.114 0.041 -0.021 -0.185 -0.030
531.128 0.051 -0.112 0.053 -0.024 -0.187 -0.021
531.365 0.085 -0.078 0.424 -0.059 -0.222 0.281
531.545 0.054 -0.107 0.028 -0.029 -0.190 -0.058
531.728 0.052 -0.109 0.029 -0.028 -0.188 -0.053
531.965 0.050 -0.110 0.029 -0.026 -0.185 -0.049
532.145 0.054 -0.106 0.036 -0.028 -0.188 -0.050
532.389 0.064 -0.097 0.144 -0.036 -0.197 0.042
532.573 0.058 -0.103 0.072 -0.029 -0.190 -0.018
532.758 0.057 -0.104 0.074 -0.029 -0.191 -0.015
532.989 0.054 -0.109 0.070 -0.027 -0.190 -0.014
533.175 0.065 -0.100 0.163 -0.038 -0.203 0.057
533.358 0.126 -0.043 1.298 -0.102 -0.272 1.121
533.589 0.050 -0.118 0.022 -0.024 -0.192 -0.054
533.787 0.100 -0.070 0.747 -0.075 -0.245 0.587
534.009 0.170 -0.010 1.756 -0.145 -0.324 1.571
534.193 0.239 0.054 1.971 -0.215 -0.400 1.785
534.388 0.312 0.124 1.990 -0.290 -0.479 1.805
534.615 0.389 0.197 1.972 -0.370 -0.563 1.786
534.803 0.473 0.279 1.950 -0.459 -0.654 1.764
534.998 0.559 0.363 1.925 -0.547 -0.744 1.740
535.221 0.649 0.455 1.903 -0.639 -0.835 1.718
535.402 0.745 0.555 1.892 -0.736 -0.928 1.706
535.599 0.844 0.665 1.878 -0.841 -1.023 1.693
535.821 0.955 0.798 1.865 -0.968 -1.129 1.680
536.017 1.061 0.929 1.855 -1.093 -1.229 1.669
536.241 1.176 1.066 1.846 -1.224 -1.337 1.660
536.421 1.300 1.210 1.834 -1.360 -1.453 1.649
536.618 1.433 1.360 1.826 -1.503 -1.577 1.641
536.845 1.575 1.516 1.817 -1.653 -1.709 1.631
537.022 1.725 1.674 1.809 -1.812 -1.853 1.624
537.227 1.890 1.842 1.805 -1.988 -2.019 1.619
537.453 2.053 2.010 1.807 -2.168 -2.190 1.622
537.629 2.219 2.200 1.813 -2.362 -2.357 1.627
537.827 2.391 2.410 1.815 -2.566 -2.517 1.629
538.049 2.568 2.645 1.821 -2.783 -2.656 1.635
538.238 2.754 2.891 1.826 -3.008 -2.788 1.640
538.427 2.950 3.152 1.834 -3.243 -2.923 1.648
538.649 3.162 3.413 1.837 -3.482 -3.087 1.651
538.847 3.411 3.699 1.833 -3.751 -3.302 1.648
539.069 3.647 3.967 1.830 -4.004 -3.513 1.644
539.275 3.889 4.244 1.828 -4.273 -3.733 1.642
539.465 4.143 4.551 1.827 -4.571 -3.968 1.641
539.705 4.406 4.872 1.824 -4.881 -4.208 1.638
539.882 4.657 5.199 1.828 -5.195 -4.432 1.642
540.125 4.960 5.563 1.829 -5.541 -4.700 1.644
540.305 5.257 5.902 1.833 -5.855 -4.959 1.648
540.488 5.566 6.000 1.833 -6.000 -5.234 1.648
540.731 5.887 6.000 1.836 -6.000 -5.521 1.650
540.905 6.000 6.000 1.836 -6.000 -5.816 1.651
541.087 6.000 6.000 1.835 -6.000 -6.000 1.649
541.321 6.000 6.000 1.835 -6.000 -6.000 1.650
541.505 6.000 6.000 1.832 -6.000 -6.000 1.646
541.707 6.000 6.000 1.833 -6.000 -6.000 1.647
541.941 6.000 6.000 1.835 -6.000 -6.000 1.650
542.125 6.000 6.000 1.838 -6.000 -6.000 1.652
542.318 6.000 6.000 1.835 -6.000 -6.000 1.649
542.542 6.000 6.000 1.837 -6.000 -6.000 1.652
542.721 6.000 6.000 1.838 -6.000 -6.000 1.653
542.973 6.000 6.000 1.838 -6.000 -6.000 1.653
543.149 6.000 6.000 1.840 -6.000 -6.000 1.655
543.348 6.000 6.000 1.838 -6.000 -6.000 1.652
543.573 6.000 6.000 1.836 -6.000 -6.000 1.651
543.757 6.000 6.000 1.836 -6.000 -6.000 1.650
544.001 6.000 6.000 1.838 -6.000 -6.000 1.653
544.181 6.000 6.000 1.836 -6.000 -6.000 1.651
544.379 6.000 6.000 1.836 -6.000 -6.000 1.651
544.601 6.000 6.000 1.835 -6.000 -6.000 1.649
544.784 6.000 6.000 1.837 -6.000 -6.000 1.651
544.987 6.000 6.000 1.836 -6.000 -6.000 1.651
545.209 6.000 6.000 1.838 -6.000 -6.000 1.652
545.389 6.000 6.000 1.836 -6.000 -6.000 1.650
545.587 6.000 6.000 1.837 -6.000 -6.000 1.651
545.809 6.000 6.000 1.838 -6.000 -6.000 1.652
546.017 6.000 6.000 1.841 -6.000 -6.000 1.652
546.245 6.000 6.000 1.837 -6.000 -6.000 1.652
546.428 6.000 6.000 1.836 -6.000 -6.000 1.650
546.665 6.000 6.000 1.840 -6.000 -6.000 1.655
546.841 6.000 6.000 1.839 -6.000 -6.000 1.653
547.038 6.000 6.000 1.836 -6.000 -6.000 1.650
547.261 6.000 6.000 1.836 -6.000 -6.000 1.650
547.457 6.000 6.000 1.838 -6.000 -6.000 1.653
547.689 6.000 6.000 1.841 -6.000 -6.000 1.655
547.869 6.000 6.000 1.834 -6.000 -6.000 1.649
548.068 6.000 6.000 1.837 -6.000 -6.000 1.651
548.289 6.000 6.000 1.837 -6.000 -6.000 1.651
548.478 6.000 6.000 1.838 -6.000 -6.000 1.652
548.709 6.000 6.000 1.838 -6.000 -6.000 1.652
548.889 6.000 6.000 1.840 -6.000 -6.000 1.654
549.087 6.000 6.000 1.838 -6.000 -6.000 1.652
549.309 6.000 6.000 1.840 -6.000 -6.000 1.654
549.493 6.000 6.000 1.837 -6.000 -6.000 1.652
549.697 6.000 6.000 1.836 -6.000 -6.000 1.651
549.921 6.000 6.000 1.838 -6.000 -6.000 1.652
550.108 6.000 6.000 1.839 -6.000 -6.000 1.653
550.341 6.000 6.000 1.837 -6.000 -6.000 1.651
550.534 6.000 6.000 1.835 -6.000 -6.000 1.649
550.708 6.000 6.000 1.837 -6.000 -6.000 1.651
550.953 6.000 6.000 1.835 -6.000 -6.000 1.650
551.149 6.000 6.000 1.836 -6.000 -6.000 1.650
551.381 6.000 6.000 1.838 -6.000 -6.000 1.652
551.565 6.000 6.000 1.837 -6.000 -6.000 1.651
551.748 6.000 6.000 1.836 -6.000 -6.000 1.651
551.981 6.000 6.000 1.838 -6.000 -6.000 1.653
552.161 6.000 6.000 1.837 -6.000 -6.000 1.652
552.347 6.000 6.000 1.838 -6.000 -6.000 1.652
552.581 6.000 6.000 1.837 -6.000 -6.000 1.651
552.766 6.000 6.000 1.837 -6.000 -6.000 1.651
553.011 6.000 6.000 1.840 -6.000 -6.000 1.654
553.181 6.000 6.000 1.837 -6.000 -6.000 1.651
553.387 6.000 6.000 1.837 -6.000 -6.000 1.651
553.609 6.000 6.000 1.836 -6.000 -6.000 1.651
553.793 6.000 6.000 1.835 -6.000 -6.000 1.649
553.988 6.000 6.000 1.835 -6.000 -6.000 1.649
554.209 6.000 6.000 1.840 -6.000 -6.000 1.654
554.453 6.000 6.000 1.837 -6.000 -6.000 1.651
554.629 6.000 6.000 1.838 -6.000 -6.000 1.652
554.831 6.000 6.000 1.839 -6.000 -6.000 1.653
555.049 6.000 6.000 1.840 -6.000 -6.000 1.654
555.238 6.000 6.000 1.838 -6.000 -6.000 1.652
555.473 6.000 6.000 1.838 -6.000 -6.000 1.652
555.653 6.000 6.000 1.837 -6.000 -6.000 1.651
555.837 6.000 6.000 1.838 -6.000 -6.000 1.652
556.069 6.000 6.000 1.836 -6.000 -6.000 1.650
556.250 6.000 6.000 1.836 -6.000 -6.000 1.650
556.457 6.000 6.000 1.834 -6.000 -6.000 1.648
556.681 6.000 6.000 1.833 -6.000 -6.000 1.647
556.861 6.000 6.000 1.836 -6.000 -6.000 1.650
557.101 6.000 6.000 1.837 -6.000 -6.000 1.651
557.281 6.000 6.000 1.839 -6.000 -6.000 1.653
557.477 6.000 6.000 1.836 -6.000 -6.000 1.650
557.701 6.000 6.000 1.836 -6.000 -6.000 1.650
557.881 6.000 6.000 1.836 -6.000 -6.000 1.650
558.078 6.000 6.000 1.838 -6.000 -6.000 1.651
558.305 6.000 6.000 1.834 -6.000 -6.000 1.648
558.497 6.000 6.000 1.835 -6.000 -6.000 1.650
558.725 6.000 6.000 1.836 -6.000 -6.000 1.650
558.902 6.000 6.000 1.837 -6.000 -6.000 1.651
559.098 6.000 6.000 1.837 -6.000 -6.000 1.651
559.321 6.000 6.000 1.840 -6.000 -6.000 1.653
559.501 6.000 6.000 1.837 -6.000 -6.000 1.651
559.699 6.000 6.000 1.841 -6.000 -6.000 1.655
559.922 6.000 6.000 1.839 -6.000 -6.000 1.653
560.108 6.000 6.000 1.840 -6.000 -6.000 1.654
560.341 6.000 6.000 1.839 -6.000 -6.000 1.653
560.521 6.000 6.000 1.839 -6.000 -6.000 1.653
560.707 6.000 6.000 1.840 -6.000 -6.000 1.654
560.945 6.000 6.000 1.840 -6.000 -6.000 1.654
561.130 6.000 6.000 1.838 -6.000 -6.000 1.652
561.328 6.000 6.000 1.837 -6.000 -6.000 1.651
561.554 6.000 6.000 1.838 -6.000 -6.000 1.652
561.729 6.000 6.000 1.838 -6.000 -6.000 1.652
561.928 6.000 6.000 1.838 -6.000 -6.000 1.652
562.149 6.000 6.000 1.841 -6.000 -6.000 1.655
562.329 6.000 6.000 1.839 -6.000 -6.000 1.653
562.528 6.000 6.000 1.840 -6.000 -6.000 1.654
562.749 6.000 6.000 1.839 -6.000 -6.000 1.653
562.929 6.000 6.000 1.840 -6.000 -6.000 1.653
563.128 6.000 6.000 1.838 -6.000 -6.000 1.652
563.353 6.000 6.000 1.836 -6.000 -6.000 1.650
563.529 6.000 6.000 1.837 -6.000 -6.000 1.651
563.728 6.000 6.000 1.840 -6.000 -6.000 1.653
563.953 6.000 6.000 1.839 -6.000 -6.000 1.652
564.129 6.000 6.000 1.837 -6.000 -6.000 1.650
564.328 6.000 6.000 1.838 -6.000 -6.000 1.652
564.549 6.000 6.000 1.838 -6.000 -6.000 1.652
564.729 6.000 6.000 1.837 -6.000 -6.000 1.651
564.928 6.000 6.000 1.837 -6.000 -6.000 1.650
565.149 6.000 6.000 1.836 -6.000 -6.000 1.650
565.337 6.000 6.000 1.837 -6.000 -6.000 1.651
565.573 6.000 6.000 1.840 -6.000 -6.000 1.654
565.749 6.000 6.000 1.836 -6.000 -6.000 1.649
565.948 6.000 6.000 1.836 -6.000 -6.000 1.650
566.182 6.000 6.000 1.836 -6.000 -6.000 1.649
566.361 6.000 6.000 1.837 -6.000 -6.000 1.651
566.559 6.000 6.000 1.839 -6.000 -6.000 1.653
566.785 6.000 6.000 1.838 -6.000 -6.000 1.651
566.985 6.000 6.000 1.838 -6.000 -6.000 1.651
567.178 6.000 6.000 1.839 -6.000 -6.000 1.653
567.405 6.000 6.000 1.837 -6.000 -6.000 1.651
567.581 6.000 6.000 1.836 -6.000 -6.000 1.649
567.777 6.000 6.000 1.837 -6.000 -6.000 1.651
568.005 6.000 6.000 1.839 -6.000 -6.000 1.653
568.185 6.000 6.000 1.838 -6.000 -6.000 1.651
568.378 6.000 6.000 1.837 -6.000 -6.000 1.651
568.601 6.000 6.000 1.838 -6.000 -6.000 1.651
568.808 6.000 6.000 1.837 -6.000 -6.000 1.650
569.033 6.000 6.000 1.838 -6.000 -6.000 1.651
569.209 6.000 6.000 1.840 -6.000 -6.000 1.653
569.407 6.000 6.000 1.838 -6.000 -6.000 1.651
569.633 6.000 6.000 1.837 -6.000 -6.000 1.650
569.809 6.000 6.000 1.840 -6.000 -6.000 1.653
570.008 6.000 6.000 1.840 -6.000 -6.000 1.652
570.229 6.000 6.000 1.841 -6.000 -6.000 1.653
570.413 6.000 6.000 1.845 -6.000 -6.000 1.653
570.649 6.000 6.000 1.847 -6.000 -6.000 1.644
570.829 6.000 6.000 1.845 -6.000 -6.000 1.638
571.030 6.000 6.000 1.840 -6.000 -6.000 1.640
571.249 6.000 6.000 1.838 -6.000 -6.000 1.646
571.437 6.000 6.000 1.837 -6.000 -6.000 1.649
571.673 6.000 6.000 1.838 -6.000 -6.000 1.651
571.849 6.000 6.000 1.838 -6.000 -6.000 1.652
572.038 6.000 6.000 1.839 -6.000 -6.000 1.652
572.273 6.000 6.000 1.842 -6.000 -6.000 1.649
572.449 6.000 6.000 1.844 -6.000 -6.000 1.646
572.638 6.000 6.000 1.844 -6.000 -6.000 1.653
572.873 6.000 6.000 1.846 -6.000 -6.000 1.654
573.053 6.000 6.000 1.852 -6.000 -6.000 1.641
573.238 6.000 6.000 1.848 -6.000 -6.000 1.634
573.469 6.000 6.000 1.845 -6.000 -6.000 1.644
573.649 6.000 6.000 1.843 -6.000 -6.000 1.632
573.838 6.000 6.000 1.854 -6.000 -6.000 1.629
574.070 6.000 6.000 1.858 -6.000 -6.000 1.636
574.249 6.000 6.000 1.851 -6.000 -6.000 1.644
574.448 6.000 6.000 1.847 -6.000 -6.000 1.651
574.673 6.000 6.000 1.845 -6.000 -6.000 1.652
574.849 6.000 6.000 1.842 -6.000 -6.000 1.652
575.058 6.000 6.000 1.844 -6.000 -6.000 1.655
575.285 6.000 6.000 1.841 -6.000 -6.000 1.650
575.461 6.000 6.000 1.840 -6.000 -6.000 1.646
575.659 6.000 6.000 1.841 -6.000 -6.000 1.649
575.885 6.000 6.000 1.837 -6.000 -6.000 1.648
576.061 6.000 6.000 1.838 -6.000 -6.000 1.651
576.258 6.000 6.000 1.837 -6.000 -6.000 1.650
576.481 6.000 6.000 1.841 -6.000 -6.000 1.653
576.661 6.000 6.000 1.842 -6.000 -6.000 1.653
576.858 6.000 6.000 1.839 -6.000 -6.000 1.651
577.085 6.000 6.000 1.839 -6.000 -6.000 1.651
577.261 6.000 6.000 1.837 -6.000 -6.000 1.649
577.458 6.000 6.000 1.837 -6.000 -6.000 1.649
577.681 6.000 6.000 1.833 -6.000 -6.000 1.645
577.862 6.000 6.000 1.841 -6.000 -6.000 1.652
578.058 6.000 6.000 1.842 -6.000 -6.000 1.652
578.281 6.000 6.000 1.842 -6.000 -6.000 1.653
578.468 6.000 6.000 1.843 -6.000 -6.000 1.654
578.701 6.000 6.000 1.842 -6.000 -6.000 1.653
578.886 6.000 6.000 1.842 -6.000 -6.000 1.653
579.068 6.000 6.000 1.840 -6.000 -6.000 1.651
579.305 6.000 6.000 1.839 -6.000 -6.000 1.652
579.485 6.000 6.000 1.837 -6.000 -6.000 1.651
579.668 6.000 6.000 1.839 -6.000 -6.000 1.653
579.901 6.000 6.000 1.844 -6.000 -6.000 1.657
580.081 6.000 6.000 1.847 -6.000 -6.000 1.660
580.268 6.000 6.000 1.843 -6.000 -6.000 1.657
580.501 6.000 6.000 1.837 -6.000 -6.000 1.652
580.681 6.000 6.000 1.837 -6.000 -6.000 1.651
580.867 6.000 6.000 1.834 -6.000 -6.000 1.648
581.101 6.000 6.000 1.836 -6.000 -6.000 1.651
581.284 6.000 6.000 1.837 -6.000 -6.000 1.651
581.533 6.000 6.000 1.839 -6.000 -6.000 1.653
581.713 6.000 6.000 1.838 -6.000 -6.000 1.653
581.898 6.000 6.000 1.837 -6.000 -6.000 1.651
582.121 6.000 6.000 1.838 -6.000 -6.000 1.652
582.301 6.000 6.000 1.840 -6.000 -6.000 1.654
582.498 6.000 6.000 1.836 -6.000 -6.000 1.651
582.721 6.000 6.000 1.837 -6.000 -6.000 1.651
582.908 6.000 6.000 1.837 -6.000 -6.000 1.651
583.141 6.000 6.000 1.839 -6.000 -6.000 1.653
583.321 6.000 6.000 1.838 -6.000 -6.000 1.653
583.507 6.000 6.000 1.839 -6.000 -6.000 1.654
583.741 6.000 6.000 1.839 -6.000 -6.000 1.654
583.925 6.000 6.000 1.837 -6.000 -6.000 1.652
584.107 6.000 6.000 1.837 -6.000 -6.000 1.651
584.341 6.000 6.000 1.838 -6.000 -6.000 1.652
584.525 6.000 6.000 1.837 -6.000 -6.000 1.651
584.707 6.000 6.000 1.835 -6.000 -6.000 1.650
584.945 6.000 6.000 1.835 -6.000 -6.000 1.650
585.125 6.000 6.000 1.834 -6.000 -6.000 1.649
585.307 6.000 6.000 1.837 -6.000 -6.000 1.652
585.541 6.000 6.000 1.840 -6.000 -6.000 1.654
585.725 6.000 6.000 1.839 -6.000 -6.000 1.654
585.918 6.000 6.000 1.838 -6.000 -6.000 1.653
586.145 6.000 6.000 1.838 -6.000 -6.000 1.652
586.332 6.000 6.000 1.839 -6.000 -6.000 1.654
586.562 6.000 6.000 1.836 -6.000 -6.000 1.651
586.741 6.000 6.000 1.838 -6.000 -6.000 1.652
586.938 6.000 6.000 1.838 -6.000 -6.000 1.652
587.162 6.000 6.000 1.838 -6.000 -6.000 1.652
587.341 6.000 6.000 1.838 -6.000 -6.000 1.652
587.538 6.000 6.000 1.838 -6.000 -6.000 1.653
587.765 6.000 6.000 1.839 -6.000 -6.000 1.653
587.950 6.000 6.000 1.838 -6.000 -6.000 1.653
588.148 6.000 6.000 1.838 -6.000 -6.000 1.652
588.369 6.000 6.000 1.839 -6.000 -6.000 1.654
588.557 6.000 6.000 1.838 -6.000 -6.000 1.653
588.801 6.000 6.000 1.837 -6.000 -6.000 1.651
588.998 6.000 6.000 1.837 -6.000 -6.000 1.651
589.222 6.000 6.000 1.836 -6.000 -6.000 1.651
589.401 6.000 6.000 1.836 -6.000 -6.000 1.650
589.598 6.000 6.000 1.837 -6.000 -6.000 1.652
589.821 6.000 6.000 1.839 -6.000 -6.000 1.653
590.003 6.000 6.000 1.839 -6.000 -6.000 1.654
590.208 6.000 6.000 1.839 -6.000 -6.000 1.653
590.403 6.000 6.000 1.839 -6.000 -6.000 1.653
590.621 6.000 6.000 1.838 -6.000 -6.000 1.653
590.809 6.000 6.000 1.835 -6.000 -6.000 1.650
591.049 6.000 6.000 1.839 -6.000 -6.000 1.653
591.234 6.000 6.000 1.836 -6.000 -6.000 1.651
591.428 6.000 6.000 1.836 -6.000 -6.000 1.650
591.649 6.000 6.000 1.837 -6.000 -6.000 1.652
591.838 6.000 6.000 1.838 -6.000 -6.000 1.653
592.069 6.000 6.000 1.838 -6.000 -6.000 1.652
592.258 6.000 6.000 1.839 -6.000 -6.000 1.654
592.493 6.000 6.000 1.837 -6.000 -6.000 1.652
592.669 6.000 6.000 1.840 -6.000 -6.000 1.654
592.867 6.000 6.000 1.839 -6.000 -6.000 1.654
593.105 6.000 6.000 1.838 -6.000 -6.000 1.652
593.288 6.000 6.000 1.837 -6.000 -6.000 1.652
593.525 6.000 6.000 1.836 -6.000 -6.000 1.651
593.701 6.000 6.000 1.838 -6.000 -6.000 1.653
593.897 6.000 6.000 1.836 -6.000 -6.000 1.650
594.124 6.000 6.000 1.841 -6.000 -6.000 1.656
594.318 6.000 6.000 1.836 -6.000 -6.000 1.651
594.549 6.000 6.000 1.837 -6.000 -6.000 1.651
594.729 6.000 6.000 1.836 -6.000 -6.000 1.651
594.975 6.000 6.000 1.834 -6.000 -6.000 1.652
595.168 6.000 6.000 1.837 -6.000 -6.000 1.651
595.401 6.000 6.000 1.837 -6.000 -6.000 1.651
595.587 6.000 6.000 1.839 -6.000 -6.000 1.653
595.821 6.000 6.000 1.837 -6.000 -6.000 1.652
596.001 6.000 6.000 1.839 -6.000 -6.000 1.653
596.187 6.000 6.000 1.836 -6.000 -6.000 1.650
596.421 6.000 6.000 1.836 -6.000 -6.000 1.651
596.601 6.000 6.000 1.837 -6.000 -6.000 1.652
596.787 6.000 6.000 1.839 -6.000 -6.000 1.653
597.022 6.000 6.000 1.837 -6.000 -6.000 1.652
597.201 6.000 6.000 1.837 -6.000 -6.000 1.652
597.388 6.000 6.000 1.837 -6.000 -6.000 1.652
597.625 6.000 6.000 1.839 -6.000 -6.000 1.653
597.808 6.000 6.000 1.841 -6.000 -6.000 1.655
598.045 6.000 6.000 1.838 -6.000 -6.000 1.653
598.221 6.000 6.000 1.834 -6.000 -6.000 1.648
598.408 6.000 6.000 1.835 -6.000 -6.000 1.650
598.641 6.000 6.000 1.839 -6.000 -6.000 1.653
598.821 6.000 6.000 1.840 -6.000 -6.000 1.655
599.008 6.000 6.000 1.836 -6.000 -6.000 1.650
599.241 6.000 6.000 1.837 -6.000 -6.000 1.651
599.427 6.000 6.000 1.834 -6.000 -6.000 1.649
599.608 6.000 6.000 1.836 -6.000 -6.000 1.651
599.841 6.000 6.000 1.837 -6.000 -6.000 1.651
600.021 6.000 6.000 1.837 -6.000 -6.000 1.651
600.214 6.000 6.000 1.838 -6.000 -6.000 1.652
600.441 6.000 6.000 1.834 -6.000 -6.000 1.648
600.621 6.000 6.000 1.835 -6.000 -6.000 1.649
600.838 6.000 6.000 1.835 -6.000 -6.000 1.649
601.061 6.000 6.000 1.838 -6.000 -6.000 1.653
601.241 6.000 6.000 1.839 -6.000 -6.000 1.654
601.438 6.000 6.000 1.837 -6.000 -6.000 1.651
601.681 6.000 6.000 1.835 -6.000 -6.000 1.649
601.867 6.000 6.000 1.840 -6.000 -6.000 1.654
602.058 6.000 6.000 1.837 -6.000 -6.000 1.652
602.281 6.000 6.000 1.837 -6.000 -6.000 1.651
602.462 6.000 6.000 1.837 -6.000 -6.000 1.651
602.658 6.000 6.000 1.837 -6.000 -6.000 1.651
602.883 6.000 6.000 1.835 -6.000 -6.000 1.649
603.061 6.000 6.000 1.835 -6.000 -6.000 1.650
603.301 6.000 6.000 1.839 -6.000 -6.000 1.654
603.485 6.000 6.000 1.837 -6.000 -6.000 1.651
603.729 6.000 6.000 1.840 -6.000 -6.000 1.654
603.910 6.000 6.000 1.838 -6.000 -6.000 1.652
604.108 6.000 6.000 1.838 -6.000 -6.000 1.652
604.335 6.000 6.000 1.838 -6.000 -6.000 1.650
604.521 6.000 6.000 1.839 -6.000 -6.000 1.648
604.718 6.000 6.000 1.837 -6.000 -6.000 1.639
604.941 6.000 6.000 1.837 -6.000 -6.000 1.642
605.128 6.000 6.000 1.837 -6.000 -6.000 1.643
605.362 6.000 6.000 1.837 -6.000 -6.000 1.645
605.558 6.000 6.000 1.834 -6.000 -6.000 1.644
605.793 6.000 6.000 1.838 -6.000 -6.000 1.649
605.969 6.000 6.000 1.838 -6.000 -6.000 1.651
606.169 6.000 6.000 1.840 -6.000 -6.000 1.653
606.389 6.000 6.000 1.838 -6.000 -6.000 1.652
606.570 6.000 6.000 1.839 -6.000 -6.000 1.653
606.768 6.000 6.000 1.837 -6.000 -6.000 1.650
606.989 6.000 6.000 1.835 -6.000 -6.000 1.648
607.187 6.000 6.000 1.838 -6.000 -6.000 1.652
607.421 6.000 6.000 1.837 -6.000 -6.000 1.651
607.605 6.000 6.000 1.839 -6.000 -6.000 1.652
607.788 6.000 6.000 1.839 -6.000 -6.000 1.651
608.025 6.000 6.000 1.838 -6.000 -6.000 1.652
608.201 6.000 6.000 1.837 -6.000 -6.000 1.651
608.388 6.000 6.000 1.838 -6.000 -6.000 1.652
608.626 6.000 6.000 1.840 -6.000 -6.000 1.653
608.801 6.000 6.000 1.839 -6.000 -6.000 1.653
609.053 6.000 6.000 1.838 -6.000 -6.000 1.652
609.229 6.000 6.000 1.836 -6.000 -6.000 1.649
609.481 6.000 6.000 1.838 -6.000 -6.000 1.651
609.661 6.000 6.000 1.839 -6.000 -6.000 1.653
609.848 6.000 6.000 1.839 -6.000 -6.000 1.653
610.081 6.000 6.000 1.836 -6.000 -6.000 1.650
610.262 6.000 6.000 1.837 -6.000 -6.000 1.651
610.448 6.000 6.000 1.836 -6.000 -6.000 1.650
610.689 6.000 6.000 1.835 -6.000 -6.000 1.649
610.869 6.000 6.000 1.840 -6.000 -6.000 1.653
611.068 6.000 6.000 1.839 -6.000 -6.000 1.653
611.293 6.000 6.000 1.838 -6.000 -6.000 1.652
611.481 6.000 6.000 1.835 -6.000 -6.000 1.648
611.678 6.000 6.000 1.836 -6.000 -6.000 1.650
611.901 6.000 6.000 1.837 -6.000 -6.000 1.650
612.081 6.000 6.000 1.838 -6.000 -6.000 1.651
612.277 6.000 6.000 1.837 -6.000 -6.000 1.650
612.505 6.000 6.000 1.836 -6.000 -6.000 1.651
612.688 6.000 6.000 1.836 -6.000 -6.000 1.651
612.925 6.000 6.000 1.837 -6.000 -6.000 1.651
613.102 6.000 6.000 1.837 -6.000 -6.000 1.651
613.297 6.000 6.000 1.837 -6.000 -6.000 1.652
613.521 6.000 6.000 1.839 -6.000 -6.000 1.653
613.705 6.000 6.000 1.834 -6.000 -6.000 1.648
613.898 6.000 6.000 1.837 -6.000 -6.000 1.651
614.121 6.000 6.000 1.838 -6.000 -6.000 1.652
614.301 6.000 6.000 1.836 -6.000 -6.000 1.651
614.541 6.000 6.000 1.837 -6.000 -6.000 1.651
614.725 6.000 6.000 1.837 -6.000 -6.000 1.651
614.908 6.000 6.000 1.836 -6.000 -6.000 1.651
615.141 6.000 6.000 1.838 -6.000 -6.000 1.652
615.321 6.000 6.000 1.838 -6.000 -6.000 1.653
615.508 6.000 6.000 1.836 -6.000 -6.000 1.650
615.745 6.000 6.000 1.836 -6.000 -6.000 1.650
615.925 6.000 6.000 1.836 -6.000 -6.000 1.651
616.118 6.000 6.000 1.837 -6.000 -6.000 1.651
616.341 6.000 6.000 1.838 -6.000 -6.000 1.652
616.537 6.000 6.000 1.836 -6.000 -6.000 1.648
616.769 6.000 6.000 1.834 -6.000 -6.000 1.644
616.949 6.000 6.000 1.834 -6.000 -6.000 1.647
617.138 6.000 6.000 1.836 -6.000 -6.000 1.648
617.369 6.000 6.000 1.836 -6.000 -6.000 1.647
617.549 6.000 6.000 1.842 -6.000 -6.000 1.650
617.747 6.000 6.000 1.843 -6.000 -6.000 1.651
617.974 6.000 6.000 1.840 -6.000 -6.000 1.652
618.149 6.000 6.000 1.841 -6.000 -6.000 1.650
618.389 6.000 6.000 1.841 -6.000 -6.000 1.651
618.587 6.000 6.000 1.837 -6.000 -6.000 1.649
618.821 6.000 6.000 1.838 -6.000 -6.000 1.651
619.001 6.000 6.000 1.840 -6.000 -6.000 1.652
619.198 6.000 6.000 1.838 -6.000 -6.000 1.651
619.429 6.000 6.000 1.839 -6.000 -6.000 1.652
619.609 6.000 6.000 1.838 -6.000 -6.000 1.651
619.798 6.000 6.000 1.836 -6.000 -6.000 1.649
620.033 6.000 6.000 1.837 -6.000 -6.000 1.650
620.213 6.000 6.000 1.835 -6.000 -6.000 1.648
620.398 6.000 6.000 1.834 -6.000 -6.000 1.648
620.629 6.000 6.000 1.837 -6.000 -6.000 1.650
620.809 6.000 6.000 1.836 -6.000 -6.000 1.648
620.998 6.000 6.000 1.838 -6.000 -6.000 1.651
621.229 6.000 6.000 1.837 -6.000 -6.000 1.651
621.409 6.000 6.000 1.837 -6.000 -6.000 1.650
621.598 6.000 6.000 1.837 -6.000 -6.000 1.649
621.842 6.000 6.000 1.837 -6.000 -6.000 1.651
622.025 6.000 6.000 1.838 -6.000 -6.000 1.652
622.262 6.000 6.000 1.838 -6.000 -6.000 1.650
622.445 6.000 6.000 1.839 -6.000 -6.000 1.651
622.628 6.000 6.000 1.838 -6.000 -6.000 1.652
622.861 6.000 6.000 1.834 -6.000 -6.000 1.648
623.041 6.000 6.000 1.837 -6.000 -6.000 1.650
623.228 6.000 6.000 1.837 -6.000 -6.000 1.650
623.461 6.000 6.000 1.838 -6.000 -6.000 1.652
623.641 6.000 6.000 1.836 -6.000 -6.000 1.650
623.828 6.000 6.000 1.837 -6.000 -6.000 1.651
624.061 6.000 6.000 1.836 -6.000 -6.000 1.650
624.241 6.000 6.000 1.838 -6.000 -6.000 1.651
624.428 6.000 6.000 1.838 -6.000 -6.000 1.650
624.661 6.000 6.000 1.836 -6.000 -6.000 1.648
624.841 6.000 6.000 1.834 -6.000 -6.000 1.646
625.038 6.000 6.000 1.834 -6.000 -6.000 1.648
625.263 6.000 6.000 1.836 -6.000 -6.000 1.649
625.445 6.000 6.000 1.835 -6.000 -6.000 1.648
625.638 6.000 6.000 1.836 -6.000 -6.000 1.650
625.873 6.000 6.000 1.837 -6.000 -6.000 1.651
626.053 6.000 6.000 1.833 -6.000 -6.000 1.647
626.248 6.000 6.000 1.832 -6.000 -6.000 1.646
626.469 6.000 6.000 1.836 -6.000 -6.000 1.650
626.649 6.000 6.000 1.837 -6.000 -6.000 1.651
626.848 6.000 6.000 1.834 -6.000 -6.000 1.648
627.069 6.000 6.000 1.835 -6.000 -6.000 1.649
627.253 6.000 6.000 1.833 -6.000 -6.000 1.647
627.448 6.000 6.000 1.831 -6.000 -6.000 1.645
627.669 6.000 6.000 1.834 -6.000 -6.000 1.649
627.854 6.000 6.000 1.836 -6.000 -6.000 1.650
628.089 6.000 6.000 1.836 -6.000 -6.000 1.650
628.273 6.000 6.000 1.836 -6.000 -6.000 1.649
628.458 6.000 6.000 1.834 -6.000 -6.000 1.648
628.689 6.000 6.000 1.835 -6.000 -6.000 1.649
628.870 6.000 6.000 1.835 -6.000 -6.000 1.649
629.113 6.000 6.000 1.834 -6.000 -6.000 1.647
629.289 6.000 6.000 1.837 -6.000 -6.000 1.650
629.482 6.000 6.000 1.836 -6.000 -6.000 1.649
629.709 6.000 6.000 1.835 -6.000 -6.000 1.649
629.889 6.000 6.000 1.836 -6.000 -6.000 1.651
630.078 6.000 6.000 1.836 -6.000 -6.000 1.650
630.309 6.000 6.000 1.833 -6.000 -6.000 1.647
630.493 6.000 6.000 1.835 -6.000 -6.000 1.649
630.678 6.000 6.000 1.835 -6.000 -6.000 1.648
630.909 6.000 6.000 1.834 -6.000 -6.000 1.649
631.089 6.000 6.000 1.834 -6.000 -6.000 1.648
631.278 6.000 6.000 1.835 -6.000 -6.000 1.650
631.509 6.000 6.000 1.837 -6.000 -6.000 1.651
631.689 6.000 6.000 1.835 -6.000 -6.000 1.649
631.888 6.000 6.000 1.837 -6.000 -6.000 1.651
632.109 6.000 6.000 1.837 -6.000 -6.000 1.651
632.293 6.000 6.000 1.838 -6.000 -6.000 1.652
632.488 6.000 6.000 1.839 -6.000 -6.000 1.652
632.745 6.000 6.000 1.835 -6.000 -6.000 1.649
632.921 6.000 6.000 1.837 -6.000 -6.000 1.651
633.165 6.000 6.000 1.838 -6.000 -6.000 1.652
633.353 6.000 6.000 1.838 -6.000 -6.000 1.652
633.541 6.000 6.000 1.840 -6.000 -6.000 1.653
633.738 6.000 6.000 1.838 -6.000 -6.000 1.651
633.969 6.000 6.000 1.835 -6.000 -6.000 1.645
634.158 6.000 6.000 1.836 -6.000 -6.000 1.649
634.389 6.000 6.000 1.838 -6.000 -6.000 1.649
634.573 6.000 6.000 1.838 -6.000 -6.000 1.649
634.758 6.000 6.000 1.836 -6.000 -6.000 1.649
634.991 6.000 6.000 1.836 -6.000 -6.000 1.650
635.177 6.000 6.000 1.839 -6.000 -6.000 1.650
635.413 6.000 6.000 1.840 -6.000 -6.000 1.650
635.589 6.000 6.000 1.841 -6.000 -6.000 1.654
635.787 6.000 6.000 1.843 -6.000 -6.000 1.656
636.009 6.000 6.000 1.842 -6.000 -6.000 1.651
636.198 6.000 6.000 1.842 -6.000 -6.000 1.649
636.429 6.000 6.000 1.838 -6.000 -6.000 1.644
636.609 6.000 6.000 1.835 -6.000 -6.000 1.646
636.797 6.000 6.000 1.838 -6.000 -6.000 1.650
637.031 6.000 6.000 1.844 -6.000 -6.000 1.650
637.209 6.000 6.000 1.844 -6.000 -6.000 1.651
637.407 6.000 6.000 1.842 -6.000 -6.000 1.653
637.629 6.000 6.000 1.839 -6.000 -6.000 1.650
637.816 6.000 6.000 1.838 -6.000 -6.000 1.648
638.069 6.000 6.000 1.840 -6.000 -6.000 1.651
638.250 6.000 6.000 1.846 -6.000 -6.000 1.654
638.448 6.000 6.000 1.844 -6.000 -6.000 1.655
638.669 6.000 6.000 1.840 -6.000 -6.000 1.653
638.853 6.000 6.000 1.842 -6.000 -6.000 1.654
639.048 6.000 6.000 1.843 -6.000 -6.000 1.650
639.273 6.000 6.000 1.839 -6.000 -6.000 1.648
639.453 6.000 6.000 1.836 -6.000 -6.000 1.648
639.647 6.000 6.000 1.835 -6.000 -6.000 1.648
639.869 6.000 6.000 1.837 -6.000 -6.000 1.650
640.053 6.000 6.000 1.840 -6.000 -6.000 1.651
640.247 6.000 6.000 1.843 -6.000 -6.000 1.651
640.473 6.000 6.000 1.843 -6.000 -6.000 1.655
640.649 6.000 6.000 1.839 -6.000 -6.000 1.652
640.847 6.000 6.000 1.838 -6.000 -6.000 1.648
641.073 6.000 6.000 1.835 -6.000 -6.000 1.644
641.249 6.000 6.000 1.833 -6.000 -6.000 1.644
641.447 6.000 6.000 1.831 -6.000 -6.000 1.644
641.685 6.000 6.000 1.831 -6.000 -6.000 1.645
641.867 6.000 6.000 1.834 -6.000 -6.000 1.648
642.109 6.000 6.000 1.837 -6.000 -6.000 1.650
642.289 6.000 6.000 1.841 -6.000 -6.000 1.654
642.477 6.000 6.000 1.843 -6.000 -6.000 1.656
642.709 6.000 6.000 1.839 -6.000 -6.000 1.653
642.889 6.000 6.000 1.838 -6.000 -6.000 1.651
643.129 6.000 6.000 1.834 -6.000 -6.000 1.646
643.321 6.000 6.000 1.837 -6.000 -6.000 1.650
643.508 6.000 6.000 1.837 -6.000 -6.000 1.651
643.745 6.000 6.000 1.837 -6.000 -6.000 1.651
643.925 6.000 6.000 1.837 -6.000 -6.000 1.651
644.108 6.000 6.000 1.835 -6.000 -6.000 1.649
644.341 6.000 6.000 1.837 -6.000 -6.000 1.650
644.525 6.000 6.000 1.839 -6.000 -6.000 1.652
644.708 6.000 6.000 1.840 -6.000 -6.000 1.652
644.945 6.000 6.000 1.840 -6.000 -6.000 1.654
645.121 6.000 6.000 1.840 -6.000 -6.000 1.653
645.308 6.000 6.000 1.836 -6.000 -6.000 1.649
645.541 6.000 6.000 1.839 -6.000 -6.000 1.652
645.721 6.000 6.000 1.842 -6.000 -6.000 1.653
645.907 6.000 6.000 1.846 -6.000 -6.000 1.654
646.142 6.000 6.000 1.844 -6.000 -6.000 1.655
646.321 6.000 6.000 1.840 -6.000 -6.000 1.654
646.508 6.000 6.000 1.838 -6.000 -6.000 1.651
646.741 6.000 6.000 1.839 -6.000 -6.000 1.650
646.921 6.000 6.000 1.841 -6.000 -6.000 1.650
647.108 6.000 6.000 1.839 -6.000 -6.000 1.646
647.341 6.000 6.000 1.835 -6.000 -6.000 1.644
647.525 6.000 6.000 1.833 -6.000 -6.000 1.645
647.707 6.000 6.000 1.835 -6.000 -6.000 1.647
647.946 6.000 6.000 1.838 -6.000 -6.000 1.650
648.145 6.000 6.000 1.840 -6.000 -6.000 1.650
648.338 6.000 6.000 1.840 -6.000 -6.000 1.653
648.561 6.000 6.000 1.839 -6.000 -6.000 1.652
648.741 6.000 6.000 1.835 -6.000 -6.000 1.649
648.938 6.000 6.000 1.837 -6.000 -6.000 1.649
649.161 6.000 6.000 1.834 -6.000 -6.000 1.648
649.357 6.000 6.000 1.840 -6.000 -6.000 1.653
649.581 6.000 6.000 1.842 -6.000 -6.000 1.654
649.765 6.000 6.000 1.841 -6.000 -6.000 1.653
649.957 6.000 6.000 1.838 -6.000 -6.000 1.650
650.181 6.000 6.000 1.841 -6.000 -6.000 1.653
650.361 6.000 6.000 1.835 -6.000 -6.000 1.648
650.557 6.000 6.000 1.837 -6.000 -6.000 1.650
650.781 6.000 6.000 1.837 -6.000 -6.000 1.651
650.968 6.000 6.000 1.835 -6.000 -6.000 1.648
651.201 6.000 6.000 1.837 -6.000 -6.000 1.650
651.385 6.000 6.000 1.839 -6.000 -6.000 1.652
651.588 6.000 6.000 1.837 -6.000 -6.000 1.651
651.809 6.000 6.000 1.838 -6.000 -6.000 1.651
651.993 6.000 6.000 1.841 -6.000 -6.000 1.654
652.188 6.000 6.000 1.839 -6.000 -6.000 1.653
652.410 6.000 6.000 1.836 -6.000 -6.000 1.649
652.589 6.000 6.000 1.836 -6.000 -6.000 1.649
652.788 6.000 6.000 1.837 -6.000 -6.000 1.651
653.009 6.000 6.000 1.836 -6.000 -6.000 1.650
653.189 6.000 6.000 1.836 -6.000 -6.000 1.650
653.388 6.000 6.000 1.836 -6.000 -6.000 1.649
653.609 6.000 6.000 1.837 -6.000 -6.000 1.651
653.808 6.000 6.000 1.838 -6.000 -6.000 1.652
654.029 6.000 6.000 1.837 -6.000 -6.000 1.651
654.209 6.000 6.000 1.836 -6.000 -6.000 1.650
654.453 6.000 6.000 1.835 -6.000 -6.000 1.649
654.633 6.000 6.000 1.835 -6.000 -6.000 1.649
654.830 6.000 6.000 1.835 -6.000 -6.000 1.649
655.082 6.000 6.000 1.835 -6.000 -6.000 1.649
655.269 6.000 6.000 1.835 -6.000 -6.000 1.648
655.458 6.000 6.000 1.839 -6.000 -6.000 1.653
655.701 6.000 6.000 1.838 -6.000 -6.000 1.652
655.885 6.000 6.000 1.839 -6.000 -6.000 1.653
656.067 6.000 6.000 1.836 -6.000 -6.000 1.649
656.309 6.000 6.000 1.836 -6.000 -6.000 1.650
656.489 6.000 6.000 1.834 -6.000 -6.000 1.648
656.688 6.000 6.000 1.835 -6.000 -6.000 1.649
656.909 6.000 6.000 1.836 -6.000 -6.000 1.649
657.089 6.000 6.000 1.839 -6.000 -6.000 1.653
657.334 6.000 6.000 1.838 -6.000 -6.000 1.652
657.509 6.000 6.000 1.839 -6.000 -6.000 1.653
657.698 6.000 6.000 1.836 -6.000 -6.000 1.650
657.929 6.000 6.000 1.836 -6.000 -6.000 1.649
658.109 6.000 6.000 1.835 -6.000 -6.000 1.648
658.307 6.000 6.000 1.838 -6.000 -6.000 1.650
658.534 6.000 6.000 1.840 -6.000 -6.000 1.653
658.709 6.000 6.000 1.840 -6.000 -6.000 1.653
658.953 6.000 6.000 1.839 -6.000 -6.000 1.652
659.129 6.000 6.000 1.837 -6.000 -6.000 1.650
659.327 6.000 6.000 1.837 -6.000 -6.000 1.650
659.569 6.000 6.000 1.835 -6.000 -6.000 1.649
659.753 6.000 6.000 1.833 -6.000 -6.000 1.648
659.949 6.000 6.000 1.836 -6.000 -6.000 1.650
660.169 6.000 6.000 1.841 -6.000 -6.000 1.654
660.349 6.000 6.000 1.844 -6.000 -6.000 1.657
660.547 6.000 6.000 1.839 -6.000 -6.000 1.653
660.773 6.000 6.000 1.839 -6.000 -6.000 1.652
660.950 6.000 6.000 1.837 -6.000 -6.000 1.650
661.148 6.000 6.000 1.835 -6.000 -6.000 1.648
661.369 6.000 6.000 1.835 -6.000 -6.000 1.649
661.567 6.000 6.000 1.838 -6.000 -6.000 1.652
661.793 6.000 6.000 1.839 -6.000 -6.000 1.652
661.971 6.000 6.000 1.839 -6.000 -6.000 1.652
662.222 6.000 6.000 1.838 -6.000 -6.000 1.652
662.405 6.000 6.000 1.838 -6.000 -6.000 1.651
662.598 6.000 6.000 1.838 -6.000 -6.000 1.652
662.821 6.000 6.000 1.837 -6.000 -6.000 1.651
663.007 6.000 6.000 1.835 -6.000 -6.000 1.649
663.241 6.000 6.000 1.837 -6.000 -6.000 1.651
663.421 6.000 6.000 1.836 -6.000 -6.000 1.650
663.618 6.000 6.000 1.836 -6.000 -6.000 1.650
663.845 6.000 6.000 1.836 -6.000 -6.000 1.649
664.021 6.000 6.000 1.835 -6.000 -6.000 1.649
664.218 6.000 6.000 1.834 -6.000 -6.000 1.648
664.441 6.000 6.000 1.838 -6.000 -6.000 1.652
664.625 6.000 6.000 1.839 -6.000 -6.000 1.652
664.838 6.000 6.000 1.834 -6.000 -6.000 1.648
665.069 6.000 6.000 1.835 -6.000 -6.000 1.649
665.268 6.000 6.000 1.835 -6.000 -6.000 1.649
665.493 6.000 6.000 1.836 -6.000 -6.000 1.649
665.679 6.000 6.000 1.837 -6.000 -6.000 1.651
665.929 6.000 6.000 1.836 -6.000 -6.000 1.651
666.109 6.000 6.000 1.837 -6.000 -6.000 1.651
666.308 6.000 6.000 1.838 -6.000 -6.000 1.652
666.529 6.000 6.000 1.838 -6.000 -6.000 1.652
666.713 6.000 6.000 1.837 -6.000 -6.000 1.651
666.949 6.000 6.000 1.838 -6.000 -6.000 1.650
667.201 6.000 6.000 1.839 -6.000 -6.000 1.652
667.381 6.000 6.000 1.840 -6.000 -6.000 1.653
667.578 6.000 6.000 1.839 -6.000 -6.000 1.651
667.821 6.000 6.000 1.840 -6.000 -6.000 1.652
668.007 6.000 6.000 1.840 -6.000 -6.000 1.652
668.241 6.000 6.000 1.837 -6.000 -6.000 1.649
668.421 6.000 6.000 1.838 -6.000 -6.000 1.649
668.607 6.000 6.000 1.835 -6.000 -6.000 1.648
668.845 6.000 6.000 1.833 -6.000 -6.000 1.646
669.025 6.000 6.000 1.841 -6.000 -6.000 1.649
669.216 6.000 6.000 1.842 -6.000 -6.000 1.648
669.441 6.000 6.000 1.845 -6.000 -6.000 1.651
669.621 6.000 6.000 1.840 -6.000 -6.000 1.652
669.818 6.000 6.000 1.836 -6.000 -6.000 1.650
670.046 6.000 6.000 1.836 -6.000 -6.000 1.648
670.221 6.000 6.000 1.836 -6.000 -6.000 1.648
670.418 6.000 6.000 1.837 -6.000 -6.000 1.649
670.649 6.000 6.000 1.836 -6.000 -6.000 1.649
670.829 6.000 6.000 1.839 -6.000 -6.000 1.652
671.028 6.000 6.000 1.838 -6.000 -6.000 1.651
671.253 6.000 6.000 1.836 -6.000 -6.000 1.650
671.429 6.000 6.000 1.839 -6.000 -6.000 1.652
671.627 6.000 6.000 1.842 -6.000 -6.000 1.655
671.849 6.000 6.000 1.839 -6.000 -6.000 1.653
672.029 6.000 6.000 1.837 -6.000 -6.000 1.651
672.227 6.000 6.000 1.841 -6.000 -6.000 1.655
672.449 6.000 6.000 1.839 -6.000 -6.000 1.652
672.629 6.000 6.000 1.839 -6.000 -6.000 1.653
672.828 6.000 6.000 1.840 -6.000 -6.000 1.654
673.050 6.000 6.000 1.840 -6.000 -6.000 1.654
673.229 6.000 6.000 1.835 -6.000 -6.000 1.648
673.427 6.000 6.000 1.837 -6.000 -6.000 1.651
673.652 6.000 6.000 1.839 -6.000 -6.000 1.652
673.829 6.000 6.000 1.838 -6.000 -6.000 1.652
674.028 6.000 6.000 1.837 -6.000 -6.000 1.651
674.249 6.000 6.000 1.841 -6.000 -6.000 1.655
674.429 6.000 6.000 1.840 -6.000 -6.000 1.654
674.628 6.000 6.000 1.838 -6.000 -6.000 1.651
674.853 6.000 6.000 1.840 -6.000 -6.000 1.654
675.029 6.000 6.000 1.839 -6.000 -6.000 1.652
675.228 6.000 6.000 1.840 -6.000 -6.000 1.654
675.453 6.000 6.000 1.837 -6.000 -6.000 1.650
675.629 6.000 6.000 1.836 -6.000 -6.000 1.650
675.827 6.000 6.000 1.838 -6.000 -6.000 1.652
676.058 6.000 6.000 1.837 -6.000 -6.000 1.651
676.229 6.000 6.000 1.837 -6.000 -6.000 1.650
676.440 6.000 6.000 1.838 -6.000 -6.000 1.652
676.665 6.000 6.000 1.841 -6.000 -6.000 1.654
676.841 6.000 6.000 1.843 -6.000 -6.000 1.656
677.038 6.000 6.000 1.839 -6.000 -6.000 1.653
677.265 6.000 6.000 1.835 -6.000 -6.000 1.647
677.447 6.000 6.000 1.836 -6.000 -6.000 1.649
677.681 6.000 6.000 1.839 -6.000 -6.000 1.652
677.865 6.000 6.000 1.839 -6.000 -6.000 1.653
678.047 6.000 6.000 1.838 -6.000 -6.000 1.652
678.285 6.000 6.000 1.838 -6.000 -6.000 1.652
678.465 6.000 6.000 1.838 -6.000 -6.000 1.651
678.667 6.000 6.000 1.840 -6.000 -6.000 1.654
678.893 6.000 6.000 1.837 -6.000 -6.000 1.650
679.086 6.000 6.000 1.839 -6.000 -6.000 1.652
679.325 6.000 6.000 1.837 -6.000 -6.000 1.651
679.501 6.000 6.000 1.841 -6.000 -6.000 1.655
679.687 6.000 6.000 1.841 -6.000 -6.000 1.655
679.928 6.000 6.000 1.839 -6.000 -6.000 1.652
680.161 6.000 6.000 1.838 -6.000 -6.000 1.651
680.345 6.000 6.000 1.837 -6.000 -6.000 1.651
680.537 6.000 6.000 1.836 -6.000 -6.000 1.650
680.769 6.000 6.000 1.839 -6.000 -6.000 1.653
680.968 6.000 6.000 1.840 -6.000 -6.000 1.654
681.189 6.000 6.000 1.839 -6.000 -6.000 1.652
